round,cid,accuracy,precision_macro,precision_micro,precision_weighted,recall_macro,recall_micro,recall_weighted,f1_macro,f1_micro,f1_weighted
1,0,0.7213077401212841,0.7076434202903183,0.7213077401212841,0.7447742512464335,0.6003321961325281,0.7213077401212841,0.7213077401212842,0.5930256278767456,0.7213077401212841,0.7035197407173176
1,1,0.3588357884327263,0.5191358879890637,0.3588357884327263,0.5446592234398983,0.5277665097281241,0.3588357884327263,0.3588357884327263,0.3491570750136711,0.3588357884327263,0.28298578727258206
1,2,0.6475244771958295,0.5835853518936214,0.6475244771958295,0.685930614070079,0.5531016210553014,0.6475244771958295,0.6475244771958295,0.5269869296055802,0.6475244771958295,0.6233459770013166
1,3,0.6138636227838848,0.666375278217451,0.6138636227838848,0.7321201689850692,0.6415531684423982,0.6138636227838848,0.6138636227838848,0.5928793088838272,0.6138636227838848,0.6256956519916411
1,4,0.6675120382279424,0.5737225260178943,0.6675120382279424,0.684978088904263,0.6467636048592926,0.6675120382279424,0.6675120382279424,0.5523375222333572,0.6675120382279424,0.6533507847841175
1,5,0.6688285096014503,0.6923794600880497,0.6688285096014503,0.7290357629334632,0.5654337242752168,0.6688285096014503,0.6688285096014503,0.5500623280693817,0.6688285096014503,0.65521595125132
1,6,0.7664277590631579,0.7512108271295304,0.7664277590631579,0.7638118260344073,0.6461322951721558,0.7664277590631579,0.7664277590631577,0.6614459306838992,0.7664277590631579,0.7482395132966895
1,7,0.6123609293003671,0.6216069667266766,0.6123609293003671,0.7098717870622321,0.5748404949479475,0.6123609293003671,0.6123609293003671,0.5591358736686516,0.6123609293003671,0.6238287005833713
1,8,0.792209764153043,0.780183648984371,0.792209764153043,0.7838465486312076,0.7105226831900776,0.792209764153043,0.7922097641530429,0.7231940744989199,0.792209764153043,0.7734046139262792
1,9,0.39762685753999294,0.5367745791382501,0.39762685753999294,0.45310732631088746,0.4724112237395949,0.39762685753999294,0.39762685753999294,0.4031626779456984,0.39762685753999294,0.3567615062401345
1,10,0.6558492745747441,0.6794039590209385,0.6558492745747441,0.7476295465482558,0.6860180358492336,0.6558492745747441,0.6558492745747441,0.649097360868996,0.6558492745747441,0.6343885820024668
1,11,0.5477775404055052,0.6112638082822445,0.5477775404055052,0.6656314159215522,0.48586196851396196,0.5477775404055052,0.5477775404055052,0.4574247557459269,0.5477775404055052,0.5294949044057242
1,12,0.3933807332411949,0.4635675833786251,0.3933807332411949,0.41410981523593826,0.3647203930022397,0.3933807332411949,0.3933807332411949,0.29029936468570744,0.3933807332411949,0.33552795857983186
1,13,0.6006065413954373,0.648069714893484,0.6006065413954373,0.7251409162207046,0.515458786553838,0.6006065413954373,0.6006065413954373,0.48944476611275,0.6006065413954373,0.5753824421366076
1,14,0.5718012147740296,0.6679761887893196,0.5718012147740296,0.7545721399311107,0.5262534839513806,0.5718012147740296,0.5718012147740297,0.47283804000463403,0.5718012147740296,0.5464645132962249
1,15,0.4200290800135262,0.5092586000255943,0.4200290800135262,0.4547801118128145,0.5827433509788833,0.4200290800135262,0.4200290800135262,0.4450102166130054,0.4200290800135262,0.38256239303630757
1,16,0.387021396864685,0.4554900846093064,0.387021396864685,0.443384689079918,0.5368131679573656,0.387021396864685,0.387021396864685,0.40913200379974834,0.387021396864685,0.33403224288182104
1,17,0.6567355022509737,0.732314994056338,0.6567355022509737,0.7588643615232407,0.6993579127866482,0.6567355022509737,0.6567355022509737,0.6672281867415772,0.6567355022509737,0.6305524992109794
1,18,0.5766323032357579,0.5732524925586019,0.5766323032357579,0.6790564665186666,0.5718624232828577,0.5766323032357579,0.5766323032357579,0.4546689580176936,0.5766323032357579,0.5267324193960435
1,19,0.5239339550834873,0.6068673009917009,0.5239339550834873,0.6377094885098746,0.5028357077859041,0.5239339550834873,0.5239339550834873,0.4586309616532254,0.5239339550834873,0.5198897016416355
2,0,0.7176499252927818,0.6987856266195882,0.7176499252927818,0.7418132881232451,0.614846060653673,0.7176499252927818,0.7176499252927818,0.6008281579041104,0.7176499252927818,0.7057090247328328
2,1,0.36524363176603514,0.5397042944662205,0.36524363176603514,0.5560735336322118,0.5363622913455885,0.36524363176603514,0.36524363176603514,0.3763702957325281,0.36524363176603514,0.30039156863270267
2,2,0.6415128669349169,0.65041635410904,0.6415128669349169,0.7051870111471512,0.552232839561993,0.6415128669349169,0.6415128669349169,0.5327391033927826,0.6415128669349169,0.6249596783953908
2,3,0.5844684069637033,0.6579843404212277,0.5844684069637033,0.7251350279430637,0.6474028200727684,0.5844684069637033,0.5844684069637034,0.5916871877310295,0.5844684069637033,0.5976454829219983
2,4,0.664653008458145,0.6522779128905893,0.664653008458145,0.7417334587040377,0.6593653660295095,0.664653008458145,0.664653008458145,0.5678567641569661,0.664653008458145,0.6513937734114545
2,5,0.6651054612793217,0.701031039982811,0.6651054612793217,0.7313470924706352,0.5746674184876464,0.6651054612793217,0.6651054612793217,0.5639005490754385,0.6651054612793217,0.6558465844934528
2,6,0.7646941464462196,0.7461286002671812,0.7646941464462196,0.7652977278247649,0.6729011007505797,0.7646941464462196,0.7646941464462196,0.678014251414135,0.7646941464462196,0.7510603844141994
2,7,0.6150861467755465,0.6220054227479984,0.6150861467755465,0.7068610153399719,0.5815169782399541,0.6150861467755465,0.6150861467755465,0.5640705218597075,0.6150861467755465,0.6227822745718614
2,8,0.770368345289245,0.7761003332225644,0.770368345289245,0.7747458117945905,0.7032324467819688,0.770368345289245,0.7703683452892449,0.7170318113270648,0.770368345289245,0.754559273962143
2,9,0.40784993099838934,0.5507752585875632,0.40784993099838934,0.45585118180586204,0.49896928247714173,0.40784993099838934,0.4078499309983893,0.42761897424698003,0.40784993099838934,0.36061600640041913
2,10,0.6617372943135443,0.6946479982971524,0.6617372943135443,0.7589481274711092,0.7096978326542398,0.6617372943135443,0.6617372943135442,0.6691474958968627,0.6617372943135443,0.6396856779950787
2,11,0.5658271462957737,0.6286160115405921,0.5658271462957737,0.6712981261158703,0.5009789050696456,0.5658271462957737,0.5658271462957737,0.47937542118456045,0.5658271462957737,0.5597716161014473
2,12,0.41799438973369774,0.47795978320018784,0.41799438973369774,0.4226582775446319,0.3889474268362559,0.41799438973369774,0.41799438973369774,0.3145369576590279,0.41799438973369774,0.3575560712700213
2,13,0.5948777025321096,0.6741976818765407,0.5948777025321096,0.7312707181791964,0.5230577797923688,0.5948777025321096,0.5948777025321096,0.499448557529988,0.5948777025321096,0.5693197381190347
2,14,0.579601913999024,0.6891026328521492,0.579601913999024,0.7754764001913348,0.541509933327834,0.579601913999024,0.579601913999024,0.4877783471829965,0.579601913999024,0.5571384744483474
2,15,0.4470770051656192,0.5307634482244193,0.4470770051656192,0.4637192092647228,0.6298875978880755,0.4470770051656192,0.44707700516561916,0.4960812312823941,0.4470770051656192,0.40799500298904023
2,16,0.4073830747705003,0.5285241908061379,0.4073830747705003,0.4576033061532215,0.5671855293214674,0.4073830747705003,0.4073830747705003,0.4552078742593656,0.4073830747705003,0.35473533769567045
2,17,0.6564597002437336,0.7420449227894335,0.6564597002437336,0.7595470663684478,0.7054144125146198,0.6564597002437336,0.6564597002437335,0.6675142285335125,0.6564597002437336,0.6274760123317518
2,18,0.5901870240545255,0.5582182035258691,0.5901870240545255,0.6807363097942036,0.5840039290139527,0.5901870240545255,0.5901870240545255,0.4536519567248132,0.5901870240545255,0.5373145886110745
2,19,0.5278390438814189,0.6074359905479363,0.5278390438814189,0.6503133461640458,0.5164546176432667,0.5278390438814189,0.5278390438814189,0.47437968679784914,0.5278390438814189,0.5303114059851957
3,0,0.712729071083414,0.6914092858039363,0.712729071083414,0.7372388284796354,0.6106076036379706,0.712729071083414,0.712729071083414,0.5925947358503323,0.712729071083414,0.7018330758089818
3,1,0.3792487610514784,0.5227305958377935,0.3792487610514784,0.5472789917507604,0.550082959353453,0.3792487610514784,0.3792487610514784,0.3888900849539555,0.3792487610514784,0.32037126997176724
3,2,0.625386905704985,0.641035541942122,0.625386905704985,0.6987105724291603,0.5472597782166971,0.625386905704985,0.625386905704985,0.5213471894263634,0.625386905704985,0.6073262733487838
3,3,0.5716766949998713,0.6389388499674118,0.5716766949998713,0.7209939753783703,0.6463617456679721,0.5716766949998713,0.5716766949998713,0.5741545537214026,0.5716766949998713,0.5784242491306275
3,4,0.6513495573926043,0.6407948437217283,0.6513495573926043,0.7339704085032516,0.6480351733105874,0.6513495573926043,0.6513495573926043,0.5552097729861958,0.6513495573926043,0.6401655508576278
3,5,0.6624727973079196,0.6916140005276249,0.6624727973079196,0.7303503835554236,0.5833821225108525,0.6624727973079196,0.6624727973079196,0.5688264695195446,0.6624727973079196,0.6557388356680822
3,6,0.7644229906992092,0.7506609592263123,0.7644229906992092,0.7670167535937419,0.6802758206879376,0.7644229906992092,0.7644229906992092,0.6880776799009886,0.7644229906992092,0.7534367775087323
3,7,0.5974718954688091,0.69503709460134,0.5974718954688091,0.7370808809070254,0.5794764569889643,0.5974718954688091,0.5974718954688091,0.5605025979935412,0.5974718954688091,0.603663428863068
3,8,0.7767893840016065,0.7604006672431336,0.7767893840016065,0.770182743159937,0.7203011664481741,0.7767893840016065,0.7767893840016065,0.724406105253293,0.7767893840016065,0.7625779592762634
3,9,0.418478437124437,0.539947702510263,0.418478437124437,0.45772628414898214,0.5262854581482117,0.418478437124437,0.418478437124437,0.44201992972878923,0.418478437124437,0.36373648497391375
3,10,0.6669147150128009,0.7043759089147895,0.6669147150128009,0.7622556473482065,0.7153049147067491,0.6669147150128009,0.666914715012801,0.6773079901093245,0.6669147150128009,0.6460384074873569
3,11,0.5673873604809363,0.6182614377283855,0.5673873604809363,0.6695274101844012,0.5220312232188331,0.5673873604809363,0.5673873604809363,0.49396298994323906,0.5673873604809363,0.561601892619465
3,12,0.41412173183217,0.5563496648798649,0.41412173183217,0.4478759766425968,0.39667004653518084,0.41412173183217,0.41412173183217005,0.33198368171620934,0.41412173183217,0.3589226609459992
3,13,0.5956475878521854,0.6824957240700802,0.5956475878521854,0.7342012185053346,0.5229989242031157,0.5956475878521854,0.5956475878521854,0.5033974192352284,0.5956475878521854,0.5730395947730955
3,14,0.5887140666364784,0.7572513267768857,0.5887140666364784,0.7966231996680853,0.5588689899554966,0.5887140666364784,0.5887140666364783,0.5051408267690387,0.5887140666364784,0.5687897966049488
3,15,0.47581440346246745,0.524025233156045,0.47581440346246745,0.4657995279507122,0.649490985848141,0.47581440346246745,0.4758144034624675,0.5091909429450685,0.47581440346246745,0.4307513859769543
3,16,0.4283009100258211,0.5174198961752783,0.4283009100258211,0.4668471182156737,0.6064548542069393,0.4283009100258211,0.42830091002582105,0.4759029393451483,0.4283009100258211,0.36512573898574696
3,17,0.654963139823719,0.7459565209491681,0.654963139823719,0.7641204514524209,0.7064331212665922,0.654963139823719,0.654963139823719,0.6690999217719349,0.654963139823719,0.626305642694816
3,18,0.5855572115859516,0.533287108722702,0.5855572115859516,0.6682931237857601,0.5787311403783146,0.5855572115859516,0.5855572115859516,0.43699363763300436,0.5855572115859516,0.5285411194626226
3,19,0.5152893091503542,0.6752314326900852,0.5152893091503542,0.6928635674563763,0.5272427477487251,0.5152893091503542,0.5152893091503541,0.48539221901066887,0.5152893091503542,0.5165450442831899
4,0,0.7149202474077817,0.7501562172267666,0.7149202474077817,0.7724479845267788,0.6172160581260778,0.7149202474077817,0.7149202474077817,0.6022422612183357,0.7149202474077817,0.7040067784766215
4,1,0.3736024397698317,0.5469256227578781,0.3736024397698317,0.5551956672894539,0.5518892905403106,0.3736024397698317,0.3736024397698317,0.39141975450896194,0.3736024397698317,0.3080496401330144
4,2,0.6169335927681145,0.6755154875331558,0.6169335927681145,0.7248088544972817,0.5465158184292078,0.6169335927681145,0.6169335927681145,0.5073144528671407,0.6169335927681145,0.5945278119581321
4,3,0.6052777985052609,0.6762818397986837,0.6052777985052609,0.7351626462315148,0.682321694982978,0.6052777985052609,0.6052777985052609,0.6288592543422689,0.6052777985052609,0.6179806784704098
4,4,0.6567390334087483,0.6565523382444667,0.6567390334087483,0.7354738618887477,0.6499554846360922,0.6567390334087483,0.6567390334087483,0.5686260899872935,0.6567390334087483,0.6495567859358911
4,5,0.6536674836960406,0.684992047393284,0.6536674836960406,0.7265105859587843,0.5895645012986266,0.6536674836960406,0.6536674836960406,0.5732850288810238,0.6536674836960406,0.6506928470969459
4,6,0.7517323813579774,0.7396662466372296,0.7517323813579774,0.7609434333125122,0.6719144935456474,0.7517323813579774,0.7517323813579774,0.6734137011569632,0.7517323813579774,0.742480494910539
4,7,0.5828902582140537,0.6977953593803715,0.5828902582140537,0.7338687792940541,0.5659129709477295,0.5828902582140537,0.5828902582140538,0.545524776027441,0.5828902582140537,0.5887899973327301
4,8,0.7561044193090026,0.7403961842146377,0.7561044193090026,0.755559623002936,0.7126538964280684,0.7561044193090026,0.7561044193090025,0.7089991860530015,0.7561044193090026,0.7457914412160968
4,9,0.4295446209641306,0.6037611941549076,0.4295446209641306,0.4724394458791927,0.5618092592836041,0.4295446209641306,0.4295446209641306,0.4808445831101618,0.4295446209641306,0.37876317314022667
4,10,0.6629051782849037,0.7059312150441872,0.6629051782849037,0.7643957999836446,0.7154472139014036,0.6629051782849037,0.6629051782849037,0.6772116480491124,0.6629051782849037,0.6421422547698006
4,11,0.5711744342690313,0.6182400548397724,0.5711744342690313,0.6682475105308552,0.5425551740590149,0.5711744342690313,0.5711744342690313,0.5113182556862568,0.5711744342690313,0.5681243236922806
4,12,0.41687315421504545,0.6397104834393901,0.41687315421504545,0.4668893337185242,0.4383496452278314,0.41687315421504545,0.41687315421504545,0.3856211511745776,0.41687315421504545,0.3712855535275684
4,13,0.5951228392218332,0.6911790857343976,0.5951228392218332,0.7327897268890793,0.5265370032323992,0.5951228392218332,0.5951228392218331,0.5090275479377696,0.5951228392218332,0.5742053953107076
4,14,0.5836872776938715,0.7471825147931654,0.5836872776938715,0.7883218678267525,0.5528167122036252,0.5836872776938715,0.5836872776938715,0.4977618058496382,0.5836872776938715,0.5644488191847946
4,15,0.47743724923552755,0.530191921695443,0.47743724923552755,0.47378532070780516,0.6616920468726082,0.47743724923552755,0.4774372492355276,0.515532431828944,0.47743724923552755,0.4316687348781504
4,16,0.436893424919176,0.5774261291710849,0.436893424919176,0.6656901988214431,0.6226258638080022,0.436893424919176,0.436893424919176,0.4962373825141228,0.436893424919176,0.3704257697632595
4,17,0.6583779552422035,0.740409983710709,0.6583779552422035,0.7633521839178798,0.714802211183032,0.6583779552422035,0.6583779552422035,0.6764760661329594,0.6583779552422035,0.631026263097827
4,18,0.552838339972994,0.5122188263796588,0.552838339972994,0.6487478720857834,0.5400117999810784,0.552838339972994,0.5528383399729941,0.409800341993502,0.552838339972994,0.5019078673247448
4,19,0.5281604721641155,0.6957062486575447,0.5281604721641155,0.7066885105800785,0.5573204094347952,0.5281604721641155,0.5281604721641155,0.5231825608306027,0.5281604721641155,0.5375314011594208
5,0,0.704590588739714,0.7169305549698075,0.704590588739714,0.752737869649269,0.6079470684451805,0.704590588739714,0.7045905887397139,0.5846885721868591,0.704590588739714,0.6933989136064704
5,1,0.39922702956313166,0.5676700295176498,0.39922702956313166,0.5662221514975602,0.5747796139922655,0.39922702956313166,0.39922702956313166,0.4243413122565489,0.39922702956313166,0.3424147535858989
5,2,0.5961307989160832,0.6651834420421698,0.5961307989160832,0.7132835770192039,0.54522320428667,0.5961307989160832,0.5961307989160832,0.5010138942935859,0.5961307989160832,0.5700184094275123
5,3,0.5852119015256739,0.6767652472194767,0.5852119015256739,0.7356920902064376,0.6748517109627045,0.5852119015256739,0.5852119015256738,0.6182793200929769,0.5852119015256739,0.5973477058777259
5,4,0.6478111514520074,0.6499392125221921,0.6478111514520074,0.7311295602961393,0.6605265118328848,0.6478111514520074,0.6478111514520075,0.57306897124396,0.6478111514520074,0.642206998747939
5,5,0.655098067220792,0.6894949134523154,0.655098067220792,0.7338562959855129,0.5935574448260643,0.655098067220792,0.655098067220792,0.576358047594683,0.655098067220792,0.6528358353733953
5,6,0.753461068939072,0.7397925401495835,0.753461068939072,0.7620418843994801,0.6832954198160218,0.753461068939072,0.7534610689390719,0.6828719773753573,0.753461068939072,0.7461381395668258
5,7,0.6016447947063857,0.7076154308157225,0.6016447947063857,0.739969808636315,0.5873959466689644,0.6016447947063857,0.6016447947063857,0.5748484488351074,0.6016447947063857,0.6148682280882265
5,8,0.7532564476385522,0.7321198535099429,0.7532564476385522,0.754254954960706,0.7183064392801324,0.7532564476385522,0.7532564476385523,0.7101928347711062,0.7532564476385522,0.7427343060213851
5,9,0.43664289856758587,0.6152110248739444,0.43664289856758587,0.4797338722043415,0.5906446207451772,0.43664289856758587,0.4366428985675858,0.5218277082307536,0.43664289856758587,0.389060831239396
5,10,0.6620015735954147,0.6959171446381904,0.6620015735954147,0.7583056113860209,0.7175313598711496,0.6620015735954147,0.6620015735954147,0.6746744021460571,0.6620015735954147,0.6406050156594387
5,11,0.5627292987501653,0.6173395346173536,0.5627292987501653,0.6655332570565526,0.5493707215242143,0.5627292987501653,0.5627292987501653,0.5211421472357851,0.5627292987501653,0.5638187963159036
5,12,0.43423818012305715,0.6300584478227446,0.43423818012305715,0.4654989776393126,0.47517852906719205,0.43423818012305715,0.43423818012305715,0.4235109034384208,0.43423818012305715,0.38852969222611344
5,13,0.5997792282989214,0.6963120111854704,0.5997792282989214,0.7398482482297152,0.5421674359614502,0.5997792282989214,0.5997792282989214,0.529885382754897,0.5997792282989214,0.5813607542115196
5,14,0.5857479870309867,0.7394739325742237,0.5857479870309867,0.7870857241647833,0.5616697835289894,0.5857479870309867,0.5857479870309867,0.5081385171907369,0.5857479870309867,0.5683044207794462
5,15,0.46834173020969594,0.5984159168672227,0.46834173020969594,0.6954770646663124,0.6545657836170568,0.46834173020969594,0.46834173020969594,0.5122323612724577,0.46834173020969594,0.42302543807805293
5,16,0.4487418531311566,0.5871317670319901,0.4487418531311566,0.6778961279702832,0.6451708075655146,0.4487418531311566,0.44874185313115655,0.5068535687410851,0.4487418531311566,0.3822879846034408
5,17,0.6558505755276084,0.746945501695125,0.6558505755276084,0.7610137395290345,0.703440107123035,0.6558505755276084,0.6558505755276085,0.6689840248835481,0.6558505755276084,0.6290419313580736
5,18,0.6141200034233646,0.5918087931584777,0.6141200034233646,0.6924490261998724,0.6317791200480689,0.6141200034233646,0.6141200034233646,0.5179198307498054,0.6141200034233646,0.5559683165158329
5,19,0.5445874181317332,0.7032743160462974,0.5445874181317332,0.7191737376246381,0.5898182369809944,0.5445874181317332,0.5445874181317332,0.5558237569899396,0.5445874181317332,0.5582130341177218
6,0,0.7043783475724174,0.7236580168407756,0.7043783475724174,0.7566333001298229,0.6129277166416269,0.7043783475724174,0.7043783475724174,0.5908060021043495,0.7043783475724174,0.6944636552982921
6,1,0.3912434535354927,0.5667688221050271,0.3912434535354927,0.5621139042371104,0.5773189189725731,0.3912434535354927,0.3912434535354927,0.42712156000695495,0.3912434535354927,0.3290535013810743
6,2,0.620986060940535,0.6527685573173214,0.620986060940535,0.7084437024578836,0.5520274931887943,0.620986060940535,0.6209860609405351,0.5114807236828791,0.620986060940535,0.5992873393788012
6,3,0.5858576387724097,0.6636022221178381,0.5858576387724097,0.7276136610850885,0.6916445800910644,0.5858576387724097,0.5858576387724097,0.626434753725335,0.5858576387724097,0.5959194737910973
6,4,0.6380366279561946,0.6457713067779467,0.6380366279561946,0.7284765053941415,0.6498381342079642,0.6380366279561946,0.6380366279561946,0.5684576293915153,0.6380366279561946,0.6370882701769516
6,5,0.6503067507466308,0.7169478008974743,0.6503067507466308,0.7461798811613494,0.5950375174937391,0.6503067507466308,0.6503067507466308,0.5824967215215788,0.6503067507466308,0.6509747126593726
6,6,0.7504139585551729,0.7416927422880434,0.7504139585551729,0.7618313475755116,0.6812356381140654,0.7504139585551729,0.7504139585551728,0.6821059939734206,0.7504139585551729,0.7435781241743846
6,7,0.6145926210139385,0.7026015617262399,0.6145926210139385,0.7390614235859392,0.5983610750537851,0.6145926210139385,0.6145926210139385,0.5862030473729847,0.6145926210139385,0.6262404264653791
6,8,0.7495833930764961,0.7261737598168787,0.7495833930764961,0.7520173635644942,0.7173586237815811,0.7495833930764961,0.7495833930764961,0.705659091027319,0.7495833930764961,0.7403768445780234
6,9,0.4458730662148767,0.6046117127707549,0.4458730662148767,0.47348640015617527,0.6030137789830137,0.4458730662148767,0.44587306621487677,0.524440521711675,0.4458730662148767,0.3937935732342438
6,10,0.6480728288281491,0.6793846443460814,0.6480728288281491,0.7567505948724114,0.7086744808516738,0.6480728288281491,0.6480728288281491,0.6592071142617439,0.6480728288281491,0.6290541523818317
6,11,0.5519814766614167,0.6116914440543051,0.5519814766614167,0.6601364945498842,0.5774613905157318,0.5519814766614167,0.5519814766614166,0.5381266273392111,0.5519814766614167,0.5432684918964348
6,12,0.4317351468120661,0.6295814139772525,0.4317351468120661,0.46640821719943804,0.47675222515748394,0.4317351468120661,0.43173514681206615,0.4215834263438777,0.4317351468120661,0.3855393651285816
6,13,0.5875697856670864,0.6870550265594237,0.5875697856670864,0.7316021476831298,0.5202980364953248,0.5875697856670864,0.5875697856670863,0.4943995131715316,0.5875697856670864,0.5628387133477918
6,14,0.5872638758935571,0.7240640358408676,0.5872638758935571,0.7810232164348794,0.5688746137197134,0.5872638758935571,0.5872638758935571,0.5096090950898216,0.5872638758935571,0.56773565144915
6,15,0.469095911170195,0.6124482706115562,0.469095911170195,0.6956489399028429,0.6492692234222603,0.469095911170195,0.469095911170195,0.5180524047465054,0.469095911170195,0.4268168606857526
6,16,0.44607592193650925,0.619871020603709,0.44607592193650925,0.7080638460411351,0.6496465394983093,0.44607592193650925,0.44607592193650925,0.5275216024913576,0.44607592193650925,0.38400161550845013
6,17,0.6545415381704681,0.7395979291438644,0.6545415381704681,0.7579573640083251,0.7090586594981173,0.6545415381704681,0.6545415381704681,0.6685614704037197,0.6545415381704681,0.6251992876067409
6,18,0.603314010156539,0.5976395245637767,0.603314010156539,0.6945336245103031,0.6339746452628903,0.603314010156539,0.6033140101565391,0.5202792882245952,0.603314010156539,0.5537194072587477
6,19,0.5544985416783017,0.7020846645910513,0.5544985416783017,0.7142444071036853,0.5950215921329868,0.5544985416783017,0.5544985416783017,0.5638593916127854,0.5544985416783017,0.5672739918577738
7,0,0.7140323470778693,0.7235341352234005,0.7140323470778693,0.7544695206308033,0.613185393254513,0.7140323470778693,0.7140323470778694,0.5971062381019308,0.7140323470778693,0.7000382031765355
7,1,0.39073440926471725,0.5937764119632539,0.39073440926471725,0.6726320493446618,0.5691220845144296,0.39073440926471725,0.39073440926471725,0.4179466564388104,0.39073440926471725,0.33248793242328917
7,2,0.6061440472625025,0.6713717484815632,0.6061440472625025,0.716713545416557,0.5487460171138905,0.6061440472625025,0.6061440472625024,0.5169856630299091,0.6061440472625025,0.590485012886076
7,3,0.555579075957341,0.6510761358400833,0.555579075957341,0.715322185130239,0.6725785769375787,0.555579075957341,0.5555790759573409,0.5992027454840019,0.555579075957341,0.5604682021969624
7,4,0.6432805831019418,0.6499869929998112,0.6432805831019418,0.7298038172548862,0.6545472836252395,0.6432805831019418,0.6432805831019418,0.5776631273404434,0.6432805831019418,0.6420214255232872
7,5,0.6441560314544383,0.7177588882395662,0.6441560314544383,0.7441538289002201,0.6006362738549743,0.6441560314544383,0.6441560314544383,0.5923233523144908,0.6441560314544383,0.6501693243610842
7,6,0.7434621310741606,0.7314740200633026,0.7434621310741606,0.7576533498200797,0.6929628900875393,0.7434621310741606,0.7434621310741605,0.6840189392677989,0.7434621310741606,0.7385525914721871
7,7,0.6073319101528499,0.7059709144403872,0.6073319101528499,0.7422519688104443,0.6068791918650324,0.6073319101528499,0.6073319101528498,0.5935524580353848,0.6073319101528499,0.6202152703467654
7,8,0.7502560786325647,0.7261734522624506,0.7502560786325647,0.7542326270917883,0.7223754955119562,0.7502560786325647,0.7502560786325647,0.7099701634046167,0.7502560786325647,0.7431504388727724
7,9,0.4454713505554093,0.6025738223680492,0.4454713505554093,0.4737062128218452,0.6070984007577778,0.4454713505554093,0.4454713505554093,0.5262614216171114,0.4454713505554093,0.39263769606486343
7,10,0.6538742422762661,0.6828536394074622,0.6538742422762661,0.755468498907888,0.7097166347322716,0.6538742422762661,0.6538742422762661,0.662747574065054,0.6538742422762661,0.6317210886540835
7,11,0.5495597529044469,0.6190184520565172,0.5495597529044469,0.6616917587509954,0.5964718173876062,0.5495597529044469,0.5495597529044469,0.5574424298228831,0.5495597529044469,0.5417118246297912
7,12,0.44096875269192704,0.6207475398284708,0.44096875269192704,0.4655594037509781,0.4879258129703904,0.44096875269192704,0.44096875269192704,0.42112145005334123,0.44096875269192704,0.38905089803927606
7,13,0.5881966590972892,0.6882398993654113,0.5881966590972892,0.735836375098611,0.5333284532787803,0.5881966590972892,0.5881966590972892,0.5132555426185151,0.5881966590972892,0.5701960527996912
7,14,0.591875753797644,0.7347462864149263,0.591875753797644,0.7851528478000804,0.5798538918248308,0.591875753797644,0.591875753797644,0.5323233373578685,0.591875753797644,0.5777162700947156
7,15,0.4808227932145644,0.5933157573910213,0.4808227932145644,0.6900382144942335,0.6637219525199071,0.4808227932145644,0.48082279321456445,0.526437459666979,0.4808227932145644,0.43750776731308183
7,16,0.4480979743885127,0.6175012043934288,0.4480979743885127,0.7077561667130617,0.6557785483155335,0.4480979743885127,0.4480979743885126,0.5371646821765348,0.4480979743885127,0.38882788443727645
7,17,0.6561841770121072,0.7371185595156893,0.6561841770121072,0.757216757650988,0.7097329040044593,0.6561841770121072,0.6561841770121071,0.6662286687391026,0.6561841770121072,0.6250846035784929
7,18,0.6009285272293616,0.5992297343898481,0.6009285272293616,0.7003526522961794,0.6393159744784758,0.6009285272293616,0.6009285272293616,0.5268945513395072,0.6009285272293616,0.5569418281341362
7,19,0.5282579507037365,0.6813983811912736,0.5282579507037365,0.6960759433391492,0.6010729829496559,0.5282579507037365,0.5282579507037365,0.5616896489326862,0.5282579507037365,0.5364508925925944
8,0,0.7107654685851014,0.7230146882628853,0.7107654685851014,0.7581048787638257,0.6254769306098604,0.7107654685851014,0.7107654685851013,0.6074191923480597,0.7107654685851014,0.7028088733474511
8,1,0.387210127955219,0.6131189750574555,0.387210127955219,0.7251871628558207,0.5791611736115061,0.387210127955219,0.38721012795521903,0.4265723881292103,0.387210127955219,0.3133794917217416
8,2,0.5907446682073046,0.7112801400322615,0.5907446682073046,0.7142779932643369,0.5437074249999148,0.5907446682073046,0.5907446682073045,0.5034727407989785,0.5907446682073046,0.5770080147179986
8,3,0.5790870154403591,0.6471741852859874,0.5790870154403591,0.7215802247281352,0.6860105345680787,0.5790870154403591,0.5790870154403591,0.6112134428558331,0.5790870154403591,0.5853406462166713
8,4,0.6416462146035119,0.6452389337130237,0.6416462146035119,0.7311843726397533,0.6598560460175569,0.6416462146035119,0.6416462146035119,0.5758327740401891,0.6416462146035119,0.6382042953702276
8,5,0.6325861930058359,0.6666534665818823,0.6325861930058359,0.7167264159232251,0.5944601058048099,0.6325861930058359,0.6325861930058357,0.5731391812909983,0.6325861930058359,0.6336748670631005
8,6,0.7478656706695438,0.7362992294930982,0.7478656706695438,0.7585379117261646,0.6878761296295299,0.7478656706695438,0.7478656706695437,0.6874188504908765,0.7478656706695438,0.7423941744358111
8,7,0.6107748819083268,0.7052744560938566,0.6107748819083268,0.7405589337122955,0.6143001492844467,0.6107748819083268,0.610774881908327,0.6022711236771231,0.6107748819083268,0.6264678547911471
8,8,0.721256724183961,0.7046802634957874,0.721256724183961,0.7399543009479387,0.7173988196595852,0.721256724183961,0.721256724183961,0.6953099230177165,0.721256724183961,0.7187718762323685
8,9,0.4500168798634148,0.6317144532420836,0.4500168798634148,0.6217961125363165,0.6217560435366589,0.4500168798634148,0.45001687986341476,0.5347302789030008,0.4500168798634148,0.3946573078664076
8,10,0.6458516376626969,0.6775860282781248,0.6458516376626969,0.7512306679651128,0.7097460985448403,0.6458516376626969,0.6458516376626969,0.6595603924892973,0.6458516376626969,0.6255875400043885
8,11,0.5617010813613134,0.6794759809550532,0.5617010813613134,0.7054914712383968,0.5955400188876236,0.5617010813613134,0.5617010813613135,0.560602610815585,0.5617010813613134,0.5609957746697902
8,12,0.43902419986055646,0.6124493411508393,0.43902419986055646,0.46274990916347447,0.5038345569385352,0.43902419986055646,0.4390241998605564,0.432949721092304,0.43902419986055646,0.3902268810906919
8,13,0.5816102135207474,0.6827015357773195,0.5816102135207474,0.7332096943482529,0.5465595333426514,0.5816102135207474,0.5816102135207474,0.5285879995756487,0.5816102135207474,0.5641485938181598
8,14,0.5894711282783199,0.7313650349254772,0.5894711282783199,0.777973913357473,0.5713020084561343,0.5894711282783199,0.5894711282783199,0.5241037252371181,0.5894711282783199,0.5722296473168228
8,15,0.48650544825120806,0.5975547577032964,0.48650544825120806,0.6916502118293234,0.6693831376686894,0.48650544825120806,0.48650544825120806,0.531797735878099,0.48650544825120806,0.4416300458731693
8,16,0.4541159964885424,0.6294988132080312,0.4541159964885424,0.7101301026636306,0.6630085863360342,0.4541159964885424,0.4541159964885424,0.5414241150828839,0.4541159964885424,0.39558315065194277
8,17,0.6572281916857403,0.7362404088917308,0.6572281916857403,0.7544051891740292,0.710999945767717,0.6572281916857403,0.6572281916857403,0.6659538494844623,0.6572281916857403,0.624813579798641
8,18,0.5889917271478105,0.5820247414287465,0.5889917271478105,0.6840922768382858,0.6283620221724996,0.5889917271478105,0.5889917271478106,0.5107677648171315,0.5889917271478105,0.5417202029460956
8,19,0.5539419197027732,0.6842171777088083,0.5539419197027732,0.7027595585511142,0.6308479478966853,0.5539419197027732,0.5539419197027732,0.5894627308449842,0.5539419197027732,0.5596551266098573
9,0,0.7029057618551885,0.7076539435406122,0.7029057618551885,0.7491646434650999,0.6139105437510766,0.7029057618551885,0.7029057618551886,0.5864281492481442,0.7029057618551885,0.6923762354727276
9,1,0.39819593149293725,0.6058654535046188,0.39819593149293725,0.7003005735157324,0.5930812749926205,0.39819593149293725,0.3981959314929373,0.4415517374150749,0.39819593149293725,0.33095843662789315
9,2,0.5946741034088403,0.7002860841116352,0.5946741034088403,0.7100020240529095,0.5459846633337743,0.5946741034088403,0.5946741034088403,0.5045479672947416,0.5946741034088403,0.5800906735484387
9,3,0.589095059975321,0.6644078657790558,0.589095059975321,0.726780090265385,0.692100962770182,0.589095059975321,0.589095059975321,0.6245313511853992,0.589095059975321,0.596174168162711
9,4,0.6331926228910276,0.6419171105928325,0.6331926228910276,0.7290593037901416,0.6574836946102415,0.6331926228910276,0.6331926228910276,0.5693224663896329,0.6331926228910276,0.628203952769347
9,5,0.6031371734921933,0.6588262871202942,0.6031371734921933,0.712210975943974,0.5771772626422843,0.6031371734921933,0.6031371734921933,0.5494702092100022,0.6031371734921933,0.6088378294538428
9,6,0.7381897408158071,0.7214078712512284,0.7381897408158071,0.7555974043008608,0.6823070193673899,0.7381897408158071,0.7381897408158071,0.671377525244784,0.7381897408158071,0.7351861759976182
9,7,0.6013844182831083,0.7007641599120366,0.6013844182831083,0.7394194676267705,0.6020255375223895,0.6013844182831083,0.6013844182831083,0.5884293773926765,0.6013844182831083,0.6171659009444871
9,8,0.7154330086867411,0.7032771009300918,0.7154330086867411,0.7347018032979028,0.7006120883544564,0.7154330086867411,0.7154330086867411,0.6833683891586166,0.7154330086867411,0.7126481684361159
9,9,0.440103990737959,0.6490376263461988,0.440103990737959,0.6692602358611885,0.6036553696845047,0.440103990737959,0.440103990737959,0.51719240137751,0.440103990737959,0.3825023213681609
9,10,0.6487897467816053,0.6802224811624153,0.6487897467816053,0.751620422644887,0.7084947892980072,0.6487897467816053,0.6487897467816053,0.6606537694686923,0.6487897467816053,0.6279002164813088
9,11,0.5703997168383166,0.670975601315274,0.5703997168383166,0.706137386472711,0.5848722832341819,0.5703997168383166,0.5703997168383166,0.5462011300519722,0.5703997168383166,0.564771274622531
9,12,0.4641856504341512,0.6220532254799112,0.4641856504341512,0.46798035542019256,0.5273644239529522,0.4641856504341512,0.4641856504341512,0.4688247588794854,0.4641856504341512,0.41501150842541557
9,13,0.5877798895546773,0.6839925025749853,0.5877798895546773,0.7287130014161928,0.5457032590554105,0.5877798895546773,0.5877798895546773,0.524975205283884,0.5877798895546773,0.5693258595556214
9,14,0.5893333201999044,0.7213873912490181,0.5893333201999044,0.7717385137228833,0.5764235409720219,0.5893333201999044,0.5893333201999045,0.5286828487687172,0.5893333201999044,0.5728652775601485
9,15,0.48027081749926565,0.589471504718948,0.48027081749926565,0.6947708927288607,0.6687939474691885,0.48027081749926565,0.48027081749926565,0.5238476411757087,0.48027081749926565,0.4363051980803235
9,16,0.4568207704187108,0.603741978605697,0.4568207704187108,0.6984076042854015,0.6830357852361035,0.4568207704187108,0.4568207704187107,0.5415539288575189,0.4568207704187108,0.3905532619581497
9,17,0.6539697693865905,0.738918127908105,0.6539697693865905,0.7583023474622479,0.709810051428365,0.6539697693865905,0.6539697693865906,0.6653009725591114,0.6539697693865905,0.6201092936561912
9,18,0.5869213535894172,0.5976258984954347,0.5869213535894172,0.693790303786553,0.6285828667760962,0.5869213535894172,0.5869213535894173,0.5173012320246785,0.5869213535894172,0.5437929230306275
9,19,0.5627231656866619,0.6591036091041734,0.5627231656866619,0.6995771408144699,0.6517146739666482,0.5627231656866619,0.5627231656866619,0.5939364697666583,0.5627231656866619,0.567909328483558
10,0,0.6944686179039178,0.6999838730892571,0.6944686179039178,0.7434585875371923,0.6172919057928866,0.6944686179039178,0.6944686179039177,0.5923953548098254,0.6944686179039178,0.6885583917161726
10,1,0.39597204549655185,0.5969124680063294,0.39597204549655185,0.6928557721504205,0.5879930976964339,0.39597204549655185,0.3959720454965519,0.4416909978757233,0.39597204549655185,0.3364865878986572
10,2,0.5917964885981238,0.6964261129928104,0.5917964885981238,0.7071443678980396,0.5387418637368117,0.5917964885981238,0.5917964885981237,0.49541405915113607,0.5917964885981238,0.5757899483938418
10,3,0.5879171400818652,0.6615780359264576,0.5879171400818652,0.7219447883587916,0.6945118671206483,0.5879171400818652,0.5879171400818652,0.6260634775744588,0.5879171400818652,0.5922430573546272
10,4,0.6333373074345832,0.6391098315513023,0.6333373074345832,0.7224865884224327,0.6540175261640051,0.6333373074345832,0.6333373074345832,0.5711815944107856,0.6333373074345832,0.6312132519918636
10,5,0.6178119218019535,0.6735801198595879,0.6178119218019535,0.7206406995920251,0.5867233408110781,0.6178119218019535,0.6178119218019535,0.5612309837587907,0.6178119218019535,0.6221678932130084
10,6,0.7383940833407131,0.7196881907107089,0.7383940833407131,0.7526537216952726,0.6863351264371338,0.7383940833407131,0.7383940833407132,0.6787313311168333,0.7383940833407131,0.7349643247626692
10,7,0.5998769856141561,0.685806093275269,0.5998769856141561,0.7374484406502011,0.6098016227143283,0.5998769856141561,0.5998769856141561,0.5907499927719502,0.5998769856141561,0.6165432126485798
10,8,0.7163961784323759,0.6928389205139678,0.7163961784323759,0.7344324656746237,0.7114719195023442,0.7163961784323759,0.716396178432376,0.6826816059597174,0.7163961784323759,0.7131834274466626
10,9,0.4438496198848043,0.6539309427671556,0.4438496198848043,0.6733647200272969,0.6142687475431721,0.4438496198848043,0.4438496198848043,0.5327931240374082,0.4438496198848043,0.38791159637205597
10,10,0.6450251608930224,0.6602318191072869,0.6450251608930224,0.7466864015768226,0.707974522209861,0.6450251608930224,0.6450251608930224,0.6494074854427502,0.6450251608930224,0.6207696362658326
10,11,0.5624600015072468,0.6629177600071701,0.5624600015072468,0.7007442920105237,0.6045836910528302,0.5624600015072468,0.5624600015072468,0.5572451575579039,0.5624600015072468,0.5581549759824754
10,12,0.4590124113691014,0.6924184059945241,0.4590124113691014,0.6942496341597235,0.5350351634269634,0.4590124113691014,0.4590124113691015,0.4793068863923591,0.4590124113691014,0.4151217230492007
10,13,0.5941759313870025,0.6907721432684149,0.5941759313870025,0.7356038855243578,0.5589095505381745,0.5941759313870025,0.5941759313870025,0.5458251318174547,0.5941759313870025,0.582482780462841
10,14,0.5851011346817958,0.7208470238607041,0.5851011346817958,0.767877171918121,0.5662840360339175,0.5851011346817958,0.5851011346817957,0.5166897273696707,0.5851011346817958,0.5674093419633564
10,15,0.46523570524608315,0.6018067171604085,0.46523570524608315,0.6949715144550968,0.6565719860796777,0.46523570524608315,0.4652357052460831,0.5219909352444501,0.46523570524608315,0.4214674769487208
10,16,0.459153193054064,0.6036038774027519,0.459153193054064,0.6969610331417748,0.6839377044173469,0.459153193054064,0.459153193054064,0.5483569081911586,0.459153193054064,0.3954676759923086
10,17,0.6527553298877287,0.7312965655485524,0.6527553298877287,0.7557876226214026,0.7069824325372911,0.6527553298877287,0.6527553298877287,0.6620262125807828,0.6527553298877287,0.6198053197536755
10,18,0.5799431353502997,0.5585088949313641,0.5799431353502997,0.681919692167541,0.6298855166447516,0.5799431353502997,0.5799431353502997,0.49547374463537935,0.5799431353502997,0.5322065542075324
10,19,0.5452711617871487,0.6815923767008442,0.5452711617871487,0.6940222018293423,0.6369642573443001,0.5452711617871487,0.5452711617871486,0.5918063512174451,0.5452711617871487,0.5479335189655437
11,0,0.6982420316869372,0.6878342800445156,0.6982420316869372,0.738763729250872,0.6119554412473602,0.6982420316869372,0.6982420316869371,0.5831719873534523,0.6982420316869372,0.6876449590812912
11,1,0.39036986368708815,0.5997757355358662,0.39036986368708815,0.6957071136420616,0.5883327063818116,0.39036986368708815,0.39036986368708804,0.4392897050210349,0.39036986368708815,0.3221379351680511
11,2,0.582051887018191,0.685188978761677,0.582051887018191,0.6980041814686697,0.5396385050906085,0.582051887018191,0.582051887018191,0.49667356100324733,0.582051887018191,0.5662200733629421
11,3,0.5648897168318118,0.6536462410454794,0.5648897168318118,0.7138221188199381,0.6701941122147745,0.5648897168318118,0.5648897168318118,0.6001451635033319,0.5648897168318118,0.5696241962850088
11,4,0.6329391229328905,0.6362687684754336,0.6329391229328905,0.7260524190741536,0.655721709143329,0.6329391229328905,0.6329391229328905,0.5628445808727793,0.6329391229328905,0.6264094784800527
11,5,0.6089194443481636,0.678508302224134,0.6089194443481636,0.7227183839955278,0.5973951105303582,0.6089194443481636,0.6089194443481636,0.5780748415137048,0.6089194443481636,0.6228814327302801
11,6,0.7438945120511445,0.729483526638879,0.7438945120511445,0.7582990971323342,0.6922539763411681,0.7438945120511445,0.7438945120511447,0.6894013512652999,0.7438945120511445,0.7412261241212834
11,7,0.5995952363938218,0.700084632787922,0.5995952363938218,0.7389059089936506,0.6097991812965216,0.5995952363938218,0.5995952363938218,0.597430156765338,0.5995952363938218,0.6187107380047656
11,8,0.6269940471184684,0.658139542038027,0.6269940471184684,0.7102049565666488,0.6645413504558495,0.6269940471184684,0.6269940471184683,0.6186295400524463,0.6269940471184684,0.6407288571025227
11,9,0.4364884568775477,0.6419338185995207,0.4364884568775477,0.6770303142081102,0.5964948283907168,0.4364884568775477,0.43648845687754767,0.5081091479992323,0.4364884568775477,0.37843894160086
11,10,0.6442192205935635,0.6693980539033133,0.6442192205935635,0.7483354597091884,0.7063653982220881,0.6442192205935635,0.6442192205935635,0.652899778507662,0.6442192205935635,0.6208765979180145
11,11,0.5754748268873132,0.672512781213914,0.5754748268873132,0.7023733939016437,0.6103472395024994,0.5754748268873132,0.5754748268873133,0.5664226503487482,0.5754748268873132,0.569143704803821
11,12,0.4561636033718096,0.6838979120855229,0.4561636033718096,0.6876469188439798,0.5307733669075572,0.4561636033718096,0.4561636033718096,0.47386724849647405,0.4561636033718096,0.41073032299813417
11,13,0.5970834681135988,0.6892095296513565,0.5970834681135988,0.7360211510466805,0.5736574734881282,0.5970834681135988,0.5970834681135988,0.5563851092593753,0.5970834681135988,0.5808337822798124
11,14,0.5921139210970229,0.6996078581611259,0.5921139210970229,0.7629135884014775,0.5913417675764194,0.5921139210970229,0.592113921097023,0.5358852985932098,0.5921139210970229,0.5746373927108945
11,15,0.46258817324194573,0.596547992099156,0.46258817324194573,0.6933217075409508,0.655242017660605,0.46258817324194573,0.4625881732419457,0.5122423386708801,0.46258817324194573,0.4154927492141119
11,16,0.4597822966891772,0.6118604790790583,0.4597822966891772,0.7006171276992728,0.6830927085419147,0.4597822966891772,0.4597822966891772,0.5529258549791105,0.4597822966891772,0.3975457838754535
11,17,0.6514131182325478,0.7113171889243001,0.6514131182325478,0.7487543752540906,0.7133099717687377,0.6514131182325478,0.6514131182325478,0.6619563826266994,0.6514131182325478,0.6176397297492909
11,18,0.5637657864822262,0.5720980538199549,0.5637657864822262,0.6753702512336757,0.6222694765052483,0.5637657864822262,0.5637657864822263,0.4982284566201725,0.5637657864822262,0.5245663322082337
11,19,0.5368122733380025,0.6762647035444129,0.5368122733380025,0.6928497074500035,0.6295514767666908,0.5368122733380025,0.5368122733380025,0.5801407260910731,0.5368122733380025,0.5374867658773467
12,0,0.698217034806901,0.6961574589683099,0.698217034806901,0.743523813232696,0.6152490973938909,0.698217034806901,0.698217034806901,0.5855093000526428,0.698217034806901,0.6879190849431513
12,1,0.39444723581434027,0.6098160049146488,0.39444723581434027,0.7275860851248216,0.5898427678631253,0.39444723581434027,0.39444723581434027,0.44577323066517127,0.39444723581434027,0.33172943743134564
12,2,0.5704878099322733,0.6577241003528498,0.5704878099322733,0.6833991582944426,0.5362854344046415,0.5704878099322733,0.5704878099322732,0.47376913779264995,0.5704878099322733,0.5451577821814307
12,3,0.5788833233918852,0.6482714414297452,0.5788833233918852,0.7140714007069486,0.6800165321468351,0.5788833233918852,0.5788833233918852,0.5997221144223117,0.5788833233918852,0.5786005403044985
12,4,0.6283858808329035,0.6379111808695094,0.6283858808329035,0.7231959001006542,0.6517075785333167,0.6283858808329035,0.6283858808329035,0.562260537707091,0.6283858808329035,0.6256204980307374
12,5,0.6153014544745948,0.6707736901764543,0.6153014544745948,0.7230085941368245,0.60138091128294,0.6153014544745948,0.6153014544745948,0.5808602265707352,0.6153014544745948,0.6285540016311164
12,6,0.7378138583632173,0.7143008123707302,0.7378138583632173,0.7514946971159984,0.6877247118023018,0.7378138583632173,0.7378138583632173,0.6790037538603214,0.7378138583632173,0.7346664702729289
12,7,0.5778220246301972,0.6823898544964183,0.5778220246301972,0.7281123803820306,0.5980180647413778,0.5778220246301972,0.5778220246301972,0.5815316334351615,0.5778220246301972,0.5990585799542633
12,8,0.6368494155422795,0.6501373692096937,0.6368494155422795,0.7107188224136142,0.6693657150135026,0.6368494155422795,0.6368494155422795,0.6233822417994379,0.6368494155422795,0.6462999961721447
12,9,0.4520492470131284,0.6492926431637429,0.4520492470131284,0.679916752486105,0.6384613596890456,0.4520492470131284,0.45204924701312843,0.5516138694812134,0.4520492470131284,0.39755522059082504
12,10,0.6385747578160087,0.6514162511116298,0.6385747578160087,0.7367010753323197,0.701462421604502,0.6385747578160087,0.6385747578160086,0.6406873500569653,0.6385747578160087,0.6114375285385293
12,11,0.546994180930763,0.6547793662145012,0.546994180930763,0.6913015987720061,0.6001751365923554,0.546994180930763,0.546994180930763,0.5475460943309827,0.546994180930763,0.5353328889129159
12,12,0.4613431613507719,0.6862155306467655,0.4613431613507719,0.6924994764728623,0.5468085942168988,0.4613431613507719,0.4613431613507719,0.4944214176661935,0.4613431613507719,0.4226785803377204
12,13,0.5875078974808255,0.6887100040074331,0.5875078974808255,0.7339297414403684,0.5631025107864429,0.5875078974808255,0.5875078974808257,0.5477212211638759,0.5875078974808255,0.5711794720605368
12,14,0.5928520259971269,0.7125700282819648,0.5928520259971269,0.7704112685640168,0.6039298114020286,0.5928520259971269,0.5928520259971269,0.5509172084244396,0.5928520259971269,0.5767571659396573
12,15,0.4706349384087098,0.6665030080857215,0.4706349384087098,0.7400935863792126,0.6674260218314952,0.4706349384087098,0.47063493840870974,0.5279569516007163,0.4706349384087098,0.425293522819772
12,16,0.46145244139137653,0.5960289349320411,0.46145244139137653,0.6915784043361852,0.6705459878606934,0.46145244139137653,0.46145244139137653,0.5388728852968387,0.46145244139137653,0.39958509358710226
12,17,0.649869723509417,0.7269944674943721,0.649869723509417,0.7511424435295022,0.7130112422536297,0.649869723509417,0.649869723509417,0.6650559688824581,0.649869723509417,0.6176774781854175
12,18,0.6106045500083028,0.6191583924410443,0.6106045500083028,0.7059913519619128,0.6781493204353973,0.6106045500083028,0.6106045500083028,0.5728890859253659,0.6106045500083028,0.566327128438675
12,19,0.5558374080261171,0.6743344727362346,0.5558374080261171,0.7093242278862375,0.6383714549373878,0.5558374080261171,0.5558374080261173,0.5801513632058701,0.5558374080261171,0.5594425833293146
13,0,0.6908512255394146,0.6784358131165602,0.6908512255394146,0.7383422889226015,0.6193718448239355,0.6908512255394146,0.6908512255394146,0.5790301404089488,0.6908512255394146,0.6819155287299485
13,1,0.40957360061843584,0.6081000832199983,0.40957360061843584,0.7173007885012588,0.6129132516588229,0.40957360061843584,0.40957360061843584,0.46690979755037565,0.40957360061843584,0.343056060444434
13,2,0.6279508979501908,0.7271587889365325,0.6279508979501908,0.7291313757155876,0.6076954863468949,0.6279508979501908,0.6279508979501908,0.5679749951507328,0.6279508979501908,0.615856811195558
13,3,0.559279729305162,0.6439048111351302,0.559279729305162,0.70964351239323,0.6926052882292182,0.559279729305162,0.5592797293051619,0.6085744264091504,0.559279729305162,0.5586225053450216
13,4,0.6168806254014949,0.6157334219420509,0.6168806254014949,0.7096174260052232,0.6468499612509513,0.6168806254014949,0.6168806254014949,0.5541521588503061,0.6168806254014949,0.6122055774437934
13,5,0.6010510026490188,0.6702595938136169,0.6010510026490188,0.7194785773946509,0.593145713732462,0.6010510026490188,0.6010510026490188,0.5698587656775823,0.6010510026490188,0.6158254711765296
13,6,0.730358840899319,0.7143825670840585,0.730358840899319,0.749287864080616,0.6826594719452701,0.730358840899319,0.7303588408993189,0.6763629915503191,0.730358840899319,0.7293806538491574
13,7,0.5822558578422786,0.6879950988657778,0.5822558578422786,0.7307837162438183,0.6027859759796569,0.5822558578422786,0.5822558578422785,0.5867832347003091,0.5822558578422786,0.605515567584277
13,8,0.6783853093428952,0.6675390274248536,0.6783853093428952,0.721210949741447,0.6952296461907823,0.6783853093428952,0.6783853093428953,0.6552780015167324,0.6783853093428952,0.6787392628358948
13,9,0.45746966712240283,0.6498594983570196,0.45746966712240283,0.6894596750534298,0.6563979413118557,0.45746966712240283,0.45746966712240283,0.5609245364492257,0.45746966712240283,0.3986741510752702
13,10,0.6344789864982465,0.6579030660857121,0.6344789864982465,0.7341271106770186,0.7032062567493007,0.6344789864982465,0.6344789864982465,0.6464768524312458,0.6344789864982465,0.6139682090101279
13,11,0.5313422311694739,0.6550992756448493,0.5313422311694739,0.6893404470879552,0.5931321469267486,0.5313422311694739,0.5313422311694739,0.5411440030641959,0.5313422311694739,0.5190453594395851
13,12,0.4667828169773977,0.689028379065356,0.4667828169773977,0.691904122830854,0.529999974939658,0.4667828169773977,0.46678281697739765,0.48663429747506776,0.4667828169773977,0.4239504215590564
13,13,0.5849214173361076,0.6765555678080895,0.5849214173361076,0.7224589270781989,0.552132014761644,0.5849214173361076,0.5849214173361076,0.5295511738900628,0.5849214173361076,0.5641303495011325
13,14,0.5766794163144879,0.689799704786501,0.5766794163144879,0.7519351512491802,0.574702319120065,0.5766794163144879,0.5766794163144879,0.5120037777285453,0.5766794163144879,0.5604464287811702
13,15,0.47330718851726966,0.6517180705285234,0.47330718851726966,0.730092835845384,0.6702774293477554,0.47330718851726966,0.4733071885172696,0.5264101518199215,0.47330718851726966,0.42573185323268614
13,16,0.45462058034949726,0.5867801666410433,0.45462058034949726,0.69731085175675,0.6619848487984695,0.45462058034949726,0.45462058034949726,0.5245255329793592,0.45462058034949726,0.39244860487443023
13,17,0.6480655806621906,0.7223041622035928,0.6480655806621906,0.7466128754902916,0.7073455439940656,0.6480655806621906,0.6480655806621906,0.6618521334361851,0.6480655806621906,0.6185519993778428
13,18,0.6138700346230019,0.6041771129776745,0.6138700346230019,0.697161307929968,0.682072371519688,0.6138700346230019,0.6138700346230019,0.5688428038088609,0.6138700346230019,0.571493643310724
13,19,0.5803029417424944,0.689109701262107,0.5803029417424944,0.7111813755042347,0.647057404658212,0.5803029417424944,0.5803029417424943,0.6027626917141302,0.5803029417424944,0.5879028576446266
14,0,0.6952706553447836,0.6870909672005666,0.6952706553447836,0.7376598144086646,0.6168835688738692,0.6952706553447836,0.6952706553447836,0.5880441823172575,0.6952706553447836,0.6855570379845954
14,1,0.4041495564261821,0.6067872648822326,0.4041495564261821,0.7103885138650453,0.6058180527856997,0.4041495564261821,0.4041495564261821,0.46133396467070886,0.4041495564261821,0.3416321563822544
14,2,0.6308247028275188,0.7286880637906757,0.6308247028275188,0.7361821962898485,0.6093573525290226,0.6308247028275188,0.6308247028275189,0.5659357334262733,0.6308247028275188,0.6218654359310265
14,3,0.5980947731152143,0.6511446936649099,0.5980947731152143,0.7207477731241774,0.7131147116495766,0.5980947731152143,0.5980947731152143,0.6332586604905245,0.5980947731152143,0.6019914839771124
14,4,0.6260844952158853,0.630951715914199,0.6260844952158853,0.7145917152727053,0.6524336318297086,0.6260844952158853,0.6260844952158853,0.5618640020893684,0.6260844952158853,0.6200661754323492
14,5,0.6002372566323738,0.6692094561472604,0.6002372566323738,0.7168863588410986,0.5839183717144066,0.6002372566323738,0.6002372566323739,0.5596208346948746,0.6002372566323738,0.6123930039354912
14,6,0.7359603722323506,0.7184955397369084,0.7359603722323506,0.7492071695490791,0.6865155424304031,0.7359603722323506,0.7359603722323507,0.6837579460516904,0.7359603722323506,0.7336493524306352
14,7,0.5829671073582544,0.6922629931392288,0.5829671073582544,0.7300205308232652,0.5989403146431062,0.5829671073582544,0.5829671073582544,0.5868598367086821,0.5829671073582544,0.6013838409293062
14,8,0.6969034441147355,0.6810483040774682,0.6969034441147355,0.7290865364994038,0.6998427661266482,0.6969034441147355,0.6969034441147355,0.6658811003528111,0.6969034441147355,0.6968227148473158
14,9,0.43279449414445764,0.6509605376444072,0.43279449414445764,0.6832676481635203,0.6068391231262973,0.43279449414445764,0.4327944941444576,0.5178325153925287,0.43279449414445764,0.37310973497441746
14,10,0.6361195809853845,0.7299142514042574,0.6361195809853845,0.7609793954890703,0.7038117703189093,0.6361195809853845,0.6361195809853845,0.6509943359806806,0.6361195809853845,0.6157964678424059
14,11,0.5629571513518341,0.6755922774552161,0.5629571513518341,0.701010219421172,0.6166786774746937,0.5629571513518341,0.5629571513518341,0.573114295702256,0.5629571513518341,0.557944815447885
14,12,0.4573851981114253,0.6928768307518163,0.4573851981114253,0.6919933214046481,0.5559654663754391,0.4573851981114253,0.4573851981114253,0.505773701469762,0.4573851981114253,0.41874298341819227
14,13,0.5804029292626395,0.6753930034582338,0.5804029292626395,0.7262495579202488,0.5571267229764144,0.5804029292626395,0.5804029292626395,0.5342897330394674,0.5804029292626395,0.5636596834191168
14,14,0.5836317084215232,0.7008990287193517,0.5836317084215232,0.760667346733374,0.5867579073121735,0.5836317084215232,0.5836317084215232,0.532654368122375,0.5836317084215232,0.5681280586833178
14,15,0.4631092977893187,0.6422924013090803,0.4631092977893187,0.724020225564731,0.6499494574256138,0.4631092977893187,0.46310929778931864,0.5030127965214191,0.4631092977893187,0.41411807350269225
14,16,0.4603299049198599,0.6248966784504999,0.4603299049198599,0.7112301498104707,0.6835780499593652,0.4603299049198599,0.4603299049198599,0.5598058582825083,0.4603299049198599,0.3975980061432881
14,17,0.6420079724250031,0.7139248890873771,0.6420079724250031,0.7450941763223553,0.7060067242428376,0.6420079724250031,0.6420079724250032,0.6539349141879077,0.6420079724250031,0.6105965803529181
14,18,0.609775378407695,0.6224367753854447,0.609775378407695,0.7069419821169511,0.6725559090804052,0.609775378407695,0.609775378407695,0.5721421541212828,0.609775378407695,0.5664229258598938
14,19,0.5247607106287756,0.6587813395190549,0.5247607106287756,0.6881010297674317,0.6116675166709722,0.5247607106287756,0.5247607106287756,0.5536793380844438,0.5247607106287756,0.5254216111665087
15,0,0.6858666246396942,0.6723963885120172,0.6858666246396942,0.7302159376499262,0.6134330184773933,0.6858666246396942,0.6858666246396941,0.5827759807289731,0.6858666246396942,0.6786464155222033
15,1,0.41100594972207466,0.6036592308037358,0.41100594972207466,0.7045140545331701,0.6153368325792887,0.41100594972207466,0.41100594972207466,0.4703768153058674,0.41100594972207466,0.34879209215710805
15,2,0.6196995114829069,0.7300802388756263,0.6196995114829069,0.7340105917068994,0.6027031080640342,0.6196995114829069,0.6196995114829069,0.5654998337546446,0.6196995114829069,0.6145505688690387
15,3,0.587134709859169,0.6532143322393105,0.587134709859169,0.7193723984530915,0.7038052923417044,0.587134709859169,0.587134709859169,0.6279710639081557,0.587134709859169,0.5904097643891775
15,4,0.6296807006337406,0.6372708917478598,0.6296807006337406,0.723041334338526,0.6618199920469504,0.6296807006337406,0.6296807006337406,0.5668483193738042,0.6296807006337406,0.6224237423828078
15,5,0.608446269206362,0.6693044575565399,0.608446269206362,0.7207468992728763,0.5983011779251347,0.608446269206362,0.6084462692063621,0.5705185191766816,0.608446269206362,0.6210640789767838
15,6,0.7387185781551615,0.7106918510668927,0.7387185781551615,0.7497498648445999,0.6980165228683479,0.7387185781551615,0.7387185781551615,0.6855506375834055,0.7387185781551615,0.7355451001634534
15,7,0.5887679632551439,0.691748400663631,0.5887679632551439,0.7335029877599024,0.6042685526772518,0.5887679632551439,0.5887679632551439,0.5917555785583991,0.5887679632551439,0.6076362460998348
15,8,0.7000193191500355,0.682478615788215,0.7000193191500355,0.7284131976467636,0.7116098831965973,0.7000193191500355,0.7000193191500356,0.6772144642035669,0.7000193191500355,0.697469380529975
15,9,0.443926004402982,0.6619025887267941,0.443926004402982,0.6883532696395401,0.6336113644743042,0.443926004402982,0.443926004402982,0.5457484646030464,0.443926004402982,0.38499310866694825
15,10,0.6340568272937681,0.7338300761474291,0.6340568272937681,0.7630122892030715,0.6998864263286323,0.6340568272937681,0.6340568272937681,0.6509882518707393,0.6340568272937681,0.6162696961597001
15,11,0.5572667835232089,0.6701017238827485,0.5572667835232089,0.7066727395502761,0.6242525187724042,0.5572667835232089,0.5572667835232089,0.5691064268646315,0.5572667835232089,0.5556469118420527
15,12,0.45337352410382237,0.6783101403467925,0.45337352410382237,0.6888927689072397,0.5495254476662348,0.45337352410382237,0.4533735241038223,0.4967822989404973,0.45337352410382237,0.41370003245857145
15,13,0.5867933026574843,0.6856514136393048,0.5867933026574843,0.7319117194438399,0.576734745507993,0.5867933026574843,0.5867933026574843,0.5601982864707017,0.5867933026574843,0.576635421466065
15,14,0.582227515654877,0.7001491339369228,0.582227515654877,0.761447234267183,0.5709890841682387,0.582227515654877,0.5822275156548768,0.5102700099292787,0.582227515654877,0.5642013272908093
15,15,0.48146843753609564,0.6202589642952687,0.48146843753609564,0.7112414198702561,0.6712901998294155,0.48146843753609564,0.48146843753609564,0.5245844391228505,0.48146843753609564,0.4349590635153783
15,16,0.45657591250460094,0.6043489193859155,0.45657591250460094,0.7041475915028738,0.6839170775518089,0.45657591250460094,0.45657591250460094,0.544677415016418,0.45657591250460094,0.39351113753339495
15,17,0.6439243689193812,0.7219663124331115,0.6439243689193812,0.745603440656097,0.7028140409660018,0.6439243689193812,0.6439243689193812,0.6554575356294845,0.6439243689193812,0.6107228679371014
15,18,0.5968334993132363,0.618205730624785,0.5968334993132363,0.7046441968575566,0.6447283421377543,0.5968334993132363,0.5968334993132363,0.5411020165059118,0.5968334993132363,0.5582437549820425
15,19,0.554605126887973,0.6650752136385449,0.554605126887973,0.6917047998236717,0.6341853972923999,0.554605126887973,0.554605126887973,0.5744870530451482,0.554605126887973,0.551287534003142
16,0,0.6845193020982604,0.6775017617535681,0.6845193020982604,0.7342521665295905,0.6214885744341494,0.6845193020982604,0.6845193020982605,0.5840736799689341,0.6845193020982604,0.679473715825876
16,1,0.4109527965050459,0.6096270797980905,0.4109527965050459,0.7134238279640771,0.6151943440665562,0.4109527965050459,0.4109527965050459,0.4744264500610601,0.4109527965050459,0.34830007353959047
16,2,0.6301517384958364,0.7329010686368598,0.6301517384958364,0.7359706361215596,0.5924467421991539,0.6301517384958364,0.6301517384958364,0.5515754383403699,0.6301517384958364,0.6197167020987151
16,3,0.5968864666798559,0.6685508608649966,0.5968864666798559,0.7274195491152528,0.7051208016590157,0.5968864666798559,0.5968864666798558,0.6406401028255776,0.5968864666798559,0.6065969196945358
16,4,0.6200411974602055,0.6384098630142929,0.6200411974602055,0.7197149204827052,0.6543660224336548,0.6200411974602055,0.6200411974602054,0.5617581243481601,0.6200411974602055,0.6158432080631788
16,5,0.6180459074671256,0.6694984569754279,0.6180459074671256,0.7177538711882339,0.6012540970451303,0.6180459074671256,0.6180459074671256,0.5762648838740974,0.6180459074671256,0.6277679074151403
16,6,0.7369028196573606,0.7151162514552212,0.7369028196573606,0.7526061603041979,0.6925048883183968,0.7369028196573606,0.7369028196573606,0.6819635305642119,0.7369028196573606,0.7346141583699516
16,7,0.5785321590437179,0.6892928566192851,0.5785321590437179,0.7324241618951053,0.6018497273766084,0.5785321590437179,0.5785321590437178,0.5865073019608935,0.5785321590437179,0.5977623879505444
16,8,0.6855429661520871,0.6701996331418092,0.6855429661520871,0.7203347256933367,0.6991130669561945,0.6855429661520871,0.6855429661520871,0.661832167079539,0.6855429661520871,0.6837667282230862
16,9,0.4533048523776261,0.6655825701923516,0.4533048523776261,0.6975292348397978,0.6506380078011447,0.4533048523776261,0.4533048523776261,0.5652324341406616,0.4533048523776261,0.39734235365606707
16,10,0.6258720681981793,0.7273274309364992,0.6258720681981793,0.7602209529578985,0.6965056320752572,0.6258720681981793,0.6258720681981793,0.6455375523855609,0.6258720681981793,0.6096667118367614
16,11,0.5577193292695902,0.6839123121587171,0.5577193292695902,0.7103570493350851,0.6196058091653907,0.5577193292695902,0.5577193292695902,0.5737145400456509,0.5577193292695902,0.5524888435915078
16,12,0.47236743592319286,0.6800339232288672,0.47236743592319286,0.6901685330436416,0.57505308636176,0.47236743592319286,0.47236743592319286,0.5184522722750369,0.47236743592319286,0.4280287045119471
16,13,0.5726472987618738,0.6805468606199333,0.5726472987618738,0.7222866404052948,0.5531306143740369,0.5726472987618738,0.5726472987618738,0.5350362616914739,0.5726472987618738,0.5602332934619223
16,14,0.5817699519474474,0.7157041066447007,0.5817699519474474,0.765657327778013,0.574037599318288,0.5817699519474474,0.5817699519474475,0.5225240404132887,0.5817699519474474,0.5640914048470929
16,15,0.4666259592320401,0.6328605785947017,0.4666259592320401,0.7155696999618851,0.665608259218307,0.4666259592320401,0.4666259592320401,0.5243531870234466,0.4666259592320401,0.41983782564470895
16,16,0.46192282877704016,0.6071103173198762,0.46192282877704016,0.7034214319675838,0.6878955615555992,0.46192282877704016,0.4619228287770402,0.5528692817881975,0.46192282877704016,0.4007570966311458
16,17,0.6412167143078703,0.712095806162479,0.6412167143078703,0.741358138851025,0.698513736735825,0.6412167143078703,0.6412167143078702,0.6453440588623429,0.6412167143078703,0.6052742062431256
16,18,0.5877006243551571,0.5848216237294577,0.5877006243551571,0.6842290774981308,0.6445991787750652,0.5877006243551571,0.5877006243551571,0.5240456123952073,0.5877006243551571,0.5439351045193734
16,19,0.5521152889560346,0.6704091583173819,0.5521152889560346,0.6932465920991664,0.6290066091526407,0.5521152889560346,0.5521152889560346,0.5740786378452123,0.5521152889560346,0.5530431867663145
17,0,0.6864314240332271,0.6710526109283084,0.6864314240332271,0.7278969402808069,0.6235944648517966,0.6864314240332271,0.6864314240332271,0.5868260059317513,0.6864314240332271,0.6786328899699985
17,1,0.406279773816335,0.6174970641499676,0.406279773816335,0.7598620851069275,0.6054803683734846,0.406279773816335,0.406279773816335,0.45791331994265555,0.406279773816335,0.3454936181679998
17,2,0.6023729566095979,0.7125455890310527,0.6023729566095979,0.7247551771968479,0.5745216026203458,0.6023729566095979,0.6023729566095979,0.5175702494896597,0.6023729566095979,0.5885162848883985
17,3,0.5930230083735831,0.6621489485260986,0.5930230083735831,0.7201572136188332,0.6864169340739195,0.5930230083735831,0.5930230083735831,0.6199503870781157,0.5930230083735831,0.5980252448550789
17,4,0.6203113310299653,0.6375056725646182,0.6203113310299653,0.7196179641149176,0.6626934470484938,0.6203113310299653,0.6203113310299653,0.5705824071706449,0.6203113310299653,0.618833999325469
17,5,0.6137635423385353,0.6522087665415457,0.6137635423385353,0.7126595592963914,0.601167228195616,0.6137635423385353,0.6137635423385353,0.5722286913664456,0.6137635423385353,0.6223541837283266
17,6,0.7365451505448716,0.7146405107703331,0.7365451505448716,0.7481615797227817,0.67647351787685,0.7365451505448716,0.7365451505448715,0.6740717490569719,0.7365451505448716,0.7319219629311254
17,7,0.5901492964214596,0.687484404729007,0.5901492964214596,0.7352110082699028,0.6098790034983446,0.5901492964214596,0.5901492964214596,0.5895551515192844,0.5901492964214596,0.606828479581938
17,8,0.7133767597594464,0.6858262934773202,0.7133767597594464,0.7303463966581358,0.711562008970317,0.7133767597594464,0.7133767597594465,0.6836203400315125,0.7133767597594464,0.7099608262672735
17,9,0.45647583205925135,0.6683636654270599,0.45647583205925135,0.6964993449568305,0.6495574689369654,0.45647583205925135,0.45647583205925135,0.5635574851022007,0.45647583205925135,0.40020869598966974
17,10,0.6347458676858455,0.673342499530031,0.6347458676858455,0.741879874396457,0.705167149100969,0.6347458676858455,0.6347458676858455,0.6506234284572695,0.6347458676858455,0.6149266832217131
17,11,0.5730630461272352,0.6900281582453577,0.5730630461272352,0.7153343199474156,0.6222855881342065,0.5730630461272352,0.5730630461272352,0.5817889100255038,0.5730630461272352,0.5755129457810013
17,12,0.46112599514763164,0.6838516097335372,0.46112599514763164,0.6955811215016875,0.5298382978410319,0.46112599514763164,0.46112599514763164,0.48266960605525855,0.46112599514763164,0.42291999982931366
17,13,0.665222175336294,0.7557395859872934,0.665222175336294,0.7799420371172284,0.7083856655051484,0.665222175336294,0.665222175336294,0.684533695868834,0.665222175336294,0.6495239042401278
17,14,0.5847705997290487,0.6970532926719541,0.5847705997290487,0.7547273652999655,0.5881326269069416,0.5847705997290487,0.5847705997290487,0.5361723180180215,0.5847705997290487,0.5674986644093314
17,15,0.4716890819296439,0.6345873955655464,0.4716890819296439,0.7200001420006514,0.6768191150208493,0.4716890819296439,0.4716890819296439,0.5310518822025172,0.4716890819296439,0.42347380875188934
17,16,0.46549998452795344,0.6139224135639169,0.46549998452795344,0.7079222424938542,0.6860207889243597,0.46549998452795344,0.4654999845279534,0.5533478577216085,0.46549998452795344,0.4017470785607726
17,17,0.6454034594009317,0.7131807013348753,0.6454034594009317,0.7403201741909682,0.7062560168691064,0.6454034594009317,0.6454034594009317,0.6526990214273614,0.6454034594009317,0.612860162620363
17,18,0.5518633687263755,0.6021799353939703,0.5518633687263755,0.6884170869860912,0.5730933437162324,0.5518633687263755,0.5518633687263755,0.4811693118612708,0.5518633687263755,0.5240718984914909
17,19,0.5693481752231111,0.6649259458858081,0.5693481752231111,0.7040796783024856,0.6530477826653012,0.5693481752231111,0.5693481752231111,0.5921627702464313,0.5693481752231111,0.5750719566242495
18,0,0.6859379911968236,0.6602002764013496,0.6859379911968236,0.7217131748381354,0.6111004236381421,0.6859379911968236,0.6859379911968237,0.5732617815448884,0.6859379911968236,0.6729875222738124
18,1,0.39533606539629856,0.6124777879366117,0.39533606539629856,0.7287452579027098,0.5907529570799495,0.39533606539629856,0.3953360653962986,0.44620941460725816,0.39533606539629856,0.33266470781808966
18,2,0.5840012719602005,0.7107167808214416,0.5840012719602005,0.7168024884766172,0.5725994263834909,0.5840012719602005,0.5840012719602006,0.5175756659694006,0.5840012719602005,0.5649695533511675
18,3,0.5676232046502002,0.6514686353712867,0.5676232046502002,0.712569479179033,0.6792369094934894,0.5676232046502002,0.5676232046502003,0.6061908213494394,0.5676232046502002,0.5710274495044193
18,4,0.616487551786055,0.6374347951324415,0.616487551786055,0.7176052681364722,0.6556791911744082,0.616487551786055,0.616487551786055,0.5627691034332433,0.616487551786055,0.6119430127496678
18,5,0.6066655435106938,0.6592349829056551,0.6066655435106938,0.7137552295090899,0.5975930466490639,0.6066655435106938,0.6066655435106938,0.5703274279669154,0.6066655435106938,0.6185980894798649
18,6,0.7325022536685245,0.7167153872192542,0.7325022536685245,0.7518267088026189,0.6844955458553321,0.7325022536685245,0.7325022536685244,0.6774783325533122,0.7325022536685245,0.7312214150454781
18,7,0.5860107795095835,0.690492118355869,0.5860107795095835,0.734909808181649,0.6067032025652788,0.5860107795095835,0.5860107795095836,0.5903482932070464,0.5860107795095835,0.6067614656271871
18,8,0.7046221833092765,0.679034956679099,0.7046221833092765,0.7268927319117164,0.7117769347507311,0.7046221833092765,0.7046221833092766,0.6793931281068166,0.7046221833092765,0.7005889048893653
18,9,0.45851563322533256,0.6811287071318354,0.45851563322533256,0.7023403531257059,0.6565856734849569,0.45851563322533256,0.45851563322533256,0.5792586672547934,0.45851563322533256,0.4086933905094552
18,10,0.6277868849640793,0.6510884776877394,0.6277868849640793,0.733599463929624,0.7018657351590681,0.6277868849640793,0.6277868849640793,0.6408342228957717,0.6277868849640793,0.6071845673744924
18,11,0.5768755814213895,0.6931483519978311,0.5768755814213895,0.7128228464031922,0.6241514550739894,0.5768755814213895,0.5768755814213895,0.5853107140253244,0.5768755814213895,0.5742366394515734
18,12,0.46697981841114067,0.6873331319340724,0.46697981841114067,0.6925462545183189,0.5711191577339803,0.46697981841114067,0.4669798184111407,0.5200640314965752,0.46697981841114067,0.4285139725982595
18,13,0.6535705627076471,0.7397247780504832,0.6535705627076471,0.7651198720214973,0.6801317321366732,0.6535705627076471,0.6535705627076471,0.6628846625386292,0.6535705627076471,0.6380939221775553
18,14,0.5919538109695045,0.7052173039244124,0.5919538109695045,0.7646315165927571,0.600192746702055,0.5919538109695045,0.5919538109695044,0.5445688386257954,0.5919538109695045,0.5753726944053765
18,15,0.49078920725786734,0.615739305534867,0.49078920725786734,0.7123373333153344,0.6855056831055281,0.49078920725786734,0.49078920725786734,0.5361476403010804,0.49078920725786734,0.4434243041603128
18,16,0.46654873838702104,0.6248888047398993,0.46654873838702104,0.709216014383793,0.6890448489359876,0.46654873838702104,0.466548738387021,0.5572796923432721,0.46654873838702104,0.4016329329143695
18,17,0.6463090155197172,0.707251046791711,0.6463090155197172,0.7427463911051688,0.7072200418972916,0.6463090155197172,0.6463090155197171,0.6507835392717601,0.6463090155197172,0.6115003609106808
18,18,0.6031028840916974,0.6250803051406721,0.6031028840916974,0.7135416863448703,0.6626865115425844,0.6031028840916974,0.6031028840916975,0.5665139592932872,0.6031028840916974,0.5682933466351738
18,19,0.556722427674687,0.6803370733386122,0.556722427674687,0.7089876642502508,0.6277068611230827,0.556722427674687,0.556722427674687,0.5780389619761721,0.556722427674687,0.5650722335336387
19,0,0.678812207732808,0.6833084337987023,0.678812207732808,0.7376202705413477,0.6135100588395116,0.678812207732808,0.678812207732808,0.5764010582102921,0.678812207732808,0.673049194278483
19,1,0.42148744817445183,0.618704283525257,0.42148744817445183,0.7146775635747407,0.6218069189027695,0.42148744817445183,0.42148744817445183,0.48294316774997054,0.42148744817445183,0.3607405696355125
19,2,0.5047173015487008,0.682529578069438,0.5047173015487008,0.7009989983204947,0.5056079557598196,0.5047173015487008,0.5047173015487008,0.4234430878515656,0.5047173015487008,0.4943336647662748
19,3,0.5995883599286818,0.6699564905714412,0.5995883599286818,0.7242344594597565,0.7145878178571601,0.5995883599286818,0.5995883599286818,0.6423498382842945,0.5995883599286818,0.6001141366511129
19,4,0.6113667225363971,0.629474957684136,0.6113667225363971,0.7149140889525869,0.6496119007875899,0.6113667225363971,0.6113667225363972,0.5526321591963513,0.6113667225363971,0.6074633427355189
19,5,0.5796345307458372,0.6619535845370293,0.5796345307458372,0.7115981214370065,0.5864099940144535,0.5796345307458372,0.5796345307458373,0.5639680125606104,0.5796345307458372,0.5959875521960807
19,6,0.733067145987262,0.7104509715177415,0.733067145987262,0.7500594420146038,0.6848129224036774,0.733067145987262,0.733067145987262,0.6761379930377713,0.733067145987262,0.7317117001230155
19,7,0.5936621479307926,0.6844183053039379,0.5936621479307926,0.7325350716739517,0.6094883596865058,0.5936621479307926,0.5936621479307926,0.5902436339737553,0.5936621479307926,0.6140903079770501
19,8,0.7096652341626877,0.6883353999915198,0.7096652341626877,0.7310207946343869,0.7143528860745303,0.7096652341626877,0.7096652341626877,0.6845822769217368,0.7096652341626877,0.7037415803064422
19,9,0.4602061285473384,0.6764329451224926,0.4602061285473384,0.6925824602720614,0.6620889013646503,0.4602061285473384,0.4602061285473384,0.5825665595721996,0.4602061285473384,0.4087104015704822
19,10,0.6259453861846054,0.6981566800209836,0.6259453861846054,0.7464575385698448,0.6950651924380726,0.6259453861846054,0.6259453861846054,0.641115263835353,0.6259453861846054,0.608602977134061
19,11,0.5851363533343376,0.6867994422790624,0.5851363533343376,0.7090654355746129,0.6373818476414055,0.5851363533343376,0.5851363533343376,0.5931167032025066,0.5851363533343376,0.5813080450960908
19,12,0.48114951823392305,0.6835962257105413,0.48114951823392305,0.6892952718131446,0.5891645604096716,0.48114951823392305,0.48114951823392305,0.5357008309545057,0.48114951823392305,0.43955429017498354
19,13,0.6538657860826479,0.7392238502797484,0.6538657860826479,0.7642181109818278,0.687167529370369,0.6538657860826479,0.6538657860826479,0.6647233918630531,0.6538657860826479,0.6392212521137839
19,14,0.5788637161737155,0.7030526829389279,0.5788637161737155,0.7587744670785415,0.5710874924675934,0.5788637161737155,0.5788637161737156,0.5146029394756966,0.5788637161737155,0.5613949045144988
19,15,0.4755472434992547,0.6056204597196453,0.4755472434992547,0.7036655575548278,0.6727510340111402,0.4755472434992547,0.4755472434992547,0.5136548878362666,0.4755472434992547,0.42436917145210773
19,16,0.4618534136492072,0.6125696567727534,0.4618534136492072,0.7014986947908703,0.681981343129427,0.4618534136492072,0.4618534136492072,0.5495474965076592,0.4618534136492072,0.39640097794525186
19,17,0.6392995744118555,0.715489255798049,0.6392995744118555,0.7442731625919374,0.6983659134947533,0.6392995744118555,0.6392995744118555,0.6504829441683617,0.6392995744118555,0.6083777005853116
19,18,0.6093187439523116,0.6192038567892986,0.6093187439523116,0.7105115961813429,0.6682467162616359,0.6093187439523116,0.6093187439523116,0.5636038777040551,0.6093187439523116,0.5681520211671092
19,19,0.5704599323708947,0.6761476300098355,0.5704599323708947,0.7053747792021148,0.6431486428914361,0.5704599323708947,0.5704599323708947,0.5934890529584578,0.5704599323708947,0.576719179380617
20,0,0.6788556967285588,0.685685009273038,0.6788556967285588,0.7394822407566937,0.6185536012961107,0.6788556967285588,0.6788556967285588,0.5805376002315937,0.6788556967285588,0.6738522465896842
20,1,0.4181175156297871,0.6256509507831932,0.4181175156297871,0.7342382587928948,0.6225103838164239,0.4181175156297871,0.41811751562978705,0.48060663599390485,0.4181175156297871,0.35536176196385555
20,2,0.5967703101741112,0.7202103164157552,0.5967703101741112,0.7281963724966658,0.5807309030755958,0.5967703101741112,0.5967703101741111,0.5318422484101717,0.5967703101741112,0.5858816535249886
20,3,0.6006126744589406,0.6747712270159361,0.6006126744589406,0.7269986375784449,0.7140463145248631,0.6006126744589406,0.6006126744589406,0.6447241088083147,0.6006126744589406,0.6033955244984323
20,4,0.6150933020163004,0.6245765086466892,0.6150933020163004,0.7129380812682549,0.6467270951789097,0.6150933020163004,0.6150933020163003,0.5515024103506345,0.6150933020163004,0.6104860385631425
20,5,0.5951778509429538,0.659622433877294,0.5951778509429538,0.7117956626390433,0.5879351910997993,0.5951778509429538,0.595177850942954,0.5643046896923969,0.5951778509429538,0.6073560801115028
20,6,0.7281938694826473,0.7079811968768382,0.7281938694826473,0.7482764184032167,0.6752808662307133,0.7281938694826473,0.7281938694826473,0.6664602684406447,0.7281938694826473,0.726630100392629
20,7,0.5850726995691895,0.6788455548830181,0.5850726995691895,0.7261368515052182,0.5988498854732736,0.5850726995691895,0.5850726995691895,0.5799409749243967,0.5850726995691895,0.6021524752017291
20,8,0.6931004801166546,0.6751185700307828,0.6931004801166546,0.7218124100784507,0.7077895988641913,0.6931004801166546,0.6931004801166547,0.6712629340451406,0.6931004801166546,0.6884080092957411
20,9,0.46670122864776264,0.6600851195008033,0.46670122864776264,0.6978775986081139,0.6717522161843986,0.46670122864776264,0.46670122864776264,0.580367167599195,0.46670122864776264,0.4119765516329742
20,10,0.6294697604193082,0.6603663430107867,0.6294697604193082,0.7371569504538571,0.702161782732676,0.6294697604193082,0.6294697604193082,0.6464086795505287,0.6294697604193082,0.6091910761011385
20,11,0.5756122632649103,0.6771141734387632,0.5756122632649103,0.7102508665744961,0.6352732661079559,0.5756122632649103,0.5756122632649103,0.5836254393948518,0.5756122632649103,0.5723125537677014
20,12,0.4913384881422328,0.6803109164136649,0.4913384881422328,0.6941641388724966,0.6071499935079877,0.4913384881422328,0.4913384881422328,0.5466886140234943,0.4913384881422328,0.4472894266071807
20,13,0.6522590163699828,0.7416453625232726,0.6522590163699828,0.7648269186733665,0.6980028817909298,0.6522590163699828,0.6522590163699828,0.6721823534004102,0.6522590163699828,0.6367103923527317
20,14,0.5766060054028572,0.71136913547317,0.5766060054028572,0.7668923108887877,0.5740758596853854,0.5766060054028572,0.5766060054028572,0.5227170567309809,0.5766060054028572,0.56285330941735
20,15,0.4784025562608682,0.6370907304652071,0.4784025562608682,0.7247811262714801,0.6777277201959065,0.4784025562608682,0.47840255626086814,0.5260650335882269,0.4784025562608682,0.42998617395830563
20,16,0.46209882911454453,0.6161766665364603,0.46209882911454453,0.7076587272158339,0.6865981772359053,0.46209882911454453,0.4620988291145446,0.5512577266143686,0.46209882911454453,0.3946189271147632
20,17,0.6481056314253714,0.7154934301434885,0.6481056314253714,0.7465708308290703,0.7061814911462128,0.6481056314253714,0.6481056314253714,0.6561341755128152,0.6481056314253714,0.6133693747361526
20,18,0.5984779966589672,0.6024061256017034,0.5984779966589672,0.6945455728591339,0.6668523209088854,0.5984779966589672,0.5984779966589673,0.549166398983305,0.5984779966589672,0.5552071537682444
20,19,0.5686488201333235,0.6764184139643945,0.5686488201333235,0.711319426005405,0.6425799275575882,0.5686488201333235,0.5686488201333235,0.5832722979646328,0.5686488201333235,0.5744403943093312
21,0,0.6887651476214447,0.6935653661675136,0.6887651476214447,0.7410585478525119,0.6138458641076876,0.6887651476214447,0.6887651476214447,0.5857639604473224,0.6887651476214447,0.6820295605388605
21,1,0.41217197518934207,0.6154088989309952,0.41217197518934207,0.7245265857774199,0.6233795493040857,0.41217197518934207,0.4121719751893421,0.4760422885670217,0.41217197518934207,0.34211330152918357
21,2,0.6275034630900622,0.7370517046344878,0.6275034630900622,0.7378678885185516,0.5981150523064492,0.6275034630900622,0.6275034630900622,0.558350107167517,0.6275034630900622,0.6145862799398881
21,3,0.5941810422732553,0.6670758986930589,0.5941810422732553,0.7252585170364261,0.7124233819805202,0.5941810422732553,0.5941810422732554,0.6404506400516992,0.5941810422732553,0.5958023939103783
21,4,0.6109808970869156,0.6225526681409933,0.6109808970869156,0.7140940775329594,0.6530469423183057,0.6109808970869156,0.6109808970869157,0.5519406275219318,0.6109808970869156,0.605566433373129
21,5,0.5936180084586097,0.6585307622048131,0.5936180084586097,0.7109513673153508,0.5873313458878711,0.5936180084586097,0.5936180084586097,0.5632638437751142,0.5936180084586097,0.6073291040557609
21,6,0.7307010844278451,0.7069839671804974,0.7307010844278451,0.7455455860221938,0.6821733846704467,0.7307010844278451,0.7307010844278452,0.6752199992350545,0.7307010844278451,0.7283180932461357
21,7,0.5760542155379677,0.6793156419298418,0.5760542155379677,0.7260727909726263,0.5974691106353833,0.5760542155379677,0.5760542155379678,0.5808595014560803,0.5760542155379677,0.5968591102928245
21,8,0.669067420302466,0.6534036947100215,0.669067420302466,0.7118128423910386,0.6933475179982627,0.669067420302466,0.669067420302466,0.6457975164689398,0.669067420302466,0.6680457710469813
21,9,0.4656815603777335,0.669258394384844,0.4656815603777335,0.6935621240150703,0.6767779382791084,0.4656815603777335,0.4656815603777335,0.5871832002925365,0.4656815603777335,0.4083666392671134
21,10,0.6264689267872978,0.7156525992493628,0.6264689267872978,0.7530741875665603,0.699667053571585,0.6264689267872978,0.6264689267872978,0.6419762467303989,0.6264689267872978,0.607919101016897
21,11,0.5745524513064959,0.6837329710228242,0.5745524513064959,0.7132940957192889,0.6370870411966756,0.5745524513064959,0.5745524513064958,0.5886049698513044,0.5745524513064959,0.5751818889281426
21,12,0.482885268130567,0.6881571471311168,0.482885268130567,0.6946985040275664,0.6003708165557327,0.482885268130567,0.482885268130567,0.5396148467820203,0.482885268130567,0.4402270230436399
21,13,0.6426831669615958,0.7468853057178428,0.6426831669615958,0.7632214593673723,0.6974239284295842,0.6426831669615958,0.6426831669615958,0.6728742923917058,0.6426831669615958,0.6301943389298907
21,14,0.6242960567282355,0.7579552226574966,0.6242960567282355,0.8019659665652835,0.6678328847316697,0.6242960567282355,0.6242960567282356,0.6237117934540806,0.6242960567282355,0.6127916437846608
21,15,0.4758883719253257,0.6469030947078273,0.4758883719253257,0.7317619950867837,0.6785127732895937,0.4758883719253257,0.4758883719253256,0.5271914192381515,0.4758883719253257,0.42585067718595143
21,16,0.4680221604310912,0.6232168652696635,0.4680221604310912,0.7007828812056567,0.6844624365259029,0.4680221604310912,0.4680221604310912,0.5597205566818859,0.4680221604310912,0.40480391418174166
21,17,0.6457558317767588,0.7129613079388148,0.6457558317767588,0.7448848610032753,0.7088388660649292,0.6457558317767588,0.6457558317767587,0.6555536924430343,0.6457558317767588,0.6126198898976576
21,18,0.5090720554116712,0.5342756990130216,0.5090720554116712,0.6258480359934333,0.5366512455822947,0.5090720554116712,0.5090720554116712,0.43620766760470653,0.5090720554116712,0.48437482775758234
21,19,0.5754405374868174,0.6891196000214034,0.5754405374868174,0.7147866646655712,0.6462375555556359,0.5754405374868174,0.5754405374868174,0.5992871638293122,0.5754405374868174,0.5856310604297708
22,0,0.6763181881666629,0.674727221554863,0.6763181881666629,0.730752373770509,0.6087237779538902,0.6763181881666629,0.6763181881666629,0.5698008375387682,0.6763181881666629,0.6696470180560622
22,1,0.41555110732926176,0.6109849251876509,0.41555110732926176,0.7236806703143155,0.6252138862656011,0.41555110732926176,0.4155511073292617,0.47488961137878116,0.41555110732926176,0.3481493437725163
22,2,0.6245716728850664,0.7253385596572133,0.6245716728850664,0.7316215145975942,0.6009198514738895,0.6245716728850664,0.6245716728850664,0.5600544130967862,0.6245716728850664,0.611978331268046
22,3,0.5940492743331385,0.6659022017650291,0.5940492743331385,0.7230924385594406,0.7078376630102274,0.5940492743331385,0.5940492743331385,0.6380374183010201,0.5940492743331385,0.5982236952156536
22,4,0.6110540292229325,0.6257902077095383,0.6110540292229325,0.718922801619829,0.6558766068671991,0.6110540292229325,0.6110540292229325,0.5541803641076617,0.6110540292229325,0.6080891854566804
22,5,0.596384391799425,0.66451492466743,0.596384391799425,0.7140569131004777,0.5897946262949504,0.596384391799425,0.596384391799425,0.5649004722743693,0.596384391799425,0.6099340395607634
22,6,0.7279372100675539,0.7204070783656522,0.7279372100675539,0.7535642823283975,0.6884540329631249,0.7279372100675539,0.7279372100675539,0.6835817682416283,0.7279372100675539,0.7299122403676901
22,7,0.698034065079052,0.7745717868709714,0.698034065079052,0.792265408873048,0.7516326811373285,0.698034065079052,0.698034065079052,0.7397522134102066,0.698034065079052,0.705741204957985
22,8,0.6773358120821908,0.6592864182945327,0.6773358120821908,0.7145946157267669,0.7007469712861571,0.6773358120821908,0.6773358120821908,0.6561633395849,0.6773358120821908,0.6738306085673323
22,9,0.45607346592335174,0.6731264274804702,0.45607346592335174,0.6915923988847403,0.6424825118901915,0.45607346592335174,0.45607346592335174,0.5635562802030786,0.45607346592335174,0.40208174132651875
22,10,0.6203347481815235,0.6859247421066302,0.6203347481815235,0.7413596174075949,0.6975368527415625,0.6203347481815235,0.6203347481815235,0.6396364567335313,0.6203347481815235,0.6021531194180418
22,11,0.5740546509854765,0.6869265942377958,0.5740546509854765,0.7115304942783693,0.6388867674754943,0.5740546509854765,0.5740546509854765,0.5916260987522162,0.5740546509854765,0.56927494834373
22,12,0.4825105937056369,0.7091913518044464,0.4825105937056369,0.7165940639440744,0.5974342281941991,0.4825105937056369,0.4825105937056369,0.5244611433618613,0.4825105937056369,0.4356226370191245
22,13,0.6382513781040154,0.7253381739397387,0.6382513781040154,0.7558931193063312,0.6776636380822973,0.6382513781040154,0.6382513781040156,0.65368080316564,0.6382513781040154,0.6291117705456131
22,14,0.6249673484062351,0.7556032398705206,0.6249673484062351,0.7994938813808465,0.6626718181392444,0.6249673484062351,0.6249673484062352,0.6211865177993895,0.6249673484062351,0.6126080136100625
22,15,0.48813061715438305,0.6564733404397367,0.48813061715438305,0.7350708461482505,0.6877271470616148,0.48813061715438305,0.4881306171543831,0.5462875472312012,0.48813061715438305,0.44283452989603894
22,16,0.4674568034863307,0.6142612199287052,0.4674568034863307,0.7072533209695886,0.6849237025162496,0.4674568034863307,0.4674568034863306,0.5579419228504385,0.4674568034863307,0.40707908895614475
22,17,0.639788825614052,0.7112285667233318,0.639788825614052,0.7424153581424412,0.7063318756334427,0.639788825614052,0.6397888256140521,0.6536266706665002,0.639788825614052,0.6076350573840537
22,18,0.5877192093960764,0.6036718573459651,0.5877192093960764,0.6966618885889639,0.6309761033471528,0.5877192093960764,0.5877192093960764,0.5309323053322752,0.5877192093960764,0.5514304765427201
22,19,0.5495459070489622,0.675547962543104,0.5495459070489622,0.7074182512329632,0.6413356526898705,0.5495459070489622,0.5495459070489622,0.5881865688953845,0.5495459070489622,0.5576646478232044
23,0,0.6755838002747426,0.6684802269116119,0.6755838002747426,0.7251965841685246,0.6054888735186292,0.6755838002747426,0.6755838002747426,0.5670353431925392,0.6755838002747426,0.6656569574277332
23,1,0.41627025548762825,0.608886974281574,0.41627025548762825,0.7154048604013965,0.6253096296835865,0.41627025548762825,0.41627025548762825,0.47397179863374117,0.41627025548762825,0.3463055463250345
23,2,0.6145675312086977,0.7316050195525228,0.6145675312086977,0.7330937477202187,0.5943100567361496,0.6145675312086977,0.6145675312086976,0.5582612285954864,0.6145675312086977,0.5997876057508706
23,3,0.577712187038365,0.6517874680600484,0.577712187038365,0.7141197917163924,0.7010450592074039,0.577712187038365,0.577712187038365,0.6249786699181408,0.577712187038365,0.5801432004754474
23,4,0.6217611500720681,0.6287131826276147,0.6217611500720681,0.7200669013314194,0.656240007747978,0.6217611500720681,0.6217611500720681,0.5596744532349052,0.6217611500720681,0.6163708685450575
23,5,0.5783172230454879,0.6541322619572386,0.5783172230454879,0.7083675234802707,0.5790602706472356,0.5783172230454879,0.5783172230454878,0.5496534099158102,0.5783172230454879,0.5920048505037402
23,6,0.7355131232226312,0.7208288458788092,0.7355131232226312,0.75128553433802,0.6934050423324511,0.7355131232226312,0.7355131232226313,0.6909645951887562,0.7355131232226312,0.7351841497344395
23,7,0.6897995909990045,0.7699260731384714,0.6897995909990045,0.7849731216595686,0.7449411268248449,0.6897995909990045,0.6897995909990045,0.7327755343666841,0.6897995909990045,0.697509009656283
23,8,0.6942347251639502,0.6625862032240718,0.6942347251639502,0.7199884077761698,0.7061313437997676,0.6942347251639502,0.6942347251639502,0.6634373012353398,0.6942347251639502,0.6918279395183635
23,9,0.46125571873324733,0.6630073137095557,0.46125571873324733,0.6914793641757591,0.6621882595608913,0.46125571873324733,0.46125571873324733,0.5745078798798677,0.46125571873324733,0.4059026581728191
23,10,0.6350915494469417,0.6736090143969451,0.6350915494469417,0.7414512217138669,0.7022193400614634,0.6350915494469417,0.6350915494469416,0.6416883566564557,0.6350915494469417,0.6135740900449124
23,11,0.574163931026081,0.6708868276317081,0.574163931026081,0.7104794233587245,0.632166402272712,0.574163931026081,0.5741639310260811,0.5795930954188815,0.574163931026081,0.5732877082201753
23,12,0.48003190679825,0.7103299463934811,0.48003190679825,0.7153708109156117,0.6113613451715912,0.48003190679825,0.48003190679825,0.544171157552436,0.48003190679825,0.4370457474077041
23,13,0.6288753178855093,0.7251510514458372,0.6288753178855093,0.7574871292525036,0.6654212020606344,0.6288753178855093,0.6288753178855093,0.6418775142990076,0.6288753178855093,0.6158906344219663
23,14,0.6131448463263368,0.7367690005563157,0.6131448463263368,0.7905125963430977,0.6352092744085776,0.6131448463263368,0.6131448463263368,0.5873238639062852,0.6131448463263368,0.5981354419733014
23,15,0.4776477248239369,0.6476343034443257,0.4776477248239369,0.7246733532024783,0.6847339088563167,0.4776477248239369,0.4776477248239369,0.5452465586901873,0.4776477248239369,0.42982406138780244
23,16,0.46839321077304197,0.6268373538477111,0.46839321077304197,0.7123543052451992,0.6910887843855107,0.46839321077304197,0.46839321077304197,0.5650651580398607,0.46839321077304197,0.4080488143288785
23,17,0.6428601894763507,0.7097695550316425,0.6428601894763507,0.744304261125411,0.7092246177616737,0.6428601894763507,0.6428601894763506,0.6563212215383535,0.6428601894763507,0.6117946871174809
23,18,0.5954730743179546,0.6090542779967261,0.5954730743179546,0.7027570971138456,0.6450158249636094,0.5954730743179546,0.5954730743179546,0.5364631023876996,0.5954730743179546,0.5533849586341842
23,19,0.6014159199274663,0.6836791401413067,0.6014159199274663,0.7143872645402886,0.6754104827271623,0.6014159199274663,0.6014159199274662,0.6225603326099456,0.6014159199274663,0.6068972797529575
24,0,0.6786449423645358,0.6699572923584931,0.6786449423645358,0.7308665662429662,0.6196056044038194,0.6786449423645358,0.6786449423645358,0.5771368409601374,0.6786449423645358,0.6714123029923125
24,1,0.41738377821429906,0.6071240772748879,0.41738377821429906,0.7131007054594815,0.6226177738868346,0.41738377821429906,0.41738377821429906,0.4727135305460643,0.41738377821429906,0.3517944233210628
24,2,0.6105087441223647,0.7319628238082458,0.6105087441223647,0.7302796514958262,0.5864724787236542,0.6105087441223647,0.6105087441223647,0.5498074480915137,0.6105087441223647,0.5982522099838872
24,3,0.592063091010109,0.6732995783870638,0.592063091010109,0.726107542616833,0.7210061292478691,0.592063091010109,0.592063091010109,0.6421202731109867,0.592063091010109,0.5904854259048756
24,4,0.6178824520322417,0.6344729429783248,0.6178824520322417,0.7191971585396111,0.6513658069756156,0.6178824520322417,0.6178824520322417,0.5565518708457919,0.6178824520322417,0.6124301910430285
24,5,0.7424920848633856,0.777648028075709,0.7424920848633856,0.7849192493896042,0.7365711209959982,0.7424920848633856,0.7424920848633856,0.7314859731588446,0.7424920848633856,0.7481202855993156
24,6,0.7296759335707449,0.7108413321306822,0.7296759335707449,0.7499670648653717,0.6934753074413055,0.7296759335707449,0.7296759335707449,0.6833866695069941,0.7296759335707449,0.7304490778861684
24,7,0.6713691776203026,0.7604167537626957,0.6713691776203026,0.7789480970911156,0.7254463535235434,0.6713691776203026,0.6713691776203026,0.7151783210756584,0.6713691776203026,0.6817789454706997
24,8,0.6857136697529296,0.6598509458200603,0.6857136697529296,0.7179731313123967,0.7048601248786118,0.6857136697529296,0.6857136697529296,0.6610670509032218,0.6857136697529296,0.6845535352584593
24,9,0.4631913507449767,0.6658944538475412,0.4631913507449767,0.6892231647695775,0.6698256679716482,0.4631913507449767,0.46319135074497675,0.5812362769446597,0.4631913507449767,0.40738822148852705
24,10,0.6306835494417379,0.6845318306309485,0.6306835494417379,0.743469347598969,0.7009384847388546,0.6306835494417379,0.6306835494417379,0.64497240921892,0.6306835494417379,0.6091886736182235
24,11,0.5836458330526217,0.6779357290170812,0.5836458330526217,0.7110661360623048,0.6354589236121494,0.5836458330526217,0.5836458330526217,0.5869135737814548,0.5836458330526217,0.5797003360180886
24,12,0.47247104752631713,0.732559887477531,0.47247104752631713,0.7326277577635372,0.6006442248962762,0.47247104752631713,0.4724710475263171,0.5383523617706516,0.47247104752631713,0.43290494557154235
24,13,0.6259136986898383,0.7231168034222041,0.6259136986898383,0.7539131881239789,0.6809179093241927,0.6259136986898383,0.6259136986898384,0.652340363876824,0.6259136986898383,0.6138794769864084
24,14,0.6015057786003104,0.7346887626870862,0.6015057786003104,0.7850000749954253,0.610687071427926,0.6015057786003104,0.6015057786003104,0.5635278658785746,0.6015057786003104,0.5855259942445692
24,15,0.49017181219853323,0.6467589717882696,0.49017181219853323,0.7242271720354222,0.6908044630215144,0.49017181219853323,0.4901718121985332,0.5572175726189633,0.49017181219853323,0.444644999392225
24,16,0.47030746998771433,0.6180212155404253,0.47030746998771433,0.7076618903316996,0.6944740250727117,0.47030746998771433,0.4703074699877144,0.5645919100670502,0.47030746998771433,0.4076785725878666
24,17,0.6435217240078678,0.7027509638325187,0.6435217240078678,0.7429859508193819,0.7098259715065642,0.6435217240078678,0.6435217240078679,0.6511320819666305,0.6435217240078678,0.6072793088346322
24,18,0.569703799981099,0.6061025653669265,0.569703799981099,0.6908579287783356,0.6071349415861833,0.569703799981099,0.569703799981099,0.5189015916740993,0.569703799981099,0.5407727725074908
24,19,0.6047914279844068,0.6850952237775129,0.6047914279844068,0.7166311580334299,0.6693398932898798,0.6047914279844068,0.6047914279844069,0.621220425803764,0.6047914279844068,0.6103213485486801
25,0,0.6903360482051357,0.679719372345485,0.6903360482051357,0.7364914897824194,0.628436220823625,0.6903360482051357,0.6903360482051357,0.5895833388184257,0.6903360482051357,0.683182656468005
25,1,0.4247608314315416,0.6159671425585651,0.4247608314315416,0.7295902512290419,0.6330561247983779,0.4247608314315416,0.4247608314315416,0.48735823781458587,0.4247608314315416,0.36147337769182813
25,2,0.6194391350596297,0.7270553177411909,0.6194391350596297,0.7296699449590043,0.5983159923648119,0.6194391350596297,0.6194391350596296,0.5625643000263174,0.6194391350596297,0.6080032878316852
25,3,0.5918851392433082,0.6772703409076155,0.5918851392433082,0.725572921533306,0.7231507167475565,0.5918851392433082,0.5918851392433082,0.647380179222396,0.5918851392433082,0.5919493773794553
25,4,0.6133657295376609,0.6261889514110813,0.6133657295376609,0.7154755528269483,0.6544540160634699,0.6133657295376609,0.6133657295376609,0.5549226449981292,0.6133657295376609,0.6097242610420879
25,5,0.7411127960515709,0.7717929083449511,0.7411127960515709,0.7816772959052507,0.7279470358856679,0.7411127960515709,0.7411127960515709,0.7234673291927045,0.7411127960515709,0.7453624544370268
25,6,0.7231832495256401,0.7092798783650831,0.7231832495256401,0.7490024818801878,0.6877266034518226,0.7231832495256401,0.7231832495256401,0.6759962104987254,0.7231832495256401,0.7243246173798088
25,7,0.6760365318715331,0.7600038559105351,0.6760365318715331,0.7757072722682872,0.7357155213261521,0.6760365318715331,0.6760365318715331,0.7213622740147263,0.6760365318715331,0.6827521592753818
25,8,0.6461680479843455,0.6224949801110728,0.6461680479843455,0.6984195776670994,0.6835460825205526,0.6461680479843455,0.6461680479843455,0.6230275397527583,0.6461680479843455,0.6485576173724079
25,9,0.46354214339232563,0.6722323679471875,0.46354214339232563,0.6920136642331602,0.6721156802290804,0.46354214339232563,0.4635421433923257,0.5833809140458229,0.46354214339232563,0.40464178025424374
25,10,0.6215089510667953,0.6904583703537421,0.6215089510667953,0.742336654404336,0.6972439120781798,0.6215089510667953,0.6215089510667953,0.6399602899567456,0.6215089510667953,0.6023354021160244
25,11,0.5642502055737839,0.6767082096642263,0.5642502055737839,0.7099573697319792,0.6435331730674931,0.5642502055737839,0.5642502055737839,0.5835929880010471,0.5642502055737839,0.5563275239169424
25,12,0.4820415072728376,0.7245682249015839,0.4820415072728376,0.7250854085139538,0.603800462086939,0.4820415072728376,0.4820415072728376,0.5484791872484578,0.4820415072728376,0.4442182342724679
25,13,0.6186768696063307,0.7179044995879706,0.6186768696063307,0.7493623165275227,0.6512607115862229,0.6186768696063307,0.6186768696063307,0.6294712658114197,0.6186768696063307,0.605908702966256
25,14,0.604533002990426,0.7297840288955216,0.604533002990426,0.7795666032771291,0.6353961938637115,0.604533002990426,0.604533002990426,0.584374665611223,0.604533002990426,0.5885730368883344
25,15,0.48147234039468867,0.655358071309737,0.48147234039468867,0.7321561201584705,0.6934936282330612,0.48147234039468867,0.48147234039468867,0.5553784244349368,0.48147234039468867,0.4333611236596453
25,16,0.46889667953154174,0.6132978801719731,0.46889667953154174,0.709075907720015,0.6992410807811309,0.46889667953154174,0.46889667953154174,0.560100956580719,0.46889667953154174,0.4034654788747812
25,17,0.6412681948712163,0.6993122820685431,0.6412681948712163,0.7425053170854206,0.7054384708703981,0.6412681948712163,0.6412681948712162,0.647253885118838,0.6412681948712163,0.606476752165634
25,18,0.6005666764826658,0.6288561689757648,0.6005666764826658,0.7121783309314639,0.6725256932040107,0.6005666764826658,0.6005666764826658,0.575039081419298,0.6005666764826658,0.5687576816433164
25,19,0.5647131589430798,0.6648829178246332,0.5647131589430798,0.7014339385257228,0.640087204004842,0.5647131589430798,0.5647131589430798,0.5835974910282831,0.5647131589430798,0.570155592890945
26,0,0.6892616469895997,0.6882641760134658,0.6892616469895997,0.7393627334821273,0.6286710877870305,0.6892616469895997,0.6892616469895997,0.5946470323763628,0.6892616469895997,0.6836288632951051
26,1,0.43009817640790743,0.6110304225887546,0.43009817640790743,0.7057203552688571,0.6386159953813331,0.43009817640790743,0.4300981764079075,0.4951830797408871,0.43009817640790743,0.3703132230069448
26,2,0.6264065739750141,0.722400128902308,0.6264065739750141,0.7299538268624448,0.6006913635161475,0.6264065739750141,0.6264065739750141,0.5648016626784726,0.6264065739750141,0.6158862407191963
26,3,0.5816469189765627,0.6709499039317417,0.5816469189765627,0.7243157422206545,0.7217377390318567,0.5816469189765627,0.5816469189765627,0.6399532752346185,0.5816469189765627,0.5785690403996311
26,4,0.6103152738463963,0.6270175362274373,0.6103152738463963,0.7139086572824831,0.6554374999831392,0.6103152738463963,0.6103152738463964,0.5569304111804176,0.6103152738463963,0.6073359469145394
26,5,0.7199677586710135,0.7552382748667374,0.7199677586710135,0.7737659145581376,0.7212938010537961,0.7199677586710135,0.7199677586710134,0.7103623763885301,0.7199677586710135,0.7290396546018041
26,6,0.7236835588271836,0.7063290890623126,0.7236835588271836,0.746939204990833,0.6948120319355031,0.7236835588271836,0.7236835588271836,0.6800404719021905,0.7236835588271836,0.7248934071436353
26,7,0.6677728792772426,0.7529659618534172,0.6677728792772426,0.7694953251626896,0.7209125051059105,0.6677728792772426,0.6677728792772426,0.7081811284984569,0.6677728792772426,0.6794728367255879
26,8,0.6534242055104089,0.6351089838963304,0.6534242055104089,0.7047224279728614,0.691949898418338,0.6534242055104089,0.6534242055104088,0.6345206603885487,0.6534242055104089,0.6550244937588956
26,9,0.46367130942671375,0.677864429656946,0.46367130942671375,0.6984010322337465,0.6791167237965934,0.46367130942671375,0.4636713094267137,0.591057909586201,0.46367130942671375,0.4054866726619604
26,10,0.622713075867947,0.6878798617520019,0.622713075867947,0.7425958691396533,0.6979494736506008,0.622713075867947,0.622713075867947,0.6393973871320309,0.622713075867947,0.6022682138786244
26,11,0.5784087543720147,0.6828997702793962,0.5784087543720147,0.7143901148336335,0.6529613904621879,0.5784087543720147,0.5784087543720147,0.5977758438594005,0.5784087543720147,0.5740160426767958
26,12,0.49458780377133227,0.7287679316405237,0.49458780377133227,0.7317980560206978,0.6156102229858675,0.49458780377133227,0.49458780377133227,0.5537076562908937,0.49458780377133227,0.4512746656945682
26,13,0.6251198386669767,0.7188956005642193,0.6251198386669767,0.7540351911915625,0.6502651420837945,0.6251198386669767,0.6251198386669767,0.6299931955581286,0.6251198386669767,0.6136869030119386
26,14,0.5973797136658501,0.7176324463501218,0.5973797136658501,0.7742885463737469,0.6103899226405733,0.5973797136658501,0.5973797136658501,0.560027439139699,0.5973797136658501,0.5811954510723192
26,15,0.48485230886144975,0.6554797379836176,0.48485230886144975,0.729336800715225,0.6932909222629735,0.48485230886144975,0.4848523088614497,0.5626169075158295,0.48485230886144975,0.4384411129071823
26,16,0.4724081371628058,0.6385906442070657,0.4724081371628058,0.7145530018851095,0.6955199913856013,0.4724081371628058,0.47240813716280583,0.5733325005319007,0.4724081371628058,0.4108190336332697
26,17,0.6406836024091045,0.6946771940544183,0.6406836024091045,0.739860591914402,0.7087034048606554,0.6406836024091045,0.6406836024091045,0.648449486903895,0.6406836024091045,0.607682510686343
26,18,0.5956706333029251,0.6227096838120327,0.5956706333029251,0.7046870500641511,0.6748705558243122,0.5956706333029251,0.5956706333029251,0.5694110958628117,0.5956706333029251,0.559442876659439
26,19,0.5892432756766511,0.6663857451037891,0.5892432756766511,0.7090932177732341,0.6726866369384716,0.5892432756766511,0.589243275676651,0.6115718120122093,0.5892432756766511,0.5934478478245439
27,0,0.6868175282583224,0.668881377348396,0.6868175282583224,0.7293335301936316,0.6215872356104579,0.6868175282583224,0.6868175282583224,0.5814978226355073,0.6868175282583224,0.6778949158737829
27,1,0.42106770502529284,0.6067002344755463,0.42106770502529284,0.6982058780082944,0.6355447366185469,0.42106770502529284,0.42106770502529284,0.48747810186856755,0.42106770502529284,0.35188366900810175
27,2,0.611428146096635,0.7119165055403938,0.611428146096635,0.7267464964810446,0.5897408314727094,0.611428146096635,0.6114281460966349,0.5437277219376003,0.611428146096635,0.6013400748155866
27,3,0.5847542448930398,0.6725374378560075,0.5847542448930398,0.7251734976988033,0.719596653426603,0.5847542448930398,0.5847542448930398,0.6395076886117537,0.5847542448930398,0.5820556011366519
27,4,0.6181787905096975,0.6324606940106738,0.6181787905096975,0.7144081528171216,0.6600205756809233,0.6181787905096975,0.6181787905096975,0.5630203888271712,0.6181787905096975,0.6123706401977695
27,5,0.7065395090557006,0.7593104068616499,0.7065395090557006,0.7725771971689362,0.7184451427126641,0.7065395090557006,0.7065395090557005,0.7096859384291301,0.7065395090557006,0.720017501143557
27,6,0.7302809695778677,0.7044907274484594,0.7302809695778677,0.7467486608483789,0.6946915138533994,0.7302809695778677,0.7302809695778677,0.6806574457830552,0.7302809695778677,0.7286981609263431
27,7,0.6719080508817533,0.7546556593077114,0.6719080508817533,0.7731254765575989,0.7208308277941171,0.6719080508817533,0.6719080508817533,0.7090375533467153,0.6719080508817533,0.6793831277866419
27,8,0.6824082273002543,0.6539187709460577,0.6824082273002543,0.7151567072295304,0.7028889972367093,0.6824082273002543,0.6824082273002543,0.6551365730701808,0.6824082273002543,0.6812118191689245
27,9,0.46807531364811994,0.6846005002535989,0.46807531364811994,0.7053670495994713,0.6766178827512612,0.46807531364811994,0.46807531364811994,0.5906680483533324,0.46807531364811994,0.41158443320228333
27,10,0.6254027959149708,0.689048211212313,0.6254027959149708,0.7428293446279661,0.6987323182982231,0.6254027959149708,0.6254027959149708,0.6397649083167809,0.6254027959149708,0.6059627835619041
27,11,0.5752492044905547,0.6859732134627232,0.5752492044905547,0.7190563669812013,0.6477945530355722,0.5752492044905547,0.5752492044905547,0.5961251074991849,0.5752492044905547,0.5765310597395488
27,12,0.4938472828159088,0.740672548541884,0.4938472828159088,0.7359071026432235,0.6163737992912298,0.4938472828159088,0.49384728281590873,0.5584903070093686,0.4938472828159088,0.4508592074373454
27,13,0.6186544746320232,0.713267163058309,0.6186544746320232,0.7505273473164968,0.6564434081019568,0.6186544746320232,0.6186544746320233,0.6308267646483754,0.6186544746320232,0.6075232415505093
27,14,0.60402637477497,0.7228630761053639,0.60402637477497,0.7765072167151826,0.6144545684345829,0.60402637477497,0.60402637477497,0.5619295536678311,0.60402637477497,0.5862992832196097
27,15,0.48119560913540255,0.6437479829106636,0.48119560913540255,0.7194665420663678,0.6864116148840692,0.48119560913540255,0.4811956091354025,0.5535240781914907,0.48119560913540255,0.43300117000285576
27,16,0.47529866857696107,0.6284997065086251,0.47529866857696107,0.7083478770987074,0.7041540009951643,0.47529866857696107,0.47529866857696107,0.5742154050641819,0.47529866857696107,0.40991106770009483
27,17,0.6397097462649411,0.6930743778751568,0.6397097462649411,0.7389419259156624,0.7052011114157966,0.6397097462649411,0.639709746264941,0.6463248939055419,0.6397097462649411,0.608381594813094
27,18,0.6053247257335818,0.6157642364354549,0.6053247257335818,0.7055052431165985,0.6824256632352064,0.6053247257335818,0.6053247257335819,0.5713550835537193,0.6053247257335818,0.5650634673409874
27,19,0.5874766746120814,0.6683936880851582,0.5874766746120814,0.7067515422803574,0.6766761884502159,0.5874766746120814,0.5874766746120814,0.6143872260684382,0.5874766746120814,0.5910833217261482
28,0,0.6739851150548775,0.6616062947966863,0.6739851150548775,0.724856674066297,0.6143710243699749,0.6739851150548775,0.6739851150548775,0.5715589028056284,0.6739851150548775,0.6669962224545718
28,1,0.4280397902009071,0.6143846337569666,0.4280397902009071,0.7044462643374949,0.6450496363529685,0.4280397902009071,0.4280397902009071,0.5027879913563043,0.4280397902009071,0.3624425297928361
28,2,0.6060998148651149,0.70401442093153,0.6060998148651149,0.7191112103210215,0.5884466577536782,0.6060998148651149,0.6060998148651149,0.5395302089624407,0.6060998148651149,0.5922595476910084
28,3,0.6015677597117758,0.6757252801908596,0.6015677597117758,0.7274803404338079,0.7221488739050221,0.6015677597117758,0.6015677597117757,0.6467508532336248,0.6015677597117758,0.6021148602005038
28,4,0.5636076277840043,0.5791372265783419,0.5636076277840043,0.6792792273029635,0.5990111032746663,0.5636076277840043,0.5636076277840043,0.49662197350338394,0.5636076277840043,0.555095176054023
28,5,0.6933419927233989,0.7489879630025853,0.6933419927233989,0.7672251502191942,0.7113201031589957,0.6933419927233989,0.6933419927233989,0.6983652485793651,0.6933419927233989,0.7081326296829165
28,6,0.7254944852143455,0.7045605370056236,0.7254944852143455,0.7469606241279332,0.6895889435301077,0.7254944852143455,0.7254944852143455,0.6762579484459552,0.7254944852143455,0.7262735718347368
28,7,0.6513393356200987,0.7501224361864834,0.6513393356200987,0.7697991124272963,0.709530215857171,0.6513393356200987,0.6513393356200987,0.6973078601245943,0.6513393356200987,0.6626891109691327
28,8,0.6691279146106578,0.647433387917512,0.6691279146106578,0.7101615943609425,0.7007336163588691,0.6691279146106578,0.6691279146106578,0.6508615126856097,0.6691279146106578,0.6694907219584447
28,9,0.4723260842071478,0.6848535921101319,0.4723260842071478,0.7016988941636197,0.6884005237737292,0.4723260842071478,0.4723260842071477,0.60145523985927,0.4723260842071478,0.41574609060566664
28,10,0.6170820872450585,0.6651641798638152,0.6170820872450585,0.73311383488436,0.6960581592617302,0.6170820872450585,0.6170820872450585,0.6303887225140679,0.6170820872450585,0.5960867061417484
28,11,0.564057757475066,0.6649712542703926,0.564057757475066,0.7030380419989277,0.6511420968811474,0.564057757475066,0.564057757475066,0.5854030805670736,0.564057757475066,0.5558582582083489
28,12,0.49261537337858297,0.7215592060459393,0.49261537337858297,0.7241160516888385,0.6231744160549543,0.49261537337858297,0.49261537337858297,0.5640787309759063,0.49261537337858297,0.4515006788826734
28,13,0.6176832203935885,0.7113505942692774,0.6176832203935885,0.7489749271279573,0.654888497022322,0.6176832203935885,0.6176832203935885,0.6303573289452524,0.6176832203935885,0.6064923503494976
28,14,0.5993088409132578,0.7143642391099555,0.5993088409132578,0.7677050740346956,0.6109832698994068,0.5993088409132578,0.5993088409132578,0.5581761303919767,0.5993088409132578,0.5818402432233352
28,15,0.4763107169802133,0.652013769734977,0.4763107169802133,0.7315726024785187,0.6908202958297736,0.4763107169802133,0.4763107169802133,0.5547043417152573,0.4763107169802133,0.4283502251995049
28,16,0.47770859083294714,0.6159383805735466,0.47770859083294714,0.703431809554237,0.7017874790915108,0.47770859083294714,0.47770859083294714,0.5626725624381747,0.47770859083294714,0.41282025424271296
28,17,0.6376796093201378,0.695287271442396,0.6376796093201378,0.736715865357842,0.7037240363185282,0.6376796093201378,0.6376796093201378,0.6470964482234995,0.6376796093201378,0.6075456865067435
28,18,0.5967244051230409,0.613145379882269,0.5967244051230409,0.704082967584789,0.6839286730013924,0.5967244051230409,0.5967244051230409,0.5709323406514474,0.5967244051230409,0.5579316502204243
28,19,0.591098341535996,0.6594780230714965,0.591098341535996,0.7064665918912165,0.6909194134366299,0.591098341535996,0.591098341535996,0.6238998162560864,0.591098341535996,0.5947163902157719
29,0,0.679054742516803,0.6596097997246502,0.679054742516803,0.7225076613920545,0.6175032668909628,0.679054742516803,0.679054742516803,0.5747315881808113,0.679054742516803,0.6707478377808717
29,1,0.4261822153610381,0.6145521785068424,0.4261822153610381,0.7315525011804085,0.6429228358436834,0.4261822153610381,0.4261822153610381,0.4938527725082278,0.4261822153610381,0.35820601875352703
29,2,0.5993774197142494,0.7181134384803171,0.5993774197142494,0.7273368831157394,0.5909505775899471,0.5993774197142494,0.5993774197142494,0.5503025472723666,0.5993774197142494,0.5882023016748785
29,3,0.6001559470783526,0.6822233349551399,0.6001559470783526,0.7289070973015868,0.7212218342263247,0.6001559470783526,0.6001559470783526,0.6497843069375622,0.6001559470783526,0.601019387902801
29,4,0.6808183699748256,0.6937274211684943,0.6808183699748256,0.7562809622321829,0.7270289094010045,0.6808183699748256,0.6808183699748256,0.6575726829627436,0.6808183699748256,0.6787083909370384
29,5,0.6960861669403159,0.7542807907185289,0.6960861669403159,0.7684827762166568,0.7126846471671104,0.6960861669403159,0.696086166940316,0.7028123962363774,0.6960861669403159,0.7113260205484214
29,6,0.7180343568641944,0.7060922019865972,0.7180343568641944,0.7443790481325288,0.6791271689617769,0.7180343568641944,0.7180343568641944,0.6704353409604675,0.7180343568641944,0.7200182144897382
29,7,0.6566469445309939,0.7448673446045276,0.6566469445309939,0.770912028776429,0.7088647090445248,0.6566469445309939,0.6566469445309939,0.6968810074472291,0.6566469445309939,0.6692284495215846
29,8,0.66237271686257,0.6436159218185917,0.66237271686257,0.7074751866152709,0.7010129958780844,0.66237271686257,0.66237271686257,0.6467306439825327,0.66237271686257,0.6600142784642132
29,9,0.4719009513961222,0.6915623495282324,0.4719009513961222,0.7040810760080084,0.6906864102243473,0.4719009513961222,0.4719009513961222,0.6084932741102073,0.4719009513961222,0.419462447151584
29,10,0.6177193682981762,0.6886683227526897,0.6177193682981762,0.7437497619637834,0.6958795550193514,0.6177193682981762,0.6177193682981761,0.6317512345161274,0.6177193682981762,0.5980039266640097
29,11,0.5782026462682214,0.6814609204693074,0.5782026462682214,0.7161633760513793,0.6582968530758848,0.5782026462682214,0.5782026462682215,0.5997667074924853,0.5782026462682214,0.5758226836712681
29,12,0.49569510050929516,0.7376983558189463,0.49569510050929516,0.7308740876357569,0.620901343398299,0.49569510050929516,0.49569510050929516,0.5677423523674894,0.49569510050929516,0.4551335606366487
29,13,0.6216764022854768,0.715653696521253,0.6216764022854768,0.7511893473657296,0.6565846681296645,0.6216764022854768,0.6216764022854768,0.6339128855728821,0.6216764022854768,0.6085955982358162
29,14,0.6062914266369913,0.7212556576382324,0.6062914266369913,0.7726496442986803,0.6298467296614202,0.6062914266369913,0.6062914266369913,0.579463845164282,0.6062914266369913,0.5900175650536801
29,15,0.48836804105212517,0.6604051118858304,0.48836804105212517,0.7330319379502643,0.6999795844264767,0.48836804105212517,0.48836804105212517,0.5709316941758158,0.48836804105212517,0.44398172099458544
29,16,0.47562530067111514,0.6262759350962567,0.47562530067111514,0.7119321742109525,0.6983434831119812,0.47562530067111514,0.47562530067111514,0.5670884200239411,0.47562530067111514,0.4103339790046969
29,17,0.63730558537164,0.6978238868930075,0.63730558537164,0.7378149172448106,0.7082987512322416,0.63730558537164,0.63730558537164,0.6506646463769618,0.63730558537164,0.6058460974797356
29,18,0.605480282526075,0.6156687047646021,0.605480282526075,0.7078427987288758,0.6786967992468749,0.605480282526075,0.605480282526075,0.5669561414520179,0.605480282526075,0.5594564529176742
29,19,0.5798897033576571,0.6695218356724826,0.5798897033576571,0.7036845015235036,0.6732519919892426,0.5798897033576571,0.5798897033576572,0.617607037485625,0.5798897033576571,0.5858869509730626
30,0,0.6770964367551522,0.6611476202249371,0.6770964367551522,0.7247986282010248,0.6228226818914,0.6770964367551522,0.6770964367551522,0.578909333436118,0.6770964367551522,0.6704546409645669
30,1,0.4291838853198899,0.6153264152633753,0.4291838853198899,0.722995364792991,0.6463540319450055,0.4291838853198899,0.4291838853198899,0.5029152231389347,0.4291838853198899,0.3649079044388075
30,2,0.6026117743854089,0.70379422689059,0.6026117743854089,0.7203306625888461,0.5985069253801282,0.6026117743854089,0.6026117743854089,0.5502649826650352,0.6026117743854089,0.5890761542959525
30,3,0.5925644224889031,0.6741769822805599,0.5925644224889031,0.7224918842866643,0.7201359053979939,0.5925644224889031,0.5925644224889031,0.6452999004577412,0.5925644224889031,0.592337351611803
30,4,0.6858096614892769,0.7029106402017474,0.6858096614892769,0.7614002061264702,0.7319073821980602,0.6858096614892769,0.685809661489277,0.6655024377779156,0.6858096614892769,0.6853566765665282
30,5,0.6691149050820144,0.7370062271571691,0.6691149050820144,0.7582045042926824,0.6879854490214936,0.6691149050820144,0.6691149050820144,0.673721619404339,0.6691149050820144,0.6867021379439191
30,6,0.7190123946425646,0.6985555085243024,0.7190123946425646,0.7425536920186437,0.6754954407221513,0.7190123946425646,0.7190123946425646,0.6646824648233745,0.7190123946425646,0.7198716111064101
30,7,0.6516208060648192,0.7386987125241307,0.6516208060648192,0.760392048794428,0.7083360739789905,0.6516208060648192,0.6516208060648192,0.6919122064176736,0.6516208060648192,0.6617872934571801
30,8,0.6798768518018615,0.6607728151832949,0.6798768518018615,0.7157579357176005,0.706753472786717,0.6798768518018615,0.6798768518018615,0.6653035212110955,0.6798768518018615,0.6797527100832326
30,9,0.470726841436055,0.6802020453420372,0.470726841436055,0.7006286859773041,0.6875556709291868,0.470726841436055,0.4707268414360549,0.5977818358796454,0.470726841436055,0.4134611590401438
30,10,0.6199198371430035,0.6623076502739407,0.6199198371430035,0.7355259971862941,0.695769979407571,0.6199198371430035,0.6199198371430035,0.634327170185861,0.6199198371430035,0.5994996149825138
30,11,0.5685133351850229,0.6828706369851152,0.5685133351850229,0.7126620161092476,0.6543349701005923,0.5685133351850229,0.5685133351850229,0.5958114018890869,0.5685133351850229,0.5646814480203113
30,12,0.49850385774340616,0.7379158619312632,0.49850385774340616,0.7307499692000792,0.6232836185158168,0.49850385774340616,0.4985038577434062,0.571459356974753,0.49850385774340616,0.455243088787133
30,13,0.6163882147423421,0.7093410257933535,0.6163882147423421,0.7503154934229633,0.6481693330449059,0.6163882147423421,0.6163882147423421,0.6242491898488103,0.6163882147423421,0.6038510177251779
30,14,0.599088329402752,0.7086708721952257,0.599088329402752,0.7607511966171947,0.6225502744763389,0.599088329402752,0.599088329402752,0.5693149769240616,0.599088329402752,0.5818770193746907
30,15,0.4874171374334969,0.6449159913139059,0.4874171374334969,0.7237405320889402,0.6971046170046233,0.4874171374334969,0.4874171374334969,0.5615098277888281,0.4874171374334969,0.44079445848411203
30,16,0.47408292812523495,0.6237515371641564,0.47408292812523495,0.7114029995950786,0.7034693235784202,0.47408292812523495,0.47408292812523495,0.5688639620115592,0.47408292812523495,0.40879212302554335
30,17,0.6425922861115011,0.7020819502088558,0.6425922861115011,0.741470156751084,0.7107176701267954,0.6425922861115011,0.6425922861115012,0.6544799613616469,0.6425922861115011,0.612358653425624
30,18,0.5927509233745267,0.6050913184552646,0.5927509233745267,0.705353338937857,0.6738392642954645,0.5927509233745267,0.5927509233745267,0.5557678520099947,0.5927509233745267,0.5497696524471113
30,19,0.5936967161069022,0.6713994143223736,0.5936967161069022,0.7069530346948656,0.6958860346357958,0.5936967161069022,0.5936967161069022,0.6330610872666489,0.5936967161069022,0.5965113450008364
31,0,0.6794697464805276,0.6628555179521043,0.6794697464805276,0.727013151420107,0.621122244911864,0.6794697464805276,0.6794697464805276,0.5766536361917998,0.6794697464805276,0.671774467697404
31,1,0.4349779576768439,0.6170634664060628,0.4349779576768439,0.7232814574474327,0.6516437031819863,0.4349779576768439,0.4349779576768439,0.5091979466889374,0.4349779576768439,0.37382191445547563
31,2,0.6008182250115065,0.7057179284617268,0.6008182250115065,0.7217537575928803,0.5911069176747779,0.6008182250115065,0.6008182250115065,0.5426321223071932,0.6008182250115065,0.5910975894016861
31,3,0.5991327476505488,0.6805807209605851,0.5991327476505488,0.7324197096899654,0.724866000415481,0.5991327476505488,0.5991327476505488,0.6498391805580004,0.5991327476505488,0.6010966644033557
31,4,0.6816201286400777,0.6968574354632334,0.6816201286400777,0.7607291872722757,0.735707657053966,0.6816201286400777,0.6816201286400777,0.6636156833113008,0.6816201286400777,0.6795229249349638
31,5,0.6714786435113164,0.7224071962915966,0.6714786435113164,0.7529544662595338,0.6891101339228731,0.6714786435113164,0.6714786435113165,0.6658082892785183,0.6714786435113164,0.6850628903550564
31,6,0.7160485452419832,0.70145405220092,0.7160485452419832,0.7418334592869782,0.67880331952749,0.7160485452419832,0.7160485452419834,0.6679910307876893,0.7160485452419832,0.717782942097283
31,7,0.6444767163354983,0.7336815505827377,0.6444767163354983,0.7604563867108529,0.6984259037475155,0.6444767163354983,0.6444767163354983,0.6825746967092853,0.6444767163354983,0.6549984442430639
31,8,0.6715177650224512,0.6539110577871844,0.6715177650224512,0.7123059452449529,0.7021642324056827,0.6715177650224512,0.6715177650224512,0.655270796024682,0.6715177650224512,0.6704810575642609
31,9,0.4715652126319178,0.6800031428545026,0.4715652126319178,0.6973567019656299,0.6878785133170717,0.4715652126319178,0.4715652126319178,0.599023055915173,0.4715652126319178,0.4157076750492621
31,10,0.6201908070396046,0.6768096636622121,0.6201908070396046,0.740462799912305,0.6977880829292993,0.6201908070396046,0.6201908070396047,0.6370212853245507,0.6201908070396046,0.6003220021277593
31,11,0.586900724193997,0.686177376352983,0.586900724193997,0.7187516124089792,0.662471262922412,0.586900724193997,0.586900724193997,0.6055409627436653,0.586900724193997,0.5806137046385835
31,12,0.5019498031054302,0.7347787349195181,0.5019498031054302,0.7309726310228759,0.6337350522265293,0.5019498031054302,0.5019498031054302,0.5755343390185237,0.5019498031054302,0.4575919442726583
31,13,0.6094861022457885,0.7033823334325848,0.6094861022457885,0.742341444486547,0.6414076340638142,0.6094861022457885,0.6094861022457885,0.6161704840884987,0.6094861022457885,0.5973779279419631
31,14,0.6012999492721308,0.7082811990839496,0.6012999492721308,0.7665297661564602,0.6243524577519898,0.6012999492721308,0.6012999492721308,0.5676431876456466,0.6012999492721308,0.5841678710297368
31,15,0.49368103962488696,0.6439109223506073,0.49368103962488696,0.728163732884152,0.7086908649686698,0.49368103962488696,0.49368103962488696,0.5689303113198162,0.49368103962488696,0.44545086314209836
31,16,0.4774171773913349,0.6355925864005809,0.4774171773913349,0.7163949128267137,0.7061121536896597,0.4774171773913349,0.4774171773913349,0.5744178738456635,0.4774171773913349,0.4138870781724997
31,17,0.6397650367616755,0.6923528726052586,0.6397650367616755,0.7351664292275304,0.7060083197657825,0.6397650367616755,0.6397650367616755,0.646401600461248,0.6397650367616755,0.6072249594332682
31,18,0.595934540883977,0.6319160945783362,0.595934540883977,0.7030589899796988,0.6684162998059733,0.595934540883977,0.595934540883977,0.585640751861796,0.595934540883977,0.5707177330450227
31,19,0.5872526319438011,0.6767728331624645,0.5872526319438011,0.7041404530880162,0.681836401977541,0.5872526319438011,0.5872526319438011,0.6272875868283297,0.5872526319438011,0.5910407853613747
32,0,0.6787194683786215,0.6698304655800928,0.6787194683786215,0.7315631154739684,0.6280599547784413,0.6787194683786215,0.6787194683786215,0.5834329387374684,0.6787194683786215,0.6734720359096569
32,1,0.44119948597493824,0.6130293484910609,0.44119948597493824,0.7161066131275289,0.6550222571352398,0.44119948597493824,0.44119948597493824,0.5136404723583752,0.44119948597493824,0.385171543544833
32,2,0.6026898315572694,0.7070106879926277,0.6026898315572694,0.7224160999347491,0.5905033104128394,0.6026898315572694,0.6026898315572694,0.5415520172461961,0.6026898315572694,0.5915338817325091
32,3,0.5933137713387632,0.6780983759052053,0.5933137713387632,0.7271038287864869,0.7214572623213631,0.5933137713387632,0.5933137713387632,0.647222449888986,0.5933137713387632,0.5938239837759931
32,4,0.6833123895409708,0.6969804778254653,0.6833123895409708,0.7593530772679278,0.7300719424150208,0.6833123895409708,0.6833123895409708,0.6622568205869823,0.6833123895409708,0.6846057219439206
32,5,0.6835565969786485,0.7322831969868998,0.6835565969786485,0.7589062243555297,0.7055485642520589,0.6835565969786485,0.6835565969786485,0.6842295077108751,0.6835565969786485,0.6970968959669617
32,6,0.7238684799843291,0.7086932331558675,0.7238684799843291,0.7471066034476644,0.6909346824905955,0.7238684799843291,0.7238684799843291,0.681033430788296,0.7238684799843291,0.725522731953244
32,7,0.6492217560577709,0.7356588894696812,0.6492217560577709,0.7615926756568241,0.7098518736839828,0.6492217560577709,0.6492217560577709,0.6926574853397132,0.6492217560577709,0.6618542067701685
32,8,0.6725548103057397,0.6450820263453042,0.6725548103057397,0.7087250691449287,0.7024837389912395,0.6725548103057397,0.6725548103057397,0.6520388409023132,0.6725548103057397,0.6718469177320163
32,9,0.47023591758017563,0.6856220749834033,0.47023591758017563,0.7024031230686422,0.6885399500245246,0.47023591758017563,0.47023591758017563,0.6024752630119862,0.47023591758017563,0.4158646548223256
32,10,0.6201282683769117,0.6963347476610984,0.6201282683769117,0.7465644840646641,0.6965742008703939,0.6201282683769117,0.6201282683769117,0.6333997544153323,0.6201282683769117,0.599269709810221
32,11,0.5683913243913887,0.6852174022531821,0.5683913243913887,0.713219456352439,0.6529513102753836,0.5683913243913887,0.5683913243913887,0.59736304334019,0.5683913243913887,0.5633123581385668
32,12,0.5082374012239922,0.7268689808107195,0.5082374012239922,0.7261213195275087,0.6376109483185668,0.5082374012239922,0.5082374012239923,0.5795399265651999,0.5082374012239922,0.46437713943603354
32,13,0.6165920926412252,0.7033400689656595,0.6165920926412252,0.7462371918899051,0.6551898877884654,0.6165920926412252,0.6165920926412252,0.6257671403720494,0.6165920926412252,0.6019786982798756
32,14,0.5995029616656583,0.7113092935793004,0.5995029616656583,0.7673159940539935,0.6153859464216866,0.5995029616656583,0.5995029616656583,0.5634459175602111,0.5995029616656583,0.5831254378885298
32,15,0.49507742667434723,0.6429738370303343,0.49507742667434723,0.7290774933038163,0.7107711297308661,0.49507742667434723,0.4950774266743472,0.5683580023024973,0.49507742667434723,0.4461200459604538
32,16,0.4747503169446416,0.6260051515019525,0.4747503169446416,0.714025060701801,0.7124535634235207,0.4747503169446416,0.47475031694464154,0.5731987178548437,0.4747503169446416,0.40513040084004465
32,17,0.6389728493924969,0.6971856602548269,0.6389728493924969,0.7390096788262657,0.7046251893654103,0.6389728493924969,0.6389728493924969,0.6456521329764449,0.6389728493924969,0.6058205168181403
32,18,0.6037576350832791,0.6240000311968481,0.6037576350832791,0.7073703103093876,0.6827007682818661,0.6037576350832791,0.6037576350832791,0.5825059444704861,0.6037576350832791,0.5708100908202388
32,19,0.6022428613231638,0.6780784897891325,0.6022428613231638,0.7053888107468738,0.6960519291429756,0.6022428613231638,0.6022428613231638,0.6395812395134239,0.6022428613231638,0.6027664121136777
33,0,0.664263837701298,0.6450759457080386,0.664263837701298,0.7148106663336378,0.605688723134991,0.664263837701298,0.6642638377012982,0.5567477666749251,0.664263837701298,0.6561222369920576
33,1,0.4349640188961545,0.6187271414809988,0.4349640188961545,0.7309559298255732,0.6544507657319212,0.4349640188961545,0.43496401889615455,0.5127724007947579,0.4349640188961545,0.37370302666788136
33,2,0.594764519632912,0.7006402679795318,0.594764519632912,0.7178693262832455,0.5938696854784971,0.594764519632912,0.594764519632912,0.5415789349111676,0.594764519632912,0.5802144847581246
33,3,0.6093790524100942,0.6893665521370214,0.6093790524100942,0.7324831660076602,0.7293567797277793,0.6093790524100942,0.6093790524100942,0.6599146908041813,0.6093790524100942,0.6118806790765222
33,4,0.6826038348559283,0.6888688726362573,0.6826038348559283,0.7575317857759811,0.7323870867579587,0.6826038348559283,0.6826038348559282,0.6610451046096236,0.6826038348559283,0.6827671508135653
33,5,0.6750075710810445,0.7358165085953656,0.6750075710810445,0.7574170800062395,0.689117813328313,0.6750075710810445,0.6750075710810445,0.6745853815894333,0.6750075710810445,0.6901338857840287
33,6,0.725954557902299,0.7047958072672689,0.725954557902299,0.7450649685546489,0.6926527085137777,0.725954557902299,0.725954557902299,0.6799957747857543,0.725954557902299,0.7263628948794312
33,7,0.6436506112666421,0.7358152390628869,0.6436506112666421,0.7600273803025464,0.7018913706898798,0.6436506112666421,0.643650611266642,0.6880075104113721,0.6436506112666421,0.6571054269237987
33,8,0.6899230885959122,0.6628678635064345,0.6899230885959122,0.7187060186724175,0.7092233122471882,0.6899230885959122,0.6899230885959122,0.6661458171223078,0.6899230885959122,0.68750840938548
33,9,0.47254036972894553,0.6844744982452722,0.47254036972894553,0.6973249998813873,0.6940778141821156,0.47254036972894553,0.47254036972894553,0.6087230144335711,0.47254036972894553,0.41732844997135465
33,10,0.6212239494643002,0.6702835962713578,0.6212239494643002,0.7360484574244991,0.6976260474681701,0.6212239494643002,0.6212239494643002,0.6353272411195184,0.6212239494643002,0.6017189230640405
33,11,0.5595749526801627,0.6792864510674824,0.5595749526801627,0.7096968134359264,0.657528554608883,0.5595749526801627,0.5595749526801626,0.5977263349074019,0.5595749526801627,0.5500792505166077
33,12,0.5057359476414793,0.7204600174926048,0.5057359476414793,0.7214079461864711,0.6331883161433312,0.5057359476414793,0.5057359476414793,0.5742289519956099,0.5057359476414793,0.46142021560417346
33,13,0.6128357770958514,0.6985163330073373,0.6128357770958514,0.7416337317685208,0.6556223197894337,0.6128357770958514,0.6128357770958512,0.6231580452413386,0.6128357770958514,0.599117002573751
33,14,0.5997930741544062,0.7140426427757063,0.5997930741544062,0.7698779426797056,0.6129296097880901,0.5997930741544062,0.5997930741544062,0.5592706168342658,0.5997930741544062,0.5834925677547746
33,15,0.48886881497969165,0.6428995157807637,0.48886881497969165,0.7297193521139146,0.7025505451209999,0.48886881497969165,0.48886881497969165,0.5615585514538793,0.48886881497969165,0.4415926383750613
33,16,0.47655529611870934,0.6283878385762527,0.47655529611870934,0.7084970873568,0.7130710199232099,0.47655529611870934,0.47655529611870934,0.5770148691797111,0.47655529611870934,0.4082247752478454
33,17,0.6352120734373023,0.6917236364771664,0.6352120734373023,0.7346878471430718,0.704589023252945,0.6352120734373023,0.6352120734373023,0.6433964886716301,0.6352120734373023,0.6035045155026058
33,18,0.6063563813550037,0.6271009828253407,0.6063563813550037,0.710785208751407,0.6883920222498946,0.6063563813550037,0.6063563813550037,0.5829946428083939,0.6063563813550037,0.5663506092991006
33,19,0.5898369748088134,0.6681322435632411,0.5898369748088134,0.7011699086513523,0.6809328785711944,0.5898369748088134,0.5898369748088134,0.6232863683349662,0.5898369748088134,0.5919852132935561
34,0,0.673134942358031,0.6645504644045712,0.673134942358031,0.7262604915698423,0.6211178466090822,0.673134942358031,0.673134942358031,0.5773150819745908,0.673134942358031,0.6681144355925197
34,1,0.44003113737755595,0.6165005219012969,0.44003113737755595,0.7181900522984256,0.6602653521191766,0.44003113737755595,0.44003113737755595,0.5188202724620442,0.44003113737755595,0.3805248059020519
34,2,0.5963416462053109,0.6975123706470774,0.5963416462053109,0.7153597041594337,0.5903001556481673,0.5963416462053109,0.5963416462053109,0.5383938614207432,0.5963416462053109,0.5840591907109632
34,3,0.6002071488660848,0.6855134559718248,0.6002071488660848,0.7286064640494845,0.7256686551061179,0.6002071488660848,0.6002071488660848,0.6545534932244175,0.6002071488660848,0.6017203544466471
34,4,0.6825462212290789,0.6867337293230544,0.6825462212290789,0.758208574980576,0.7310078991174584,0.6825462212290789,0.6825462212290789,0.6561968293854084,0.6825462212290789,0.6814014739868444
34,5,0.6634197051427503,0.7271234571290826,0.6634197051427503,0.754120981062311,0.687772782212925,0.6634197051427503,0.6634197051427504,0.6683074858520573,0.6634197051427503,0.6805485025726787
34,6,0.7230961786089338,0.7029985065675111,0.7230961786089338,0.7446622735656049,0.6873183099886279,0.7230961786089338,0.7230961786089338,0.6747564713680687,0.7230961786089338,0.7238443561424539
34,7,0.6486019449431172,0.7378812522631831,0.6486019449431172,0.7627135525715523,0.7050916018482838,0.6486019449431172,0.6486019449431172,0.6901591804916329,0.6486019449431172,0.6605710516124571
34,8,0.6853026615730026,0.660411638615373,0.6853026615730026,0.7174872401015566,0.7047345318310172,0.6853026615730026,0.6853026615730026,0.6618614364654114,0.6853026615730026,0.6840034275290272
34,9,0.4760340786461318,0.6856550455983517,0.4760340786461318,0.7045100916349868,0.6987782347362455,0.4760340786461318,0.47603407864613184,0.6099291781308954,0.4760340786461318,0.42036392353870855
34,10,0.6155124876142318,0.6677372012741208,0.6155124876142318,0.7358126225664596,0.695642487369879,0.6155124876142318,0.6155124876142317,0.6283394638175115,0.6155124876142318,0.5950281730819077
34,11,0.5693084032355441,0.6816436971003768,0.5693084032355441,0.714880354993418,0.6632057769234208,0.5693084032355441,0.5693084032355441,0.6020312838585453,0.5693084032355441,0.563232187706243
34,12,0.5147000704280126,0.7199060473765295,0.5147000704280126,0.7234385606080972,0.6464911328403393,0.5147000704280126,0.5147000704280126,0.5859156906959786,0.5147000704280126,0.46951919838795875
34,13,0.612567130329365,0.7002213949286942,0.612567130329365,0.7435739505082964,0.6540081901126975,0.612567130329365,0.612567130329365,0.6227610531468382,0.612567130329365,0.5989280687180165
34,14,0.5961587694026665,0.7066021909679554,0.5961587694026665,0.7658634455426618,0.6145555560773618,0.5961587694026665,0.5961587694026667,0.5580849378206484,0.5961587694026665,0.5804028307941913
34,15,0.4959288073988535,0.6517039146862562,0.4959288073988535,0.7285233350104088,0.7093081404352135,0.4959288073988535,0.4959288073988535,0.5763072822751001,0.4959288073988535,0.44926842465405353
34,16,0.4777047808995587,0.6291450807323682,0.4777047808995587,0.7118613157347422,0.7146737257392406,0.4777047808995587,0.47770478089955876,0.5780233758629759,0.4777047808995587,0.41015643820803604
34,17,0.6354630644149155,0.6940858714006283,0.6354630644149155,0.7349063368638475,0.704668156898024,0.6354630644149155,0.6354630644149155,0.6438568223030634,0.6354630644149155,0.6012942418033722
34,18,0.6030410888306413,0.619880186438842,0.6030410888306413,0.704335000780689,0.6804361787308684,0.6030410888306413,0.6030410888306413,0.5724232939425478,0.6030410888306413,0.5628967556415444
34,19,0.5839543447318797,0.6725834854866537,0.5839543447318797,0.7023997493510672,0.6980784284258748,0.5839543447318797,0.5839543447318797,0.6368326626595202,0.5839543447318797,0.5846705762891757
35,0,0.6740293474522651,0.6670697345974441,0.6740293474522651,0.7285701508093474,0.6253303480263454,0.6740293474522651,0.6740293474522652,0.580214690763854,0.6740293474522651,0.6692923829256248
35,1,0.4405364646401476,0.6147768887029277,0.4405364646401476,0.7181370308644346,0.6586284237953759,0.4405364646401476,0.44053646464014756,0.513520666048487,0.4405364646401476,0.37961559356759117
35,2,0.5936340845190048,0.6957720324406027,0.5936340845190048,0.7148195014182235,0.5902028815216067,0.5936340845190048,0.5936340845190047,0.5386514552816206,0.5936340845190048,0.5807583316508578
35,3,0.5827319136654227,0.6530141194921121,0.5827319136654227,0.7073556304157215,0.7141360773793128,0.5827319136654227,0.5827319136654225,0.6261213590226247,0.5827319136654227,0.5756635839445977
35,4,0.6772692776357003,0.6862893747512193,0.6772692776357003,0.757679739960142,0.7271116046615294,0.6772692776357003,0.6772692776357003,0.652127693658777,0.6772692776357003,0.676177347528278
35,5,0.6831409425384917,0.729442419824073,0.6831409425384917,0.7558232872892412,0.6967033035710107,0.6831409425384917,0.6831409425384918,0.6790152386982586,0.6831409425384917,0.6959290202083557
35,6,0.7188518198890231,0.6987072795848681,0.7188518198890231,0.7410541802502759,0.6829339315263835,0.7188518198890231,0.7188518198890231,0.6698532253872753,0.7188518198890231,0.719251962738214
35,7,0.6402948962782805,0.7327363679138479,0.6402948962782805,0.7603897031562172,0.704387456317338,0.6402948962782805,0.6402948962782805,0.6887773457076732,0.6402948962782805,0.6555218862793638
35,8,0.6272350950991897,0.6145985984356774,0.6272350950991897,0.6930944990216981,0.6776986258893294,0.6272350950991897,0.6272350950991897,0.612122156301644,0.6272350950991897,0.632041140130339
35,9,0.4776399191067509,0.6818539965126471,0.4776399191067509,0.7007977767952813,0.6985367940066617,0.4776399191067509,0.4776399191067509,0.6072208440553051,0.4776399191067509,0.42066923139407686
35,10,0.6150806641884754,0.6654192207169465,0.6150806641884754,0.7322563853190032,0.6960548227044276,0.6150806641884754,0.6150806641884754,0.6301865980205181,0.6150806641884754,0.595151838753079
35,11,0.5765432808897551,0.682759022124987,0.5765432808897551,0.7143667585272697,0.667182972646849,0.5765432808897551,0.576543280889755,0.6101910921161767,0.5765432808897551,0.5693922623214835
35,12,0.5157209467257015,0.720768101719479,0.5157209467257015,0.7220357843008365,0.6521631729611459,0.5157209467257015,0.5157209467257013,0.5885449312436897,0.5157209467257015,0.46914994385631675
35,13,0.6072314580066819,0.6995679117620267,0.6072314580066819,0.7395461638880478,0.6501431243851626,0.6072314580066819,0.6072314580066819,0.6209395340801404,0.6072314580066819,0.5956498672047565
35,14,0.5966750618394006,0.7066010130421156,0.5966750618394006,0.7655709117066547,0.6214631709718808,0.5966750618394006,0.5966750618394006,0.5666765176362918,0.5966750618394006,0.5819808678655927
35,15,0.49069293674590614,0.6443338712917079,0.49069293674590614,0.7258924845692354,0.705341579490443,0.49069293674590614,0.4906929367459062,0.5683551429183482,0.49069293674590614,0.4419876984018588
35,16,0.47881533001968246,0.6243083041786432,0.47881533001968246,0.7061805616457999,0.7098577379959714,0.47881533001968246,0.47881533001968246,0.5728500371409186,0.47881533001968246,0.4112051176859033
35,17,0.6340448399423753,0.6977328803870668,0.6340448399423753,0.7368598787054609,0.7047302617030049,0.6340448399423753,0.6340448399423751,0.647712395199701,0.6340448399423753,0.6049920769106366
35,18,0.6076398642808802,0.6205467567560454,0.6076398642808802,0.7080144693586727,0.6849939203616148,0.6076398642808802,0.6076398642808802,0.5738626583007052,0.6076398642808802,0.5658549062685048
35,19,0.5867735095889054,0.6771848491108625,0.5867735095889054,0.7083508241708363,0.6981965893924648,0.5867735095889054,0.5867735095889055,0.6370468933149639,0.5867735095889054,0.5883172838864854
36,0,0.6714221449869222,0.6587102083045594,0.6714221449869222,0.7229259542250102,0.6255218398571547,0.6714221449869222,0.6714221449869222,0.5790481026993832,0.6714221449869222,0.6654153576762489
36,1,0.4398582035718033,0.6232168712563635,0.4398582035718033,0.7369552771572093,0.6571407915431167,0.4398582035718033,0.4398582035718033,0.515686554339561,0.4398582035718033,0.3800863466187858
36,2,0.5994543617836547,0.7018102934540399,0.5994543617836547,0.7185601947798945,0.5896767132165579,0.5994543617836547,0.5994543617836547,0.541668418616073,0.5994543617836547,0.5887400915017263
36,3,0.607581971878417,0.6764343524600702,0.607581971878417,0.7269012248062556,0.729217429910656,0.607581971878417,0.6075819718784171,0.6504095027886451,0.607581971878417,0.6062157133374235
36,4,0.6768694204803248,0.685360626071034,0.6768694204803248,0.7581485663083225,0.7266360553738571,0.6768694204803248,0.6768694204803248,0.649041827029893,0.6768694204803248,0.6753378492901374
36,5,0.6717732164098849,0.7351618711549192,0.6717732164098849,0.7555479224015971,0.6974714951341474,0.6717732164098849,0.6717732164098849,0.6816217160668745,0.6717732164098849,0.6882558083298731
36,6,0.7198874712942427,0.6978118188644769,0.7198874712942427,0.7413408633637241,0.6899933331260223,0.7198874712942427,0.7198874712942427,0.6735243730037705,0.7198874712942427,0.7198668565296175
36,7,0.6351403351793544,0.7336687568980974,0.6351403351793544,0.7598267820147889,0.6972320521361219,0.6351403351793544,0.6351403351793545,0.6826775435431107,0.6351403351793544,0.6475528833156776
36,8,0.6242340756167701,0.6252609581665876,0.6242340756167701,0.6975638815428488,0.6713784616592262,0.6242340756167701,0.6242340756167701,0.6127961452447894,0.6242340756167701,0.6323886525466926
36,9,0.47704417562008755,0.6827834167613098,0.47704417562008755,0.7044060106962716,0.7006111839134463,0.47704417562008755,0.47704417562008755,0.610034391428014,0.47704417562008755,0.420616223474386
36,10,0.6154166817282936,0.6871057992294262,0.6154166817282936,0.7403567984124886,0.6960165696986651,0.6154166817282936,0.6154166817282936,0.6327851866066901,0.6154166817282936,0.5961512130485327
36,11,0.5626280102771559,0.677244088783178,0.5626280102771559,0.7106896015642576,0.6570619919630083,0.5626280102771559,0.5626280102771559,0.59578987442313,0.5626280102771559,0.5537433698788379
36,12,0.5242667202411446,0.7273011896007553,0.5242667202411446,0.7251997289835281,0.6538708553308127,0.5242667202411446,0.5242667202411446,0.5979593842098172,0.5242667202411446,0.48011434532957853
36,13,0.6128084570857002,0.705572118977319,0.6128084570857002,0.7424396719740529,0.6484038516316323,0.6128084570857002,0.6128084570857002,0.6230144425748771,0.6128084570857002,0.6003970190240823
36,14,0.5955743627909639,0.7045857314386698,0.5955743627909639,0.7689068230770812,0.6226026028922089,0.5955743627909639,0.595574362790964,0.564920258361957,0.5955743627909639,0.5806094522136114
36,15,0.5032426714769709,0.6541629007343526,0.5032426714769709,0.7312838494024707,0.7134613125766065,0.5032426714769709,0.5032426714769709,0.5828153894992456,0.5032426714769709,0.4571667155675245
36,16,0.4793971347256564,0.6326087745153,0.4793971347256564,0.7061921028471879,0.7113054778769183,0.4793971347256564,0.4793971347256565,0.5765181381654801,0.4793971347256564,0.41045525238403013
36,17,0.6321487940678037,0.6971982431964097,0.6321487940678037,0.7371364940042059,0.7047071886542418,0.6321487940678037,0.6321487940678036,0.6466868000792851,0.6321487940678037,0.6028205709691916
36,18,0.6099376258149192,0.6221075115795958,0.6099376258149192,0.7141470446877187,0.6885932424378766,0.6099376258149192,0.6099376258149192,0.5747825662053219,0.6099376258149192,0.5650060419690106
36,19,0.5907559121570607,0.6806630627501462,0.5907559121570607,0.7141383461272008,0.7016805086822566,0.5907559121570607,0.5907559121570607,0.6395352228818301,0.5907559121570607,0.5931555443077898
37,0,0.6761177485003498,0.6590214632915727,0.6761177485003498,0.7234885798393137,0.6235381730993886,0.6761177485003498,0.6761177485003498,0.5783446258597547,0.6761177485003498,0.6682043691179314
37,1,0.4500438281727476,0.6285566110886447,0.4500438281727476,0.73936465244446,0.6714835846519276,0.4500438281727476,0.4500438281727476,0.5322083674695768,0.4500438281727476,0.3905509342276153
37,2,0.5940044843845234,0.6958696103723625,0.5940044843845234,0.714483875912267,0.5841684290827616,0.5940044843845234,0.5940044843845234,0.5319800510753394,0.5940044843845234,0.579731506296858
37,3,0.603883641660711,0.6757495914648344,0.603883641660711,0.7273885049505241,0.7273868939334225,0.603883641660711,0.603883641660711,0.6484953183230076,0.603883641660711,0.6030120284143763
37,4,0.667375809878005,0.6833953783749358,0.667375809878005,0.7547290991378848,0.7220287404301,0.667375809878005,0.6673758098780049,0.6425667754385551,0.667375809878005,0.6657093669601337
37,5,0.6671749985108736,0.7310236851125569,0.6671749985108736,0.7549768380192421,0.6974922454357995,0.6671749985108736,0.6671749985108737,0.6797721035244098,0.6671749985108736,0.6846787884401656
37,6,0.7174158467024051,0.7009407141913672,0.7174158467024051,0.742711441906992,0.6927926753327484,0.7174158467024051,0.7174158467024051,0.6775937574722083,0.7174158467024051,0.7196854366722054
37,7,0.6402945245774622,0.7382231233093723,0.6402945245774622,0.761908179338538,0.6936387300488731,0.6402945245774622,0.6402945245774622,0.6793785119575835,0.6402945245774622,0.650159694905105
37,8,0.6521444395927163,0.6384639395845871,0.6521444395927163,0.704363668882703,0.6890130608346074,0.6521444395927163,0.6521444395927162,0.6346231219172467,0.6521444395927163,0.6544250051355959
37,9,0.48020056604459127,0.6893839800636952,0.48020056604459127,0.7078038551120063,0.704061114172549,0.48020056604459127,0.48020056604459127,0.6151716415503135,0.48020056604459127,0.42563427757700034
37,10,0.61541863315759,0.6685789234252602,0.61541863315759,0.7359657170395082,0.6969818215080076,0.61541863315759,0.6154186331575902,0.6325975410942648,0.61541863315759,0.5962690092558116
37,11,0.5673791830629318,0.6835914230150544,0.5673791830629318,0.7146065757456131,0.6663216758241517,0.5673791830629318,0.5673791830629319,0.6085575993906224,0.5673791830629318,0.5613297716898533
37,12,0.5253233727426029,0.726866189507757,0.5253233727426029,0.726393416526582,0.6642921460156717,0.5253233727426029,0.5253233727426028,0.6043187718805181,0.5253233727426029,0.48307278809422904
37,13,0.607212129564126,0.6974659548163042,0.607212129564126,0.7389075177160249,0.6422764046689962,0.607212129564126,0.607212129564126,0.6129770719252526,0.607212129564126,0.5932059507763442
37,14,0.5980208975775607,0.7127017810380849,0.5980208975775607,0.7708506576227947,0.6219275556868731,0.5980208975775607,0.5980208975775607,0.567838923664377,0.5980208975775607,0.5826102017255963
37,15,0.4959457197860899,0.6597732529203484,0.4959457197860899,0.735120755869552,0.7081667820260246,0.4959457197860899,0.4959457197860899,0.5760621766661209,0.4959457197860899,0.4507138669827435
37,16,0.4806232828002973,0.6422247106554253,0.4806232828002973,0.709581942708104,0.7132991156750709,0.4806232828002973,0.4806232828002973,0.5861467660165876,0.4806232828002973,0.4156712881584914
37,17,0.636567015845513,0.7000166381947246,0.636567015845513,0.7373193619265221,0.7028349602562293,0.636567015845513,0.6365670158455129,0.6449162251811708,0.636567015845513,0.6033406236472649
37,18,0.60931103116033,0.6205210215403331,0.60931103116033,0.7143394573451365,0.6936280508476447,0.60931103116033,0.60931103116033,0.5789006095251241,0.60931103116033,0.5647575582940743
37,19,0.5934683988792105,0.6777834025390237,0.5934683988792105,0.7112102387211972,0.7052382340022925,0.5934683988792105,0.5934683988792104,0.6428003354405813,0.5934683988792105,0.5957924550310105
38,0,0.6663054973714712,0.6450815274217349,0.6663054973714712,0.7154610810149526,0.6123974465253872,0.6663054973714712,0.6663054973714712,0.5633585728381474,0.6663054973714712,0.6592624218622959
38,1,0.45022131531352544,0.6241225055506159,0.45022131531352544,0.720225879433082,0.6726806718007412,0.45022131531352544,0.45022131531352544,0.5355248767875629,0.45022131531352544,0.3913159604153619
38,2,0.6021990935517992,0.69763728680645,0.6021990935517992,0.7167560636893174,0.5907351561160479,0.6021990935517992,0.6021990935517992,0.5384492030840078,0.6021990935517992,0.588630346321072
38,3,0.5976793045254668,0.6772442643571817,0.5976793045254668,0.726645891021793,0.7261886917192331,0.5976793045254668,0.5976793045254667,0.6491737952209197,0.5976793045254668,0.5970881202047651
38,4,0.6683240186657,0.6786600720198521,0.6683240186657,0.756159568617375,0.7243406127085653,0.6683240186657,0.6683240186657,0.6412113289426776,0.6683240186657,0.6668691281854183
38,5,0.6620223888412441,0.7247687628707007,0.6620223888412441,0.7519143341794574,0.688557011285887,0.6620223888412441,0.6620223888412441,0.6683463971926912,0.6620223888412441,0.6785428523924744
38,6,0.7165832368692272,0.7011220004728079,0.7165832368692272,0.7426983874449271,0.6870624600422696,0.7165832368692272,0.7165832368692272,0.6725572386125223,0.7165832368692272,0.7185422804143324
38,7,0.6409423061786991,0.7305200752904306,0.6409423061786991,0.7586445211103533,0.7011082956699034,0.6409423061786991,0.6409423061786991,0.6831456757428382,0.6409423061786991,0.6527264607490544
38,8,0.6571302485200964,0.6464262148650768,0.6571302485200964,0.7079557135368924,0.6945270473167149,0.6571302485200964,0.6571302485200965,0.6431556722664287,0.6571302485200964,0.6579992872447274
38,9,0.48077995469524576,0.6856348998463204,0.48077995469524576,0.7061803022791175,0.7042020236925768,0.48077995469524576,0.48077995469524576,0.612468076881253,0.48077995469524576,0.42511824588953473
38,10,0.6147374914079032,0.6755828480221251,0.6147374914079032,0.7356554336945611,0.6969715197477704,0.6147374914079032,0.6147374914079031,0.6334670701739236,0.6147374914079032,0.5963338927031765
38,11,0.5711574289565903,0.6858681234884272,0.5711574289565903,0.7151825710849926,0.6690583831463714,0.5711574289565903,0.5711574289565903,0.6139208179591736,0.5711574289565903,0.565486060640729
38,12,0.5212522266040586,0.7290309713336482,0.5212522266040586,0.7259459951823614,0.6573266894466971,0.5212522266040586,0.5212522266040587,0.599019145133302,0.5212522266040586,0.4783429779031551
38,13,0.6049395507605324,0.7035771300638922,0.6049395507605324,0.7417017929469067,0.6432077093325705,0.6049395507605324,0.6049395507605324,0.6176433751867401,0.6049395507605324,0.5934413846104902
38,14,0.5986079990201967,0.7091006133773186,0.5986079990201967,0.7624745031847167,0.6233552838576182,0.5986079990201967,0.5986079990201967,0.5681230303441085,0.5986079990201967,0.5823569715131827
38,15,0.4981453523040758,0.6565234563573246,0.4981453523040758,0.7338993563226544,0.7104058688881292,0.4981453523040758,0.4981453523040758,0.575415737361332,0.4981453523040758,0.4524653173253119
38,16,0.48270034697342146,0.6307577789737593,0.48270034697342146,0.7119540028123843,0.7152899694834916,0.48270034697342146,0.48270034697342146,0.5821417042512149,0.48270034697342146,0.4182101122831765
38,17,0.6348079417225155,0.6905406698962424,0.6348079417225155,0.7340188149138515,0.7076629209442337,0.6348079417225155,0.6348079417225154,0.6462595304863368,0.6348079417225155,0.6034353202432439
38,18,0.5977864472863657,0.6026151275559714,0.5977864472863657,0.7038460053512983,0.6856545565326659,0.5977864472863657,0.5977864472863657,0.5628682460885577,0.5977864472863657,0.5548483076132009
38,19,0.6084609513886882,0.6860557995784383,0.6084609513886882,0.7158075302930692,0.7117287949429085,0.6084609513886882,0.6084609513886882,0.653275589382639,0.6084609513886882,0.6111962318145494
39,0,0.6733635383613364,0.6575281801846261,0.6733635383613364,0.7236944171877473,0.6202539774480977,0.6733635383613364,0.6733635383613366,0.5734812659489077,0.6733635383613364,0.6665048271869415
39,1,0.44761559965145614,0.6261474196114405,0.44761559965145614,0.7323932231754922,0.672991407739943,0.44761559965145614,0.44761559965145614,0.5354362133777539,0.44761559965145614,0.3860622503233613
39,2,0.6070077870392199,0.6976453924393843,0.6070077870392199,0.7180224626959091,0.5995369779088179,0.6070077870392199,0.6070077870392199,0.5483844801203845,0.6070077870392199,0.5956239389824023
39,3,0.5890383756005175,0.6744910730161552,0.5890383756005175,0.7258059956864455,0.7255963764017466,0.5890383756005175,0.5890383756005175,0.6452843771004666,0.5890383756005175,0.586668220812238
39,4,0.6729897931884524,0.6804646075084686,0.6729897931884524,0.7551256014419059,0.7287165043352628,0.6729897931884524,0.6729897931884523,0.6487476193814774,0.6729897931884524,0.6717302326455055
39,5,0.6679574287335698,0.7345297980255803,0.6679574287335698,0.7571380947907902,0.6939391265611141,0.6679574287335698,0.6679574287335698,0.6773973706544535,0.6679574287335698,0.6855831562088377
39,6,0.719461223380762,0.7029960720915238,0.719461223380762,0.7450895447762427,0.6945354967563038,0.719461223380762,0.719461223380762,0.6794013610483578,0.719461223380762,0.7218394146172487
39,7,0.6434480343206234,0.7334849972111435,0.6434480343206234,0.7598685865194111,0.7049849998396088,0.6434480343206234,0.6434480343206234,0.6884453876895984,0.6434480343206234,0.6568595574934791
39,8,0.6658220075319595,0.6496521237336308,0.6658220075319595,0.7115453256850475,0.7022741581062203,0.6658220075319595,0.6658220075319596,0.6501783024025707,0.6658220075319595,0.6660545776539846
39,9,0.481967631735184,0.6846475474865938,0.481967631735184,0.7024755017828086,0.7041396574207919,0.481967631735184,0.481967631735184,0.6141124129039467,0.481967631735184,0.42819432344037633
39,10,0.6186726879721239,0.6807347711253582,0.6186726879721239,0.7398917042644897,0.6993158373979256,0.6186726879721239,0.6186726879721238,0.636776421350554,0.6186726879721239,0.5995701597866563
39,11,0.5843010486702264,0.6876285298146299,0.5843010486702264,0.7201599553432876,0.6764848972292592,0.5843010486702264,0.5843010486702264,0.6223769920541558,0.5843010486702264,0.5835141769950388
39,12,0.5200320257425118,0.7271408351361732,0.5200320257425118,0.7278423476723467,0.661867832332528,0.5200320257425118,0.520032025742512,0.6007141971326934,0.5200320257425118,0.477086772276072
39,13,0.611839154276562,0.7077640021365363,0.611839154276562,0.7444729719720329,0.6546169419327061,0.611839154276562,0.611839154276562,0.6271198791042791,0.611839154276562,0.6011752596381708
39,14,0.5883532380670331,0.6954091509721491,0.5883532380670331,0.7561587037385147,0.6113143569213901,0.5883532380670331,0.5883532380670331,0.5499777046807119,0.5883532380670331,0.5716252927482879
39,15,0.49540080638634043,0.6559231759209341,0.49540080638634043,0.7305779698120127,0.7121843252061798,0.49540080638634043,0.49540080638634043,0.5803650612564066,0.49540080638634043,0.44893583185276464
39,16,0.48322277247365875,0.6333000117680674,0.48322277247365875,0.7129470330093335,0.7193075168804155,0.48322277247365875,0.4832227724736587,0.582934004490105,0.48322277247365875,0.4156813977621342
39,17,0.63355986329959,0.691356463236343,0.63355986329959,0.7345496175204798,0.7022638113130208,0.63355986329959,0.63355986329959,0.6409213856589501,0.63355986329959,0.6003985313638801
39,18,0.6013372122791737,0.6199342768784448,0.6013372122791737,0.7135063566033724,0.6887515965155815,0.6013372122791737,0.6013372122791737,0.5760751665954549,0.6013372122791737,0.5601036537175064
39,19,0.5944113109302436,0.676499031436768,0.5944113109302436,0.7106098091748896,0.7049997092672521,0.5944113109302436,0.5944113109302435,0.6429884655774176,0.5944113109302436,0.5964753876475364
40,0,0.6731172865691578,0.6580779421654392,0.6731172865691578,0.7246740090800321,0.6251172917027834,0.6731172865691578,0.6731172865691577,0.5770744647473771,0.6731172865691578,0.6672702747317787
40,1,0.4524634146500116,0.6258509071982341,0.4524634146500116,0.7315498347130278,0.6785401815181563,0.4524634146500116,0.45246341465001166,0.5396280958756879,0.4524634146500116,0.39218661803016824
40,2,0.5930405712372517,0.6871533502925018,0.5930405712372517,0.7138756936459626,0.5811743868354275,0.5930405712372517,0.5930405712372517,0.5206824606839322,0.5930405712372517,0.5779880638964541
40,3,0.6152720901099425,0.6936832877366984,0.6152720901099425,0.7368986344385653,0.7355702745361434,0.6152720901099425,0.6152720901099427,0.6647858992305227,0.6152720901099425,0.6174521404983645
40,4,0.6697529295367688,0.6788146240049524,0.6697529295367688,0.7544977253672376,0.7280093427773728,0.6697529295367688,0.6697529295367688,0.647603516581768,0.6697529295367688,0.6685467037680738
40,5,0.6639752120158237,0.7324764388399665,0.6639752120158237,0.7556603975584376,0.6917026342297714,0.6639752120158237,0.6639752120158238,0.6759796732991645,0.6639752120158237,0.682932630937882
40,6,0.7178541748924833,0.7008560807516826,0.7178541748924833,0.7423448806323358,0.6884069959707049,0.7178541748924833,0.7178541748924832,0.6739524452132104,0.7178541748924833,0.7192594577987027
40,7,0.6376471784237339,0.7304125788171336,0.6376471784237339,0.7575467106378126,0.7030973604140529,0.6376471784237339,0.6376471784237339,0.6850791253494812,0.6376471784237339,0.6503484773683501
40,8,0.6684473304121985,0.651966126647779,0.6684473304121985,0.7125314822549679,0.704181350078946,0.6684473304121985,0.6684473304121985,0.6546202609698903,0.6684473304121985,0.6677148051978806
40,9,0.48191800967592985,0.6850922936553072,0.48191800967592985,0.705738112124644,0.7049953786216661,0.48191800967592985,0.4819180096759299,0.6131666359328771,0.48191800967592985,0.4266290969543336
40,10,0.6220785825709673,0.6853112766539815,0.6220785825709673,0.7431003481619253,0.7008737338453209,0.6220785825709673,0.6220785825709672,0.6391603075730067,0.6220785825709673,0.6027381899577395
40,11,0.5839989488300856,0.688622861259017,0.5839989488300856,0.7192672560447999,0.6775517974420464,0.5839989488300856,0.5839989488300856,0.6237682353539344,0.5839989488300856,0.5810835187651641
40,12,0.5231274572328007,0.7238416059578012,0.5231274572328007,0.724315426101889,0.6718766467634234,0.5231274572328007,0.5231274572328007,0.6089649068208419,0.5231274572328007,0.48017117915042257
40,13,0.6068573411329794,0.6988484021510776,0.6068573411329794,0.7400428908380274,0.6533675351205264,0.6068573411329794,0.6068573411329794,0.6223041907151701,0.6068573411329794,0.595944279023366
40,14,0.6515954374839646,0.7828678028184506,0.6515954374839646,0.8203715714914758,0.7246529583941712,0.6515954374839646,0.6515954374839646,0.6807719529534663,0.6515954374839646,0.639422189100789
40,15,0.5012062156182551,0.6596099343699839,0.5012062156182551,0.7327055251425466,0.7167512727400605,0.5012062156182551,0.5012062156182551,0.586335375757437,0.5012062156182551,0.4550075581604318
40,16,0.48470585873900685,0.6278989784791722,0.48470585873900685,0.7106366772322974,0.7205118026032503,0.48470585873900685,0.48470585873900685,0.5813008895739211,0.48470585873900685,0.41719068355913036
40,17,0.6341687092401014,0.6897712043981014,0.6341687092401014,0.7358925568542195,0.7040008430710436,0.6341687092401014,0.6341687092401014,0.6412172153552452,0.6341687092401014,0.6004533637753242
40,18,0.5994584504926569,0.6180000494473337,0.5994584504926569,0.711519726525032,0.687096167637044,0.5994584504926569,0.599458450492657,0.5732910350017999,0.5994584504926569,0.5581463459096894
40,19,0.6103594133185792,0.6835804738662071,0.6103594133185792,0.7166961107311567,0.7178854899577671,0.6103594133185792,0.6103594133185792,0.6557485915839567,0.6103594133185792,0.6114118562730398
41,0,0.668324483291723,0.6579979184872753,0.668324483291723,0.7235488968436945,0.6189134021924607,0.668324483291723,0.668324483291723,0.5718396251863799,0.668324483291723,0.663161953580274
41,1,0.45754382143567024,0.6296444238246062,0.45754382143567024,0.7301157407833367,0.6820199445829576,0.45754382143567024,0.4575438214356703,0.546878129000582,0.45754382143567024,0.4002114684665623
41,2,0.6952792044636065,0.7696296649591656,0.6952792044636065,0.7680745035803729,0.710032287057921,0.6952792044636065,0.6952792044636064,0.6985947925560138,0.6952792044636065,0.6993601051501682
41,3,0.611094358761727,0.6931423112473578,0.611094358761727,0.7353075647708893,0.7333374945391411,0.611094358761727,0.611094358761727,0.6641808015616246,0.611094358761727,0.614221050544177
41,4,0.6673641942274305,0.6825722247894824,0.6673641942274305,0.7567896437512591,0.7246699042890159,0.6673641942274305,0.6673641942274305,0.6438667795018232,0.6673641942274305,0.6657724060135501
41,5,0.6660622191858395,0.7295444738985428,0.6660622191858395,0.7529467190234927,0.6884143385899832,0.6660622191858395,0.6660622191858395,0.6725703454026468,0.6660622191858395,0.6827673548001549
41,6,0.7129112044844217,0.6981756446392149,0.7129112044844217,0.7412104660488069,0.6821314124390141,0.7129112044844217,0.7129112044844217,0.6666148002633323,0.7129112044844217,0.7146533936109589
41,7,0.6384507026678733,0.7324302423506048,0.6384507026678733,0.7605110102541413,0.7037364421114798,0.6384507026678733,0.6384507026678733,0.6860073969198373,0.6384507026678733,0.6524409454012272
41,8,0.6627762910261293,0.6474347654828412,0.6627762910261293,0.7102506709142186,0.6991787103976692,0.6627762910261293,0.6627762910261293,0.6465123021651331,0.6627762910261293,0.6620437625140685
41,9,0.4816371897076415,0.6808868890160042,0.4816371897076415,0.6993068665451116,0.7006628105141763,0.4816371897076415,0.4816371897076415,0.6105087234243887,0.4816371897076415,0.42880328557863256
41,10,0.6205305415876067,0.6923770465524219,0.6205305415876067,0.7441998568942021,0.7005123046429662,0.6205305415876067,0.6205305415876067,0.6362886704602665,0.6205305415876067,0.6003694669936621
41,11,0.592370208811298,0.6941045854835703,0.592370208811298,0.7221943904948731,0.6832938329961991,0.592370208811298,0.592370208811298,0.6337281445771591,0.592370208811298,0.5899705989886963
41,12,0.5293266834817922,0.7255388096836564,0.5293266834817922,0.7274070165739634,0.6770427702397548,0.5293266834817922,0.5293266834817922,0.6130257517280808,0.5293266834817922,0.48659943850134774
41,13,0.6075528862893785,0.6986656200383712,0.6075528862893785,0.7414353026184358,0.643026702128991,0.6075528862893785,0.6075528862893786,0.6159207029074796,0.6075528862893785,0.5961159934974111
41,14,0.6509801797043362,0.7844554621024237,0.6509801797043362,0.8205016901457111,0.7224460621858391,0.6509801797043362,0.6509801797043362,0.6783510091150622,0.6509801797043362,0.6383395916642735
41,15,0.5047678528600008,0.6610309213773409,0.5047678528600008,0.7342836076094853,0.7216764402702696,0.5047678528600008,0.5047678528600008,0.5916010915943222,0.5047678528600008,0.45944116026918264
41,16,0.48805237413211344,0.6285432258845958,0.48805237413211344,0.7120026142115294,0.7202868331574148,0.48805237413211344,0.48805237413211344,0.5810998000344798,0.48805237413211344,0.42218687447937364
41,17,0.6307630934168719,0.6835877418774133,0.6307630934168719,0.7319680013971406,0.6970078607746707,0.6307630934168719,0.6307630934168718,0.6348511806161374,0.6307630934168719,0.5976210511522493
41,18,0.6579216924876384,0.694070387355741,0.6579216924876384,0.7495910738066058,0.7477439710344619,0.6579216924876384,0.6579216924876383,0.6650358177975739,0.6579216924876384,0.6261720040777515
41,19,0.5956589247271461,0.6764783512289653,0.5956589247271461,0.7144526756074023,0.7065787349522994,0.5956589247271461,0.595658924727146,0.6417773963768312,0.5956589247271461,0.5980331393636992
42,0,0.6666049023806787,0.6508824453012412,0.6666049023806787,0.7203213342067266,0.6193594004196192,0.6666049023806787,0.6666049023806787,0.5678751483160949,0.6666049023806787,0.6604964461913018
42,1,0.45944005316065106,0.6312128243416111,0.45944005316065106,0.7240314444806544,0.686181631018778,0.45944005316065106,0.45944005316065106,0.5531269391530657,0.45944005316065106,0.4019440276759557
42,2,0.6867240455024991,0.7660893575474376,0.6867240455024991,0.76484467193119,0.6972640267684748,0.6867240455024991,0.6867240455024991,0.6811699634110702,0.6867240455024991,0.6884263361194882
42,3,0.6086403899587626,0.6917252928761002,0.6086403899587626,0.7337174621846352,0.7333455272416729,0.6086403899587626,0.6086403899587627,0.6626641270750677,0.6086403899587626,0.6103975884192152
42,4,0.6688857515274813,0.6835668333964158,0.6688857515274813,0.757501594684118,0.7273250247123918,0.6688857515274813,0.6688857515274813,0.6475991140655601,0.6688857515274813,0.6693037339987276
42,5,0.6551422066929751,0.7262501418916602,0.6551422066929751,0.7515387174192085,0.6912268210286976,0.6551422066929751,0.6551422066929751,0.6723519507951036,0.6551422066929751,0.6745378971464695
42,6,0.7169531721087229,0.7044306989248064,0.7169531721087229,0.7434806971901771,0.6896409242600705,0.7169531721087229,0.716953172108723,0.6772838652797359,0.7169531721087229,0.7196129327007821
42,7,0.6287817422044814,0.7311076007785693,0.6287817422044814,0.754053786987704,0.6861179159968191,0.6287817422044814,0.6287817422044814,0.6737531942380186,0.6287817422044814,0.6428901494903476
42,8,0.6701215638234002,0.649472452596313,0.6701215638234002,0.7132528983994784,0.7023359139188663,0.6701215638234002,0.6701215638234002,0.6521929145273613,0.6701215638234002,0.6697923654482694
42,9,0.48293386801257054,0.679926696555885,0.48293386801257054,0.6980808880111935,0.7036994792319171,0.48293386801257054,0.48293386801257054,0.6116618243180802,0.48293386801257054,0.43014109797575695
42,10,0.618639792449697,0.6817041454496073,0.618639792449697,0.7398524851991928,0.6988478818291375,0.618639792449697,0.618639792449697,0.6350917653424528,0.618639792449697,0.5991900252077
42,11,0.5936389166296437,0.6989322494272725,0.5936389166296437,0.7256034689509145,0.6859361236848824,0.5936389166296437,0.5936389166296436,0.6376554643317438,0.5936389166296437,0.5926513956290794
42,12,0.5301672848825653,0.7238012343512495,0.5301672848825653,0.7246826345197143,0.6737212602509013,0.5301672848825653,0.5301672848825654,0.6113084200338117,0.5301672848825653,0.48829804611819083
42,13,0.6110497546635211,0.7048185196282797,0.6110497546635211,0.7464458409942271,0.655784519359462,0.6110497546635211,0.6110497546635211,0.6264453713057574,0.6110497546635211,0.5994044849117453
42,14,0.6452888826236651,0.7801861958219432,0.6452888826236651,0.8171392811211922,0.7131689502150877,0.6452888826236651,0.645288882623665,0.6694134666035396,0.6452888826236651,0.6323845802567968
42,15,0.49798189686919186,0.6597149643687359,0.49798189686919186,0.7309955289368442,0.716506436168977,0.49798189686919186,0.4979818968691919,0.5860619569373166,0.49798189686919186,0.45140512833797064
42,16,0.48736444884249114,0.6411445130244993,0.48736444884249114,0.7194148524794527,0.7222198064970137,0.48736444884249114,0.48736444884249114,0.5878260111002742,0.48736444884249114,0.42149682702633695
42,17,0.6332159471173812,0.6884432835083165,0.6332159471173812,0.7353726689654323,0.707141125159386,0.6332159471173812,0.6332159471173813,0.64424040142033,0.6332159471173812,0.6019201520464267
42,18,0.6553013875684476,0.6870130452297551,0.6553013875684476,0.7473400170038844,0.7432909123465696,0.6553013875684476,0.6553013875684476,0.6579991271778686,0.6553013875684476,0.6216065567382054
42,19,0.6256916074508544,0.687393299962049,0.6256916074508544,0.7226722325892304,0.7302144349437749,0.6256916074508544,0.6256916074508545,0.6668377263256315,0.6256916074508544,0.6267894113665815
43,0,0.6713388840036044,0.6518755393769546,0.6713388840036044,0.720139328717445,0.6197716954847168,0.6713388840036044,0.6713388840036043,0.570868687617704,0.6713388840036044,0.6638849610591786
43,1,0.46210496217804786,0.6259248805047053,0.46210496217804786,0.7189184993622756,0.6861204516923298,0.46210496217804786,0.46210496217804786,0.5498964429585536,0.46210496217804786,0.405155165687313
43,2,0.6803030067901377,0.7621360317857818,0.6803030067901377,0.7616331447836561,0.6952973675294052,0.6803030067901377,0.6803030067901376,0.677359597247473,0.6803030067901377,0.6816006862339234
43,3,0.6053266771628782,0.6898082737167712,0.6053266771628782,0.7314606729994295,0.7311367644893363,0.6053266771628782,0.6053266771628782,0.6604285248485341,0.6053266771628782,0.6069953772166676
43,4,0.6710479351880151,0.6824000944703748,0.6710479351880151,0.7553934539373894,0.7287279944599507,0.6710479351880151,0.6710479351880151,0.6486714505165593,0.6710479351880151,0.6696651195106517
43,5,0.6549579360122617,0.727103327081341,0.6549579360122617,0.7531341752805929,0.6873492843114275,0.6549579360122617,0.6549579360122617,0.6700217752051266,0.6549579360122617,0.6750451154240991
43,6,0.7187722759138891,0.7016174710816683,0.7187722759138891,0.7429554720724706,0.6905175469922378,0.7187722759138891,0.7187722759138893,0.676152873377782,0.7187722759138891,0.7201893003911933
43,7,0.6328757479433561,0.7378494656411365,0.6328757479433561,0.7587480721801223,0.687277523092146,0.6328757479433561,0.6328757479433561,0.6772639342364061,0.6328757479433561,0.6474276898459244
43,8,0.6726897377028127,0.650453831251213,0.6726897377028127,0.7134529117432207,0.7025998651983925,0.6726897377028127,0.6726897377028127,0.6516574600659383,0.6726897377028127,0.6718384948753059
43,9,0.47439246198174334,0.6702982747776342,0.47439246198174334,0.6967433987164532,0.6911820977418364,0.47439246198174334,0.4743924619817433,0.5958326878306202,0.47439246198174334,0.42066118358015486
43,10,0.6160162351483454,0.6774498221046249,0.6160162351483454,0.7374140228239843,0.6991500519211961,0.6160162351483454,0.6160162351483454,0.63471352799384,0.6160162351483454,0.5966215735064326
43,11,0.6013618374583916,0.6971772735549789,0.6013618374583916,0.7252129336422355,0.6919047862478789,0.6013618374583916,0.6013618374583916,0.6432254532173652,0.6013618374583916,0.5998858032367411
43,12,0.5316211926336704,0.725060414053782,0.5316211926336704,0.7241970000781295,0.6750222409324145,0.5316211926336704,0.5316211926336702,0.614979082735171,0.5316211926336704,0.48976092975749413
43,13,0.6099689416088679,0.7011903461012281,0.6099689416088679,0.7428256810467615,0.6521484135605862,0.6099689416088679,0.6099689416088679,0.621610965750514,0.6099689416088679,0.5971350102159361
43,14,0.6463401454632568,0.7751550558972469,0.6463401454632568,0.8145438436157569,0.7150340116903946,0.6463401454632568,0.6463401454632567,0.6677049422912246,0.6463401454632568,0.6318411226302245
43,15,0.5074775518260128,0.6658176889053798,0.5074775518260128,0.7342886643144382,0.7220247734349404,0.5074775518260128,0.5074775518260128,0.59664672737197,0.5074775518260128,0.4649289441041148
43,16,0.48967531283037813,0.6422712038354713,0.48967531283037813,0.7176571366897148,0.7241416062791695,0.48967531283037813,0.48967531283037813,0.590191098731945,0.48967531283037813,0.4246029787398951
43,17,0.6325690947681902,0.6875835722647681,0.6325690947681902,0.7350286841023891,0.7064253305341616,0.6325690947681902,0.6325690947681901,0.6420332016181649,0.6325690947681902,0.5996655136683084
43,18,0.6506462994442237,0.6751785170414522,0.6506462994442237,0.741822667501113,0.7358506991856755,0.6506462994442237,0.6506462994442236,0.6447482070724873,0.6506462994442237,0.613529171454821
43,19,0.6132395371098198,0.6884273708894126,0.6132395371098198,0.720408101114361,0.7198003504644359,0.6132395371098198,0.6132395371098198,0.6593098224175062,0.6132395371098198,0.6154327372944655
44,0,0.670668428652446,0.6569283803311958,0.670668428652446,0.7229615730006205,0.6207644950854815,0.670668428652446,0.670668428652446,0.5717562545539638,0.670668428652446,0.6644446574801496
44,1,0.46086942865774283,0.6257793118419432,0.46086942865774283,0.7114654335748598,0.6863252778936427,0.46086942865774283,0.46086942865774283,0.5513346179931821,0.46086942865774283,0.40290246457582446
44,2,0.5267468010266005,0.6904877765599202,0.5267468010266005,0.7097769355509451,0.5388109804617824,0.5267468010266005,0.5267468010266005,0.47488952618816976,0.5267468010266005,0.5308307207891135
44,3,0.6371022650239845,0.7141328639323274,0.6371022650239845,0.7477602858553959,0.7436416295928372,0.6371022650239845,0.6371022650239845,0.683900244154834,0.6371022650239845,0.6424326463823788
44,4,0.6717728447090665,0.6831378656206224,0.6717728447090665,0.7568526633001704,0.7283123252142243,0.6717728447090665,0.6717728447090665,0.6493477890853978,0.6717728447090665,0.6718274543310891
44,5,0.6568476629729207,0.7271087843463427,0.6568476629729207,0.7533162270404297,0.6897089941988399,0.6568476629729207,0.6568476629729207,0.6711374322740473,0.6568476629729207,0.6763391407372766
44,6,0.713441900327868,0.6938409414787268,0.713441900327868,0.7387573842590669,0.68890307964778,0.713441900327868,0.713441900327868,0.6708963877696171,0.713441900327868,0.7149178413576868
44,7,0.6367228514136201,0.7322298524016195,0.6367228514136201,0.7571508796213944,0.6967368253543814,0.6367228514136201,0.6367228514136201,0.682408970299895,0.6367228514136201,0.6527707251078374
44,8,0.6674696643346467,0.64634548852327,0.6674696643346467,0.7114751734607944,0.7012633543108938,0.6674696643346467,0.6674696643346466,0.6474927712782147,0.6674696643346467,0.6676051872094542
44,9,0.47890992787796094,0.6737851713488868,0.47890992787796094,0.6990336248030062,0.6949965171243152,0.47890992787796094,0.47890992787796094,0.6006803313871918,0.47890992787796094,0.426683898126697
44,10,0.6205596271766451,0.6786453363022142,0.6205596271766451,0.7402647882101248,0.699945412330293,0.6205596271766451,0.6205596271766451,0.6373154829829248,0.6205596271766451,0.5999448869866453
44,11,0.6023967454619744,0.6983305991220975,0.6023967454619744,0.7258913474337219,0.6953574662380664,0.6023967454619744,0.6023967454619744,0.6482258020634764,0.6023967454619744,0.6016301950182982
44,12,0.5306515181237137,0.7086875500735756,0.5306515181237137,0.7185171904594032,0.6740861845072476,0.5306515181237137,0.5306515181237137,0.6081324201184227,0.5306515181237137,0.48684661281303093
44,13,0.6099779553537138,0.7014031819398776,0.6099779553537138,0.7449687581013983,0.6504449816520739,0.6099779553537138,0.6099779553537138,0.6208967581177405,0.6099779553537138,0.5977952399915875
44,14,0.6424053205998544,0.7700066995223713,0.6424053205998544,0.8105877556637263,0.7104273310811791,0.6424053205998544,0.6424053205998546,0.6630899176204905,0.6424053205998544,0.6290599995772108
44,15,0.5088397424001818,0.6690750659001109,0.5088397424001818,0.7365371987823672,0.7251996853409275,0.5088397424001818,0.5088397424001818,0.5996032992870468,0.5088397424001818,0.465986503891041
44,16,0.49302851883821563,0.6477995471260924,0.49302851883821563,0.7207627801728003,0.7268486584194458,0.49302851883821563,0.49302851883821563,0.5959960245738594,0.49302851883821563,0.43121338334993997
44,17,0.6342366375646609,0.6886334336608086,0.6342366375646609,0.7352881062609875,0.7071811915352045,0.6342366375646609,0.6342366375646609,0.6434611419243084,0.6342366375646609,0.6007895894624602
44,18,0.6424812404920093,0.6669319952635887,0.6424812404920093,0.7353207125350545,0.7282741080133144,0.6424812404920093,0.6424812404920092,0.6343900893641691,0.6424812404920093,0.6044668657356975
44,19,0.6144365066702177,0.6885964549925587,0.6144365066702177,0.7220773563473724,0.7184300379837154,0.6144365066702177,0.6144365066702178,0.658181404013928,0.6144365066702177,0.6171906418954145
45,0,0.6711413250186338,0.6561919814515902,0.6711413250186338,0.722594263297434,0.6218922670232864,0.6711413250186338,0.6711413250186338,0.572901064358784,0.6711413250186338,0.6649651131719352
45,1,0.46620733118533625,0.6282756344527075,0.46620733118533625,0.7131803747429832,0.6898508258684826,0.46620733118533625,0.4662073311853363,0.5567401941822387,0.46620733118533625,0.4107459123634577
45,2,0.6635945903777996,0.7355202405952018,0.6635945903777996,0.753405935516067,0.6592689696769258,0.6635945903777996,0.6635945903777994,0.633514005845244,0.6635945903777996,0.6686434754446937
45,3,0.6355897214687795,0.7110777460122888,0.6355897214687795,0.7461591547547114,0.7424443652770144,0.6355897214687795,0.6355897214687796,0.6816115249392658,0.6355897214687795,0.640788232692997
45,4,0.6708725853269429,0.6820357601525673,0.6708725853269429,0.7558536017621927,0.7288860338753183,0.6708725853269429,0.6708725853269429,0.6491036904765846,0.6708725853269429,0.67094280311353
45,5,0.6542093305640383,0.7296197058335021,0.6542093305640383,0.7529612477696623,0.6898474519290249,0.6542093305640383,0.6542093305640384,0.6727811818493028,0.6542093305640383,0.6742745771967789
45,6,0.7170276981228086,0.6964657356955902,0.7170276981228086,0.7402562236231142,0.6893904731256344,0.7170276981228086,0.7170276981228086,0.6731647637381656,0.7170276981228086,0.7182799732273826
45,7,0.6426767551224787,0.7313645955710826,0.6426767551224787,0.7592617675418676,0.7054139041290854,0.6426767551224787,0.6426767551224787,0.6876370299310813,0.6426767551224787,0.656301055608721
45,8,0.6752290118435961,0.6533655905833742,0.6752290118435961,0.7147787541318703,0.7053771836962908,0.6752290118435961,0.6752290118435961,0.6550568459381341,0.6752290118435961,0.6737843639794133
45,9,0.4831968463415765,0.6747384426956875,0.4831968463415765,0.7019813582558498,0.7004637011833813,0.4831968463415765,0.48319684634157656,0.6060076722834211,0.4831968463415765,0.4322307502644287
45,10,0.6197906711086153,0.6889997755178386,0.6197906711086153,0.7422169069487256,0.699480393858956,0.6197906711086153,0.6197906711086154,0.6374870113859511,0.6197906711086153,0.5995226407801308
45,11,0.5930339735477254,0.6946430655122756,0.5930339735477254,0.7233213035215604,0.6873790412590022,0.5930339735477254,0.5930339735477255,0.6369716817667759,0.5930339735477254,0.5925975616102134
45,12,0.5087809207456727,0.6509519671284607,0.5087809207456727,0.691951166490282,0.6394230675144894,0.5087809207456727,0.5087809207456727,0.5532021275177519,0.5087809207456727,0.4598847750360502
45,13,0.6065138895767935,0.698176157396522,0.6065138895767935,0.7436360477030882,0.6441435526083374,0.6065138895767935,0.6065138895767935,0.6139126579933611,0.6065138895767935,0.5934042421935647
45,14,0.643932453412181,0.768488659425205,0.643932453412181,0.8091451136571174,0.7123311960764415,0.643932453412181,0.6439324534121811,0.6637757792627272,0.643932453412181,0.6301932615939709
45,15,0.5059083238960044,0.6657764586316295,0.5059083238960044,0.7302117017991997,0.7205816570502255,0.5059083238960044,0.5059083238960045,0.5967180553119913,0.5059083238960044,0.46239632863483193
45,16,0.4951697943277154,0.6457864842408535,0.4951697943277154,0.7209542123697832,0.7270406301287677,0.4951697943277154,0.4951697943277154,0.5947969440195501,0.4951697943277154,0.4334800141077313
45,17,0.6322093813012001,0.6874212926893486,0.6322093813012001,0.7334989189942542,0.7033830230636602,0.6322093813012001,0.6322093813012,0.6411514802833869,0.6322093813012001,0.5993056237163801
45,18,0.6407482783515032,0.6662725400523306,0.6407482783515032,0.728685295693827,0.7271812191165283,0.6407482783515032,0.6407482783515032,0.6360816337156923,0.6407482783515032,0.6036942356947169
45,19,0.6093067566009187,0.6866352063782909,0.6093067566009187,0.7198345466406433,0.7149303647528694,0.6093067566009187,0.6093067566009187,0.6539721234484565,0.6093067566009187,0.612114533255463
46,0,0.6678132088160372,0.6503605579490834,0.6678132088160372,0.7188241157035141,0.6194219715209119,0.6678132088160372,0.6678132088160371,0.5686718350261649,0.6678132088160372,0.6610998525094958
46,1,0.466732172740893,0.6258031793421499,0.466732172740893,0.7110063802201967,0.6925061212441479,0.466732172740893,0.466732172740893,0.5576497320671238,0.466732172740893,0.4108153881386502
46,2,0.6853861084067295,0.752042112262949,0.6853861084067295,0.7593626979971388,0.6714244787113464,0.6853861084067295,0.6853861084067295,0.6529794605897823,0.6853861084067295,0.6829003180107747
46,3,0.6294662292615336,0.7091421441406617,0.6294662292615336,0.745269323220326,0.7401787513257283,0.6294662292615336,0.6294662292615336,0.677569064273408,0.6294662292615336,0.6341232855911474
46,4,0.6604286286572224,0.666357206349143,0.6604286286572224,0.7462329980588933,0.7157605104973129,0.6604286286572224,0.6604286286572224,0.6303634836786924,0.6604286286572224,0.6572679998683274
46,5,0.6545888370996074,0.7269259926942713,0.6545888370996074,0.7527633502820689,0.6906235186993895,0.6545888370996074,0.6545888370996074,0.6716243664036582,0.6545888370996074,0.6741407006863842
46,6,0.7167850704136092,0.6985353686334608,0.7167850704136092,0.7417870008518239,0.6892521305529802,0.7167850704136092,0.7167850704136092,0.6736532461366023,0.7167850704136092,0.7184697637040057
46,7,0.6381394032324775,0.7313106040987192,0.6381394032324775,0.7600905355096861,0.7017088943948208,0.6381394032324775,0.6381394032324776,0.6843268049148963,0.6381394032324775,0.6518209353586227
46,8,0.6720899984323518,0.6516026767379149,0.6720899984323518,0.7133109212887616,0.7032672621578488,0.6720899984323518,0.6720899984323518,0.653793899460214,0.6720899984323518,0.6712289821343131
46,9,0.4830272578431893,0.6730517263418797,0.4830272578431893,0.7009728591504579,0.6983132076832801,0.4830272578431893,0.48302725784318934,0.6039198000876095,0.4830272578431893,0.43252969157116994
46,10,0.6180141270471539,0.6767042541367239,0.6180141270471539,0.738097782055073,0.7000756062311393,0.6180141270471539,0.6180141270471539,0.6352944189913312,0.6180141270471539,0.5976400078923697
46,11,0.6169154723532184,0.7055516251502005,0.6169154723532184,0.7314590061273147,0.7058338974358443,0.6169154723532184,0.6169154723532184,0.6625179182760221,0.6169154723532184,0.6174006446747723
46,12,0.5266440257503175,0.6818978191624647,0.5266440257503175,0.7107571431363808,0.6632420444768885,0.5266440257503175,0.5266440257503175,0.5819209484997389,0.5266440257503175,0.48093445739998936
46,13,0.7063587695327619,0.8091074872514581,0.7063587695327619,0.8187586437578296,0.7800073010644061,0.7063587695327619,0.7063587695327619,0.7483889511164129,0.7063587695327619,0.69474699606332
46,14,0.6455739771513649,0.765043271044721,0.6455739771513649,0.8082253605003306,0.7155846216581253,0.6455739771513649,0.6455739771513649,0.6656144456483,0.6455739771513649,0.6312094098519159
46,15,0.5153358646778566,0.6769526339791105,0.5153358646778566,0.7395334129539266,0.7284394538911043,0.5153358646778566,0.5153358646778565,0.6084154596960676,0.5153358646778566,0.47434026087518727
46,16,0.4969634366268225,0.6587603961141484,0.4969634366268225,0.7252748730202115,0.728230510050198,0.4969634366268225,0.4969634366268225,0.6021335416610555,0.4969634366268225,0.4373213253819645
46,17,0.6329136614268313,0.6908075283154906,0.6329136614268313,0.7353641337012902,0.7048263454444501,0.6329136614268313,0.6329136614268311,0.6429302395762073,0.6329136614268313,0.6002823406088957
46,18,0.6283872747109724,0.6435926925302274,0.6283872747109724,0.7188174336396053,0.708922523855749,0.6283872747109724,0.6283872747109724,0.6114542502734199,0.6283872747109724,0.5919502234820775
46,19,0.604465632217094,0.6827188930104298,0.604465632217094,0.7164566185534299,0.7095882392883458,0.604465632217094,0.604465632217094,0.6482211961927102,0.604465632217094,0.6063689614660963
47,0,0.6711921551055477,0.6547679004051583,0.6711921551055477,0.7219652144940731,0.6234966444290492,0.6711921551055477,0.6711921551055477,0.5737237721522073,0.6711921551055477,0.6646017567916044
47,1,0.4681156431869145,0.6281141717716909,0.4681156431869145,0.7174168846373683,0.6909073617650974,0.4681156431869145,0.4681156431869145,0.5568638750921597,0.4681156431869145,0.4135361966053683
47,2,0.6888638341887253,0.7596367480514676,0.6888638341887253,0.7616553745012611,0.6778962854022949,0.6888638341887253,0.6888638341887253,0.6637151245287557,0.6888638341887253,0.6867101220164774
47,3,0.6273420520096794,0.7047913413822069,0.6273420520096794,0.7428598038030026,0.7392913905291837,0.6273420520096794,0.6273420520096794,0.6749453514756224,0.6273420520096794,0.6313371383422454
47,4,0.657073564145293,0.6594966392373833,0.657073564145293,0.7425688170113347,0.7154974921651418,0.657073564145293,0.6570735641452929,0.6257643987388379,0.657073564145293,0.6525248493249156
47,5,0.6517551759106647,0.7262129444834801,0.6517551759106647,0.7520660204829106,0.6867455224205998,0.6517551759106647,0.6517551759106647,0.668511866011279,0.6517551759106647,0.6719487816226317
47,6,0.7173292404117219,0.6984496632275837,0.7173292404117219,0.7410319626862771,0.6890135698507893,0.7173292404117219,0.7173292404117219,0.6737118459954369,0.7173292404117219,0.7188120700817102
47,7,0.640022160802792,0.7326705894958226,0.640022160802792,0.7599644960790073,0.7029087823696563,0.640022160802792,0.640022160802792,0.6857747586801078,0.640022160802792,0.6531212888533948
47,8,0.6755310187585323,0.6529886918485648,0.6755310187585323,0.7149895555662954,0.7060456252278136,0.6755310187585323,0.6755310187585324,0.6567264613607908,0.6755310187585323,0.6749096235585453
47,9,0.43517310060649494,0.6136100914615799,0.43517310060649494,0.6629885898235666,0.6102016641882937,0.43517310060649494,0.43517310060649494,0.5180460138313987,0.43517310060649494,0.3917201242540259
47,10,0.6214434387975553,0.6802320511587499,0.6214434387975553,0.7396781760035168,0.7009391731981205,0.6214434387975553,0.6214434387975553,0.6380052110088663,0.6214434387975553,0.6006157946245445
47,11,0.6121635561658056,0.7033733853050312,0.6121635561658056,0.7292462039014063,0.6986546746358357,0.6121635561658056,0.6121635561658056,0.6536809443334322,0.6121635561658056,0.6111321694950373
47,12,0.5067275524997206,0.6447866962971052,0.5067275524997206,0.690384499612146,0.6350634585486705,0.5067275524997206,0.5067275524997206,0.5468839651685627,0.5067275524997206,0.4635763921849757
47,13,0.7034165717048514,0.8058441265055112,0.7034165717048514,0.8164692844772314,0.7731908043421227,0.7034165717048514,0.7034165717048514,0.7422533201359199,0.7034165717048514,0.6918348318541213
47,14,0.6440281663729146,0.7654433662223773,0.6440281663729146,0.8067230492416477,0.7124677308992465,0.6440281663729146,0.6440281663729146,0.6644832984341023,0.6440281663729146,0.6296641742676223
47,15,0.5200658505169847,0.6758067295503433,0.5200658505169847,0.7380344707654038,0.7307788213481332,0.5200658505169847,0.5200658505169847,0.611849020332303,0.5200658505169847,0.48057406844360173
47,16,0.500743726874982,0.6581299257971758,0.500743726874982,0.724684890695938,0.7309925426723971,0.500743726874982,0.500743726874982,0.6046950058340161,0.500743726874982,0.442745862014998
47,17,0.6317166918664334,0.6872395625006773,0.6317166918664334,0.7337956148057371,0.7033403058819828,0.6317166918664334,0.6317166918664334,0.6398899291734784,0.6317166918664334,0.5990634886087468
47,18,0.6090605977339445,0.6310021981700065,0.6090605977339445,0.712638130298769,0.6766997697348754,0.6090605977339445,0.6090605977339445,0.5852618501844231,0.6090605977339445,0.5768393063958192
47,19,0.6506581009452073,0.7095448790930687,0.6506581009452073,0.7348989627727424,0.747453123505371,0.6506581009452073,0.6506581009452074,0.6897438237756977,0.6506581009452073,0.6506809307202388
48,0,0.6678650610802016,0.6530028454986088,0.6678650610802016,0.7209321232220582,0.623431207413334,0.6678650610802016,0.6678650610802016,0.5735000096491859,0.6678650610802016,0.6622333791991926
48,1,0.47622364606350714,0.6277302726701808,0.47622364606350714,0.7103158304364314,0.6990294164605572,0.47622364606350714,0.4762236460635072,0.5670429996510634,0.47622364606350714,0.42393587598635396
48,2,0.6883192924897943,0.7625505956152074,0.6883192924897943,0.7617239526904394,0.6793119907501913,0.6883192924897943,0.6883192924897943,0.6669557026292439,0.6883192924897943,0.6864634328385093
48,3,0.625285059680748,0.7031692866618102,0.625285059680748,0.74183998748993,0.7386264676876781,0.625285059680748,0.625285059680748,0.6740305857374171,0.625285059680748,0.6294644356893433
48,4,0.6492177602739733,0.6477792651003801,0.6492177602739733,0.7356659348003947,0.7085078403604566,0.6492177602739733,0.6492177602739733,0.6141589945819517,0.6492177602739733,0.6438237722390941
48,5,0.6579122141167696,0.7275508934170447,0.6579122141167696,0.7539760327079159,0.6916659583592738,0.6579122141167696,0.6579122141167696,0.6728384322478812,0.6579122141167696,0.6770620878563827
48,6,0.7205040300267355,0.70039333263186,0.7205040300267355,0.7437360261724388,0.6934674315268909,0.7205040300267355,0.7205040300267355,0.6773873624237047,0.7205040300267355,0.7219529469653334
48,7,0.6355400064843207,0.7314224213121946,0.6355400064843207,0.7595104261999504,0.6995724024551115,0.6355400064843207,0.6355400064843209,0.681908037480553,0.6355400064843207,0.6479907403225431
48,8,0.6791475747961941,0.6568081696552828,0.6791475747961941,0.7166946992085024,0.7075908903821547,0.6791475747961941,0.6791475747961941,0.660012518242659,0.6791475747961941,0.6778691424543384
48,9,0.4709899126902655,0.6536331353834945,0.4709899126902655,0.6923357857419385,0.672374740702944,0.4709899126902655,0.47098991269026547,0.5795067493464645,0.4709899126902655,0.42842596000422517
48,10,0.6189637297129178,0.6816801653947193,0.6189637297129178,0.7399005558268366,0.6995558273800879,0.6189637297129178,0.6189637297129178,0.6370006661712917,0.6189637297129178,0.5991367357281402
48,11,0.5981175397903403,0.7002206857006661,0.5981175397903403,0.7262623289428387,0.6893627189394013,0.5981175397903403,0.5981175397903402,0.6423778462018421,0.5981175397903403,0.598174754369269
48,12,0.5315139569475669,0.6786428837888255,0.5315139569475669,0.7096748229556491,0.6706461157140406,0.5315139569475669,0.5315139569475669,0.5878243214578361,0.5315139569475669,0.4905486870563343
48,13,0.701838144179588,0.8033049722859333,0.701838144179588,0.8149685474084161,0.7745086503775337,0.701838144179588,0.701838144179588,0.7418040208717489,0.701838144179588,0.6894361385162063
48,14,0.6430959407204101,0.7638998435829528,0.6430959407204101,0.8063454950576456,0.7106711708701907,0.6430959407204101,0.6430959407204102,0.6610177483278257,0.6430959407204101,0.6284916053812524
48,15,0.525665151645106,0.6808580683027471,0.525665151645106,0.7414642251891317,0.7356376412444927,0.525665151645106,0.525665151645106,0.6189363399724718,0.525665151645106,0.48865812354728927
48,16,0.501221176576195,0.660105078818986,0.501221176576195,0.725735235129281,0.731351829631699,0.501221176576195,0.5012211765761949,0.6045866983226686,0.501221176576195,0.4427229489092296
48,17,0.6329612391315842,0.6905920516718361,0.6329612391315842,0.7345297385910408,0.7042780171304681,0.6329612391315842,0.6329612391315842,0.6427546981730834,0.6329612391315842,0.6006785939350628
48,18,0.6366276030789094,0.6788513794301794,0.6366276030789094,0.7464268735431463,0.6964735254731057,0.6366276030789094,0.6366276030789093,0.62764728193323,0.6366276030789094,0.6205570039364182
48,19,0.6434250817950882,0.698672821512889,0.6434250817950882,0.7269931974985644,0.737120235398884,0.6434250817950882,0.6434250817950882,0.6771148361254279,0.6434250817950882,0.6427620590882619
49,0,0.6689436439299444,0.6524574375798274,0.6689436439299444,0.7208080094683765,0.6222125869878318,0.6689436439299444,0.6689436439299444,0.5727160458943928,0.6689436439299444,0.662989757754332
49,1,0.4793172190497041,0.6267664615698849,0.4793172190497041,0.709299851721688,0.7017808387342258,0.4793172190497041,0.47931721904970415,0.5702357622343612,0.4793172190497041,0.42844437743953345
49,2,0.6806634636587645,0.7584475609401292,0.6806634636587645,0.7597260135450734,0.6711497703436116,0.6806634636587645,0.6806634636587645,0.655739277723418,0.6806634636587645,0.679705059689109
49,3,0.6219449561267585,0.7018243384494308,0.6219449561267585,0.74085899976671,0.7385345738972239,0.6219449561267585,0.6219449561267585,0.6721750897396332,0.6219449561267585,0.6252655032959733
49,4,0.6627551040794816,0.6586113374556928,0.6627551040794816,0.743928096345807,0.7200635573830622,0.6627551040794816,0.6627551040794816,0.6299570522979892,0.6627551040794816,0.6585597058685592
49,5,0.655161070509508,0.7254701607966969,0.655161070509508,0.7527807510355852,0.6896654975982572,0.655161070509508,0.655161070509508,0.6697649020995904,0.655161070509508,0.674248895508269
49,6,0.7172817556321734,0.6990137802996825,0.7172817556321734,0.7426993799541153,0.6913522905133908,0.7172817556321734,0.7172817556321733,0.6748667492045911,0.7172817556321734,0.7189967601823382
49,7,0.6378485473420928,0.7297461003433334,0.6378485473420928,0.7581212576705116,0.7009371385619472,0.6378485473420928,0.6378485473420928,0.6827447226202048,0.6378485473420928,0.6507825686491155
49,8,0.679521598744692,0.6573629783482189,0.679521598744692,0.7170959116279949,0.7087811019214609,0.679521598744692,0.679521598744692,0.6607617155937286,0.679521598744692,0.6782275812576635
49,9,0.48519891987459185,0.6654747804487017,0.48519891987459185,0.698745031354872,0.6903880122389836,0.48519891987459185,0.48519891987459185,0.5988788143692778,0.48519891987459185,0.4439704739614863
49,10,0.618312231103497,0.6821593960806321,0.618312231103497,0.7399902043885869,0.6999128684955512,0.618312231103497,0.6183122311034971,0.6375230908183207,0.618312231103497,0.5987494065921004
49,11,0.6379651684738605,0.7122151433635158,0.6379651684738605,0.7376736813672691,0.7183416207755716,0.6379651684738605,0.6379651684738605,0.6780682739944159,0.6379651684738605,0.6371768460620735
49,12,0.5442531661708023,0.687943105258827,0.5442531661708023,0.7150385911606747,0.6806388842217521,0.5442531661708023,0.5442531661708023,0.6032048310406051,0.5442531661708023,0.5069220369199812
49,13,0.696634146871817,0.7906907505642851,0.696634146871817,0.8078655370513417,0.767935712705353,0.696634146871817,0.696634146871817,0.7325576616804005,0.696634146871817,0.6825786633538596
49,14,0.6429262592968182,0.7624352058626147,0.6429262592968182,0.8053050918459044,0.7113800981441831,0.6429262592968182,0.6429262592968182,0.6618963977909433,0.6429262592968182,0.6282422997986039
49,15,0.5297051678401107,0.6828966698653842,0.5297051678401107,0.7412110238238634,0.7385202659759288,0.5297051678401107,0.5297051678401107,0.6242290685616317,0.5297051678401107,0.4934240733101626
49,16,0.5044158521849922,0.660467782734455,0.5044158521849922,0.7253765790495963,0.7325083801543721,0.5044158521849922,0.5044158521849922,0.606607568509919,0.5044158521849922,0.4482808687364993
49,17,0.6324743110595025,0.6896271138134551,0.6324743110595025,0.7351216121349886,0.7052286402465875,0.6324743110595025,0.6324743110595025,0.6428235708607393,0.6324743110595025,0.6001185481805407
49,18,0.6455025176690307,0.6971205472359602,0.6455025176690307,0.7556157627019244,0.7100238999485589,0.6455025176690307,0.6455025176690308,0.6447272831318202,0.6455025176690307,0.6269090846125401
49,19,0.6369079584211748,0.6942859441461358,0.6369079584211748,0.7255353199459843,0.7335472259560493,0.6369079584211748,0.6369079584211748,0.6718048984206555,0.6369079584211748,0.6366924887085691
50,0,0.6643256329623543,0.6389808692372445,0.6643256329623543,0.7129080326755775,0.6120312361800957,0.6643256329623543,0.6643256329623543,0.5578251862763546,0.6643256329623543,0.6555798597146156
50,1,0.48001285713130787,0.6299603085090892,0.48001285713130787,0.7053096314177981,0.701561413909219,0.48001285713130787,0.4800128571313078,0.5727541825663964,0.48001285713130787,0.43012170576251085
50,2,0.6831196626666393,0.7604813039069555,0.6831196626666393,0.7602166230212919,0.6755696827747311,0.6831196626666393,0.6831196626666394,0.660776052363254,0.6831196626666393,0.6817027340608574
50,3,0.618174330099877,0.6998448145568548,0.618174330099877,0.7402450991015793,0.7374570754648884,0.618174330099877,0.6181743300998769,0.6697263065407939,0.618174330099877,0.6213683327503355
50,4,0.6533799731130213,0.6478887733861853,0.6533799731130213,0.7380305814057136,0.7110762056208425,0.6533799731130213,0.6533799731130212,0.6158901580467671,0.6533799731130213,0.6478724753955021
50,5,0.657493771920475,0.7269943393585184,0.657493771920475,0.7533154109155258,0.6892720633842373,0.657493771920475,0.657493771920475,0.6704567468520377,0.657493771920475,0.676361950877616
50,6,0.720874708667868,0.7003755477087421,0.720874708667868,0.7435388514916148,0.6935080067575858,0.720874708667868,0.720874708667868,0.6780382435848882,0.720874708667868,0.7220905807860778
50,7,0.6375874275171789,0.7302302792156372,0.6375874275171789,0.7593273662605786,0.7017111468526697,0.6375874275171789,0.6375874275171788,0.6836556750617904,0.6375874275171789,0.6511915347667525
50,8,0.6784594636561626,0.6567529135521084,0.6784594636561626,0.7163062692199111,0.7092032661151829,0.6784594636561626,0.6784594636561626,0.6611177873549784,0.6784594636561626,0.6770692605473565
50,9,0.4883035509601357,0.6681043709604901,0.4883035509601357,0.6996708705928079,0.6930686078635172,0.4883035509601357,0.4883035509601357,0.6026284276250904,0.4883035509601357,0.4470211098564346
50,10,0.7092069270536214,0.8053965395196381,0.7092069270536214,0.8160077290564447,0.7987755297182265,0.7092069270536214,0.7092069270536214,0.7688583147579138,0.7092069270536214,0.6934235355426617
50,11,0.6318320120453367,0.7100920033814715,0.6318320120453367,0.7354582419301732,0.7101453899007368,0.6318320120453367,0.6318320120453367,0.6693500075360743,0.6318320120453367,0.6306759029225373
50,12,0.5461954887972625,0.6847838521212493,0.5461954887972625,0.7126737804049239,0.6818482037590459,0.5461954887972625,0.5461954887972625,0.6057503931380659,0.5461954887972625,0.5090402132773415
50,13,0.6970369776337396,0.7932420613648323,0.6970369776337396,0.8093136451263625,0.7699802570289122,0.6970369776337396,0.6970369776337396,0.7346514906236908,0.6970369776337396,0.6826352800295901
50,14,0.6387170263042448,0.7602468058837808,0.6387170263042448,0.8028019899799825,0.7046725721037612,0.6387170263042448,0.6387170263042448,0.6556898528724127,0.6387170263042448,0.6240516778589169
50,15,0.5300153521730513,0.6872647059118342,0.5300153521730513,0.741170607332456,0.7384414181273884,0.5300153521730513,0.5300153521730513,0.6277399908023383,0.5300153521730513,0.49381335481226857
50,16,0.5051085166600489,0.6626843608937718,0.5051085166600489,0.7257095897830381,0.7339042554724657,0.5051085166600489,0.5051085166600489,0.6089068253501452,0.5051085166600489,0.4490093394939517
50,17,0.632202969462083,0.6888571068034377,0.632202969462083,0.7353728911098805,0.7052600158857854,0.632202969462083,0.632202969462083,0.6420679708207154,0.632202969462083,0.5998535613253242
50,18,0.6584906735153782,0.7036871681128816,0.6584906735153782,0.7626590544797038,0.7345624697529932,0.6584906735153782,0.6584906735153782,0.6611426902785963,0.6584906735153782,0.6345610964626556
50,19,0.6280748601731215,0.6873505618230709,0.6280748601731215,0.7212249955819879,0.7256956685970954,0.6280748601731215,0.6280748601731214,0.661233552231841,0.6280748601731215,0.6273999252683514
