round,cid,accuracy,precision_macro,precision_micro,precision_weighted,recall_macro,recall_micro,recall_weighted,f1_macro,f1_micro,f1_weighted
38,0,0.6244504984182736,0.6415702533963035,0.6244504984182736,0.6851397877365789,0.5893386121205287,0.6244504984182736,0.6244504984182736,0.5783093928320597,0.6244504984182736,0.6280775581511107
38,1,0.527747977180915,0.5310659439473668,0.527747977180915,0.6451123265355723,0.6013438392058583,0.527747977180915,0.527747977180915,0.497519572749423,0.527747977180915,0.5171956007819357
38,2,0.38952405847485766,0.5161483697097327,0.38952405847485766,0.6050236507597713,0.5176474607697776,0.38952405847485766,0.3895240584748576,0.4007035277631247,0.38952405847485766,0.34442259798259955
38,3,0.5114709195683104,0.5720993722356233,0.5114709195683104,0.6298376173466128,0.5793510752309354,0.5114709195683104,0.5114709195683104,0.5186187538104332,0.5114709195683104,0.5070697114775271
38,4,0.5287172799900532,0.6165442495113109,0.5287172799900532,0.7034535733110928,0.5998770238759545,0.5287172799900532,0.5287172799900532,0.5241256096484911,0.5287172799900532,0.5387537869909835
38,5,0.47931052843497324,0.5697663155702462,0.47931052843497324,0.6322065288971852,0.6574782984723706,0.47931052843497324,0.4793105284349733,0.5569237253234525,0.47931052843497324,0.44192685171256213
38,6,0.4940170571647052,0.5485067637131147,0.4940170571647052,0.6456607286251688,0.6444254225464201,0.4940170571647052,0.4940170571647051,0.5293917376155373,0.4940170571647052,0.4853001022737222
38,7,0.4838459288956778,0.60231199109331,0.4838459288956778,0.6705225689575408,0.6331658657466659,0.4838459288956778,0.4838459288956778,0.5534526556122163,0.4838459288956778,0.4644472845848073
38,8,0.5144697088458197,0.5861991808361132,0.5144697088458197,0.6515766032677717,0.5684708684383323,0.5144697088458197,0.5144697088458197,0.5112649483170381,0.5144697088458197,0.5214965497793338
38,9,0.5292831944860413,0.6250289812288725,0.5292831944860413,0.6519936062915895,0.48701087069283994,0.5292831944860413,0.5292831944860414,0.4591598830333526,0.5292831944860413,0.5302960566942597
38,10,0.5911069835800234,0.6852480823893584,0.5911069835800234,0.7008584998533407,0.5746761341589139,0.5911069835800234,0.5911069835800233,0.5575844185132401,0.5911069835800234,0.5992861404597477
38,11,0.5189678462994813,0.5234332466240534,0.5189678462994813,0.6478300096542384,0.6452295466470075,0.5189678462994813,0.5189678462994813,0.524123454943308,0.5189678462994813,0.5081214047676377
38,12,0.5029678916469812,0.5573544864472448,0.5029678916469812,0.6457536167392607,0.6239678445074948,0.5029678916469812,0.5029678916469812,0.5474967864078877,0.5029678916469812,0.507685531562349
38,13,0.4850073081027154,0.583778232320028,0.4850073081027154,0.664280144236674,0.6095993862990872,0.4850073081027154,0.4850073081027154,0.499024896210963,0.4850073081027154,0.4691344484861438
38,14,0.44511488947058003,0.57384331624873,0.44511488947058003,0.6579948051317366,0.5528768445472171,0.44511488947058003,0.4451148894705801,0.4663597282946933,0.44511488947058003,0.40783344892582574
38,15,0.5350032983801372,0.6131821089848015,0.5350032983801372,0.6711357245067495,0.6236649582497907,0.5350032983801372,0.5350032983801372,0.5640439339753136,0.5350032983801372,0.5254834528173945
38,16,0.6366715567006832,0.6239521075488845,0.6366715567006832,0.6904589211402077,0.672021338862152,0.6366715567006832,0.6366715567006831,0.6230554766497717,0.6366715567006832,0.6453963689150437
38,17,0.46197338008834027,0.5829337983718219,0.46197338008834027,0.6472730575374508,0.6461851371090268,0.46197338008834027,0.4619733800883403,0.5392193204119959,0.46197338008834027,0.4109879081059728
38,18,0.48308487147003865,0.46491194536112895,0.48308487147003865,0.5674939667379997,0.406833530502529,0.48308487147003865,0.4830848714700386,0.34980840083856823,0.48308487147003865,0.4801296719749555
38,19,0.5370099252481777,0.5631208267523786,0.5370099252481777,0.6612391099668481,0.5853386849993505,0.5370099252481777,0.5370099252481777,0.5104526522280894,0.5370099252481777,0.5164785383455428
38,20,0.5456147062685391,0.48134217267859375,0.5456147062685391,0.595001822210056,0.516440485141533,0.5456147062685391,0.5456147062685391,0.4535047302597667,0.5456147062685391,0.5428649907356708
38,21,0.5202622943995001,0.4862811634904271,0.5202622943995001,0.5926563106933306,0.4340523508554403,0.5202622943995001,0.5202622943995001,0.39631527866845606,0.5202622943995001,0.515996414214445
38,22,0.48592624545096275,0.5806099493088188,0.48592624545096275,0.6716400798592267,0.5904817565571385,0.48592624545096275,0.48592624545096275,0.49221050259191934,0.48592624545096275,0.4711342117879207
38,23,0.5433651729156853,0.5646820078670444,0.5433651729156853,0.6444494550782918,0.6288996138726775,0.5433651729156853,0.5433651729156854,0.5469479621314046,0.5433651729156853,0.5105692048266355
38,24,0.5042229394602514,0.5931150464597585,0.5042229394602514,0.6762007758908831,0.6384319145962982,0.5042229394602514,0.5042229394602513,0.531773704538773,0.5042229394602514,0.48567608667220197
38,25,0.48266150423790044,0.5393576047135448,0.48266150423790044,0.6442199932807201,0.6495133530617537,0.48266150423790044,0.48266150423790044,0.5183173181640153,0.48266150423790044,0.4363376500806927
38,26,0.633761696843972,0.5968706167191866,0.633761696843972,0.6773627371187354,0.6638900567091293,0.633761696843972,0.633761696843972,0.5926780569728345,0.633761696843972,0.6255108416583242
38,27,0.524054479073848,0.5586097356598081,0.524054479073848,0.6487012655521408,0.5920312963868304,0.524054479073848,0.524054479073848,0.5164551880831727,0.524054479073848,0.5059765024229138
38,28,0.41394703244753,0.47920948787019085,0.41394703244753,0.5950343064430325,0.5561221517651871,0.41394703244753,0.41394703244753006,0.4350078445870471,0.41394703244753,0.3758084072170865
38,29,0.4333804804846384,0.5686587339915634,0.4333804804846384,0.6629876359203224,0.6017374423981563,0.4333804804846384,0.4333804804846384,0.46603161785554104,0.4333804804846384,0.39293603919846387
38,30,0.5023292167157947,0.5388838992780159,0.5023292167157947,0.6208936516213913,0.5677144134197459,0.5023292167157947,0.5023292167157947,0.4962747369564521,0.5023292167157947,0.5015062931918612
38,31,0.5469764322166852,0.5566307312525907,0.5469764322166852,0.6696649900732471,0.6301634605884292,0.5469764322166852,0.5469764322166852,0.532882266217203,0.5469764322166852,0.5496632589485837
38,32,0.5189443362227186,0.6415204231340617,0.5189443362227186,0.7045590611508316,0.5096338341952447,0.5189443362227186,0.5189443362227187,0.4542565104974642,0.5189443362227186,0.5134192263683136
38,33,0.4968830563248472,0.6191453572016083,0.4968830563248472,0.6774970824365467,0.5946306582388922,0.4968830563248472,0.4968830563248472,0.5312823511012817,0.4968830563248472,0.48963110994686193
38,34,0.4631980413597076,0.6022463682763205,0.4631980413597076,0.6391492472166139,0.6095093831005653,0.4631980413597076,0.4631980413597076,0.528283443236708,0.4631980413597076,0.42481514755773964
38,35,0.5229298982478302,0.4433616948840941,0.5229298982478302,0.6014410363852674,0.4357020856166081,0.5229298982478302,0.5229298982478302,0.35322588602016464,0.5229298982478302,0.5209304530608957
38,36,0.5240414695452046,0.6171027744345257,0.5240414695452046,0.6735474493355028,0.5485108957158803,0.5240414695452046,0.5240414695452045,0.49330197407487325,0.5240414695452046,0.5036470564558138
38,37,0.5628626464187602,0.5905378211914702,0.5628626464187602,0.6623920196177179,0.5478085363725108,0.5628626464187602,0.5628626464187603,0.4686388682377792,0.5628626464187602,0.5552431043049266
38,38,0.6015562369864059,0.6064643110680191,0.6015562369864059,0.6865962003119281,0.631884104837523,0.6015562369864059,0.6015562369864059,0.5481562152502516,0.6015562369864059,0.6009835453691617
38,39,0.5863535805893372,0.6310943975985805,0.5863535805893372,0.7116809691549824,0.6601999175233795,0.5863535805893372,0.5863535805893372,0.5797827142960769,0.5863535805893372,0.5651263488626761
38,40,0.590424819653086,0.5885280452809061,0.590424819653086,0.6724966662124687,0.5996105965088816,0.590424819653086,0.590424819653086,0.5281390058051993,0.590424819653086,0.5843243738743137
38,41,0.5241897781717394,0.6262889570972223,0.5241897781717394,0.6789605964347671,0.5888594829642217,0.5241897781717394,0.5241897781717394,0.5406689887919423,0.5241897781717394,0.5116445138838457
38,42,0.4359181748969436,0.5213885885681777,0.4359181748969436,0.6547739079370558,0.591935022336737,0.4359181748969436,0.4359181748969436,0.4590509800490904,0.4359181748969436,0.4061166850229088
38,43,0.5433398043348306,0.5685349293858473,0.5433398043348306,0.6795093776102091,0.6487602679271722,0.5433398043348306,0.5433398043348308,0.5415828363786293,0.5433398043348306,0.5320907992253148
38,44,0.5858265088288701,0.6612488256977671,0.5858265088288701,0.7114547728515328,0.5528707253348899,0.5858265088288701,0.5858265088288701,0.5086134442661387,0.5858265088288701,0.5805603054913614
38,45,0.5360893152462476,0.5851791776666857,0.5360893152462476,0.6553447917074668,0.565646115868103,0.5360893152462476,0.5360893152462476,0.4725400036270016,0.5360893152462476,0.5144211251572886
38,46,0.5354274090139121,0.6006514718567905,0.5354274090139121,0.6814323438017136,0.5545916313592192,0.5354274090139121,0.5354274090139122,0.5032010494732113,0.5354274090139121,0.5374463467647471
38,47,0.4840231372608419,0.5742642273324192,0.4840231372608419,0.671184219623136,0.6484440136152065,0.4840231372608419,0.4840231372608419,0.5382293751053736,0.4840231372608419,0.47667735188212124
38,48,0.44471679789409185,0.5697273213981455,0.44471679789409185,0.6624444158918499,0.602356324707324,0.44471679789409185,0.44471679789409185,0.5017565400321539,0.44471679789409185,0.4173887112068081
38,49,0.5198925450104137,0.6170489053534342,0.5198925450104137,0.699769200573592,0.6609673648964504,0.5198925450104137,0.5198925450104136,0.5878196778265825,0.5198925450104137,0.5315102454024444
38,50,0.5447970573933012,0.598636135124589,0.5447970573933012,0.6680420755621015,0.5926960496319933,0.5447970573933012,0.5447970573933012,0.5248890013817467,0.5447970573933012,0.5553843655793858
38,51,0.5622227634599138,0.5478396367370966,0.5622227634599138,0.6736115632529137,0.6403244682234183,0.5622227634599138,0.5622227634599138,0.530188978655773,0.5622227634599138,0.5374855726795603
38,52,0.4544321280345771,0.6133668078151681,0.4544321280345771,0.6859672424962018,0.6494729652839621,0.4544321280345771,0.4544321280345771,0.5554424846287476,0.4544321280345771,0.43014518333950635
38,53,0.4785949114343814,0.5294064568244117,0.4785949114343814,0.6314799275914647,0.5939487459532952,0.4785949114343814,0.4785949114343814,0.4796600361844624,0.4785949114343814,0.4354783624881112
38,54,0.43756713265249514,0.5144653607773279,0.43756713265249514,0.6497688691356458,0.6217591734756007,0.43756713265249514,0.43756713265249514,0.48180742402206456,0.43756713265249514,0.39508728246648545
38,55,0.46591052808185746,0.6202741727468382,0.46591052808185746,0.6774981077203169,0.6320932792764895,0.46591052808185746,0.46591052808185746,0.5614739470785588,0.46591052808185746,0.4445977550238942
38,56,0.4682574470491276,0.5507911568924349,0.4682574470491276,0.6757124138489107,0.6233183001916135,0.4682574470491276,0.46825744704912753,0.49047482199453335,0.4682574470491276,0.4224148895024086
38,57,0.5324557538961447,0.5814690518653358,0.5324557538961447,0.6703839569516385,0.551481908859609,0.5324557538961447,0.5324557538961447,0.48566332942567053,0.5324557538961447,0.5008996949490241
38,58,0.5381116464738648,0.6122047020899137,0.5381116464738648,0.6768309978201754,0.5740295105204696,0.5381116464738648,0.5381116464738649,0.5119781677919563,0.5381116464738648,0.5220905657592355
38,59,0.4562258632588888,0.536475429280689,0.4562258632588888,0.653010313931421,0.6294292502732455,0.4562258632588888,0.45622586325888875,0.48411865627323414,0.4562258632588888,0.4034091152773008
38,60,0.5298610963334224,0.6253775123488063,0.5298610963334224,0.6973502599960119,0.6699301909297777,0.5298610963334224,0.5298610963334223,0.6087757570823438,0.5298610963334224,0.5423541289160256
38,61,0.5698056460053359,0.6273158519336992,0.5698056460053359,0.6847143987481804,0.6235019053529041,0.5698056460053359,0.569805646005336,0.5860749798111944,0.5698056460053359,0.5827224172512439
38,62,0.4714361395227343,0.5947598482821355,0.4714361395227343,0.6615110063718924,0.6244146118617422,0.4714361395227343,0.47143613952273433,0.5348446038461867,0.4714361395227343,0.4580142455944176
38,63,0.5143200992664205,0.5656731196591744,0.5143200992664205,0.6635329653969433,0.5911666511534714,0.5143200992664205,0.5143200992664205,0.48731763429355657,0.5143200992664205,0.48742387222192873
38,64,0.548736342666524,0.6043864038376822,0.548736342666524,0.6816757687855648,0.5901482428121445,0.548736342666524,0.548736342666524,0.5379543360561503,0.548736342666524,0.5486433654807816
38,65,0.5169518339857767,0.5979407302142751,0.5169518339857767,0.6567545385647457,0.6140630072751313,0.5169518339857767,0.5169518339857767,0.5280164281273669,0.5169518339857767,0.5184692059812982
38,66,0.5188711111614972,0.4926877156017276,0.5188711111614972,0.6291760803848092,0.5571289064877942,0.5188711111614972,0.5188711111614972,0.458157167594215,0.5188711111614972,0.51275482668378
38,67,0.5889958158568127,0.5835428644339771,0.5889958158568127,0.695685519011434,0.6552047756516126,0.5889958158568127,0.5889958158568126,0.5485598059595034,0.5889958158568127,0.5599765364591972
38,68,0.6013009714493813,0.6506471969033654,0.6013009714493813,0.7145652051657363,0.6599635976716924,0.6013009714493813,0.6013009714493813,0.6200769380508808,0.6013009714493813,0.599455263243321
38,69,0.4386157006611535,0.5537843744468611,0.4386157006611535,0.6580997965641601,0.6250064670728492,0.4386157006611535,0.43861570066115363,0.5063791858604091,0.4386157006611535,0.39513502071750656
38,70,0.41968135389792893,0.5938800831518151,0.41968135389792893,0.6605583512864519,0.6163186989016812,0.41968135389792893,0.41968135389792893,0.507073033090442,0.41968135389792893,0.35438520601697676
38,71,0.5511846430320082,0.6101905699489667,0.5511846430320082,0.6875905662667432,0.5976150189686826,0.5511846430320082,0.5511846430320082,0.50405948958238,0.5511846430320082,0.5299132721769934
38,72,0.49003205269082123,0.5232345638018736,0.49003205269082123,0.6391368576314207,0.6300513118738128,0.49003205269082123,0.4900320526908212,0.5105326458030807,0.49003205269082123,0.46036351629195005
38,73,0.4873801532020678,0.599273722275738,0.4873801532020678,0.678830267971456,0.6305394882211817,0.4873801532020678,0.48738015320206785,0.530269815380944,0.4873801532020678,0.4599198402421286
38,74,0.5120876641512123,0.6361997705206748,0.5120876641512123,0.6770823360225078,0.6321025077248017,0.5120876641512123,0.5120876641512123,0.5765838099588545,0.5120876641512123,0.5222407927970616
38,75,0.6232617062758803,0.5815464167519824,0.6232617062758803,0.6927254645533493,0.6780174467817499,0.6232617062758803,0.6232617062758803,0.5760557454942181,0.6232617062758803,0.6064652457376072
38,76,0.5548303775839131,0.5674599439492547,0.5548303775839131,0.6810723999228377,0.6337475012078364,0.5548303775839131,0.5548303775839131,0.5426447127001883,0.5548303775839131,0.567659399751469
38,77,0.557631329100838,0.6384701640957403,0.557631329100838,0.7149549859778525,0.5823343026360408,0.557631329100838,0.5576313291008381,0.5531500474623267,0.557631329100838,0.5466382093903741
38,78,0.5105550487518147,0.6010316032796563,0.5105550487518147,0.6360125338196835,0.5853735570224384,0.5105550487518147,0.5105550487518147,0.5340450996190125,0.5105550487518147,0.4979185287611584
38,79,0.43135080816585814,0.5011781028206954,0.43135080816585814,0.6151074396008086,0.6400578740770095,0.43135080816585814,0.43135080816585814,0.47905004398410533,0.43135080816585814,0.3697864342799014
38,80,0.6229536592226453,0.6571845191564134,0.6229536592226453,0.709969991308393,0.6238969338951903,0.6229536592226453,0.6229536592226453,0.5922749710260662,0.6229536592226453,0.6249984576400566
38,81,0.5076439808674438,0.5992462208712065,0.5076439808674438,0.6614136220710062,0.6230834793701893,0.5076439808674438,0.5076439808674438,0.5546003839483513,0.5076439808674438,0.4971764655003942
38,82,0.5746653554300797,0.6030770961153511,0.5746653554300797,0.6687619904615996,0.5693434346857704,0.5746653554300797,0.5746653554300797,0.5296497186157179,0.5746653554300797,0.5662969129913447
38,83,0.5438844389589663,0.6004213216029579,0.5438844389589663,0.6789813133154501,0.5481545469592004,0.5438844389589663,0.5438844389589663,0.4877622212347028,0.5438844389589663,0.5165396524484333
38,84,0.5167708156872242,0.5675275832337012,0.5167708156872242,0.6511685575777877,0.588506532775077,0.5167708156872242,0.5167708156872242,0.5147474680513722,0.5167708156872242,0.5243779958597206
38,85,0.5578843644329523,0.6621621776505767,0.5578843644329523,0.7104828125642915,0.6500105232757301,0.5578843644329523,0.5578843644329523,0.5861411798081925,0.5578843644329523,0.5449823947508686
38,86,0.5729540448622444,0.6204833452408418,0.5729540448622444,0.665483628795203,0.4998054506937746,0.5729540448622444,0.5729540448622443,0.4905846224876753,0.5729540448622444,0.5753067662191708
38,87,0.5709521571796383,0.6874276297558358,0.5709521571796383,0.728941409474928,0.6491539398044344,0.5709521571796383,0.5709521571796383,0.6214270311849579,0.5709521571796383,0.5979685147686968
38,88,0.5213363239142178,0.5871928093022444,0.5213363239142178,0.6485209012576395,0.5646212194008958,0.5213363239142178,0.5213363239142177,0.5052513435293249,0.5213363239142178,0.5258774480525396
38,89,0.6360940265541206,0.6626459684736699,0.6360940265541206,0.7130108935154531,0.6783429735652665,0.6360940265541206,0.6360940265541206,0.6387472003187201,0.6360940265541206,0.6435701866038392
38,90,0.5260900986057223,0.6103824448885339,0.5260900986057223,0.6882312799968209,0.5571539611731418,0.5260900986057223,0.5260900986057224,0.5011373797725557,0.5260900986057223,0.5214685003246291
38,91,0.4735232396179547,0.6016323206924163,0.4735232396179547,0.6602092142064928,0.6295799341016826,0.4735232396179547,0.4735232396179547,0.5403384706230044,0.4735232396179547,0.43487804595110113
38,92,0.5051870384579322,0.6175222898521737,0.5051870384579322,0.6991153558640697,0.6694245703626378,0.5051870384579322,0.5051870384579322,0.5767830745443868,0.5051870384579322,0.48828277654410895
38,93,0.4245312132509855,0.48931992196999086,0.4245312132509855,0.6264465921888979,0.5924804674774038,0.4245312132509855,0.4245312132509855,0.4481542320278748,0.4245312132509855,0.3730817979702134
38,94,0.41808108894958557,0.5085170575080721,0.41808108894958557,0.6067436888307354,0.5856653690848838,0.41808108894958557,0.41808108894958557,0.4648556185171793,0.41808108894958557,0.3495638692985794
38,95,0.48956352380924945,0.5066209841150127,0.48956352380924945,0.6212086907602095,0.6119430968052864,0.48956352380924945,0.48956352380924945,0.4957282379431092,0.48956352380924945,0.44819853509011304
38,96,0.5361788022182733,0.5693552622884128,0.5361788022182733,0.6470972143802379,0.5307407375275224,0.5361788022182733,0.5361788022182734,0.44954863102806997,0.5361788022182733,0.5198703893939899
38,97,0.5397973096852317,0.5587942077599075,0.5397973096852317,0.6488144685995383,0.5577828832131209,0.5397973096852317,0.5397973096852317,0.4885350160084639,0.5397973096852317,0.5254634569425073
38,98,0.5231224392717526,0.6089436525837826,0.5231224392717526,0.6810562050417122,0.6391535698612332,0.5231224392717526,0.5231224392717526,0.5638398895786054,0.5231224392717526,0.511239933869341
38,99,0.6445805137890317,0.6307235222201953,0.6445805137890317,0.7146773039696025,0.6822008722893037,0.6445805137890317,0.6445805137890318,0.6163279981242096,0.6445805137890317,0.6482337941662225
39,0,0.6214357260055738,0.6481283794986796,0.6214357260055738,0.6875622108662144,0.583866169898935,0.6214357260055738,0.6214357260055738,0.5718437057594956,0.6214357260055738,0.6246308667869358
39,1,0.5382914567447576,0.5361251435677624,0.5382914567447576,0.6452651779052374,0.6016205328823507,0.5382914567447576,0.5382914567447575,0.5025315591551949,0.5382914567447576,0.5256060492662851
39,2,0.43833357974000087,0.554183376432174,0.43833357974000087,0.6368171614358542,0.5878702508020283,0.43833357974000087,0.43833357974000087,0.47537646628313435,0.43833357974000087,0.40636866596629856
39,3,0.6323214490979425,0.6611033274577565,0.6323214490979425,0.7069590796443477,0.6918012551544059,0.6323214490979425,0.6323214490979425,0.6331055033397766,0.6323214490979425,0.6105350247513053
39,4,0.5254348829881178,0.629633262391412,0.5254348829881178,0.7078424735876252,0.593989132955355,0.5254348829881178,0.5254348829881177,0.5239712866336288,0.5254348829881178,0.5379476238535762
39,5,0.4827467166505147,0.5686662193972857,0.4827467166505147,0.632700751064363,0.658909790002123,0.4827467166505147,0.4827467166505147,0.5580972430365163,0.4827467166505147,0.45025737651388
39,6,0.495262069055879,0.5516621428120009,0.495262069055879,0.6446397805627553,0.6404226730877113,0.495262069055879,0.495262069055879,0.5315182244352574,0.495262069055879,0.4906514432013601
39,7,0.47907087433232076,0.5959187720105257,0.47907087433232076,0.6688641282187291,0.638385268027007,0.47907087433232076,0.4790708743323208,0.5497507903160692,0.47907087433232076,0.4550131200374471
39,8,0.5918123788081098,0.624855486956051,0.5918123788081098,0.6817364871818956,0.6383001312142864,0.5918123788081098,0.5918123788081097,0.581703975933408,0.5918123788081098,0.5966106036512502
39,9,0.5333518316440615,0.631828475731519,0.5333518316440615,0.655247579409598,0.47141109599417164,0.5333518316440615,0.5333518316440615,0.450486659243396,0.5333518316440615,0.536254368839527
39,10,0.5709847739264514,0.6567767715314952,0.5709847739264514,0.6775422699408238,0.5618628721235402,0.5709847739264514,0.5709847739264513,0.5391838817164913,0.5709847739264514,0.5728969447515091
39,11,0.5425140709667929,0.5513178623567936,0.5425140709667929,0.6596682916720504,0.6794768643793138,0.5425140709667929,0.5425140709667928,0.5631600996841233,0.5425140709667929,0.5248381843050132
39,12,0.5522012447702856,0.5991637645175893,0.5522012447702856,0.6812786504794766,0.6624069911782613,0.5522012447702856,0.5522012447702856,0.5938936904221923,0.5522012447702856,0.5633289638790758
39,13,0.48470409316011953,0.5833655806187459,0.48470409316011953,0.6634240798139499,0.6060366993370996,0.48470409316011953,0.48470409316011953,0.49900552975955886,0.48470409316011953,0.4682581225036866
39,14,0.4365948562368098,0.5684749861628501,0.4365948562368098,0.6508910894264445,0.5489228268660438,0.4365948562368098,0.4365948562368098,0.46139954360651353,0.4365948562368098,0.39795151139082224
39,15,0.5251282298129518,0.613695377866368,0.5251282298129518,0.6724678703601519,0.6090162465347025,0.5251282298129518,0.5251282298129518,0.5518033061819759,0.5251282298129518,0.5170913843792498
39,16,0.6406794207748977,0.6218992061602036,0.6406794207748977,0.6904723462317948,0.6731932754950707,0.6406794207748977,0.6406794207748977,0.6269832864725313,0.6406794207748977,0.6503333548495109
39,17,0.47183042116583407,0.5775623605061864,0.47183042116583407,0.642795529119808,0.6487929987017232,0.47183042116583407,0.47183042116583407,0.5396756219886572,0.47183042116583407,0.42305290097626413
39,18,0.6223564289327085,0.6573149320423799,0.6223564289327085,0.725128401395732,0.6524444118191275,0.6223564289327085,0.6223564289327085,0.6010637035494011,0.6223564289327085,0.6292216116359498
39,19,0.5300628369525997,0.5517891396625221,0.5300628369525997,0.6612508995051952,0.593149026292709,0.5300628369525997,0.5300628369525997,0.5058729209534264,0.5300628369525997,0.5115051448563747
39,20,0.550258550443007,0.4950161433598209,0.550258550443007,0.5984430387745865,0.5258913761422008,0.550258550443007,0.5502585504430069,0.46630586856208195,0.550258550443007,0.5489925963130434
39,21,0.5223729045714833,0.4827708544587426,0.5223729045714833,0.5900272854927668,0.44054179403590743,0.5223729045714833,0.5223729045714833,0.40137027742457937,0.5223729045714833,0.5169616649079793
39,22,0.510317996554891,0.5914009400404323,0.510317996554891,0.6761165071981756,0.614673183831514,0.510317996554891,0.510317996554891,0.5162424270520928,0.510317996554891,0.49963823480425995
39,23,0.5279275086761941,0.5524098064061106,0.5279275086761941,0.6363761562574708,0.611094785703471,0.5279275086761941,0.5279275086761941,0.5247019222879263,0.5279275086761941,0.4903794301908666
39,24,0.50358881786409,0.5977914617854764,0.50358881786409,0.6781987255376358,0.6392775323563045,0.50358881786409,0.50358881786409,0.5344424167479109,0.50358881786409,0.4866651062461246
39,25,0.4765363393769718,0.5350571898069073,0.4765363393769718,0.6444832636670736,0.655325213749983,0.4765363393769718,0.4765363393769718,0.5153255178994777,0.4765363393769718,0.4249434225165398
39,26,0.6262198872389813,0.5921790682864166,0.6262198872389813,0.6741356228788684,0.6660553389805008,0.6262198872389813,0.6262198872389813,0.5920572147043128,0.6262198872389813,0.6185593317806266
39,27,0.5375688703538211,0.5630349789765572,0.5375688703538211,0.6546196352042956,0.6095830038850925,0.5375688703538211,0.5375688703538211,0.5303843764383127,0.5375688703538211,0.5210593347575176
39,28,0.4279065354575168,0.5042310542422924,0.4279065354575168,0.606823352026314,0.5625990942336317,0.4279065354575168,0.4279065354575168,0.4543417936855332,0.4279065354575168,0.3939844059481646
39,29,0.4311042775980656,0.526067394265904,0.4311042775980656,0.6419863977955877,0.5873719461049038,0.4311042775980656,0.4311042775980656,0.4308094879712917,0.4311042775980656,0.3849810443036178
39,30,0.6401668453463476,0.6411825014834851,0.6401668453463476,0.718137322114022,0.6772467707001586,0.6401668453463476,0.6401668453463476,0.6266425450060443,0.6401668453463476,0.6402342015893945
39,31,0.5207908529632408,0.534739840038424,0.5207908529632408,0.6536231603637783,0.6087206338010182,0.5207908529632408,0.5207908529632408,0.5015766349844684,0.5207908529632408,0.5194395272475119
39,32,0.6153584176250121,0.6946178137712763,0.6153584176250121,0.739813651377693,0.6515507981858231,0.6153584176250121,0.615358417625012,0.6248766282977809,0.6153584176250121,0.6226274210838514
39,33,0.49444544235789156,0.6421775295053771,0.49444544235789156,0.6854517778043696,0.6011875200967745,0.49444544235789156,0.49444544235789156,0.5469931255410918,0.49444544235789156,0.48980504954459214
39,34,0.4670909569558372,0.6001630324168904,0.4670909569558372,0.6423795066954622,0.5999978767642431,0.4670909569558372,0.4670909569558372,0.5224295108134853,0.4670909569558372,0.43299925898323555
39,35,0.526328080054692,0.44945044309196264,0.526328080054692,0.604116346141183,0.4361901189364766,0.526328080054692,0.5263280800546921,0.35351900684793774,0.526328080054692,0.5236432921904377
39,36,0.5208520906730694,0.6309413202757597,0.5208520906730694,0.6792075216067242,0.5468376775051478,0.5208520906730694,0.5208520906730694,0.4974352883289373,0.5208520906730694,0.5063436935059704
39,37,0.5827197404636205,0.6106311681221405,0.5827197404636205,0.6815467927166272,0.5686128690678389,0.5827197404636205,0.5827197404636206,0.49391816048147547,0.5827197404636205,0.5792028104813282
39,38,0.5862361231307281,0.6040114478510383,0.5862361231307281,0.6813089753055284,0.6257131597905411,0.5862361231307281,0.5862361231307283,0.5413735186362424,0.5862361231307281,0.5871928472022865
39,39,0.5852066977142165,0.6314362369596747,0.5852066977142165,0.7059257870304521,0.6577034803363033,0.5852066977142165,0.5852066977142165,0.578620498119061,0.5852066977142165,0.5651449632323956
39,40,0.5708658296645688,0.5772002372723174,0.5708658296645688,0.6713936350782203,0.5915692070835947,0.5708658296645688,0.5708658296645689,0.5138405140826301,0.5708658296645688,0.5681742911124237
39,41,0.5254369273426188,0.6289392206242632,0.5254369273426188,0.6752002486717246,0.5770147760406404,0.5254369273426188,0.5254369273426189,0.5356359935027672,0.5254369273426188,0.5131919286719938
39,42,0.448396264295265,0.5469410026722419,0.448396264295265,0.6706230665200759,0.6130475493804959,0.448396264295265,0.448396264295265,0.4861681584385964,0.448396264295265,0.42036318613474716
39,43,0.5375825303588967,0.5649576354216017,0.5375825303588967,0.6748507119493559,0.6453050621375952,0.5375825303588967,0.5375825303588967,0.5373352430908364,0.5375825303588967,0.5269488174535982
39,44,0.5804659325513554,0.648094834806979,0.5804659325513554,0.7034416342815385,0.5536290394925873,0.5804659325513554,0.5804659325513554,0.500753540274183,0.5804659325513554,0.5716973866914916
39,45,0.5180563429676017,0.5736047709139551,0.5180563429676017,0.6488230817747724,0.5608388239393638,0.5180563429676017,0.5180563429676017,0.4579548147510549,0.5180563429676017,0.49191342618116274
39,46,0.5319218985957422,0.5953791152538402,0.5319218985957422,0.67999220489648,0.5554957617904908,0.5319218985957422,0.5319218985957421,0.4992731817524634,0.5319218985957422,0.5390458298739882
39,47,0.4910415921135494,0.5800833784824404,0.4910415921135494,0.6698197669812472,0.6491189314211072,0.4910415921135494,0.4910415921135494,0.5447648455944797,0.4910415921135494,0.4869101190164665
39,48,0.4592722302411511,0.5940021861658153,0.4592722302411511,0.6709044122664539,0.6233575542012932,0.4592722302411511,0.4592722302411511,0.5314188317407109,0.4592722302411511,0.43559284554716143
39,49,0.5219166418169182,0.6113710833023888,0.5219166418169182,0.6991184654403665,0.658539801737624,0.5219166418169182,0.5219166418169182,0.5804971225509308,0.5219166418169182,0.5334772142536544
39,50,0.5700562652821307,0.6225690930677843,0.5700562652821307,0.6811421529611636,0.6168802533419873,0.5700562652821307,0.5700562652821306,0.5649863848265635,0.5700562652821307,0.5850812210496623
39,51,0.5431145536388906,0.5192039986008531,0.5431145536388906,0.6567440782928755,0.6151806537005924,0.5431145536388906,0.5431145536388906,0.5022964040298283,0.5431145536388906,0.5203772529333857
39,52,0.45598881106196504,0.6099927262159194,0.45598881106196504,0.6782854838203503,0.6507229769863403,0.45598881106196504,0.4559888110619651,0.5600779443795919,0.45598881106196504,0.4305920266164055
39,53,0.4906610634007298,0.5260939292608676,0.4906610634007298,0.6322584812563415,0.6062153465614186,0.4906610634007298,0.4906610634007298,0.4898803150775888,0.4906610634007298,0.44257833687019366
39,54,0.4390468736104778,0.5176080783738003,0.4390468736104778,0.6533349439985797,0.6292849544859747,0.4390468736104778,0.4390468736104778,0.48580174153735856,0.4390468736104778,0.3933656582606758
39,55,0.45926423867355587,0.6145191514632323,0.45926423867355587,0.671959018102807,0.6116473121916857,0.45926423867355587,0.4592642386735559,0.5454642356245164,0.45926423867355587,0.440371864460981
39,56,0.4768181815225107,0.5607037137877833,0.4768181815225107,0.6795368772314452,0.6277886508248891,0.4768181815225107,0.47681818152251065,0.5018224595595806,0.4768181815225107,0.435224724249313
39,57,0.5400759923738143,0.5881797895062009,0.5400759923738143,0.6719231946311395,0.5604497378822196,0.5400759923738143,0.5400759923738143,0.49332284934317516,0.5400759923738143,0.5074850092479697
39,58,0.5597870079970502,0.6378329720694711,0.5597870079970502,0.6935060038444026,0.6204309516130193,0.5597870079970502,0.5597870079970502,0.5640498023434574,0.5597870079970502,0.5500829010870155
39,59,0.46808618589705764,0.5470851700775569,0.46808618589705764,0.6598406346010253,0.6365108482005778,0.46808618589705764,0.4680861858970576,0.5021369872248072,0.46808618589705764,0.419301284696478
39,60,0.5164125890235076,0.6035577042235525,0.5164125890235076,0.6876508692203169,0.6559033150440684,0.5164125890235076,0.5164125890235076,0.588557117862458,0.5164125890235076,0.5268808742061766
39,61,0.5576041949410961,0.6291476530246275,0.5576041949410961,0.6834915780204724,0.6230817685884855,0.5576041949410961,0.5576041949410961,0.5877499128615126,0.5576041949410961,0.57300820960586
39,62,0.4725014340682199,0.5992519930999614,0.4725014340682199,0.6739325978955714,0.6294692543361231,0.4725014340682199,0.47250143406821987,0.5395850307972283,0.4725014340682199,0.46181931353107575
39,63,0.5624036888332618,0.6079725336340165,0.5624036888332618,0.690925342335797,0.6575562689927166,0.5624036888332618,0.5624036888332618,0.5718791233413175,0.5624036888332618,0.5400298619634709
39,64,0.5327353658367734,0.5953793243913574,0.5327353658367734,0.681735191075636,0.5807512202749389,0.5327353658367734,0.5327353658367734,0.5167497783651682,0.5327353658367734,0.528902947007826
39,65,0.5563106760931233,0.6190632955635732,0.5563106760931233,0.6827666606748757,0.6615828427519093,0.5563106760931233,0.5563106760931233,0.5734954435128229,0.5563106760931233,0.5565495430562996
39,66,0.6302882456213876,0.5862900851441795,0.6302882456213876,0.6801267398136408,0.6946002553239581,0.6302882456213876,0.6302882456213876,0.6042461310136584,0.6302882456213876,0.6153008236678549
39,67,0.5766200371087512,0.5601903583572538,0.5766200371087512,0.6840952365233053,0.6423884471057464,0.5766200371087512,0.5766200371087512,0.5252440888227141,0.5766200371087512,0.5457850795695227
39,68,0.6015407184772383,0.6425267393953813,0.6015407184772383,0.7095573509656123,0.6598580476327607,0.6015407184772383,0.6015407184772383,0.6162075052541606,0.6015407184772383,0.5972936153378656
39,69,0.43209532490507924,0.553688569777284,0.43209532490507924,0.6615060289735952,0.614799500382252,0.43209532490507924,0.43209532490507924,0.4976348272685183,0.43209532490507924,0.38380299078771685
39,70,0.4208358566398265,0.5914883231195339,0.4208358566398265,0.6649626107533178,0.6184341831939506,0.4208358566398265,0.4208358566398264,0.5076785893326135,0.4208358566398265,0.35350269147918356
39,71,0.5486875569341113,0.603182123766697,0.5486875569341113,0.6765112546370995,0.5987200546270868,0.5486875569341113,0.5486875569341113,0.5063926995067214,0.5486875569341113,0.5283550096438979
39,72,0.4962384341805665,0.5295756163858305,0.4962384341805665,0.6450479557661629,0.6367295898753169,0.4962384341805665,0.4962384341805665,0.5179707732080994,0.4962384341805665,0.47316424569247567
39,73,0.4716978168988759,0.5416647415818534,0.4716978168988759,0.6484303199599646,0.6083160260764214,0.4716978168988759,0.47169781689887585,0.48284771777051794,0.4716978168988759,0.4362831470916523
39,74,0.5468746791176529,0.6586324425030305,0.5468746791176529,0.69135018646142,0.6515830878553838,0.5468746791176529,0.5468746791176529,0.6083922940718987,0.5468746791176529,0.5598396960337002
39,75,0.5993941462510767,0.5524796126467784,0.5993941462510767,0.6777507381555238,0.6477933374461995,0.5993941462510767,0.5993941462510767,0.5362214296639365,0.5993941462510767,0.5802114509084669
39,76,0.552490799707806,0.5620286033333091,0.552490799707806,0.675474825059805,0.6222504857049769,0.552490799707806,0.5524907997078059,0.5359702395320407,0.552490799707806,0.565925914664005
39,77,0.5538025318958796,0.6241355365193415,0.5538025318958796,0.7044363117282884,0.5796749504043768,0.5538025318958796,0.5538025318958795,0.5415575745316634,0.5538025318958796,0.539136364243976
39,78,0.4794573502582345,0.582205226653767,0.4794573502582345,0.6197660302413575,0.5500020336901916,0.4794573502582345,0.47945735025823444,0.4957235293870892,0.4794573502582345,0.466222449256836
39,79,0.4314799742002462,0.49871667864768376,0.4314799742002462,0.6140841477535373,0.6400740827418181,0.4314799742002462,0.4314799742002462,0.4764442117128882,0.4314799742002462,0.3694405970011072
39,80,0.6117493885289225,0.6425924062481976,0.6117493885289225,0.7026299642305947,0.6118696379970641,0.6117493885289225,0.6117493885289225,0.5794860954620895,0.6117493885289225,0.6140343181754078
39,81,0.5136049468918517,0.6040515164242026,0.5136049468918517,0.6679120085910543,0.6358031843625318,0.5136049468918517,0.5136049468918517,0.5645454324785135,0.5136049468918517,0.5038796796582334
39,82,0.5679199148284745,0.5943718132095583,0.5679199148284745,0.6653227397469015,0.5519935817495066,0.5679199148284745,0.5679199148284745,0.5077090299315408,0.5679199148284745,0.5584096220811648
39,83,0.5363105701583901,0.6108710454169288,0.5363105701583901,0.6844404357112424,0.5479822081444278,0.5363105701583901,0.5363105701583901,0.4914114475400671,0.5363105701583901,0.5130526320921978
39,84,0.5738912884757971,0.641928743009532,0.5738912884757971,0.6938833826608513,0.660302648262222,0.5738912884757971,0.5738912884757971,0.6191252038433825,0.5738912884757971,0.5929510537295429
39,85,0.5451218309833633,0.6438171376175056,0.5451218309833633,0.686371576768892,0.6320174221752757,0.5451218309833633,0.5451218309833633,0.5666258015108678,0.5451218309833633,0.5312398331091983
39,86,0.578780176414784,0.6162418705007237,0.578780176414784,0.6641560006856548,0.5124586459832663,0.578780176414784,0.578780176414784,0.4975549541800769,0.578780176414784,0.5801230779784479
39,87,0.5415454186340869,0.6527784783817252,0.5415454186340869,0.708361054101391,0.6179400384913484,0.5415454186340869,0.5415454186340869,0.5752718955038436,0.5415454186340869,0.5622142934629517
39,88,0.5029673340957537,0.5804424889048894,0.5029673340957537,0.6411284718203133,0.5462267030746568,0.5029673340957537,0.5029673340957537,0.4839540769736512,0.5029673340957537,0.5043674110789057
39,89,0.6385905551007899,0.655225808142888,0.6385905551007899,0.7089346248486217,0.6744262424443717,0.6385905551007899,0.63859055510079,0.6338766167327985,0.6385905551007899,0.6450172885976098
39,90,0.5242197930128237,0.6164197247523568,0.5242197930128237,0.6887609043129699,0.5522779959782297,0.5242197930128237,0.5242197930128237,0.5040827304554366,0.5242197930128237,0.5199728137710871
39,91,0.479909152602979,0.5943313161384578,0.479909152602979,0.6616687981919754,0.6321479797960357,0.479909152602979,0.479909152602979,0.5380044288145021,0.479909152602979,0.4414460937285188
39,92,0.5043878816984089,0.6263366473809477,0.5043878816984089,0.7034812820608367,0.6733775036876722,0.5043878816984089,0.5043878816984089,0.583151896436115,0.5043878816984089,0.48690568615647856
39,93,0.45871830309655587,0.5244064841913256,0.45871830309655587,0.6523927065604836,0.6282982726607025,0.45871830309655587,0.45871830309655587,0.4938981656359468,0.45871830309655587,0.4188440223152961
39,94,0.41796790605038797,0.4981254327276553,0.41796790605038797,0.6017574837841331,0.5937919729368976,0.41796790605038797,0.4179679060503879,0.46417871852383596,0.41796790605038797,0.34628227337546513
39,95,0.5173561515509728,0.5398708416413565,0.5173561515509728,0.6347053574265981,0.6442995862421801,0.5173561515509728,0.5173561515509728,0.5327896457055743,0.5173561515509728,0.4795462234642084
39,96,0.5326023898689969,0.5706423261799796,0.5326023898689969,0.6472128632659628,0.5199887885560669,0.5326023898689969,0.5326023898689969,0.4409356821763027,0.5326023898689969,0.5160827023289285
39,97,0.5365035758083354,0.5519095346956332,0.5365035758083354,0.6459247465268299,0.5554972804968547,0.5365035758083354,0.5365035758083354,0.48242331321410553,0.5365035758083354,0.5179716417889493
39,98,0.4852596000331929,0.5730384016638497,0.4852596000331929,0.6523407956292339,0.5826970330532553,0.4852596000331929,0.4852596000331929,0.5048614029409627,0.4852596000331929,0.46532085243936055
39,99,0.5831643875676112,0.5931462083673273,0.5831643875676112,0.6785822052817364,0.6039231355468964,0.5831643875676112,0.5831643875676111,0.5364307191173336,0.5831643875676112,0.5869046097983202
40,0,0.6270430187012903,0.6282229795440328,0.6270430187012903,0.679175951144878,0.5594356059353507,0.6270430187012903,0.6270430187012903,0.5519863458121356,0.6270430187012903,0.6286306005435578
40,1,0.5318561075508884,0.5369602738467436,0.5318561075508884,0.6437368383650596,0.6042350926213702,0.5318561075508884,0.5318561075508884,0.5049811580897992,0.5318561075508884,0.5231152452675762
40,2,0.4547319976698076,0.5633702568159598,0.4547319976698076,0.6423408611956378,0.6087285621476527,0.4547319976698076,0.45473199766980754,0.49729037342305227,0.4547319976698076,0.4249595628522881
40,3,0.6312815231333115,0.6582622987885501,0.6312815231333115,0.7055010816742642,0.6859503038503922,0.6312815231333115,0.6312815231333115,0.6283764266040621,0.6312815231333115,0.6095081527766193
40,4,0.5488311263752117,0.6387623695574975,0.5488311263752117,0.7128793919918132,0.6271601629277145,0.5488311263752117,0.5488311263752117,0.5610948511225473,0.5488311263752117,0.5645118424844238
40,5,0.4830372937652856,0.5664215499437129,0.4830372937652856,0.6343893323737104,0.6603208251401266,0.4830372937652856,0.48303729376528554,0.5569032619082985,0.4830372937652856,0.4493424559866069
40,6,0.5112713162288387,0.5528851871385332,0.5112713162288387,0.6485811058237535,0.6476667565955795,0.5112713162288387,0.5112713162288387,0.5408808036367538,0.5112713162288387,0.5120203975409282
40,7,0.4944817761128885,0.6045885426710137,0.4944817761128885,0.6747751075499053,0.6533601257050277,0.4944817761128885,0.4944817761128885,0.5650219338745096,0.4944817761128885,0.47290875465532245
40,8,0.5887569980810016,0.6301446495863716,0.5887569980810016,0.6816481862838575,0.6405582018867504,0.5887569980810016,0.5887569980810016,0.5897297011771199,0.5887569980810016,0.5954832090944784
40,9,0.5206856616316383,0.606131301889959,0.5206856616316383,0.6379448456632724,0.47633561679243025,0.5206856616316383,0.5206856616316383,0.4448743300467263,0.5206856616316383,0.5183505716358634
40,10,0.5619215928718191,0.6628812902783476,0.5619215928718191,0.681956270154523,0.551696414132997,0.5619215928718191,0.5619215928718191,0.5292712772023618,0.5619215928718191,0.5673692946763138
40,11,0.5190586342243715,0.5250333356708741,0.5190586342243715,0.6473691617841236,0.6562824904796334,0.5190586342243715,0.5190586342243715,0.5278988065776657,0.5190586342243715,0.4972839753425152
40,12,0.5422124357526751,0.5965206306858772,0.5422124357526751,0.6759425864595967,0.6563393174473839,0.5422124357526751,0.5422124357526751,0.5863893748778362,0.5422124357526751,0.550158283994711
40,13,0.49052687940529355,0.5926437723554405,0.49052687940529355,0.6682673327970552,0.614127409772365,0.49052687940529355,0.49052687940529355,0.5086826447537319,0.49052687940529355,0.4768475823468768
40,14,0.4561268979159943,0.5894046612634323,0.4561268979159943,0.6669310198436639,0.5797686917025116,0.4561268979159943,0.45612689791599437,0.4937632237693869,0.4561268979159943,0.4211198314000379
40,15,0.5757571336588752,0.6731634795780476,0.5757571336588752,0.6986747238053227,0.6681590567879214,0.5757571336588752,0.575757133658875,0.6222435734117064,0.5757571336588752,0.5682237233604687
40,16,0.6254891234300403,0.6107204952259561,0.6254891234300403,0.6823356877415375,0.6529244322471137,0.6254891234300403,0.6254891234300404,0.6014942200974709,0.6254891234300403,0.6354332445665735
40,17,0.4831733362648138,0.5913172483367306,0.4831733362648138,0.6525707476049614,0.6552380832272149,0.4831733362648138,0.4831733362648138,0.5537074606954591,0.4831733362648138,0.4409680550181815
40,18,0.6177141644867188,0.640694483542455,0.6177141644867188,0.7152350280808333,0.6460912595176305,0.6177141644867188,0.6177141644867188,0.5887340648481527,0.6177141644867188,0.622774160222305
40,19,0.5442360679331567,0.5545751412618979,0.5442360679331567,0.6636490723730754,0.5933431196502578,0.5442360679331567,0.5442360679331566,0.5084056346810983,0.5442360679331567,0.5222988522853704
40,20,0.5719398591792865,0.5034385031189871,0.5719398591792865,0.6087098833778876,0.5476600882882503,0.5719398591792865,0.5719398591792865,0.48755864645456526,0.5719398591792865,0.5676803636551294
40,21,0.681949920191188,0.6558733990981791,0.681949920191188,0.7185779776088832,0.692386898283557,0.681949920191188,0.681949920191188,0.6462082306119759,0.681949920191188,0.6736878029780489
40,22,0.5355788770974031,0.6015431088169376,0.5355788770974031,0.6863483547447726,0.6325859369845068,0.5355788770974031,0.5355788770974031,0.5363074560481434,0.5355788770974031,0.5250017017370333
40,23,0.529392009900623,0.5504000156976327,0.529392009900623,0.638256649032374,0.5989902824106507,0.529392009900623,0.5293920099006231,0.5133340940952049,0.529392009900623,0.49458249138373045
40,24,0.5094953297186048,0.597199009553731,0.5094953297186048,0.6823815745021187,0.6474439522910735,0.5094953297186048,0.5094953297186048,0.5427308260160967,0.5094953297186048,0.4963553457342019
40,25,0.49283402638499674,0.5401334180914708,0.49283402638499674,0.6511427869791082,0.6620645609544414,0.49283402638499674,0.49283402638499674,0.5261517015006274,0.49283402638499674,0.4462064969248738
40,26,0.6074594964587599,0.5841115250808087,0.6074594964587599,0.6697680793356826,0.653970164715981,0.6074594964587599,0.6074594964587599,0.5759365587787746,0.6074594964587599,0.601871626377896
40,27,0.5434776124132462,0.5668773868036614,0.5434776124132462,0.6524838058341753,0.6042561115479244,0.5434776124132462,0.5434776124132462,0.5272032877903692,0.5434776124132462,0.5248060767641733
40,28,0.45489155024609845,0.5350456139961033,0.45489155024609845,0.65159343824579,0.6052081776643712,0.45489155024609845,0.4548915502460984,0.4893064954447253,0.45489155024609845,0.41968004193603314
40,29,0.43615866532643743,0.5581085039451315,0.43615866532643743,0.6583206716144385,0.6009888029278395,0.43615866532643743,0.43615866532643743,0.4597243279492025,0.43615866532643743,0.3940364545967838
40,30,0.6262706244006905,0.6308258964618867,0.6262706244006905,0.7113496419523685,0.6674830435559186,0.6262706244006905,0.6262706244006906,0.6114841134187967,0.6262706244006905,0.6290091790954321
40,31,0.6090005680517757,0.6011438603622292,0.6090005680517757,0.6939765003984932,0.674273777556209,0.6090005680517757,0.6090005680517756,0.5835757136962836,0.6090005680517757,0.6038274581268054
40,32,0.5851000195793407,0.6909911953830412,0.5851000195793407,0.7325670964889428,0.6048365705538947,0.5851000195793407,0.5851000195793407,0.5726638160839518,0.5851000195793407,0.5855190281144461
40,33,0.5111858250406106,0.6574662627351068,0.5111858250406106,0.6990997446097732,0.6149027619720941,0.5111858250406106,0.5111858250406107,0.5657782198783728,0.5111858250406106,0.51534657176824
40,34,0.46404226684345995,0.5890084881826549,0.46404226684345995,0.6379290059729903,0.6007199651861229,0.46404226684345995,0.46404226684345995,0.5167408478496949,0.46404226684345995,0.426925609548782
40,35,0.6687542623629783,0.6367177510049367,0.6687542623629783,0.7177133127790702,0.6696568586484117,0.6687542623629783,0.6687542623629783,0.586035200968241,0.6687542623629783,0.6628129010130377
40,36,0.6116665921716277,0.6684511029253706,0.6116665921716277,0.7147331383816007,0.6547861216033721,0.6116665921716277,0.6116665921716277,0.6050105275563431,0.6116665921716277,0.5836953096134283
40,37,0.5777431311314953,0.6145385269056312,0.5777431311314953,0.6814586614243621,0.5684644511708121,0.5777431311314953,0.5777431311314953,0.49902428219158784,0.5777431311314953,0.5771714401391508
40,38,0.5795484820063815,0.5960047481579058,0.5795484820063815,0.6843562205621856,0.6246295210117135,0.5795484820063815,0.5795484820063815,0.5350481598646974,0.5795484820063815,0.5822841775775156
40,39,0.5733155239081219,0.6232290694475456,0.5733155239081219,0.7082661107711905,0.6485578266965599,0.5733155239081219,0.5733155239081219,0.5647015324194377,0.5733155239081219,0.5554542081646627
40,40,0.5764066808389994,0.5843765738446876,0.5764066808389994,0.6744008411380322,0.5929930660682006,0.5764066808389994,0.5764066808389994,0.517600347444085,0.5764066808389994,0.5759422273871114
40,41,0.592180548468718,0.6779430258172188,0.592180548468718,0.7156891261062759,0.6781929851205163,0.592180548468718,0.5921805484687181,0.6263202765840442,0.592180548468718,0.5724807688488257
40,42,0.4580912438159438,0.5494505176389355,0.4580912438159438,0.6725463125807167,0.6260260656222802,0.4580912438159438,0.4580912438159438,0.494329279418866,0.4580912438159438,0.42976882535872585
40,43,0.5313620242380528,0.5501503619566356,0.5313620242380528,0.6591534771137645,0.6276701866529644,0.5313620242380528,0.5313620242380528,0.5150040307985745,0.5313620242380528,0.5117892583569406
40,44,0.5691948486355282,0.634128449174846,0.5691948486355282,0.6891828960323374,0.5253552955846371,0.5691948486355282,0.569194848635528,0.4709085907074684,0.5691948486355282,0.5584411728745162
40,45,0.5862364948315466,0.6247837214188972,0.5862364948315466,0.6805396744222142,0.661478054946936,0.5862364948315466,0.5862364948315466,0.579218111692073,0.5862364948315466,0.5642016132865898
40,46,0.5383312287323245,0.5987170842128123,0.5383312287323245,0.6810267314207126,0.5615641896731336,0.5383312287323245,0.5383312287323245,0.5077684128203763,0.5383312287323245,0.5407897533587596
40,47,0.49776612454412056,0.5924274449895905,0.49776612454412056,0.6751798560409672,0.6576868240744476,0.49776612454412056,0.4977661245441205,0.556965663601565,0.49776612454412056,0.4950276518506874
40,48,0.47561405672135904,0.5970914689524444,0.47561405672135904,0.6728389322058062,0.6443147309480228,0.47561405672135904,0.47561405672135904,0.5507224496607757,0.47561405672135904,0.4542252721563095
40,49,0.5720689322884699,0.6549888484919806,0.5720689322884699,0.718401676499768,0.7062066291669844,0.5720689322884699,0.57206893228847,0.6369854646710629,0.5720689322884699,0.5827399234983137
40,50,0.578486161067443,0.6305183447419653,0.578486161067443,0.6867443634857908,0.6305388590941209,0.578486161067443,0.578486161067443,0.5849445620546226,0.578486161067443,0.594825534091804
40,51,0.5418124856720951,0.5246030210323332,0.5418124856720951,0.6627836694496323,0.6167076430173545,0.5418124856720951,0.541812485672095,0.5052202838489633,0.5418124856720951,0.5210277989996551
40,52,0.4640234959521316,0.6299761367056891,0.4640234959521316,0.6897825423252543,0.6564313665754729,0.4640234959521316,0.4640234959521316,0.5737049841999431,0.4640234959521316,0.44302133382092945
40,53,0.49585976397183884,0.5352229420947222,0.49585976397183884,0.6380621794254193,0.6237058664850177,0.49585976397183884,0.49585976397183884,0.5047392177265749,0.49585976397183884,0.44801023086354486
40,54,0.4482151530715079,0.5309141645920732,0.4482151530715079,0.6566215780487064,0.6362542807073843,0.4482151530715079,0.44821515307150794,0.5026495427979707,0.4482151530715079,0.4071098986985977
40,55,0.4901675376391218,0.6282657908873848,0.4901675376391218,0.6788244687031946,0.6423813536306969,0.4901675376391218,0.4901675376391218,0.5780775929648556,0.4901675376391218,0.47888857393282
40,56,0.4897383161190941,0.5816640962459103,0.4897383161190941,0.6932798228388091,0.644087964538099,0.4897383161190941,0.489738316119094,0.5285500461549333,0.4897383161190941,0.4507429881487535
40,57,0.5348804512596615,0.5959702503867492,0.5348804512596615,0.6854748622619402,0.5657342768479077,0.5348804512596615,0.5348804512596615,0.49353008597524495,0.5348804512596615,0.5075113616523431
40,58,0.570670407959304,0.6462766273548748,0.570670407959304,0.6997317102739836,0.631550375659847,0.570670407959304,0.5706704079593039,0.577333249011724,0.570670407959304,0.559867110474319
40,59,0.4890160085037713,0.5579701921043881,0.4890160085037713,0.6677892622619945,0.6446407954180204,0.4890160085037713,0.4890160085037713,0.5168936901691018,0.4890160085037713,0.44824558818133586
40,60,0.5204384805874137,0.6222041838651349,0.5204384805874137,0.6964861553447393,0.6755093663579228,0.5204384805874137,0.5204384805874136,0.6057865557854325,0.5204384805874137,0.5263461637807529
40,61,0.5489212638236696,0.6226013582753258,0.5489212638236696,0.6793380389224609,0.6118540148655636,0.5489212638236696,0.5489212638236696,0.5767605322698539,0.5489212638236696,0.5647035088828201
40,62,0.47433949461512376,0.5966032986225658,0.47433949461512376,0.6729354320966874,0.6274431022515239,0.47433949461512376,0.47433949461512376,0.5367488491236597,0.47433949461512376,0.46264529795224774
40,63,0.5325921680964913,0.5796908764212892,0.5325921680964913,0.6695448821427429,0.6056229111841718,0.5325921680964913,0.5325921680964913,0.5203722280686053,0.5325921680964913,0.5083339567585223
40,64,0.543058612665724,0.5992170326332678,0.543058612665724,0.6778158574422409,0.5845717786636264,0.543058612665724,0.543058612665724,0.5281340650159049,0.543058612665724,0.540887355633938
40,65,0.5375455461274675,0.6058813247368966,0.5375455461274675,0.6665986389398935,0.6505946029724463,0.5375455461274675,0.5375455461274676,0.5648294132257594,0.5375455461274675,0.5376531298682959
40,66,0.6254823398901048,0.5803229647263428,0.6254823398901048,0.6785107064732347,0.6854254011978964,0.6254823398901048,0.6254823398901048,0.5942423513940966,0.6254823398901048,0.6123563350374339
40,67,0.5691871358435466,0.5551288783170559,0.5691871358435466,0.685247881601819,0.636679942782344,0.5691871358435466,0.5691871358435467,0.5172200017803699,0.5691871358435466,0.5403165142673698
40,68,0.5986144108593138,0.6398448065494027,0.5986144108593138,0.7067867595891013,0.654693269537578,0.5986144108593138,0.5986144108593138,0.6121603577918142,0.5986144108593138,0.5947416403025065
40,69,0.4465333927187341,0.5624144599302302,0.4465333927187341,0.669491876049279,0.633042188791092,0.4465333927187341,0.4465333927187341,0.517920619294844,0.4465333927187341,0.4041860192320542
40,70,0.42492921190226907,0.6116556547753798,0.42492921190226907,0.6746147168855683,0.6267248398837971,0.42492921190226907,0.42492921190226907,0.523244597624654,0.42492921190226907,0.3601954964980433
40,71,0.5450124580175542,0.608419358174862,0.5450124580175542,0.6793403626534126,0.6003970280714357,0.5450124580175542,0.5450124580175542,0.5065003845118281,0.5450124580175542,0.5259070030070789
40,72,0.5077888512614085,0.5237127525473231,0.5077888512614085,0.6420007685015461,0.6483443935251743,0.5077888512614085,0.5077888512614086,0.5257448103195065,0.5077888512614085,0.4812383971355114
40,73,0.4903905581301516,0.572546162752813,0.4903905581301516,0.6667630453924257,0.628802294269292,0.4903905581301516,0.49039055813015164,0.5154502796023381,0.4903905581301516,0.46189090122011933
40,74,0.5374228848574012,0.6457665574247322,0.5374228848574012,0.6801081132637129,0.6493331609885875,0.5374228848574012,0.5374228848574011,0.5985737942068032,0.5374228848574012,0.5468965434572768
40,75,0.6007277158622302,0.5483751562594799,0.6007277158622302,0.6818910000218056,0.6420854313402815,0.6007277158622302,0.6007277158622302,0.5254671204875214,0.6007277158622302,0.5807975043065968
40,76,0.5504745086184875,0.5660426505901492,0.5504745086184875,0.6787806275867387,0.6249056177460248,0.5504745086184875,0.5504745086184875,0.5368762480282943,0.5504745086184875,0.5650937211876661
40,77,0.5532865182347594,0.6279431548071963,0.5532865182347594,0.7005935486303478,0.5676596937163171,0.5532865182347594,0.5532865182347594,0.5343961867352334,0.5532865182347594,0.5371728949581451
40,78,0.5187476135645894,0.6152896274976295,0.5187476135645894,0.6344996297834201,0.6037197594962707,0.5187476135645894,0.5187476135645894,0.5497030425503278,0.5187476135645894,0.5064967727566612
40,79,0.4409237768929027,0.5071276153164103,0.4409237768929027,0.6264310702977072,0.6463239961237618,0.4409237768929027,0.4409237768929027,0.4887901486446362,0.4409237768929027,0.38487763170510286
40,80,0.6081925833978157,0.6483297194015327,0.6081925833978157,0.7015531723253465,0.6033876908199339,0.6081925833978157,0.6081925833978157,0.5771326991428659,0.6081925833978157,0.6138136925743999
40,81,0.5188476940099391,0.6114558077478938,0.5188476940099391,0.6747482165476395,0.6427498331623239,0.5188476940099391,0.5188476940099391,0.5723746276403999,0.5188476940099391,0.5114893687011701
40,82,0.567225113073712,0.5919414696247465,0.567225113073712,0.661627206239687,0.5536177792454292,0.567225113073712,0.567225113073712,0.5089521485667988,0.567225113073712,0.5574521218151356
40,83,0.52708021666069,0.5765024373871521,0.52708021666069,0.6483357186334727,0.5389582654026771,0.52708021666069,0.52708021666069,0.46589487057125734,0.52708021666069,0.49773622896175923
40,84,0.5537239171727916,0.6022912151299247,0.5537239171727916,0.668813348921032,0.6299602709057909,0.5537239171727916,0.5537239171727916,0.5730768393668112,0.5537239171727916,0.5642475570768992
40,85,0.5356266406525654,0.634908069636082,0.5356266406525654,0.6760208731799197,0.6164552648355204,0.5356266406525654,0.5356266406525654,0.5562322441935443,0.5356266406525654,0.5211978691651782
40,86,0.5817890016143896,0.6137972162877257,0.5817890016143896,0.6654334738006937,0.506564611632901,0.5817890016143896,0.5817890016143896,0.4907173036927782,0.5817890016143896,0.5814294045589454
40,87,0.5433608054310693,0.6624222708052234,0.5433608054310693,0.7100217713793575,0.6212612160140627,0.5433608054310693,0.5433608054310692,0.5839338217675382,0.5433608054310693,0.5657040557916856
40,88,0.5083340434367718,0.5759603084426566,0.5083340434367718,0.6408222047490291,0.5729114005740552,0.5083340434367718,0.5083340434367718,0.5034666203421453,0.5083340434367718,0.506245450312099
40,89,0.6185775325626178,0.6395429735976944,0.6185775325626178,0.6984467599223475,0.655971559728468,0.6185775325626178,0.6185775325626179,0.6091945762974874,0.6185775325626178,0.6243130036329616
40,90,0.6181051937476577,0.6933867081673022,0.6181051937476577,0.7348507352544935,0.6731778923947496,0.6181051937476577,0.6181051937476577,0.6413376269558287,0.6181051937476577,0.6141787341100451
40,91,0.4883763113953342,0.608074023575766,0.4883763113953342,0.6690111736761424,0.6472817951451835,0.4883763113953342,0.48837631139533416,0.5571901646189104,0.4883763113953342,0.45386032120677233
40,92,0.5083322778578845,0.6246025811612215,0.5083322778578845,0.7032542888648592,0.6751206491174164,0.5083322778578845,0.5083322778578845,0.5825507212930277,0.5083322778578845,0.49186756235296447
40,93,0.4692957932852805,0.5345285801547499,0.4692957932852805,0.6601145494859043,0.6450888781145683,0.4692957932852805,0.4692957932852805,0.5120783720179312,0.4692957932852805,0.43187979085721845
40,94,0.41882198160582745,0.509506701046835,0.41882198160582745,0.6117505707801083,0.5990173350781326,0.41882198160582745,0.41882198160582745,0.4675087932062722,0.41882198160582745,0.34256370840132044
40,95,0.5393838854499852,0.5593798300428492,0.5393838854499852,0.6449144656706344,0.6631680795116168,0.5393838854499852,0.5393838854499852,0.555762639384855,0.5393838854499852,0.5081008050075669
40,96,0.538000600854373,0.5777277748708288,0.538000600854373,0.6525354270492718,0.5339625475713217,0.538000600854373,0.538000600854373,0.4562804759885783,0.538000600854373,0.5241071875348976
40,97,0.5341808173942602,0.5672093142796231,0.5341808173942602,0.6535409733736195,0.569920577422258,0.5341808173942602,0.5341808173942602,0.5008703328489474,0.5341808173942602,0.5231551847948859
40,98,0.5353358776873853,0.6120290583394854,0.5353358776873853,0.6746745959699099,0.6342346461806782,0.5353358776873853,0.5353358776873853,0.5607793312514416,0.5353358776873853,0.5182536941646847
40,99,0.6028448307985351,0.6002348080495826,0.6028448307985351,0.6881566894377255,0.6355074952674821,0.6028448307985351,0.602844830798535,0.5618560871154592,0.6028448307985351,0.6055848539146311
41,0,0.6285948696180393,0.6398339722294997,0.6285948696180393,0.6782447700607785,0.5568809040694502,0.6285948696180393,0.6285948696180392,0.552782718700676,0.6285948696180393,0.6296333322723607
41,1,0.6100596366085534,0.5826427633868353,0.6100596366085534,0.6786670707127209,0.6824195887948024,0.6100596366085534,0.6100596366085534,0.5865367950335137,0.6100596366085534,0.6066752790703829
41,2,0.43746259179732494,0.54605656098681,0.43746259179732494,0.6339791360390203,0.5958141105680844,0.43746259179732494,0.4374625917973249,0.47039262082091404,0.43746259179732494,0.399160278120965
41,3,0.6229695494326313,0.6512642078846338,0.6229695494326313,0.699304098705878,0.6787428768400545,0.6229695494326313,0.6229695494326313,0.6190026962004914,0.6229695494326313,0.6002889275768198
41,4,0.5337090361305276,0.6197017009338828,0.5337090361305276,0.702866719112138,0.6024142373699337,0.5337090361305276,0.5337090361305276,0.5254760976149317,0.5337090361305276,0.5418420758580819
41,5,0.4251885661482958,0.540929047874805,0.4251885661482958,0.596270562918942,0.5697508766235566,0.4251885661482958,0.4251885661482958,0.4810412589604441,0.4251885661482958,0.3946172855937592
41,6,0.5215731902607323,0.5673224963503026,0.5215731902607323,0.658157650380705,0.6597086118976956,0.5215731902607323,0.5215731902607323,0.5541984839546739,0.5215731902607323,0.5225787564125915
41,7,0.5014442899924294,0.6119037735727825,0.5014442899924294,0.6817312892351367,0.6601922143037589,0.5014442899924294,0.5014442899924294,0.5747496268312796,0.5014442899924294,0.4805065165624297
41,8,0.5742610378648836,0.6119493218918404,0.5742610378648836,0.6730213666614888,0.6242411857546439,0.5742610378648836,0.5742610378648836,0.5686855658148671,0.5742610378648836,0.5813446917550784
41,9,0.6390382687365322,0.7169383513884554,0.6390382687365322,0.7203443058320939,0.6714524112819349,0.6390382687365322,0.6390382687365322,0.6679209986737882,0.6390382687365322,0.6544601493449185
41,10,0.5671538394417871,0.667926311641384,0.5671538394417871,0.6899637785760799,0.5536965096361073,0.5671538394417871,0.5671538394417872,0.5273102522698481,0.5671538394417871,0.5733331015305962
41,11,0.5673504691747118,0.5635204272225174,0.5673504691747118,0.672078720212985,0.691395351862278,0.5673504691747118,0.5673504691747118,0.5775790783920614,0.5673504691747118,0.5479520135438697
41,12,0.5455278212022422,0.596020554554819,0.5455278212022422,0.6715345131720556,0.6548856795491511,0.5455278212022422,0.5455278212022421,0.5880771678045301,0.5455278212022422,0.5517068667852496
41,13,0.5038927762083227,0.5985097884331193,0.5038927762083227,0.6747658026398804,0.6237201857050312,0.5038927762083227,0.5038927762083227,0.5199296817937455,0.5038927762083227,0.4951407757483016
41,14,0.4492078730322043,0.5773416294025973,0.4492078730322043,0.6552782584444187,0.5623773206471796,0.4492078730322043,0.4492078730322042,0.4779803904844873,0.4492078730322043,0.4129657462974199
41,15,0.552808232206705,0.6419578602293234,0.552808232206705,0.6772845898965207,0.6381461151304761,0.552808232206705,0.552808232206705,0.5948034724288378,0.552808232206705,0.547154531439155
41,16,0.6321366208660015,0.6152907508770491,0.6321366208660015,0.6890340007582156,0.6663800054237883,0.6321366208660015,0.6321366208660015,0.6152243936463078,0.6321366208660015,0.643965993324622
41,17,0.498940420354597,0.6046684999346577,0.498940420354597,0.6630017977436429,0.664347193020753,0.498940420354597,0.49894042035459707,0.5676781208707496,0.498940420354597,0.46385970912708
41,18,0.6108652981323985,0.6278169605682555,0.6108652981323985,0.7065845788628724,0.6343782942713734,0.6108652981323985,0.6108652981323985,0.5732788735814978,0.6108652981323985,0.614432950454635
41,19,0.5373795817120596,0.5511323633624097,0.5373795817120596,0.6626500375814539,0.5891250361936403,0.5373795817120596,0.5373795817120596,0.5030663083198149,0.5373795817120596,0.5147342568659297
41,20,0.5729375041758263,0.5041983319537394,0.5729375041758263,0.613149922500138,0.5499577187387336,0.5729375041758263,0.5729375041758262,0.4886056591993838,0.5729375041758263,0.5689627081022237
41,21,0.675245366679605,0.649965499569347,0.675245366679605,0.715205658237325,0.6855460536046056,0.675245366679605,0.6752453666796049,0.6385790731376634,0.675245366679605,0.6673865650785249
41,22,0.5325935619745602,0.6033607607740642,0.5325935619745602,0.6855852046281677,0.6416393318177536,0.5325935619745602,0.5325935619745603,0.5450798579361629,0.5325935619745602,0.5234849418775266
41,23,0.5776837519257587,0.5848130261133486,0.5776837519257587,0.6550762638235021,0.6547914463277547,0.5776837519257587,0.5776837519257587,0.5785521748060167,0.5776837519257587,0.5531853033656564
41,24,0.5079729360917127,0.6018038009138662,0.5079729360917127,0.6809901330216663,0.6474505218504459,0.5079729360917127,0.5079729360917127,0.5468157375572036,0.5079729360917127,0.4941636127565351
41,25,0.4939816526617542,0.5369021472930069,0.4939816526617542,0.6467020012129963,0.6584578531965319,0.4939816526617542,0.4939816526617542,0.5182541712811662,0.4939816526617542,0.4461447589465383
41,26,0.6099304705741653,0.578961708113539,0.6099304705741653,0.6661255070930235,0.6494411938073564,0.6099304705741653,0.6099304705741653,0.5742454153696431,0.6099304705741653,0.6061814131829797
41,27,0.5178907502530121,0.5484256827060768,0.5178907502530121,0.6420054858166604,0.582402546090132,0.5178907502530121,0.5178907502530121,0.504266665322674,0.5178907502530121,0.4966481021915345
41,28,0.46867495999337627,0.5485387084179052,0.46867495999337627,0.6563385979891199,0.6118229933073928,0.46867495999337627,0.46867495999337627,0.5044244504341804,0.46867495999337627,0.4377865169513755
41,29,0.4432696736829223,0.5652840503533505,0.4432696736829223,0.6616187990861748,0.6152889216468969,0.4432696736829223,0.4432696736829223,0.4792855063745619,0.4432696736829223,0.40377357554233495
41,30,0.6182798002070932,0.6345358689523333,0.6182798002070932,0.704347350359255,0.6630500435168762,0.6182798002070932,0.618279800207093,0.6122005652482561,0.6182798002070932,0.6236218784807293
41,31,0.6039846513581065,0.6038675547283707,0.6039846513581065,0.6949447466270463,0.6724133834696946,0.6039846513581065,0.6039846513581065,0.5874425590885002,0.6039846513581065,0.6019813697291394
41,32,0.568201385273195,0.6602121290624356,0.568201385273195,0.7209678695669823,0.5985150253044549,0.568201385273195,0.568201385273195,0.5548805777384338,0.568201385273195,0.5682114410009944
41,33,0.5184062992881093,0.6611666121712061,0.5184062992881093,0.7009519044482323,0.6240888525766712,0.5184062992881093,0.5184062992881093,0.574343500462184,0.5184062992881093,0.522639793696777
41,34,0.4504497254664218,0.5637967284912626,0.4504497254664218,0.6251505526869865,0.5650456378586146,0.4504497254664218,0.45044972546642176,0.4719293133837469,0.4504497254664218,0.412974041337159
41,35,0.6644607462098364,0.6319900648916232,0.6644607462098364,0.7136397018279586,0.6578591554986825,0.6644607462098364,0.6644607462098364,0.571450525565665,0.6644607462098364,0.6579626145949544
41,36,0.5990478140135483,0.6738612805737967,0.5990478140135483,0.7183660189609443,0.6337351146200507,0.5990478140135483,0.5990478140135482,0.586401113084299,0.5990478140135483,0.5737164288887506
41,37,0.5714198497343687,0.6025428651586076,0.5714198497343687,0.6724238842566922,0.5540662340697583,0.5714198497343687,0.5714198497343685,0.47892261818006976,0.5714198497343687,0.5667736188894434
41,38,0.5707146403566915,0.5923292527186925,0.5707146403566915,0.6768750231731597,0.62366752527297,0.5707146403566915,0.5707146403566916,0.5340874256169073,0.5707146403566915,0.5725316132963002
41,39,0.5694890498332782,0.6204296999744684,0.5694890498332782,0.7022482363969188,0.6482229035692294,0.5694890498332782,0.5694890498332782,0.5657761759421513,0.5694890498332782,0.5536848895392235
41,40,0.5787960666247698,0.5885038975415933,0.5787960666247698,0.6764258290897258,0.5947748220340481,0.5787960666247698,0.5787960666247698,0.5199431042509977,0.5787960666247698,0.5791578726465925
41,41,0.5882936730108872,0.6738002265646537,0.5882936730108872,0.7130279846738354,0.6697237041845017,0.5882936730108872,0.5882936730108872,0.6167079632083233,0.5882936730108872,0.5664858728360718
41,42,0.4648781290587987,0.5598771077329532,0.4648781290587987,0.6781374754820142,0.6314619245963186,0.4648781290587987,0.46487812905879866,0.5074374912833948,0.4648781290587987,0.4410493250161214
41,43,0.6163577352752347,0.6324672499038357,0.6163577352752347,0.7159131379177124,0.7127411075911922,0.6163577352752347,0.6163577352752347,0.6265237619516693,0.6163577352752347,0.6043614381397493
41,44,0.5741178401246015,0.6451855914087794,0.5741178401246015,0.6961202033178671,0.5389776943929746,0.5741178401246015,0.5741178401246015,0.4852518233122922,0.5741178401246015,0.5653581451493662
41,45,0.5724223268415476,0.6140951888049803,0.5724223268415476,0.6719831113072499,0.6382510304389013,0.5724223268415476,0.5724223268415476,0.5570103866461543,0.5724223268415476,0.5520495232949973
41,46,0.6386469606999795,0.6830365153219069,0.6386469606999795,0.7415539983350792,0.6917942398676877,0.6386469606999795,0.6386469606999796,0.6434905189813379,0.6386469606999795,0.6357298170279898
41,47,0.49186964861170207,0.5927668604014861,0.49186964861170207,0.6731166779085023,0.6540713870912425,0.49186964861170207,0.49186964861170207,0.55251047017511,0.49186964861170207,0.48646506911551546
41,48,0.4589127026245702,0.5847801949136546,0.4589127026245702,0.6640310486865257,0.6106933841010567,0.4589127026245702,0.4589127026245702,0.5154714054632633,0.4589127026245702,0.43870209524468057
41,49,0.5555560305066013,0.6506504926400214,0.5555560305066013,0.7164396733695154,0.696433173363346,0.5555560305066013,0.5555560305066012,0.6290210449125251,0.5555560305066013,0.5666184229157634
41,50,0.5701825506351763,0.6273406312561172,0.5701825506351763,0.6847601499481053,0.6291832312685923,0.5701825506351763,0.5701825506351763,0.5832412699270807,0.5701825506351763,0.58805870748515
41,51,0.5516170240089922,0.5374183440909812,0.5516170240089922,0.6675400082867843,0.6290274531485459,0.5516170240089922,0.5516170240089922,0.5201406194084293,0.5516170240089922,0.5298731466330064
41,52,0.4625537909162453,0.6179901122691172,0.4625537909162453,0.6780069056163092,0.6557148165885209,0.4625537909162453,0.4625537909162453,0.5713173643026501,0.4625537909162453,0.4387973029053224
41,53,0.5118562803917689,0.547519683361669,0.5118562803917689,0.6474854646030951,0.638169969864702,0.5118562803917689,0.5118562803917689,0.5204059475309251,0.5118562803917689,0.4650554241776498
41,54,0.4504173874952225,0.5397083821353921,0.4504173874952225,0.6591528130125844,0.638090867734627,0.4504173874952225,0.4504173874952224,0.5082066700272481,0.4504173874952225,0.4118497379885209
41,55,0.49597750020606163,0.6236473784643806,0.49597750020606163,0.6779318893077333,0.6515151580408751,0.49597750020606163,0.4959775002060617,0.5839437792180217,0.49597750020606163,0.4861893743743482
41,56,0.4826006382288902,0.5586514003154543,0.4826006382288902,0.6683235621221009,0.6226008952165349,0.4826006382288902,0.4826006382288902,0.4962711956315209,0.4826006382288902,0.43915563251026446
41,57,0.6182574981579901,0.6824692833551302,0.6182574981579901,0.7396961419386716,0.6823122299550443,0.6182574981579901,0.6182574981579901,0.6354000219951085,0.6182574981579901,0.5925874889190136
41,58,0.5553371916497782,0.6385561535139066,0.5553371916497782,0.6937809085827049,0.6251953998057125,0.5553371916497782,0.5553371916497782,0.5691354363614263,0.5553371916497782,0.5479051484984899
41,59,0.48967875106294817,0.5602237154869836,0.48967875106294817,0.6643334450623506,0.6486026759166118,0.48967875106294817,0.4896787510629481,0.5194404293149846,0.48967875106294817,0.44925333595260675
41,60,0.5251101093980556,0.6194076973207271,0.5251101093980556,0.6955274822801427,0.6746254526067712,0.5251101093980556,0.5251101093980556,0.6033678946010277,0.5251101093980556,0.5310760803744872
41,61,0.5381351565506276,0.6153427914152481,0.5381351565506276,0.6700086050660332,0.6109917713652999,0.5381351565506276,0.5381351565506276,0.5715753879451615,0.5381351565506276,0.5508113790431188
41,62,0.497057569859078,0.6005510244674865,0.497057569859078,0.678894877643919,0.6402565063481821,0.497057569859078,0.497057569859078,0.5499394598871861,0.497057569859078,0.4900327844395885
41,63,0.5731788309321615,0.6222796117216811,0.5731788309321615,0.6958193774334163,0.6658378033386354,0.5731788309321615,0.5731788309321615,0.5829156432737823,0.5731788309321615,0.5480553293142599
41,64,0.5246367484058448,0.5918990523948812,0.5246367484058448,0.674203300075441,0.5701017193781996,0.5246367484058448,0.524636748405845,0.5095375632418977,0.5246367484058448,0.5215096610600498
41,65,0.5731051412449171,0.6313292897466996,0.5731051412449171,0.6951128708976566,0.6687320749338572,0.5731051412449171,0.5731051412449171,0.5853859466232116,0.5731051412449171,0.5731518606588397
41,66,0.6084276841654429,0.5721252212816234,0.6084276841654429,0.6726078352353264,0.6708809322518836,0.6084276841654429,0.6084276841654429,0.580098094986787,0.6084276841654429,0.5962716769531345
41,67,0.5554975805529105,0.5546996975789484,0.5554975805529105,0.6816505266418993,0.6267527259514001,0.5554975805529105,0.5554975805529105,0.5084913629179311,0.5554975805529105,0.5284027014134556
41,68,0.5911720312232405,0.6359371449965716,0.5911720312232405,0.7062285171214018,0.6513237570395305,0.5911720312232405,0.5911720312232405,0.6063725405853044,0.5911720312232405,0.5883244527297833
41,69,0.46152873298434965,0.5710355176394513,0.46152873298434965,0.6729167307906292,0.6463448981746629,0.46152873298434965,0.4615287329843497,0.5341815856679468,0.46152873298434965,0.4250574787061416
41,70,0.42716081069063594,0.6104969065816779,0.42716081069063594,0.6647415952229269,0.6284526597631499,0.42716081069063594,0.42716081069063594,0.5253518549930414,0.42716081069063594,0.3653695326258741
41,71,0.5501050380050148,0.6155079846945652,0.5501050380050148,0.6933612397352902,0.6023351257466405,0.5501050380050148,0.5501050380050148,0.5086733874937907,0.5501050380050148,0.5284935319017128
41,72,0.508022744001376,0.5267781819454003,0.508022744001376,0.6425815223166909,0.6539208708974378,0.508022744001376,0.508022744001376,0.5306235544612296,0.508022744001376,0.4809491331760522
41,73,0.5054820759825237,0.5799829388222549,0.5054820759825237,0.6754323507378747,0.642605009535106,0.5054820759825237,0.5054820759825237,0.5311139674131178,0.5054820759825237,0.4781173158966575
41,74,0.5656757711374872,0.6697664752626084,0.5656757711374872,0.7043311353160285,0.6720969894881812,0.5656757711374872,0.5656757711374871,0.6270208695275792,0.5656757711374872,0.5800874195886135
41,75,0.5721722651159804,0.528206832785586,0.5721722651159804,0.6648303806649917,0.6118610065993844,0.5721722651159804,0.5721722651159804,0.4924985411626584,0.5721722651159804,0.5498083696743099
41,76,0.5354888325741499,0.5509585591728352,0.5354888325741499,0.6668829463241854,0.620972684505566,0.5354888325741499,0.5354888325741499,0.5276358441695075,0.5354888325741499,0.5468551735665725
41,77,0.5610165013790565,0.6233278780907112,0.5610165013790565,0.7015912065496913,0.5795742797978014,0.5610165013790565,0.5610165013790565,0.5403930983063499,0.5610165013790565,0.5438854980752956
41,78,0.533857437682267,0.6228128689306983,0.533857437682267,0.6432078092406208,0.6258492402918874,0.533857437682267,0.533857437682267,0.5757528008338808,0.533857437682267,0.5252256085479747
41,79,0.44182942593689284,0.5075371458090356,0.44182942593689284,0.621754186967646,0.6523990788849376,0.44182942593689284,0.44182942593689284,0.49178165146870023,0.44182942593689284,0.3820265160286054
41,80,0.6116431750200695,0.6418173356766786,0.6116431750200695,0.6992191153106537,0.6067920949458809,0.6116431750200695,0.6116431750200695,0.5774477632678128,0.6116431750200695,0.6144692020521092
41,81,0.5221491406788168,0.6143045607473178,0.5221491406788168,0.6766923285518853,0.6468358801714916,0.5221491406788168,0.5221491406788168,0.5783472423708818,0.5221491406788168,0.5153812211384912
41,82,0.5354229486040916,0.5628006103321104,0.5354229486040916,0.6380673114749957,0.5020508016853173,0.5354229486040916,0.5354229486040915,0.4528712360407883,0.5354229486040916,0.5145933766760434
41,83,0.6275602403900703,0.6998783137725483,0.6275602403900703,0.7393083779575995,0.6786669334229463,0.6275602403900703,0.6275602403900703,0.6409635568891072,0.6275602403900703,0.6037868055639096
41,84,0.5507479874956128,0.6101150459499678,0.5507479874956128,0.6775225924379749,0.6340319723020494,0.5507479874956128,0.5507479874956128,0.5797845194876572,0.5507479874956128,0.5647500225938527
41,85,0.5781876853102814,0.6698322281556213,0.5781876853102814,0.7099799675766131,0.6684842468560273,0.5781876853102814,0.5781876853102814,0.6069555452763612,0.5781876853102814,0.5623437293369922
41,86,0.566107966264062,0.6140449476708139,0.566107966264062,0.6625671927814323,0.4968688610950467,0.566107966264062,0.566107966264062,0.48492865385608214,0.566107966264062,0.5696907342721198
41,87,0.5402158448067309,0.6527743276509654,0.5402158448067309,0.7083212916482244,0.6130600703594217,0.5402158448067309,0.5402158448067309,0.5723027737912737,0.5402158448067309,0.5618441451596576
41,88,0.5166829084436766,0.5861088705205508,0.5166829084436766,0.648658964951425,0.6046965292430859,0.5166829084436766,0.5166829084436766,0.5344887405555645,0.5166829084436766,0.5153776685028097
41,89,0.6031067869502905,0.6299682115876297,0.6031067869502905,0.6944710827991092,0.6478257209181845,0.6031067869502905,0.6031067869502905,0.5974733647599051,0.6031067869502905,0.6085611716548445
41,90,0.6074412831186591,0.6815147629310258,0.6074412831186591,0.7282612082039159,0.6606848937407253,0.6074412831186591,0.6074412831186591,0.6278852666741328,0.6074412831186591,0.6046297943291226
41,91,0.48268269118454826,0.6005123476537026,0.48268269118454826,0.6636757784449012,0.648390661475678,0.48268269118454826,0.4826826911845482,0.5522022669152182,0.48268269118454826,0.44485862076637106
41,92,0.5074223542544829,0.6207277067454442,0.5074223542544829,0.6994804240817067,0.6787576952645404,0.5074223542544829,0.5074223542544829,0.5823538300741438,0.5074223542544829,0.48685667652457376
41,93,0.4820834165401103,0.5447938734706275,0.4820834165401103,0.6695010332999637,0.6563481589388479,0.4820834165401103,0.4820834165401102,0.5261753658516742,0.4820834165401103,0.4494727885622689
41,94,0.4277117642286841,0.5016990579407296,0.4277117642286841,0.6059204749705589,0.6070792953384216,0.4277117642286841,0.42771176422868407,0.4689238460392345,0.4277117642286841,0.35748123829076095
41,95,0.5284519785309324,0.5510426495111902,0.5284519785309324,0.6414331338493713,0.6585884354806215,0.5284519785309324,0.5284519785309325,0.5450995410684538,0.5284519785309324,0.49214959038830686
41,96,0.6029404508340641,0.6271627701980784,0.6029404508340641,0.6982908349488934,0.6292583811269156,0.6029404508340641,0.6029404508340641,0.5419112426141082,0.6029404508340641,0.5845617414422355
41,97,0.6303219774706559,0.6854429250581997,0.6303219774706559,0.7333360484354856,0.6801781972467928,0.6303219774706559,0.6303219774706559,0.6349185579827796,0.6303219774706559,0.621621212423656
41,98,0.5522977940578606,0.6260482049477827,0.5522977940578606,0.6812294945655042,0.6594255428069775,0.5522977940578606,0.5522977940578606,0.583626928165248,0.5522977940578606,0.5374404104688753
41,99,0.6061196079336938,0.5977762892022782,0.6061196079336938,0.6863012568966786,0.6276143198229496,0.6061196079336938,0.6061196079336939,0.5599980559078402,0.6061196079336938,0.6098466159678122
42,0,0.6176283945228769,0.6255844543144655,0.6176283945228769,0.6719960673607381,0.5574914004641672,0.6176283945228769,0.6176283945228769,0.5467964954202134,0.6176283945228769,0.6194275722880337
42,1,0.5919099502729352,0.569838885384035,0.5919099502729352,0.6722476656107412,0.6669778793969394,0.5919099502729352,0.5919099502729352,0.566475185084379,0.5919099502729352,0.5886609150542303
42,2,0.4414035497242305,0.5443888423942832,0.4414035497242305,0.6278834714118382,0.5936400309340397,0.4414035497242305,0.44140354972423046,0.47130440261403306,0.4414035497242305,0.40724719371523954
42,3,0.6158216497699218,0.6460704254044833,0.6158216497699218,0.6977998160198507,0.67613531305173,0.6158216497699218,0.6158216497699218,0.6143605713767549,0.6158216497699218,0.5928150958361478
42,4,0.5643755616747835,0.6396409860513237,0.5643755616747835,0.7127766972663916,0.6333224088413061,0.5643755616747835,0.5643755616747835,0.5670701728254576,0.5643755616747835,0.5753449242076667
42,5,0.4714110497174934,0.5849692759122355,0.4714110497174934,0.6308314628272862,0.6320632982584071,0.4714110497174934,0.4714110497174934,0.5486773620420107,0.4714110497174934,0.44687537175761494
42,6,0.5288693985499765,0.5784017693040363,0.5288693985499765,0.6643017893459933,0.6672899696131916,0.5288693985499765,0.5288693985499765,0.5644136047606059,0.5288693985499765,0.5292627134910954
42,7,0.5121386800885355,0.6179328121417782,0.5121386800885355,0.6870572961295083,0.6704348229459348,0.5121386800885355,0.5121386800885355,0.5834144074103093,0.5121386800885355,0.49189722947522363
42,8,0.5298524542893949,0.5667290185867917,0.5298524542893949,0.6502227664302551,0.5744689689505843,0.5298524542893949,0.5298524542893949,0.49717802112182113,0.5298524542893949,0.5314200737026791
42,9,0.6182771983013644,0.7044021556114647,0.6182771983013644,0.7088924112080703,0.6445870562918412,0.6182771983013644,0.6182771983013644,0.6407236689197078,0.6182771983013644,0.6340627645142654
42,10,0.5669110258821785,0.6854316296289364,0.5669110258821785,0.6957042881962022,0.5613440402533255,0.5669110258821785,0.5669110258821785,0.5403758706268778,0.5669110258821785,0.5761232859741625
42,11,0.541044273005702,0.5460659376279404,0.541044273005702,0.6601943065448362,0.6795425239379461,0.541044273005702,0.541044273005702,0.5557911667616522,0.541044273005702,0.5170003517760025
42,12,0.5293126517758983,0.584572787938111,0.5293126517758983,0.6625104864986782,0.64766496328275,0.5293126517758983,0.5293126517758983,0.5762740556866613,0.5293126517758983,0.5323992349840785
42,13,0.46441629079195784,0.5635492872744658,0.46441629079195784,0.6407996651671686,0.5863627033512278,0.46441629079195784,0.4644162907919579,0.46974361269449627,0.46441629079195784,0.4425221187261588
42,14,0.47719062574253046,0.6026271067783274,0.47719062574253046,0.6758174397669332,0.6026370003735341,0.47719062574253046,0.47719062574253046,0.5184275468098913,0.47719062574253046,0.4439802218393589
42,15,0.5560232584353086,0.649922090118579,0.5560232584353086,0.6898686893695714,0.6474697899885505,0.5560232584353086,0.5560232584353086,0.5966885559433328,0.5560232584353086,0.5483637036269065
42,16,0.6375976492896844,0.6209197893706044,0.6375976492896844,0.6920268768842982,0.6674197587889888,0.6375976492896844,0.6375976492896844,0.6203428689267472,0.6375976492896844,0.6494946638354333
42,17,0.49382581709364715,0.5983355694536969,0.49382581709364715,0.6556005066158574,0.660730390038612,0.49382581709364715,0.49382581709364715,0.5591439962815816,0.49382581709364715,0.45293058085369126
42,18,0.5952726346516415,0.621319035629023,0.5952726346516415,0.6997420918332486,0.6243963449956123,0.5952726346516415,0.5952726346516415,0.558920912767444,0.5952726346516415,0.6000511170543328
42,19,0.6283498258535203,0.6381134593671725,0.6283498258535203,0.6989941816369624,0.7074211159607688,0.6283498258535203,0.6283498258535203,0.6174416337966137,0.6283498258535203,0.5919825161944515
42,20,0.5767054353717747,0.5161991594215434,0.5767054353717747,0.6162403734895301,0.5557617420369965,0.5767054353717747,0.5767054353717747,0.49690544192823394,0.5767054353717747,0.5724580432179442
42,21,0.6307052010144087,0.6346434341762746,0.6307052010144087,0.7011016827350962,0.633380157968025,0.6307052010144087,0.6307052010144087,0.5896549290857701,0.6307052010144087,0.6219998237466479
42,22,0.5405879173259323,0.6154008310439112,0.5405879173259323,0.6922955241007515,0.6523640448301676,0.5405879173259323,0.5405879173259323,0.5597066117189269,0.5405879173259323,0.5308686203286573
42,23,0.5665878320205945,0.5786863934837815,0.5665878320205945,0.6545267000763055,0.6395395685083394,0.5665878320205945,0.5665878320205945,0.5625556219171131,0.5665878320205945,0.5413744232764515
42,24,0.5099004836106423,0.59202633567874,0.5099004836106423,0.6772941596415837,0.6540060623874859,0.5099004836106423,0.5099004836106422,0.5470763486583902,0.5099004836106423,0.494493662052534
42,25,0.5066620402304806,0.5527484880358764,0.5066620402304806,0.6564946882444544,0.6724120417498447,0.5066620402304806,0.5066620402304806,0.5392772613187389,0.5066620402304806,0.4623545545851937
42,26,0.5937214342113247,0.5721597724332675,0.5937214342113247,0.6599104334222474,0.6415051431309486,0.5937214342113247,0.5937214342113247,0.5639782035166597,0.5937214342113247,0.590109957823084
42,27,0.6034447559194053,0.6336090214416057,0.6034447559194053,0.6934326824529052,0.6876189312820389,0.6034447559194053,0.6034447559194052,0.6214542832222463,0.6034447559194053,0.5863920836263949
42,28,0.4805260830362902,0.5764544314449966,0.4805260830362902,0.67737409831586,0.6266815939601049,0.4805260830362902,0.4805260830362902,0.5221549459605683,0.4805260830362902,0.4522668875308811
42,29,0.4487383219733819,0.5729183569868543,0.4487383219733819,0.6646084311927511,0.6196722048416468,0.4487383219733819,0.448738321973382,0.48767659991065976,0.4487383219733819,0.4135801826960105
42,30,0.5905915274701308,0.5964722220854621,0.5905915274701308,0.6796644326678365,0.6303797556996313,0.5905915274701308,0.5905915274701308,0.5666368023068649,0.5905915274701308,0.5880480391648428
42,31,0.588845184100163,0.5935714627399347,0.588845184100163,0.6888959900171614,0.6648960518629655,0.588845184100163,0.588845184100163,0.5781345262826694,0.588845184100163,0.5911670448766319
42,32,0.5752982689985813,0.6700195150337963,0.5752982689985813,0.7246557224103174,0.5970937054449962,0.5752982689985813,0.5752982689985813,0.5585351075360708,0.5752982689985813,0.5766211460706623
42,33,0.5168775867473047,0.6533579639974165,0.5168775867473047,0.6968487566556024,0.6219537898979127,0.5168775867473047,0.5168775867473047,0.5701060147345993,0.5168775867473047,0.5189553109362587
42,34,0.4812510854825462,0.5966179072795008,0.4812510854825462,0.6476520830872581,0.6070510479318141,0.4812510854825462,0.48125108548254614,0.5281991590191201,0.4812510854825462,0.4550768733505585
42,35,0.6592150254852019,0.6268769154023237,0.6592150254852019,0.7112976123362627,0.6534148369745493,0.6592150254852019,0.6592150254852019,0.564970133176797,0.6592150254852019,0.6524312892073799
42,36,0.5899745970368196,0.6691826272902275,0.5899745970368196,0.7134875187799657,0.6252157061848346,0.5899745970368196,0.5899745970368196,0.5775490112052497,0.5899745970368196,0.5680012190208364
42,37,0.5306311675039073,0.5676081384241426,0.5306311675039073,0.6446266014771277,0.5091611850277831,0.5306311675039073,0.5306311675039073,0.426174058343387,0.5306311675039073,0.5197349788219316
42,38,0.5710439672817789,0.5905617626529225,0.5710439672817789,0.6703640815543057,0.6196715412113506,0.5710439672817789,0.5710439672817789,0.5312519620891327,0.5710439672817789,0.5722692172058977
42,39,0.5579036928755082,0.6078383272955724,0.5579036928755082,0.6931593882518228,0.6439037678563002,0.5579036928755082,0.5579036928755081,0.5600441015510986,0.5579036928755082,0.5439156565172953
42,40,0.5536837734844062,0.5718465553770735,0.5536837734844062,0.6670349674552039,0.5856007127864514,0.5536837734844062,0.5536837734844062,0.5043290549533287,0.5536837734844062,0.554283385547114
42,41,0.5826692820775251,0.6703057257311646,0.5826692820775251,0.7104848754078765,0.6621254044167773,0.5826692820775251,0.5826692820775251,0.610675437891269,0.5826692820775251,0.5625896070780876
42,42,0.4718791139730422,0.5664183171615573,0.4718791139730422,0.6821279963081966,0.6382009441694008,0.4718791139730422,0.47187911397304216,0.5157727771091867,0.4718791139730422,0.45020195404049124
42,43,0.6066074652578215,0.6208675300121234,0.6066074652578215,0.7103463609922208,0.7003296329488562,0.6066074652578215,0.6066074652578215,0.6117181400295792,0.6066074652578215,0.5924252679555944
42,44,0.578477426098211,0.6408302038561049,0.578477426098211,0.6953246666530055,0.5462861889701889,0.578477426098211,0.5784774260982111,0.49135078236558666,0.578477426098211,0.5695887960776838
42,45,0.5644400517667729,0.6082502384515045,0.5644400517667729,0.6678251406969853,0.6301983214305327,0.5644400517667729,0.5644400517667729,0.5463403682597772,0.5644400517667729,0.5414940548779688
42,46,0.6376828617022987,0.6758385435509863,0.6376828617022987,0.739827245189382,0.6777803211463278,0.6376828617022987,0.6376828617022987,0.6299082277147809,0.6376828617022987,0.6382664417292354
42,47,0.4992026552819662,0.5886942675031076,0.4992026552819662,0.6710063257191425,0.6666187996010801,0.4992026552819662,0.49920265528196617,0.5623811188466465,0.4992026552819662,0.49175879562308683
42,48,0.4862814055829277,0.604491001682731,0.4862814055829277,0.6768729886321802,0.639408480942099,0.4862814055829277,0.4862814055829277,0.5544891517805021,0.4862814055829277,0.4752661643317072
42,49,0.5374112692068267,0.6277026254441249,0.5374112692068267,0.705821934909364,0.6809814520725808,0.5374112692068267,0.5374112692068267,0.6018534003599525,0.5374112692068267,0.5426135973329228
42,50,0.5558214248909267,0.6195466277539332,0.5558214248909267,0.6771471156058391,0.6109125188723452,0.5558214248909267,0.5558214248909268,0.5614986688447146,0.5558214248909267,0.5736243257224907
42,51,0.546715126541362,0.5333063643285741,0.546715126541362,0.6658769571422591,0.625738913488821,0.546715126541362,0.5467151265413619,0.5174059837337848,0.546715126541362,0.5244400906100768
42,52,0.47747925142800485,0.6391058301320227,0.47747925142800485,0.6992046103085292,0.666832489483117,0.47747925142800485,0.47747925142800485,0.5859057352689434,0.47747925142800485,0.46438842355881627
42,53,0.5140809097897912,0.5490169982535016,0.5140809097897912,0.644475095140158,0.6398564780935717,0.5140809097897912,0.5140809097897912,0.5247040293174627,0.5140809097897912,0.4684313453732507
42,54,0.46006748414208154,0.5358403803335414,0.46006748414208154,0.6589535352932319,0.6445833745091442,0.46006748414208154,0.46006748414208154,0.5099925707461529,0.46006748414208154,0.42218932696607536
42,55,0.5093254624446037,0.6318032526435717,0.5093254624446037,0.6859304217670297,0.656064942453595,0.5093254624446037,0.5093254624446037,0.5923918415303243,0.5093254624446037,0.5054147225427452
42,56,0.4609984088417217,0.5406822074841928,0.4609984088417217,0.6540972164069948,0.5839330516128902,0.4609984088417217,0.4609984088417217,0.4526120104767987,0.4609984088417217,0.4168656625792765
42,57,0.6037737111436742,0.6594389403836258,0.6037737111436742,0.7258015166513119,0.6604182106505394,0.6037737111436742,0.6037737111436742,0.6066462509610031,0.6037737111436742,0.5744338552591407
42,58,0.5589516104077344,0.6455969201986598,0.5589516104077344,0.7002302341953979,0.6284228565900549,0.5589516104077344,0.5589516104077344,0.57459514066163,0.5589516104077344,0.5515494811523607
42,59,0.4948927842928155,0.5627574942029804,0.4948927842928155,0.6683184262292063,0.6550526900424274,0.4948927842928155,0.49489278429281547,0.5217093745291803,0.4948927842928155,0.45371950328878136
42,60,0.5369533337985789,0.6349845820026718,0.5369533337985789,0.7062745878520408,0.6863956147700887,0.5369533337985789,0.5369533337985788,0.6205348100510968,0.5369533337985789,0.5468763675981185
42,61,0.6199814465536504,0.673176831616093,0.6199814465536504,0.710030630142515,0.6817559624051368,0.6199814465536504,0.6199814465536504,0.6545590884986552,0.6199814465536504,0.637722831400344
42,62,0.5031685171637035,0.6162270004125493,0.5031685171637035,0.6904139620880501,0.6522090512793945,0.5031685171637035,0.5031685171637035,0.5682549686193651,0.5031685171637035,0.4977471878864248
42,63,0.5633482735379776,0.6138066221659086,0.5633482735379776,0.6897040933382491,0.6551431046645677,0.5633482735379776,0.5633482735379776,0.56962960051981,0.5633482735379776,0.5362061966471734
42,64,0.6398321287593937,0.6725170200483489,0.6398321287593937,0.7314637473988703,0.6935495783730079,0.6398321287593937,0.6398321287593937,0.6431026837233312,0.6398321287593937,0.6348217864475294
42,65,0.5711621681420247,0.6200169323111799,0.5711621681420247,0.6843653613115723,0.6727872503600434,0.5711621681420247,0.5711621681420247,0.58774480619677,0.5711621681420247,0.5695423913105745
42,66,0.5996522924694436,0.5608926461454748,0.5996522924694436,0.668185355644624,0.6665194731709323,0.5996522924694436,0.5996522924694436,0.5680931669284439,0.5996522924694436,0.5836140544390128
42,67,0.5491488376497246,0.5498050556972078,0.5491488376497246,0.6809201781909524,0.6192343973097207,0.5491488376497246,0.5491488376497247,0.49545737631323034,0.5491488376497246,0.5219899885957584
42,68,0.5841782015497508,0.6229027420283846,0.5841782015497508,0.7027723509175252,0.6487806807080221,0.5841782015497508,0.5841782015497508,0.5962825704222572,0.5841782015497508,0.5792946553357203
42,69,0.46452027409590047,0.5711053761196194,0.46452027409590047,0.6698862581157543,0.6541664795755635,0.46452027409590047,0.46452027409590047,0.5390006026641183,0.46452027409590047,0.4265357070618853
42,70,0.43427934598869306,0.6135551514137241,0.43427934598869306,0.6726001777028741,0.6368521059369756,0.43427934598869306,0.43427934598869306,0.5334196790048993,0.43427934598869306,0.3747027780780787
42,71,0.547256694633746,0.6141624811304032,0.547256694633746,0.6925419962202642,0.5939906072187314,0.547256694633746,0.547256694633746,0.4991320210265883,0.547256694633746,0.5237745802307716
42,72,0.5169168011836441,0.5317332067757854,0.5169168011836441,0.6460103105101666,0.6603647870501238,0.5169168011836441,0.5169168011836441,0.5383484402786627,0.5169168011836441,0.4914425427236744
42,73,0.5064884559482957,0.5951820927751179,0.5064884559482957,0.6871683972256449,0.6501500696878055,0.5064884559482957,0.5064884559482956,0.5438619831406996,0.5064884559482957,0.4790871552509588
42,74,0.5644532471458256,0.6621948086068472,0.5644532471458256,0.6992112905845727,0.6643416224223135,0.5644532471458256,0.5644532471458256,0.6161638254924878,0.5644532471458256,0.5763975518962525
42,75,0.5632363915916443,0.5256659518163208,0.5632363915916443,0.6658447194123649,0.6152372318522631,0.5632363915916443,0.5632363915916443,0.4903376779990636,0.5632363915916443,0.5424582332223273
42,76,0.647375889793681,0.6620765301621865,0.647375889793681,0.7326924336564837,0.7069763768831586,0.647375889793681,0.647375889793681,0.6487128327360496,0.647375889793681,0.6623911321218849
42,77,0.552288966163424,0.6203013320556642,0.552288966163424,0.6933372911821183,0.5761445912615958,0.552288966163424,0.552288966163424,0.5383595956805074,0.552288966163424,0.5370046597970208
42,78,0.5526601094305794,0.6314512639438623,0.5526601094305794,0.6525580614468681,0.6450847328437741,0.5526601094305794,0.5526601094305794,0.5957183553551073,0.5526601094305794,0.5480820383191283
42,79,0.4432642840210557,0.5122159481069357,0.4432642840210557,0.6237660254920467,0.6525821973104475,0.4432642840210557,0.4432642840210557,0.49547515191797514,0.4432642840210557,0.3855069962857295
42,80,0.5850254006400503,0.6301095818543444,0.5850254006400503,0.681074649355436,0.5532649963235698,0.5850254006400503,0.5850254006400502,0.5344959430995191,0.5850254006400503,0.584719455165808
42,81,0.5457818787116069,0.6232685037899627,0.5457818787116069,0.6836971605313128,0.663377713919407,0.5457818787116069,0.5457818787116069,0.5985181997806346,0.5457818787116069,0.5429335273740445
42,82,0.6633317978992027,0.6672342330402674,0.6633317978992027,0.7132488978883718,0.6863925122012126,0.6633317978992027,0.6633317978992028,0.6487362867229969,0.6633317978992027,0.6525271657141011
42,83,0.6166238730611969,0.6845745034005609,0.6166238730611969,0.7336621823639198,0.6660694104238242,0.6166238730611969,0.6166238730611969,0.6244610254890608,0.6166238730611969,0.5935800854478178
42,84,0.5310679159655073,0.6021725039298123,0.5310679159655073,0.6734620405549621,0.6260303164253309,0.5310679159655073,0.5310679159655073,0.5658168725088573,0.5310679159655073,0.5414974075077346
42,85,0.5690162463922951,0.6671257608157364,0.5690162463922951,0.7002513754237543,0.6530051875530304,0.5690162463922951,0.5690162463922951,0.5936351498248444,0.5690162463922951,0.5549016246673224
42,86,0.5611197412813623,0.6134685356800579,0.5611197412813623,0.6598403304769285,0.4917404797805075,0.5611197412813623,0.5611197412813624,0.4800067465134401,0.5611197412813623,0.565178327160035
42,87,0.5700215112556118,0.6637999918852509,0.5700215112556118,0.710576634581286,0.6282342961847764,0.5700215112556118,0.570021511255612,0.5830665360982121,0.5700215112556118,0.5855883381917767
42,88,0.5530212167756385,0.6132239371510689,0.5530212167756385,0.6693797527922649,0.6331548848213376,0.5530212167756385,0.5530212167756385,0.5707893472925134,0.5530212167756385,0.5586280696695363
42,89,0.601577795633872,0.633679232000058,0.601577795633872,0.6939404021578095,0.6385170005322212,0.601577795633872,0.601577795633872,0.5940922916487499,0.601577795633872,0.609412445793853
42,90,0.5921337141656018,0.6755258364399829,0.5921337141656018,0.7254795600791963,0.6449267792759977,0.5921337141656018,0.5921337141656018,0.6119524295252129,0.5921337141656018,0.5936356737122581
42,91,0.4871989490531061,0.6154711368771321,0.4871989490531061,0.6745356917977772,0.6549367356628908,0.4871989490531061,0.4871989490531061,0.5647312193519924,0.4871989490531061,0.4534754509608938
42,92,0.5185323058655411,0.6289365336318377,0.5185323058655411,0.7043307220696633,0.6870223563592097,0.5185323058655411,0.5185323058655411,0.5940060512939065,0.5185323058655411,0.5011783103500658
42,93,0.48764313153107375,0.5545746426398672,0.48764313153107375,0.670696638448377,0.6686239288928373,0.48764313153107375,0.48764313153107375,0.5405833261068368,0.48764313153107375,0.4529502902716077
42,94,0.4311525987044554,0.5060964181221401,0.4311525987044554,0.6119410571277637,0.6170424765897501,0.4311525987044554,0.4311525987044554,0.4780982400748266,0.4311525987044554,0.3615591944799946
42,95,0.5505872268916622,0.5885181196868401,0.5505872268916622,0.660398654702724,0.6760307725523671,0.5505872268916622,0.5505872268916621,0.5792593919161535,0.5505872268916622,0.524031315070924
42,96,0.5962816165231422,0.6157306262502834,0.5962816165231422,0.6911505870122683,0.6271617347302176,0.5962816165231422,0.596281616523142,0.5338849787204684,0.5962816165231422,0.5776990698229256
42,97,0.6269163616474264,0.6828478288196635,0.6269163616474264,0.7293654933006894,0.6771346852384135,0.6269163616474264,0.6269163616474264,0.6315810063660175,0.6269163616474264,0.6177859567230494
42,98,0.5506752270604143,0.6198949298967124,0.5506752270604143,0.6816098088624285,0.6592185137475999,0.5506752270604143,0.5506752270604144,0.5822145836457665,0.5506752270604143,0.5362631449713052
42,99,0.598840776657709,0.5944780970333214,0.598840776657709,0.6825409257540751,0.6291006002955493,0.598840776657709,0.5988407766577091,0.5555659366681697,0.598840776657709,0.6000532912115029
43,0,0.6173568670750481,0.6303104128556892,0.6173568670750481,0.6728213740905512,0.5718915407121776,0.6173568670750481,0.6173568670750481,0.5611657789707297,0.6173568670750481,0.6209418155300012
43,1,0.5827775399408791,0.562559349634321,0.5827775399408791,0.665090056123496,0.6581316952606011,0.5827775399408791,0.5827775399408791,0.5574691616712488,0.5827775399408791,0.5746733854773178
43,2,0.4688244766475708,0.5710615437072403,0.4688244766475708,0.6514256264796433,0.6298496265803901,0.4688244766475708,0.4688244766475709,0.5205312648844859,0.4688244766475708,0.44003094723178365
43,3,0.6175909456654248,0.6411265849829677,0.6175909456654248,0.6924768330190951,0.6739939224552682,0.6175909456654248,0.6175909456654248,0.6112845819399506,0.6175909456654248,0.595493242963065
43,4,0.5383853112013993,0.620239022522407,0.5383853112013993,0.6993918221028831,0.6019658870977422,0.5383853112013993,0.5383853112013993,0.527742938179779,0.5383853112013993,0.5456261500720173
43,5,0.4933744793749256,0.5932985449671976,0.4933744793749256,0.6430409267725072,0.6571749175107513,0.4933744793749256,0.4933744793749256,0.5719840943609779,0.4933744793749256,0.4705859853306576
43,6,0.5442653393726044,0.5922664903889416,0.5442653393726044,0.672718098049959,0.6796869245879923,0.5442653393726044,0.5442653393726044,0.5824171293258967,0.5442653393726044,0.5453659102876196
43,7,0.5233568895629477,0.6276715005403753,0.5233568895629477,0.6892095952532051,0.6774142591592155,0.5233568895629477,0.5233568895629477,0.5958964355387193,0.5233568895629477,0.5069264215979099
43,8,0.610067070624921,0.6415260211408368,0.610067070624921,0.6919269106546058,0.6525214226017919,0.610067070624921,0.610067070624921,0.5967479898157503,0.610067070624921,0.6129822308218816
43,9,0.6111555964715556,0.7048628734271406,0.6111555964715556,0.7077336003501855,0.6277406368516023,0.6111555964715556,0.6111555964715556,0.6259296352896805,0.6111555964715556,0.6261758926159026
43,10,0.5876571353594063,0.6904290264012398,0.5876571353594063,0.7002776569228595,0.5761253916452487,0.5876571353594063,0.5876571353594063,0.557962689507427,0.5876571353594063,0.5951890000669988
43,11,0.552263690507774,0.5516480322139856,0.552263690507774,0.6655684985709053,0.6814955019923943,0.552263690507774,0.552263690507774,0.5611130963131653,0.552263690507774,0.5324539292245186
43,12,0.5964686749599933,0.6497133623627462,0.5964686749599933,0.7094078753181398,0.6960141456218915,0.5964686749599933,0.5964686749599933,0.6456627791571927,0.5964686749599933,0.614388198230372
43,13,0.502795329542047,0.5938618796590374,0.502795329542047,0.6710118037097205,0.6209806541218857,0.502795329542047,0.5027953295420469,0.5091685644537418,0.502795329542047,0.48979705985417543
43,14,0.48758273014808656,0.6103356303272582,0.48758273014808656,0.6813460147100104,0.6169820882404098,0.48758273014808656,0.4875827301480865,0.537156880416525,0.48758273014808656,0.4594883885342198
43,15,0.5521425160409811,0.6548362834231256,0.5521425160409811,0.6910072012912718,0.6369573012027987,0.5521425160409811,0.5521425160409812,0.5908417137393347,0.5521425160409811,0.5463401610501855
43,16,0.6205261741029907,0.6156011596560547,0.6205261741029907,0.6887644562247676,0.6599613375513551,0.6205261741029907,0.6205261741029906,0.6105826213700274,0.6205261741029907,0.6349917562420904
43,17,0.5024788262951938,0.6066237722518477,0.5024788262951938,0.6639693709750929,0.6735408407098691,0.5024788262951938,0.5024788262951938,0.5725823966816252,0.5024788262951938,0.4654499508960871
43,18,0.5982306297643333,0.623641127520812,0.5982306297643333,0.7031764130392312,0.6195997168027874,0.5982306297643333,0.5982306297643333,0.5573699535217377,0.5982306297643333,0.602707985258828
43,19,0.622079325972604,0.633371202922669,0.622079325972604,0.7048070599537049,0.7021368430968365,0.622079325972604,0.622079325972604,0.610844469951058,0.622079325972604,0.5861466685219023
43,20,0.5588317368938059,0.5026874644336587,0.5588317368938059,0.6071130312837956,0.5373056851640398,0.5588317368938059,0.5588317368938058,0.47883373001615326,0.5588317368938059,0.5578690654236802
43,21,0.6409001181358126,0.6372786851113241,0.6409001181358126,0.7027977490814157,0.6424816921112406,0.6409001181358126,0.6409001181358126,0.6013963899439786,0.6409001181358126,0.634848175969621
43,22,0.5427833682097114,0.620957085136427,0.5427833682097114,0.6955487664367267,0.6613165156146039,0.5427833682097114,0.5427833682097114,0.5711691937186424,0.5427833682097114,0.5369351674971367
43,23,0.5484503188867783,0.5654246363712361,0.5484503188867783,0.645106727711307,0.6166196620518751,0.5484503188867783,0.5484503188867783,0.5355563564844139,0.5484503188867783,0.5162274744938714
43,24,0.5194875769687854,0.5979776890490552,0.5194875769687854,0.6829376174505308,0.6580106031144595,0.5194875769687854,0.5194875769687854,0.5533940895151593,0.5194875769687854,0.5071042957843657
43,25,0.5111862896666336,0.5586588344901315,0.5111862896666336,0.6571898547428481,0.6753200481196666,0.5111862896666336,0.5111862896666336,0.5442319908737867,0.5111862896666336,0.4661784850090201
43,26,0.5934312287973722,0.5677607924767841,0.5934312287973722,0.658598866766108,0.6381875937348273,0.5934312287973722,0.5934312287973722,0.5585905228503361,0.5934312287973722,0.5885248665587105
43,27,0.5983055274792375,0.6303624487342626,0.5983055274792375,0.6866468901548577,0.6778763212698555,0.5983055274792375,0.5983055274792375,0.6136768726550872,0.5983055274792375,0.5829616200801326
43,28,0.4881425115805713,0.5910457917964539,0.4881425115805713,0.6730424841486562,0.6372100955524254,0.4881425115805713,0.4881425115805713,0.5382821367483955,0.4881425115805713,0.4605687004732987
43,29,0.45611314498571415,0.5807046971682446,0.45611314498571415,0.6722083048225015,0.6263252986453871,0.45611314498571415,0.4561131449857141,0.4996276440047262,0.45611314498571415,0.4245717727075769
43,30,0.5897215617047055,0.6054222583696569,0.5897215617047055,0.6834880023224306,0.6354789098659173,0.5897215617047055,0.5897215617047055,0.5777188647017086,0.5897215617047055,0.5942511958839826
43,31,0.5747359785855725,0.589641520607855,0.5747359785855725,0.687172122507382,0.6593430142210669,0.5747359785855725,0.5747359785855723,0.5693212786035166,0.5747359785855725,0.5764522365435156
43,32,0.5781664983636337,0.6596108795683766,0.5781664983636337,0.7193836279743657,0.6004802848364958,0.5781664983636337,0.5781664983636337,0.5541730551275462,0.5781664983636337,0.5784796288923003
43,33,0.5246873926423495,0.66542861937484,0.5246873926423495,0.7030625424288298,0.6326237167797414,0.5246873926423495,0.5246873926423496,0.5845878710298983,0.5246873926423495,0.528552733454781
43,34,0.48471031914882745,0.5941061644656027,0.48471031914882745,0.6462814978969799,0.6091219215471124,0.48471031914882745,0.48471031914882745,0.5269220636639809,0.48471031914882745,0.4585697603749813
43,35,0.6145500612702337,0.6013994495795134,0.6145500612702337,0.6892873345760022,0.6184085496693061,0.6145500612702337,0.6145500612702336,0.5238083735668388,0.6145500612702337,0.6104842213211463
43,36,0.5891794360610939,0.6684180196650412,0.5891794360610939,0.7141422311006316,0.6253245930373628,0.5891794360610939,0.5891794360610938,0.5780155108930931,0.5891794360610939,0.5657874884133338
43,37,0.6744452806680356,0.7096103826240697,0.6744452806680356,0.7440679343067444,0.6790323560198577,0.6744452806680356,0.6744452806680356,0.6563676708629194,0.6744452806680356,0.6823132901735207
43,38,0.5798893316568388,0.5941831113460381,0.5798893316568388,0.6762447700854781,0.629345228830365,0.5798893316568388,0.5798893316568388,0.542297072667969,0.5798893316568388,0.5809747728610751
43,39,0.5534180073992624,0.5987703242719933,0.5534180073992624,0.6876038212350828,0.636586374823383,0.5534180073992624,0.5534180073992623,0.5479064708949564,0.5534180073992624,0.5394794206211451
43,40,0.5572783991737834,0.5526276156174406,0.5572783991737834,0.6500982980361047,0.5728584417425949,0.5572783991737834,0.5572783991737834,0.49139385832818094,0.5572783991737834,0.5494133361763779
43,41,0.5769502932858844,0.6690208338279748,0.5769502932858844,0.7104727327022884,0.6565158587106943,0.5769502932858844,0.5769502932858845,0.6059180689810191,0.5769502932858844,0.557407488309519
43,42,0.4894190251161031,0.5856836575678757,0.4894190251161031,0.6910720979377809,0.6522476030696629,0.4894190251161031,0.4894190251161031,0.5416847403068925,0.4894190251161031,0.4720153073851464
43,43,0.5982832254301345,0.6154721116507538,0.5982832254301345,0.7062169524946789,0.6921081984428569,0.5982832254301345,0.5982832254301345,0.6034520308682038,0.5982832254301345,0.5846013789776275
43,44,0.5732565164032036,0.6368212439917578,0.5732565164032036,0.6914359374533293,0.5368268324491787,0.5732565164032036,0.5732565164032035,0.4850196611601758,0.5732565164032036,0.5641499312661918
43,45,0.5665940580093024,0.6144417812323559,0.5665940580093024,0.6727070024938175,0.6234775003573478,0.5665940580093024,0.5665940580093024,0.5425952538215755,0.5665940580093024,0.5423028106785154
43,46,0.6271119692031004,0.6573707133460351,0.6271119692031004,0.7276500847346739,0.6679267017552196,0.6271119692031004,0.6271119692031004,0.6147226399214971,0.6271119692031004,0.6266563652896805
43,47,0.5033866126188896,0.5977687036878638,0.5033866126188896,0.6770646614120698,0.6696193670650327,0.5033866126188896,0.5033866126188896,0.5695550893136831,0.5033866126188896,0.4988614434899467
43,48,0.497402601143742,0.615976167516981,0.497402601143742,0.6846026685522054,0.6590523657069128,0.497402601143742,0.49740260114374196,0.5749743726316514,0.497402601143742,0.4864562828026573
43,49,0.5845116171838404,0.663231855232292,0.5845116171838404,0.7224084340031849,0.7160398832436656,0.5845116171838404,0.5845116171838404,0.6496863245845448,0.5845116171838404,0.5935381969555847
43,50,0.5669297967735069,0.6266855011055487,0.5669297967735069,0.683240927787107,0.6192101083753223,0.5669297967735069,0.5669297967735069,0.5762517437417858,0.5669297967735069,0.5872136767692626
43,51,0.6324295211108873,0.6332190902170094,0.6324295211108873,0.7199474840888886,0.7223259513388658,0.6324295211108873,0.6324295211108873,0.6320451027398581,0.6324295211108873,0.5989575985273241
43,52,0.48257108801382875,0.6399164302753995,0.48257108801382875,0.6973788025461722,0.6732693210283108,0.48257108801382875,0.48257108801382875,0.5906194409679211,0.48257108801382875,0.46736036467617736
43,53,0.5170179967314489,0.5531064244584077,0.5170179967314489,0.6481290297970986,0.6483179224791361,0.5170179967314489,0.5170179967314488,0.5318568692425099,0.5170179967314489,0.47383863787063385
43,54,0.469826210353113,0.5484256815322522,0.469826210353113,0.6626783187312372,0.6514690853507099,0.469826210353113,0.46982621035311295,0.5247128531518876,0.469826210353113,0.4376582416176864
43,55,0.5180217747914921,0.6413814956105974,0.5180217747914921,0.6891217048739492,0.6682697443309068,0.5180217747914921,0.5180217747914921,0.6064027672289907,0.5180217747914921,0.5140054747739465
43,56,0.492020001592738,0.5709546040251474,0.492020001592738,0.6871340408336363,0.6403394987545564,0.492020001592738,0.492020001592738,0.5156313783590397,0.492020001592738,0.45058955083244606
43,57,0.6029202860646669,0.6629167914429099,0.6029202860646669,0.7271401026793265,0.6618228971863543,0.6029202860646669,0.6029202860646669,0.610202439441639,0.6029202860646669,0.5764026897344386
43,58,0.5127029219308408,0.6025946178594672,0.5127029219308408,0.6669224302485974,0.5642017606660651,0.5127029219308408,0.5127029219308408,0.49633652845083515,0.5127029219308408,0.49973956357278304
43,59,0.5027019397114282,0.57058419626783,0.5027019397114282,0.6658416747600865,0.6612115432071206,0.5027019397114282,0.5027019397114283,0.5350125907656333,0.5027019397114282,0.4637335082307388
43,60,0.5413997119132807,0.6425459324079614,0.5413997119132807,0.7086197274533825,0.6898966853842393,0.5413997119132807,0.5413997119132807,0.626822468313568,0.5413997119132807,0.5522773131166002
43,61,0.6112540971884272,0.6717557751282681,0.6112540971884272,0.707753155086952,0.6779325985383355,0.6112540971884272,0.611254097188427,0.6509583249962265,0.6112540971884272,0.6296582723065032
43,62,0.501819057342564,0.6167346656665779,0.501819057342564,0.6873782361277314,0.6540191493138958,0.501819057342564,0.501819057342564,0.5707938100979623,0.501819057342564,0.49706142445554746
43,63,0.5484102681235976,0.609965524176351,0.5484102681235976,0.6853190634709907,0.6342426520517461,0.5484102681235976,0.5484102681235976,0.5525798375810029,0.5484102681235976,0.5244341528076644
43,64,0.6348927824343114,0.6688163118024473,0.6348927824343114,0.7280458518642763,0.6875736814621523,0.6348927824343114,0.6348927824343114,0.6382935843017707,0.6348927824343114,0.6298411215092861
43,65,0.5579723646017044,0.6066529369429583,0.5579723646017044,0.6741041835396904,0.6619403672381142,0.5579723646017044,0.5579723646017045,0.5733915703535946,0.5579723646017044,0.5578105126260534
43,66,0.5939191790467044,0.5512665216885808,0.5939191790467044,0.6605177711566382,0.6570461826599665,0.5939191790467044,0.5939191790467044,0.5580833443391593,0.5939191790467044,0.5786821052770592
43,67,0.6257132590235253,0.6543671015153576,0.6257132590235253,0.7270672200561423,0.6924756889349237,0.6257132590235253,0.6257132590235253,0.6248300698460771,0.6257132590235253,0.6053842783835848
43,68,0.5826375945827579,0.6207939353747067,0.5826375945827579,0.7020344203305262,0.6457019402823012,0.5826375945827579,0.5826375945827579,0.5936553249533019,0.5826375945827579,0.5792513241139715
43,69,0.4724643569115862,0.5712364982334535,0.4724643569115862,0.6722633303240306,0.661204190197505,0.4724643569115862,0.47246435691158617,0.5458312217442427,0.4724643569115862,0.435720124313574
43,70,0.4415176618754741,0.6146876437132576,0.4415176618754741,0.6729834057082602,0.6457396800250836,0.4415176618754741,0.44151766187547414,0.5424637400730719,0.4415176618754741,0.3860691736715483
43,71,0.6229739169172472,0.6727281166268015,0.6229739169172472,0.6869259910794656,0.695428931297051,0.6229739169172472,0.6229739169172472,0.6185759814254164,0.6229739169172472,0.5987099748725286
43,72,0.5296143799152206,0.5447834117275404,0.5296143799152206,0.652550434080631,0.668078836870565,0.5296143799152206,0.5296143799152206,0.5557851451381298,0.5296143799152206,0.509159777713794
43,73,0.513360274828151,0.6093730096423411,0.513360274828151,0.6919839407391292,0.6531994574417526,0.513360274828151,0.513360274828151,0.5562179347616536,0.513360274828151,0.4900252376027781
43,74,0.5536705781053536,0.6495346441530285,0.5536705781053536,0.6907071987542232,0.6555881333301886,0.5536705781053536,0.5536705781053536,0.6030365761392629,0.5536705781053536,0.5645992500218379
43,75,0.5769038306835866,0.5387730656402959,0.5769038306835866,0.6707949745388178,0.6245252266583581,0.5769038306835866,0.5769038306835866,0.5070895576793003,0.5769038306835866,0.5572642427361327
43,76,0.6313099582459178,0.6461893841667319,0.6313099582459178,0.7231410240651601,0.6941684377931929,0.6313099582459178,0.6313099582459178,0.6288093118534498,0.6313099582459178,0.6453947173247098
43,77,0.5547333636703151,0.6231593412405911,0.5547333636703151,0.6958122156104263,0.5647711482215549,0.5547333636703151,0.5547333636703151,0.5323113725750854,0.5547333636703151,0.5367860890519087
43,78,0.5325165269799503,0.6258431034386707,0.5325165269799503,0.6476108320094072,0.6211250127533113,0.5325165269799503,0.5325165269799503,0.573228844407982,0.5325165269799503,0.5273674751240263
43,79,0.4472228048116299,0.5124521693442442,0.4472228048116299,0.6224790382103313,0.657777333152139,0.4472228048116299,0.4472228048116299,0.4993639156353666,0.4472228048116299,0.39010131031304984
43,80,0.6031585462892504,0.6373099268926299,0.6031585462892504,0.6914253812017117,0.5768913796205724,0.6031585462892504,0.6031585462892504,0.5530261240134704,0.6031585462892504,0.6042398419746925
43,81,0.5506847054312831,0.6347925597339,0.5506847054312831,0.6885507397786017,0.668575746644605,0.5506847054312831,0.550684705431283,0.6065309465384987,0.5506847054312831,0.5489043979573128
43,82,0.6547526642353096,0.663215605377762,0.6547526642353096,0.7092523155499253,0.6697298981157958,0.6547526642353096,0.6547526642353096,0.6343585286157836,0.6547526642353096,0.6436807809838587
43,83,0.6145225554096733,0.686402944498053,0.6145225554096733,0.7261678890723423,0.6606521287880454,0.6145225554096733,0.6145225554096734,0.6221029250640838,0.6145225554096733,0.5922109685214403
43,84,0.6142002908001353,0.6805137859944665,0.6142002908001353,0.721440067260732,0.6965465627176495,0.6142002908001353,0.6142002908001353,0.6660981362452684,0.6142002908001353,0.638719934598091
43,85,0.5669359298370101,0.6591461703389416,0.5669359298370101,0.6997001564361276,0.6501859077869061,0.5669359298370101,0.5669359298370101,0.5868711868149337,0.5669359298370101,0.5507198056902234
43,86,0.569958507966896,0.6143801081101282,0.569958507966896,0.660622014564269,0.5027301479855735,0.569958507966896,0.569958507966896,0.48890802965751906,0.569958507966896,0.5725376773534374
43,87,0.5426920227335937,0.6420941641813342,0.5426920227335937,0.6964144310867835,0.6029088152885139,0.5426920227335937,0.5426920227335937,0.5464604301461586,0.5426920227335937,0.5534412950057902
43,88,0.5384458055095911,0.6097213401131907,0.5384458055095911,0.6675406649766231,0.6174677329800589,0.5384458055095911,0.5384458055095911,0.5552641469426824,0.5384458055095911,0.5419819484262599
43,89,0.5991349778554591,0.6317094761513384,0.5991349778554591,0.6931676973244958,0.6399282409260265,0.5991349778554591,0.5991349778554591,0.5940785331353183,0.5991349778554591,0.6088316403687077
43,90,0.5872518885421643,0.6704819454596009,0.5872518885421643,0.7261170170747022,0.6395399015375467,0.5872518885421643,0.5872518885421643,0.6031681023360933,0.5872518885421643,0.5853944432173332
43,91,0.4893931919092255,0.6079808607553026,0.4893931919092255,0.6705879197548297,0.6613313152503143,0.4893931919092255,0.4893931919092254,0.563073194056962,0.4893931919092255,0.45089792211054125
43,92,0.520254953308337,0.6335333535335228,0.520254953308337,0.7100559330539267,0.6894628845530919,0.520254953308337,0.5202549533083372,0.5977123263309997,0.520254953308337,0.5029197659573552
43,93,0.4996591038869405,0.5634823143279519,0.4996591038869405,0.6706646612225466,0.6797635950544005,0.4996591038869405,0.49965910388694046,0.5561785123310153,0.4996591038869405,0.46785808976153626
43,94,0.4299925204502821,0.5188155905477471,0.4299925204502821,0.6153837183387094,0.6163946424311002,0.4299925204502821,0.42999252045028213,0.4837433689226721,0.4299925204502821,0.3564354758972881
43,95,0.5466712658447928,0.5827719922962891,0.5466712658447928,0.6567626699275355,0.6728176601751215,0.5466712658447928,0.5466712658447928,0.5739075487887005,0.5466712658447928,0.5191086139756691
43,96,0.5853742418581026,0.603815683914497,0.5853742418581026,0.6779256442870374,0.6104062387277984,0.5853742418581026,0.5853742418581027,0.5169750934802336,0.5853742418581026,0.5655745486565795
43,97,0.6132681580728353,0.668616783239699,0.6132681580728353,0.7182853855355606,0.6624414762931787,0.6132681580728353,0.6132681580728353,0.6159115205486629,0.6132681580728353,0.6032319469831716
43,98,0.5411700937327246,0.619959881998343,0.5411700937327246,0.6815121789117669,0.6501775225834853,0.5411700937327246,0.5411700937327246,0.5776397913462634,0.5411700937327246,0.5297566121183499
43,99,0.6049300723896637,0.5973496436664731,0.6049300723896637,0.68589233886829,0.6336045713128376,0.6049300723896637,0.6049300723896636,0.5612429612318056,0.6049300723896637,0.6072892814681192
44,0,0.6011338919315182,0.6298111994771479,0.6011338919315182,0.6670593676901749,0.555013761493502,0.6011338919315182,0.6011338919315182,0.5463723042906417,0.6011338919315182,0.6071085302227133
44,1,0.574352197490592,0.5581412333223015,0.574352197490592,0.660891617179394,0.6556995084813391,0.574352197490592,0.5743521974905921,0.5520479224142515,0.574352197490592,0.5669780724040958
44,2,0.4412688081775667,0.5531908784527008,0.4412688081775667,0.6326919896066827,0.595646285814182,0.4412688081775667,0.4412688081775667,0.4811505213373368,0.4412688081775667,0.4092549871996794
44,3,0.6118039356240201,0.6404384694433166,0.6118039356240201,0.6910869613883406,0.6714338619368603,0.6118039356240201,0.6118039356240201,0.6088512098877863,0.6118039356240201,0.5893608879099074
44,4,0.5770734191819739,0.6397764309854758,0.5770734191819739,0.706771436664641,0.6409909863147162,0.5770734191819739,0.5770734191819739,0.5792898459520758,0.5770734191819739,0.5859584244099376
44,5,0.5057646615296995,0.6005790596679319,0.5057646615296995,0.652618419020197,0.6713857029751489,0.5057646615296995,0.5057646615296995,0.5862475922826593,0.5057646615296995,0.4847528366801853
44,6,0.5520806278547203,0.5986731991461136,0.5520806278547203,0.6776250171510647,0.6884144873644706,0.5520806278547203,0.5520806278547203,0.5912102064879412,0.5520806278547203,0.5544309532879358
44,7,0.5193329494283381,0.6266998150390115,0.5193329494283381,0.6886035074214174,0.6746938215217487,0.5193329494283381,0.5193329494283381,0.5934357492221833,0.5193329494283381,0.5030768240639405
44,8,0.6086122336217701,0.6474183639584674,0.6086122336217701,0.6928597234110461,0.6520790889533761,0.6086122336217701,0.6086122336217701,0.6021342936026207,0.6086122336217701,0.6139123491972107
44,9,0.6133129480214505,0.6891484506402195,0.6133129480214505,0.7003418773579211,0.6175157697177702,0.6133129480214505,0.6133129480214505,0.6136901208176322,0.6133129480214505,0.6264976094247733
44,10,0.5719738698041685,0.6759919829528063,0.5719738698041685,0.6914641391465296,0.5693947793594107,0.5719738698041685,0.5719738698041685,0.542979646811348,0.5719738698041685,0.577387604739207
44,11,0.5938885137291879,0.5833290684757904,0.5938885137291879,0.6841879039213888,0.7059267547970813,0.5938885137291879,0.5938885137291878,0.6012502375940709,0.5938885137291879,0.5806435321458541
44,12,0.5847814719779864,0.6382042613342114,0.5847814719779864,0.7010660713370247,0.6894685400351346,0.5847814719779864,0.5847814719779865,0.6347532911732544,0.5847814719779864,0.6011090280552918
44,13,0.517561144552311,0.597270608813941,0.517561144552311,0.6763439951300705,0.6359081176169625,0.517561144552311,0.517561144552311,0.5259130558102718,0.517561144552311,0.5065649738457729
44,14,0.491202817343523,0.6140407417102721,0.491202817343523,0.6810242950631435,0.6209371203714547,0.491202817343523,0.491202817343523,0.5448172193877275,0.491202817343523,0.4641457743788332
44,15,0.6074698111564699,0.6887218880992596,0.6074698111564699,0.7150809912876301,0.6979438078362483,0.6074698111564699,0.60746981115647,0.6516829783650651,0.6074698111564699,0.5988174554647254
44,16,0.6316285987724767,0.612174007017741,0.6316285987724767,0.6883508480286968,0.6677150705424995,0.6316285987724767,0.6316285987724767,0.617048709775804,0.6316285987724767,0.6436080066242644
44,17,0.5046546699608032,0.6125246506386934,0.5046546699608032,0.6671921226478696,0.6778950271272531,0.5046546699608032,0.5046546699608032,0.5785213321934708,0.5046546699608032,0.4689815938346177
44,18,0.5967813682734581,0.625984214442108,0.5967813682734581,0.7048215206047338,0.6188541379801151,0.5967813682734581,0.5967813682734581,0.5549242880845081,0.5967813682734581,0.5998981949690534
44,19,0.6144225678895283,0.6314666480282252,0.6144225678895283,0.7063488869448322,0.6918670551621465,0.6144225678895283,0.6144225678895283,0.6028418532863226,0.6144225678895283,0.5809283499929987
44,20,0.500723747955994,0.4721005310282249,0.500723747955994,0.5845014966743403,0.4734984427679478,0.500723747955994,0.500723747955994,0.4180576343927661,0.500723747955994,0.5086276132086398
44,21,0.6398932735440177,0.6390351066858502,0.6398932735440177,0.7029660603551824,0.6463540545123683,0.6398932735440177,0.6398932735440177,0.6058051560453442,0.6398932735440177,0.6358375475202682
44,22,0.5574590457715175,0.6296881477760021,0.5574590457715175,0.7001298680990857,0.6752298037187935,0.5574590457715175,0.5574590457715175,0.5878637770620967,0.5574590457715175,0.5510210964978279
44,23,0.6097605103749597,0.6145382290948895,0.6097605103749597,0.6739623205284686,0.6797906140319877,0.6097605103749597,0.6097605103749597,0.6155188747643117,0.6097605103749597,0.5920399816166858
44,24,0.5389515973982058,0.6108071020448245,0.5389515973982058,0.6894165066062363,0.6654255965009795,0.5389515973982058,0.5389515973982058,0.571861422687373,0.5389515973982058,0.5337191985130744
44,25,0.5101743341885859,0.5549173404377459,0.5101743341885859,0.6560968727210466,0.676611892992712,0.5101743341885859,0.5101743341885859,0.5434817806302039,0.5101743341885859,0.46564851288352066
44,26,0.5916909255657031,0.5691525994486863,0.5916909255657031,0.6601121991742643,0.6366580675822145,0.5916909255657031,0.591690925565703,0.5579816549945561,0.5916909255657031,0.5863422961120254
44,27,0.5890874401085441,0.6233961625399334,0.5890874401085441,0.6835878120485125,0.6758676818016398,0.5890874401085441,0.5890874401085441,0.6079018750787097,0.5890874401085441,0.5738779161092078
44,28,0.49042689188514854,0.5589442400206803,0.49042689188514854,0.6485568777537098,0.6141226408954872,0.49042689188514854,0.49042689188514854,0.5114340218568787,0.49042689188514854,0.4615588227511731
44,29,0.4678520143814764,0.5909004564697311,0.4678520143814764,0.6725385668516379,0.63319552222191,0.4678520143814764,0.4678520143814764,0.5183423174294493,0.4678520143814764,0.4433912315226104
44,30,0.580585991915693,0.5974922491164256,0.580585991915693,0.6796231883237096,0.6359394748204052,0.580585991915693,0.580585991915693,0.5753489000678879,0.580585991915693,0.5851830691330369
44,31,0.5663380490706411,0.5840180923134661,0.5663380490706411,0.6842288895828451,0.6507432275235925,0.5663380490706411,0.5663380490706411,0.5622084980942725,0.5663380490706411,0.5713510538138155
44,32,0.573069550891557,0.6684677594471818,0.573069550891557,0.722752405490461,0.5941775337015152,0.573069550891557,0.5730695508915569,0.5515526353685123,0.573069550891557,0.5749284992779828
44,33,0.537972537442585,0.668843362419724,0.537972537442585,0.7043545531005108,0.6375938672484854,0.537972537442585,0.537972537442585,0.5956968712300028,0.537972537442585,0.5459387524826127
44,34,0.5054727834620641,0.6147553937646071,0.5054727834620641,0.6582868972855458,0.6421870161507572,0.5054727834620641,0.5054727834620641,0.5661978456740524,0.5054727834620641,0.48528691741107555
44,35,0.6001199850241741,0.590535376113571,0.6001199850241741,0.682363050935066,0.5986487637784355,0.6001199850241741,0.6001199850241741,0.5034752571016758,0.6001199850241741,0.5980372134344056
44,36,0.5847629798622719,0.6593030680615704,0.5847629798622719,0.7106366501307826,0.6241944443226621,0.5847629798622719,0.5847629798622718,0.5713374654130725,0.5847629798622719,0.5618797931659669
44,37,0.6619043738314074,0.6815096595145824,0.6619043738314074,0.7265809040660316,0.6561822087471518,0.6619043738314074,0.6619043738314074,0.6217316755110396,0.6619043738314074,0.6640023688485952
44,38,0.5812360966470449,0.5942601769271918,0.5812360966470449,0.6802579242507829,0.626046422119876,0.5812360966470449,0.5812360966470449,0.5375945285796695,0.5812360966470449,0.582298756415293
44,39,0.6259518909489271,0.6740769797174909,0.6259518909489271,0.7325815780721596,0.7029724962769004,0.6259518909489271,0.625951890948927,0.6380840137120544,0.6259518909489271,0.6013763132411438
44,40,0.5716399895440559,0.5580488631062206,0.5716399895440559,0.6545185164271545,0.5910686069673616,0.5716399895440559,0.5716399895440559,0.5072848620244126,0.5716399895440559,0.5624138074639736
44,41,0.5668567575626945,0.6622675910451061,0.5668567575626945,0.7064252746223938,0.650392021813613,0.5668567575626945,0.5668567575626946,0.5982920833204554,0.5668567575626945,0.5484279187663466
44,42,0.4968554575390822,0.5960927925379774,0.4968554575390822,0.695406630694928,0.6610601772839648,0.4968554575390822,0.4968554575390823,0.5559224050842041,0.4968554575390822,0.4843085550622591
44,43,0.5686869194672077,0.5940658814883801,0.5686869194672077,0.6907268904418908,0.6710854846681862,0.5686869194672077,0.5686869194672077,0.5687307297545223,0.5686869194672077,0.550316372089295
44,44,0.5783516053711883,0.641637890887332,0.5783516053711883,0.6981491685768967,0.5491270717015563,0.5783516053711883,0.5783516053711883,0.4937069692440688,0.5783516053711883,0.5687654415516975
44,45,0.5678284764271523,0.6079933316377985,0.5678284764271523,0.6704462389592658,0.621711759593069,0.5678284764271523,0.5678284764271522,0.5385891848127857,0.5678284764271523,0.5439072839860903
44,46,0.6140595091151727,0.6571496748899195,0.6140595091151727,0.7257157079045291,0.6589322532453034,0.6140595091151727,0.6140595091151727,0.6060169778879848,0.6140595091151727,0.6132005700716174
44,47,0.516411566846257,0.6103672706576608,0.516411566846257,0.6833680233820956,0.6778260902420276,0.516411566846257,0.516411566846257,0.5836672734261654,0.516411566846257,0.5165979175451327
44,48,0.5088696643160616,0.6275257528000083,0.5088696643160616,0.6927796556402465,0.6690222647738984,0.5088696643160616,0.5088696643160616,0.5906274894557689,0.5088696643160616,0.5043271095688434
44,49,0.5641804187451325,0.644982942893921,0.5641804187451325,0.7120354506563524,0.7024633955104466,0.5641804187451325,0.5641804187451325,0.6281702866512582,0.5641804187451325,0.5699402334723632
44,50,0.5572816515559442,0.6272002198869835,0.5572816515559442,0.6810020079098993,0.6147851239518725,0.5572816515559442,0.5572816515559443,0.5737841842483022,0.5572816515559442,0.5776518344844124
44,51,0.6262571502460241,0.6222302747417514,0.6262571502460241,0.7144797563169871,0.7167351028818704,0.6262571502460241,0.6262571502460241,0.6229169569246716,0.6262571502460241,0.5938354982134136
44,52,0.48687464008906695,0.6454353901737089,0.48687464008906695,0.6992952161752234,0.676753787856736,0.48687464008906695,0.48687464008906695,0.5972418967920854,0.48687464008906695,0.47443164402702837
44,53,0.5348293423971339,0.5644280618237683,0.5348293423971339,0.6563252995128009,0.666401663959796,0.5348293423971339,0.534829342397134,0.5502001961995754,0.5348293423971339,0.48821889512283945
44,54,0.4831713848355173,0.5546986198853069,0.4831713848355173,0.6634070361572992,0.6598317882584912,0.4831713848355173,0.48317138483551725,0.5357631010942009,0.4831713848355173,0.45516474884975544
44,55,0.534978951976533,0.6398612982309276,0.534978951976533,0.6910282273112609,0.6779603417448616,0.534978951976533,0.534978951976533,0.6143463971117022,0.534978951976533,0.5342843863486666
44,56,0.5108212794629815,0.5799317332834955,0.5108212794629815,0.6871558779184439,0.6570285769120967,0.5108212794629815,0.5108212794629815,0.5363338762183762,0.5108212794629815,0.4703722499890093
44,57,0.5993738885564748,0.6640733483727379,0.5993738885564748,0.7270128986951376,0.6597280253226324,0.5993738885564748,0.5993738885564748,0.6095323629817592,0.5993738885564748,0.5740761142724908
44,58,0.630831114666636,0.6909444473567045,0.630831114666636,0.7341298023696352,0.7024184858774238,0.630831114666636,0.6308311146666359,0.6515504338953726,0.630831114666636,0.6175815569155153
44,59,0.5090933352835236,0.5719678445699952,0.5090933352835236,0.6654020208654845,0.6657812244249428,0.5090933352835236,0.5090933352835236,0.5418890238028489,0.5090933352835236,0.47052395349770504
44,60,0.5588946472573172,0.655260717783775,0.5588946472573172,0.7143953930582733,0.6979089270062812,0.5588946472573172,0.5588946472573173,0.6411212174467413,0.5588946472573172,0.5733938981162241
44,61,0.5973608498493171,0.6606150901107174,0.5973608498493171,0.7005109849936498,0.6681371819301827,0.5973608498493171,0.597360849849317,0.6375610128661234,0.5973608498493171,0.6152585274419605
44,62,0.5155287774025974,0.622643190626077,0.5155287774025974,0.6965410713829547,0.6661196564537117,0.5155287774025974,0.5155287774025974,0.5840190584119429,0.5155287774025974,0.5133210872131135
44,63,0.6032983057969623,0.6547284311400347,0.6032983057969623,0.7125600544129604,0.6950093854606147,0.6032983057969623,0.6032983057969623,0.6249410234189601,0.6032983057969623,0.5808530587954841
44,64,0.526050884169383,0.550424538716343,0.526050884169383,0.6589835522605727,0.537634443077763,0.526050884169383,0.526050884169383,0.46944328921965384,0.526050884169383,0.5264897878079426
44,65,0.5438897356956284,0.6087730948564976,0.5438897356956284,0.6719248941946592,0.641034739334218,0.5438897356956284,0.5438897356956284,0.5559309929144325,0.5438897356956284,0.5436582399981064
44,66,0.5845243479368699,0.544744127622345,0.5845243479368699,0.6582370140876244,0.6551939516331116,0.5845243479368699,0.5845243479368699,0.5515080616152326,0.5845243479368699,0.5708922376374674
44,67,0.6135575271599465,0.617089353047299,0.6135575271599465,0.7124614856263022,0.6802552998212672,0.6135575271599465,0.6135575271599465,0.5882634558144483,0.6135575271599465,0.5874143277680507
44,68,0.5893167795134864,0.630321262874667,0.5893167795134864,0.7056433212240976,0.651587030634923,0.5893167795134864,0.5893167795134864,0.6028318284209664,0.5893167795134864,0.5841082653121954
44,69,0.47436709340088873,0.5785407572507975,0.47436709340088873,0.6739575987044084,0.6667328963209795,0.47436709340088873,0.4743670934008887,0.5533390966267487,0.47436709340088873,0.43813285083092673
44,70,0.4470920590487637,0.6185255030530692,0.4470920590487637,0.6731006309386691,0.6538237982586648,0.4470920590487637,0.4470920590487637,0.5516028429114523,0.4470920590487637,0.391439803185483
44,71,0.6154915794431978,0.6796110825451788,0.6154915794431978,0.7093122747903301,0.6865164405699988,0.6154915794431978,0.6154915794431978,0.6109935039708485,0.6154915794431978,0.5931417094698774
44,72,0.5372374990742327,0.5491850267536534,0.5372374990742327,0.6543790387064813,0.6749591440639107,0.5372374990742327,0.5372374990742326,0.5636018719983292,0.5372374990742327,0.5184157978630652
44,73,0.5257875341395586,0.6315007608323067,0.5257875341395586,0.6907978691293379,0.6666657209014676,0.5257875341395586,0.5257875341395586,0.5837068058781512,0.5257875341395586,0.5068881084650553
44,74,0.5953545017568904,0.6806627201409243,0.5953545017568904,0.7162216197260652,0.6935771782377786,0.5953545017568904,0.5953545017568904,0.6512579334189509,0.5953545017568904,0.6109144428883843
44,75,0.5804060887195956,0.5356298167154295,0.5804060887195956,0.6683491364849232,0.6275980022223305,0.5804060887195956,0.5804060887195956,0.5084908346781728,0.5804060887195956,0.5620643730469526
44,76,0.6132888803934602,0.6325648933948769,0.6132888803934602,0.7158413838005486,0.682346376217102,0.6132888803934602,0.6132888803934602,0.6107788753651614,0.6132888803934602,0.6263356160955723
44,77,0.6489921378772148,0.7412543408665284,0.6489921378772148,0.7658117855348104,0.7182190462054299,0.6489921378772148,0.6489921378772148,0.687307592341055,0.6489921378772148,0.6236874920638005
44,78,0.5609288729111227,0.6417095718418281,0.5609288729111227,0.6561008270362865,0.6552608522396721,0.5609288729111227,0.5609288729111227,0.6098020760564903,0.5609288729111227,0.5590378164266758
44,79,0.4550718251430142,0.5270297490609122,0.4550718251430142,0.6301458502078974,0.66489230835034,0.4550718251430142,0.4550718251430142,0.5158088253587312,0.4550718251430142,0.40188263981368627
44,80,0.5991740064413893,0.6353574216603567,0.5991740064413893,0.6916763361410154,0.5805861029972321,0.5991740064413893,0.5991740064413893,0.5520515695405277,0.5991740064413893,0.6003305534814216
44,81,0.5544359100904042,0.6346458179498891,0.5544359100904042,0.691625096678953,0.6747735304639593,0.5544359100904042,0.5544359100904042,0.6093258435835076,0.5544359100904042,0.5524775457041298
44,82,0.6505943542548546,0.6547440740585591,0.6505943542548546,0.7053702660683259,0.6678455411288351,0.6505943542548546,0.6505943542548547,0.6292345276322693,0.6505943542548546,0.6390127612979313
44,83,0.6061270419500614,0.6729302586727077,0.6061270419500614,0.7237352638896535,0.651074941144745,0.6061270419500614,0.6061270419500615,0.6069359024125263,0.6061270419500614,0.5824332381760471
44,84,0.6044518792868139,0.6712237348946354,0.6044518792868139,0.7116582609027425,0.6840095417509082,0.6044518792868139,0.6044518792868139,0.6526358322444024,0.6044518792868139,0.6274708890076279
44,85,0.5532659817645437,0.6490254208971926,0.5532659817645437,0.7046573586778613,0.6425408982759073,0.5532659817645437,0.5532659817645437,0.5758906525109109,0.5532659817645437,0.537282396628897
44,86,0.5690591778368184,0.6189931382038374,0.5690591778368184,0.6612103569195176,0.5042974493265744,0.5690591778368184,0.5690591778368183,0.4919738370620647,0.5690591778368184,0.5721878357412152
44,87,0.570643738425585,0.6729313545662329,0.570643738425585,0.7138001473862241,0.6272441512976152,0.570643738425585,0.570643738425585,0.5866137357515515,0.570643738425585,0.5862045538299508
44,88,0.5609172572605482,0.6265313175459879,0.5609172572605482,0.6832501656211902,0.6586637387646067,0.5609172572605482,0.5609172572605483,0.5919334809222608,0.5609172572605482,0.5664673320939452
44,89,0.5946059892338716,0.6255569753918063,0.5946059892338716,0.6912849042791471,0.6449934286818317,0.5946059892338716,0.5946059892338716,0.5946179494882803,0.5946059892338716,0.6027061954806368
44,90,0.5822610616537359,0.6679791147789194,0.5822610616537359,0.7272429505369219,0.6365174531497625,0.5822610616537359,0.5822610616537359,0.5985921594568426,0.5822610616537359,0.5833291630186167
44,91,0.4980694324119211,0.6118353708481389,0.4980694324119211,0.6728054684988507,0.668193961916614,0.4980694324119211,0.4980694324119211,0.5730318355096883,0.4980694324119211,0.46628673941245036
44,92,0.5255910902570432,0.6314100635116364,0.5255910902570432,0.708511252782937,0.692852930594096,0.5255910902570432,0.5255910902570432,0.6007760010884953,0.5255910902570432,0.5100633912515524
44,93,0.5148552555196875,0.5808676400306232,0.5148552555196875,0.6751988584721776,0.6877904136163304,0.5148552555196875,0.5148552555196875,0.5747328126200899,0.5148552555196875,0.4902467828747378
44,94,0.43239742474521997,0.5276629053504005,0.43239742474521997,0.619108017322725,0.6256967306621881,0.43239742474521997,0.43239742474521997,0.4928682033291722,0.43239742474521997,0.35738220021666406
44,95,0.5591566963342772,0.5866459038806338,0.5591566963342772,0.6605993831456779,0.6787045462283097,0.5591566963342772,0.5591566963342773,0.5814758633880968,0.5591566963342772,0.5343556882445875
44,96,0.5828694429682243,0.6138797916902043,0.5828694429682243,0.6857070085458254,0.6142100279373028,0.5828694429682243,0.5828694429682244,0.5225125648374962,0.5828694429682243,0.5662580643566618
44,97,0.6142555812968697,0.6634494052026056,0.6142555812968697,0.7175767438117909,0.6679961966026413,0.6142555812968697,0.6142555812968697,0.6164807117967326,0.6142555812968697,0.6057732461336511
44,98,0.5401627845149067,0.6120120928196954,0.5401627845149067,0.6725116596017642,0.6323846159153138,0.5401627845149067,0.5401627845149067,0.55521415556357,0.5401627845149067,0.5221222565850007
44,99,0.6134779831848125,0.5982050498671536,0.6134779831848125,0.691063429066525,0.6425612041609696,0.6134779831848125,0.6134779831848125,0.5677755808975073,0.6134779831848125,0.6164318219944707
45,0,0.6081912824449514,0.6334944179498478,0.6081912824449514,0.6727525848193552,0.5728550327793214,0.6081912824449514,0.6081912824449514,0.5608457977274796,0.6081912824449514,0.6144552043011701
45,1,0.5684123254876273,0.5598075790959463,0.5684123254876273,0.6628800414832723,0.651597592783026,0.5684123254876273,0.5684123254876274,0.5500672097810486,0.5684123254876273,0.563488278060986
45,2,0.475815425639718,0.582551123702696,0.475815425639718,0.6534992488017045,0.6341489870892356,0.475815425639718,0.475815425639718,0.5328379631806797,0.475815425639718,0.45246104516562746
45,3,0.608222412388491,0.6372166978346554,0.608222412388491,0.6935914802511096,0.6699226429294755,0.608222412388491,0.608222412388491,0.6050418480971819,0.608222412388491,0.5872987638802785
45,4,0.5706882495985863,0.6417269494360727,0.5706882495985863,0.7079790462290404,0.6346631956659977,0.5706882495985863,0.5706882495985863,0.5741160994605644,0.5706882495985863,0.5798772951928025
45,5,0.5200520975867046,0.606360429656704,0.5200520975867046,0.6599968811060537,0.6848074703869554,0.5200520975867046,0.5200520975867046,0.5992790003704557,0.5200520975867046,0.5021291545548208
45,6,0.5592685782806105,0.5997932843366479,0.5592685782806105,0.6777836443890456,0.692466063400839,0.5592685782806105,0.5592685782806105,0.5969010268671538,0.5592685782806105,0.5620964742316821
45,7,0.5405103247800949,0.6392310958428453,0.5405103247800949,0.7000885330197291,0.6915484135140396,0.5405103247800949,0.5405103247800949,0.6128799571607313,0.5405103247800949,0.5265460642774027
45,8,0.5957308488355032,0.637075775483797,0.5957308488355032,0.688408805284173,0.6459757407561383,0.5957308488355032,0.5957308488355031,0.5932996427461865,0.5957308488355032,0.6023115860260841
45,9,0.593628044380706,0.6709605815389303,0.593628044380706,0.6873181278923757,0.6026674227385578,0.593628044380706,0.593628044380706,0.5893665089214948,0.593628044380706,0.6040667325860947
45,10,0.5635817016519221,0.6707499269539925,0.5635817016519221,0.6886953142539172,0.5717401262958104,0.5635817016519221,0.563581701651922,0.5462192112838388,0.5635817016519221,0.5724681162933407
45,11,0.5571176385698328,0.547218156534795,0.5571176385698328,0.6662106228565479,0.6643380356559505,0.5571176385698328,0.5571176385698328,0.5503305656550286,0.5571176385698328,0.5418029587829641
45,12,0.5707542264938493,0.6229518902618548,0.5707542264938493,0.6917234804190249,0.6817362153143337,0.5707542264938493,0.5707542264938493,0.6213433698002518,0.5707542264938493,0.5840308181497668
45,13,0.5152399658667138,0.5965328794701774,0.5152399658667138,0.6722580259433175,0.6277968913277532,0.5152399658667138,0.5152399658667138,0.5193565881406395,0.5152399658667138,0.5056462180074295
45,14,0.5158201908442097,0.6260336853180098,0.5158201908442097,0.6895435183675356,0.6537668945531423,0.5158201908442097,0.5158201908442097,0.579428506418634,0.5158201908442097,0.49406070967011584
45,15,0.5991889673993293,0.6816486691770238,0.5991889673993293,0.711982454095994,0.6900667633598663,0.5991889673993293,0.5991889673993293,0.6408637713740875,0.5991889673993293,0.590131819653769
45,16,0.6247665370391038,0.6110929522201236,0.6247665370391038,0.6845191732790394,0.6665208745724026,0.6247665370391038,0.6247665370391038,0.6144939496188146,0.6247665370391038,0.6357412601225753
45,17,0.5129667365866881,0.619097077505427,0.5129667365866881,0.6687558282095214,0.6817205145092509,0.5129667365866881,0.5129667365866881,0.585444400427757,0.5129667365866881,0.47942816244736325
45,18,0.5911437819610433,0.6224275205478383,0.5911437819610433,0.7001986847457955,0.6113970462070426,0.5911437819610433,0.5911437819610433,0.5488395465787044,0.5911437819610433,0.5938194569226892
45,19,0.6083209131053624,0.6277316694539586,0.6083209131053624,0.7053539932390118,0.6892465817450942,0.6083209131053624,0.6083209131053624,0.6006553333432989,0.6083209131053624,0.5769441415034169
45,20,0.741646279651155,0.6915877879137248,0.741646279651155,0.736981853747097,0.6989201597330628,0.741646279651155,0.741646279651155,0.6706743987716052,0.741646279651155,0.7251571207949811
45,21,0.6440994400048395,0.6390467871679879,0.6440994400048395,0.7041822155260908,0.650760814990838,0.6440994400048395,0.6440994400048395,0.6097638125299828,0.6440994400048395,0.6401580571699216
45,22,0.5734444111668962,0.6399229497365623,0.5734444111668962,0.7068224490151194,0.6882396939574817,0.5734444111668962,0.5734444111668962,0.6051348862336267,0.5734444111668962,0.5692883009088472
45,23,0.5940693461773312,0.5962619445837023,0.5940693461773312,0.6645771112091798,0.6650894249061083,0.5940693461773312,0.5940693461773312,0.5937947348634085,0.5940693461773312,0.5739924202270907
45,24,0.5380019018072373,0.5755564937706822,0.5380019018072373,0.6645972447556566,0.6554162221684093,0.5380019018072373,0.5380019018072373,0.5592678494803471,0.5380019018072373,0.5308358553993093
45,25,0.5191574137168568,0.5665269078432378,0.5191574137168568,0.6590706607014903,0.6843485986984823,0.5191574137168568,0.5191574137168566,0.5561073050121536,0.5191574137168568,0.4755306228126756
45,26,0.5986111584771528,0.5726947451485358,0.5986111584771528,0.6630901415155823,0.6420615321105565,0.5986111584771528,0.5986111584771528,0.5648252102293485,0.5986111584771528,0.5948264810704167
45,27,0.5733172894870092,0.6125114096834887,0.5733172894870092,0.6774451967880559,0.6642948651114662,0.5733172894870092,0.5733172894870092,0.5933088599540679,0.5733172894870092,0.5590913954758306
45,28,0.507827601071725,0.5650859385991581,0.507827601071725,0.6618300820459577,0.62916948956794,0.507827601071725,0.507827601071725,0.5323781637249914,0.507827601071725,0.48524789021501735
45,29,0.4741228859632111,0.5944769116887016,0.4741228859632111,0.6743778151962665,0.6398553751649205,0.4741228859632111,0.4741228859632111,0.5277419382593127,0.4741228859632111,0.45294864724442835
45,30,0.5745348884428273,0.6062072470417685,0.5745348884428273,0.6788722243444953,0.6287364561213415,0.5745348884428273,0.5745348884428272,0.5702820826684485,0.5745348884428273,0.578614877575875
45,31,0.5657392390522261,0.580197003820495,0.5657392390522261,0.6831884536774084,0.6536563978862374,0.5657392390522261,0.5657392390522261,0.5602553897705536,0.5657392390522261,0.568353938421257
45,32,0.5781719809507048,0.6662611108057143,0.5781719809507048,0.7222358409299992,0.5951984267127917,0.5781719809507048,0.5781719809507048,0.5513780456729824,0.5781719809507048,0.5777124820830212
45,33,0.54838099668415,0.6824037615306987,0.54838099668415,0.7126786554273007,0.6471061806396688,0.54838099668415,0.54838099668415,0.608638627593705,0.54838099668415,0.5580765112532032
45,34,0.5172751207725653,0.6320621276808435,0.5172751207725653,0.6691704639082061,0.6563254260646754,0.5172751207725653,0.5172751207725653,0.5850289044567556,0.5172751207725653,0.5012866987441976
45,35,0.6150719292192434,0.595213620454367,0.6150719292192434,0.6848703513210446,0.6140199099383428,0.6150719292192434,0.6150719292192434,0.5191618325110754,0.6150719292192434,0.611670128908474
45,36,0.585528404772527,0.6554464690063879,0.585528404772527,0.7066043685860209,0.6224815529929615,0.585528404772527,0.5855284047725269,0.5684392580453191,0.585528404772527,0.5592023473887627
45,37,0.6516877122121282,0.6760466854584097,0.6516877122121282,0.720834778597835,0.6417937572084524,0.6516877122121282,0.6516877122121281,0.6049311569848079,0.6516877122121282,0.6512176637477558
45,38,0.5773415083972325,0.5945498035356748,0.5773415083972325,0.6823523299342859,0.6215338474012071,0.5773415083972325,0.5773415083972325,0.5347219844984805,0.5773415083972325,0.5804631490224917
45,39,0.6219485802097378,0.6659885416577654,0.6219485802097378,0.7332944557321127,0.6992855674510117,0.6219485802097378,0.6219485802097378,0.6291375833519222,0.6219485802097378,0.5960247586483218
45,40,0.5851476902092982,0.5781457605450104,0.5851476902092982,0.6732269484330922,0.6048358585492716,0.5851476902092982,0.5851476902092982,0.5218432750139659,0.5851476902092982,0.5796235958029631
45,41,0.5603367535074386,0.6569335544036409,0.5603367535074386,0.7030282590881942,0.6469983648821944,0.5603367535074386,0.5603367535074386,0.5929201852727493,0.5603367535074386,0.5426302665249185
45,42,0.5068132295383578,0.6063775156685662,0.5068132295383578,0.6992686931825808,0.671128108622811,0.5068132295383578,0.5068132295383578,0.5703024104880927,0.5068132295383578,0.49375969068416914
45,43,0.5726375416153913,0.599819938017208,0.5726375416153913,0.6969966175410197,0.6801363762832704,0.5726375416153913,0.5726375416153914,0.5820173991766735,0.5726375416153913,0.5593280296440124
45,44,0.5766040539735607,0.6330199604963719,0.5766040539735607,0.6912060995375457,0.5426925654989789,0.5766040539735607,0.5766040539735607,0.4864887698788693,0.5766040539735607,0.5667614124759396
45,45,0.567988307779057,0.6062953906583569,0.567988307779057,0.6699736841493975,0.6173638395357391,0.567988307779057,0.5679883077790568,0.5333451943909222,0.567988307779057,0.5428393609127348
45,46,0.601597124076428,0.647670576283468,0.601597124076428,0.7196348486953388,0.6475654605868346,0.601597124076428,0.6015971240764281,0.59133530435946,0.601597124076428,0.5985277553622452
45,47,0.5203159122425519,0.6160059820159125,0.5203159122425519,0.6878211927537239,0.6811580235789776,0.5203159122425519,0.5203159122425519,0.588763307578462,0.5203159122425519,0.5221626718411982
45,48,0.5123820511993716,0.6231668339549624,0.5123820511993716,0.690845524931262,0.6757026832730912,0.5123820511993716,0.5123820511993716,0.59325515564908,0.5123820511993716,0.5058420031542009
45,49,0.5683780360871316,0.6469789534785388,0.5683780360871316,0.7145459228887983,0.7036330370551285,0.5683780360871316,0.5683780360871316,0.6308951666219349,0.5683780360871316,0.5767454619650771
45,50,0.6752201839491595,0.703500015788008,0.6752201839491595,0.7418732733587847,0.7200028530957481,0.6752201839491595,0.6752201839491595,0.6891526452097683,0.6752201839491595,0.689277225830602
45,51,0.6222262407210698,0.6156560016527626,0.6222262407210698,0.7097113581307308,0.7122819051832379,0.6222262407210698,0.6222262407210698,0.6169214899524488,0.6222262407210698,0.5889549432409382
45,52,0.500601458386746,0.6548113218795621,0.500601458386746,0.699891216490251,0.684761913272171,0.500601458386746,0.500601458386746,0.6121699934163635,0.500601458386746,0.49379339868726546
45,53,0.5425768884050997,0.5693697102360925,0.5425768884050997,0.6602261650970428,0.6749602652152661,0.5425768884050997,0.5425768884050997,0.5597941842557413,0.5425768884050997,0.4999704636538106
45,54,0.49371021813913,0.5688067434692299,0.49371021813913,0.6682407825470957,0.6692336234795881,0.49371021813913,0.49371021813913,0.5524204693013435,0.49371021813913,0.469668478071133
45,55,0.5416630619431051,0.63759601932905,0.5416630619431051,0.6905474222663794,0.6840495967830174,0.5416630619431051,0.541663061943105,0.6192231568383558,0.5416630619431051,0.5416007173471624
45,56,0.5218377483182164,0.5988784025668625,0.5218377483182164,0.6902723272189746,0.6753620967306853,0.5218377483182164,0.5218377483182164,0.567322603744074,0.5218377483182164,0.48544849477515506
45,57,0.5979031613433379,0.6584000797611429,0.5979031613433379,0.7217072468765924,0.6603205304849791,0.5979031613433379,0.5979031613433379,0.6061458614851157,0.5979031613433379,0.5719152957875927
45,58,0.6278265640264417,0.6950291823078505,0.6278265640264417,0.735545302076777,0.700781892872999,0.6278265640264417,0.6278265640264418,0.6534862249718754,0.6278265640264417,0.6165163170657366
45,59,0.5270782652313936,0.5856860047269887,0.5270782652313936,0.6766028387713312,0.6775207888036322,0.5270782652313936,0.5270782652313935,0.558804701198951,0.5270782652313936,0.49139280794483836
45,60,0.5728723636074048,0.6615743623644881,0.5728723636074048,0.7178320617425002,0.7060367561090448,0.5728723636074048,0.5728723636074047,0.6513238090924296,0.5728723636074048,0.5883536463089247
45,61,0.5885716122978331,0.6507242301946506,0.5885716122978331,0.6957885290461442,0.6604552737719633,0.5885716122978331,0.5885716122978331,0.6265718960724198,0.5885716122978331,0.6050754129029001
45,62,0.5240475096835032,0.6323007647940238,0.5240475096835032,0.6964740586818279,0.6695723334577475,0.5240475096835032,0.5240475096835033,0.594994757775994,0.5240475096835032,0.5257537915656195
45,63,0.5903155396124814,0.6371459680450782,0.5903155396124814,0.7020411381049041,0.6734979298937522,0.5903155396124814,0.5903155396124815,0.6004792305254998,0.5903155396124814,0.5662218942759529
45,64,0.6414854539995613,0.6345527044813821,0.6414854539995613,0.7135821737446202,0.6721342412363551,0.6414854539995613,0.6414854539995613,0.610711340128616,0.6414854539995613,0.6312762981633666
45,65,0.6149539142094068,0.6616173650059425,0.6149539142094068,0.7155967552393183,0.700538415889783,0.6149539142094068,0.6149539142094067,0.6311179595227103,0.6149539142094068,0.6202648315068713
45,66,0.5857151844337645,0.5485889659762673,0.5857151844337645,0.6622146117850145,0.6562912456089647,0.5857151844337645,0.5857151844337645,0.5557122591995596,0.5857151844337645,0.5742947446668635
45,67,0.605676354707772,0.6171642348521353,0.605676354707772,0.7115799508480304,0.6747351886547159,0.605676354707772,0.605676354707772,0.5854410709298885,0.605676354707772,0.5820631594412058
45,68,0.5854136421448513,0.6232036791097901,0.5854136421448513,0.7023064919776495,0.6446652761300814,0.5854136421448513,0.5854136421448513,0.5949595279299265,0.5854136421448513,0.5813339175061946
45,69,0.4905709259522719,0.5848668598056606,0.4905709259522719,0.6791009421825509,0.6779695800274645,0.4905709259522719,0.4905709259522719,0.5667837071239468,0.4905709259522719,0.4596322065852245
45,70,0.45620216733171687,0.622082332271729,0.45620216733171687,0.6740687847656517,0.6588224013499382,0.45620216733171687,0.45620216733171687,0.5600967357243798,0.45620216733171687,0.40635945765153864
45,71,0.5962631244074276,0.6509494999730443,0.5962631244074276,0.6979535065030736,0.6480403092365674,0.5962631244074276,0.5962631244074277,0.5638824198425423,0.5962631244074276,0.5717550782060229
45,72,0.5499576586305259,0.5600372116487271,0.5499576586305259,0.6614302427281192,0.6857695979046172,0.5499576586305259,0.5499576586305259,0.5786807649756112,0.5499576586305259,0.534915022409704
45,73,0.5358785608822244,0.6329657357786516,0.5358785608822244,0.6967199001032481,0.676862059646099,0.5358785608822244,0.5358785608822245,0.5944096299254944,0.5358785608822244,0.5185836168997927
45,74,0.5821569854245887,0.6770722513087807,0.5821569854245887,0.7086396994309541,0.6855350530374876,0.5821569854245887,0.5821569854245887,0.6424091355224616,0.5821569854245887,0.5961727223348903
45,75,0.5761535525816806,0.5360362123964404,0.5761535525816806,0.6688385191032931,0.6279255960054909,0.5761535525816806,0.5761535525816806,0.5087814759489665,0.5761535525816806,0.5596997914386714
45,76,0.609005771863233,0.6281029507077027,0.609005771863233,0.711662564222171,0.6783755768873667,0.609005771863233,0.609005771863233,0.6064646717382283,0.609005771863233,0.6215656488445809
45,77,0.6454987077356423,0.7341342806318547,0.6454987077356423,0.7627280465333361,0.714215171646365,0.6454987077356423,0.6454987077356423,0.6816970497261229,0.6454987077356423,0.6198484454160516
45,78,0.5936483950005125,0.6566809654644368,0.5936483950005125,0.6705014074460149,0.6807030486891705,0.5936483950005125,0.5936483950005125,0.6381883017567234,0.5936483950005125,0.5947421821718183
45,79,0.4600961980303016,0.5317126422890017,0.4600961980303016,0.6321549388838438,0.6688386089188381,0.4600961980303016,0.4600961980303016,0.5224389520801053,0.4600961980303016,0.4079039296583102
45,80,0.6006467780090273,0.6370363317468551,0.6006467780090273,0.6939369435910656,0.5876387021365437,0.6006467780090273,0.6006467780090273,0.5569380611494918,0.6006467780090273,0.601779637553943
45,81,0.5768312560987974,0.6493966822299888,0.5768312560987974,0.7018568225081787,0.6884980199310525,0.5768312560987974,0.5768312560987974,0.6300505577347084,0.5768312560987974,0.5810278877987808
45,82,0.6304295848575777,0.6319719876760039,0.6304295848575777,0.6909983000165875,0.6404133257343173,0.6304295848575777,0.6304295848575778,0.5969337898665833,0.6304295848575777,0.614082831949712
45,83,0.5994401442273516,0.6707325254537768,0.5994401442273516,0.7196919202457355,0.6406805960778552,0.5994401442273516,0.5994401442273515,0.5986099849362991,0.5994401442273516,0.576862025787336
45,84,0.587573316824861,0.6595651328076133,0.587573316824861,0.705994573431696,0.6796797020430061,0.587573316824861,0.5875733168248609,0.6403260931526323,0.587573316824861,0.6084522296766286
45,85,0.6081324607904423,0.7008189778146925,0.6081324607904423,0.7423735517993242,0.6914002066021251,0.6081324607904423,0.6081324607904423,0.6395112710062039,0.6081324607904423,0.5910160449354765
45,86,0.5667443180651337,0.6162647505533674,0.5667443180651337,0.6613027701644731,0.5047820183761137,0.5667443180651337,0.5667443180651337,0.4913567149800121,0.5667443180651337,0.5698900398479448
45,87,0.5519878885005338,0.6635858663723734,0.5519878885005338,0.7060052956483229,0.6108888901009191,0.5519878885005338,0.5519878885005338,0.5662893125762516,0.5519878885005338,0.567169237579715
45,88,0.5832455112712233,0.6391439792372151,0.5832455112712233,0.6940670946906566,0.6798324168664935,0.5832455112712233,0.5832455112712234,0.6142739055258302,0.5832455112712233,0.5898511282844088
45,89,0.5814757507496974,0.5944641890301,0.5814757507496974,0.6731998954173114,0.6285417511734197,0.5814757507496974,0.5814757507496974,0.5751642628497322,0.5814757507496974,0.5874578637821624
45,90,0.5751847143985653,0.6619251611978141,0.5751847143985653,0.7219773698846356,0.6267239338035777,0.5751847143985653,0.5751847143985653,0.5876818853919696,0.5751847143985653,0.5743024218596793
45,91,0.5033613369632396,0.6176145515709159,0.5033613369632396,0.6729930073284366,0.6636974389253487,0.5033613369632396,0.5033613369632396,0.5773403952848215,0.5033613369632396,0.4766212664567444
45,92,0.5398334575898194,0.6383249947524182,0.5398334575898194,0.7116648207738057,0.6976488969110981,0.5398334575898194,0.5398334575898195,0.6088883697080706,0.5398334575898194,0.5250306171012502
45,93,0.5205023202029709,0.5913879715889743,0.5205023202029709,0.6803981705119646,0.6967615489050971,0.5205023202029709,0.520502320202971,0.5861632860354166,0.5205023202029709,0.4959261433224613
45,94,0.4531349851036251,0.5445989783501455,0.4531349851036251,0.62527816593319,0.6416866495099065,0.4531349851036251,0.45313498510362504,0.5177793912530582,0.4531349851036251,0.38734016000720833
45,95,0.5785975783877533,0.5965930388828474,0.5785975783877533,0.6697831126893523,0.6860798016059768,0.5785975783877533,0.5785975783877533,0.5949258965193115,0.5785975783877533,0.5603269248688366
45,96,0.5834726204712553,0.6145909789555088,0.5834726204712553,0.6863898695174928,0.6178151932584242,0.5834726204712553,0.5834726204712554,0.5247628652827274,0.5834726204712553,0.5656320965175656
45,97,0.6125678737310017,0.6668489854612203,0.6125678737310017,0.7177915182962942,0.6671307797434157,0.6125678737310017,0.6125678737310019,0.6165169097853374,0.6125678737310017,0.6039444350758296
45,98,0.562314201861236,0.6316813971096942,0.562314201861236,0.6827892010443385,0.6472711690443929,0.562314201861236,0.5623142018612362,0.5773342043264211,0.562314201861236,0.5466633476011379
45,99,0.6011973598462571,0.5929739791538413,0.6011973598462571,0.6894406295457902,0.6388508943625774,0.6011973598462571,0.6011973598462571,0.5606444732089515,0.6011973598462571,0.6044903613553885
46,0,0.6084921742574324,0.6330060140366921,0.6084921742574324,0.6728886047551266,0.5764483171685764,0.6084921742574324,0.6084921742574323,0.564398445944045,0.6084921742574324,0.6154388754084884
46,1,0.6715251061136143,0.6276860287758129,0.6715251061136143,0.7022645783878952,0.7176187841664518,0.6715251061136143,0.6715251061136143,0.6441610488257807,0.6715251061136143,0.6655250003019932
46,2,0.42460620389109427,0.5523968158578305,0.42460620389109427,0.6255024519878175,0.5655850342116954,0.42460620389109427,0.42460620389109427,0.45988626063281324,0.42460620389109427,0.3905133503991209
46,3,0.6078156787679754,0.6356862712041674,0.6078156787679754,0.6900762091302703,0.6689876986316206,0.6078156787679754,0.6078156787679754,0.6048630212327699,0.6078156787679754,0.5874359032268717
46,4,0.562624107418563,0.6408091889469292,0.562624107418563,0.7080838626279252,0.6302013810064051,0.562624107418563,0.562624107418563,0.5677693820751883,0.562624107418563,0.5738756784794166
46,5,0.5389239056872362,0.6187494508134801,0.5389239056872362,0.6663159454764075,0.6950552305526668,0.5389239056872362,0.5389239056872362,0.6169764470969175,0.5389239056872362,0.5274387019863174
46,6,0.575247531836872,0.613291762568207,0.575247531836872,0.6876233556570477,0.7010450965485975,0.575247531836872,0.5752475318368719,0.6137849696936555,0.575247531836872,0.5815754873356336
46,7,0.5488888329272656,0.644162399574618,0.5488888329272656,0.7035103303523391,0.6992445633873577,0.5488888329272656,0.5488888329272656,0.6209812005130712,0.5488888329272656,0.5363032592080303
46,8,0.5841020028819823,0.6268891322935377,0.5841020028819823,0.6813781052698613,0.6364392962721654,0.5841020028819823,0.5841020028819823,0.5789859139191288,0.5841020028819823,0.5896573653746993
46,9,0.5961274536087178,0.6805469743436336,0.5961274536087178,0.6925677182067391,0.6093695192343509,0.5961274536087178,0.5961274536087178,0.6003269374022379,0.5961274536087178,0.6089065505707109
46,10,0.6957729160756236,0.7393058189043038,0.6957729160756236,0.7460163841063837,0.6986965118288467,0.6957729160756236,0.6957729160756236,0.6882267527991643,0.6957729160756236,0.6987979155164359
46,11,0.5610495827518925,0.5464065436392158,0.5610495827518925,0.6614388586418148,0.6367696289363478,0.5610495827518925,0.5610495827518925,0.5314809624896969,0.5610495827518925,0.5478905545101522
46,12,0.5383721158223467,0.5927726638090931,0.5383721158223467,0.672558363464038,0.6582571122896719,0.5383721158223467,0.5383721158223467,0.5854656997155846,0.5383721158223467,0.5469207796200117
46,13,0.5397796538963585,0.6131990862743091,0.5397796538963585,0.6848750390704267,0.6393404369382027,0.5397796538963585,0.5397796538963585,0.5377781965869477,0.5397796538963585,0.5355953402314572
46,14,0.5271093022497285,0.6382900793068167,0.5271093022497285,0.6949005108014319,0.6579339528644115,0.5271093022497285,0.5271093022497284,0.5916824333195989,0.5271093022497285,0.5093637303457244
46,15,0.5893002388270683,0.6804560395277921,0.5893002388270683,0.7094189524894924,0.6827451851559484,0.5893002388270683,0.5893002388270683,0.634710749453049,0.5893002388270683,0.5806720846046898
46,16,0.6262524110605897,0.6146561270792026,0.6262524110605897,0.686624783167253,0.6671524759036431,0.6262524110605897,0.6262524110605897,0.616132709127654,0.6262524110605897,0.6363507046094894
46,17,0.5170206915623822,0.6224862213358886,0.5170206915623822,0.673477712292611,0.6863179788835684,0.5170206915623822,0.5170206915623822,0.5898376572508871,0.5170206915623822,0.4836806366287336
46,18,0.5896848562488901,0.6223821554762764,0.5896848562488901,0.6994590677976849,0.6092906840378189,0.5896848562488901,0.5896848562488901,0.5453280562381297,0.5896848562488901,0.5933199215208018
46,19,0.6037280848682176,0.6182767486622884,0.6037280848682176,0.699470716515133,0.6867944057863121,0.6037280848682176,0.6037280848682176,0.593380732737772,0.6037280848682176,0.5711273061874846
46,20,0.745109044475211,0.6966145582407917,0.745109044475211,0.7384625886841416,0.7005057013915675,0.745109044475211,0.745109044475211,0.674771421796393,0.745109044475211,0.7277955072981913
46,21,0.641839034403048,0.634375596465534,0.641839034403048,0.7026703160018468,0.651806470589573,0.641839034403048,0.641839034403048,0.608617357350067,0.641839034403048,0.6386549058908984
46,22,0.549792623467164,0.6278462068122457,0.549792623467164,0.7010533909033927,0.6652310817204233,0.549792623467164,0.5497926234671638,0.5773880293307007,0.549792623467164,0.5445041904279527
46,23,0.5836571699275824,0.5900227194831553,0.5836571699275824,0.6583026705571443,0.6571396921844823,0.5836571699275824,0.5836571699275824,0.5828332851076667,0.5836571699275824,0.5592510834788066
46,24,0.5545694436094082,0.6091031341733133,0.5545694436094082,0.6877159398800958,0.6737708789896872,0.5545694436094082,0.5545694436094082,0.5815423374574993,0.5545694436094082,0.5510263410800198
46,25,0.5202944465202902,0.5674717100760287,0.5202944465202902,0.6561022807362573,0.6860319786407871,0.5202944465202902,0.5202944465202903,0.5590138138858587,0.5202944465202902,0.47779870019963466
46,26,0.5930014497261169,0.5656383638302944,0.5930014497261169,0.657159587115202,0.6350836605162169,0.5930014497261169,0.5930014497261169,0.5565604764992351,0.5930014497261169,0.5884243403317165
46,27,0.5699330464608368,0.6063749229022575,0.5699330464608368,0.6727247937065721,0.6586181690442106,0.5699330464608368,0.5699330464608368,0.5869356740856949,0.5699330464608368,0.555664409258803
46,28,0.5458543603711916,0.6150286928771747,0.5458543603711916,0.6851572786005762,0.6725846077472337,0.5458543603711916,0.5458543603711916,0.5873731283955084,0.5458543603711916,0.5238039436234672
46,29,0.4849073205825704,0.5980393530999458,0.4849073205825704,0.6755072924693984,0.6452945817386344,0.4849073205825704,0.4849073205825704,0.5379111881536427,0.4849073205825704,0.4682309360077364
46,30,0.5602108398552114,0.5964303933613222,0.5602108398552114,0.6733406490099522,0.6282506999709183,0.5602108398552114,0.5602108398552115,0.5634041272584072,0.5602108398552114,0.5682697283894995
46,31,0.6391497789820472,0.6332720609011393,0.6391497789820472,0.7105768191940609,0.6898486451331026,0.6391497789820472,0.6391497789820472,0.6103023809470679,0.6391497789820472,0.6334823998347551
46,32,0.5762663637800598,0.6655153621201204,0.5762663637800598,0.7205828026292436,0.5924288708858603,0.5762663637800598,0.5762663637800598,0.5483213439931862,0.5762663637800598,0.5745081930802314
46,33,0.548568333896615,0.6916171162817941,0.548568333896615,0.7191074268527858,0.6550261786450038,0.548568333896615,0.548568333896615,0.6175009618496596,0.548568333896615,0.5610304385241648
46,34,0.5045202071897532,0.5861325659398806,0.5045202071897532,0.64381147454339,0.6236691079914936,0.5045202071897532,0.5045202071897531,0.5428941740952183,0.5045202071897532,0.48613992785501237
46,35,0.5864759630837898,0.582829905162179,0.5864759630837898,0.6732420014677022,0.5907743141939947,0.5864759630837898,0.5864759630837898,0.4942106813278209,0.5864759630837898,0.5858318346502369
46,36,0.5801919890482071,0.6568556302058526,0.5801919890482071,0.7075485531017731,0.6187406256116343,0.5801919890482071,0.5801919890482071,0.5650551365385806,0.5801919890482071,0.5555628160392031
46,37,0.6472810131597887,0.6742977298665674,0.6472810131597887,0.7220225471487537,0.6413868821564958,0.6472810131597887,0.6472810131597887,0.600985871785082,0.6472810131597887,0.6489247907750588
46,38,0.5486689718931922,0.5579041198667506,0.5486689718931922,0.6594793627054236,0.592300884880204,0.5486689718931922,0.5486689718931922,0.4993116827327833,0.5486689718931922,0.5536035284948788
46,39,0.6154183543819763,0.6594874721027886,0.6154183543819763,0.7261203654355879,0.693071799006902,0.6154183543819763,0.6154183543819763,0.6223811278486282,0.6154183543819763,0.5908383344498503
46,40,0.579608604613755,0.5926335618537852,0.579608604613755,0.6798855280557081,0.6021236248840578,0.579608604613755,0.579608604613755,0.5262473284215493,0.579608604613755,0.577577271800784
46,41,0.6246217595703436,0.7014632290083427,0.6246217595703436,0.7342533689674395,0.710514025001167,0.6246217595703436,0.6246217595703436,0.6570079021154487,0.6246217595703436,0.5999079684591221
46,42,0.5263968447060929,0.6193905653104667,0.5263968447060929,0.7042529640722013,0.6803006076428262,0.5263968447060929,0.5263968447060929,0.5904984541490833,0.5263968447060929,0.521373161797388
46,43,0.5798238193875987,0.6031397380414817,0.5798238193875987,0.6994077748769103,0.6843860544929339,0.5798238193875987,0.5798238193875987,0.5897981645321067,0.5798238193875987,0.5669299109393222
46,44,0.5679707449153883,0.6339803281318763,0.5679707449153883,0.6900768824792805,0.5316355801399342,0.5679707449153883,0.5679707449153883,0.4775389718035613,0.5679707449153883,0.5587506010680368
46,45,0.642717363436887,0.6659168956530633,0.642717363436887,0.710656820308512,0.7121197177574916,0.642717363436887,0.642717363436887,0.6394412770429632,0.642717363436887,0.6225963927968744
46,46,0.5985903432313234,0.6454102266863462,0.5985903432313234,0.7184875529495164,0.6472119292189868,0.5985903432313234,0.5985903432313234,0.5919743118021379,0.5985903432313234,0.5988776425876781
46,47,0.5321845052239298,0.6257581538059301,0.5321845052239298,0.6934133067743141,0.691298216033261,0.5321845052239298,0.5321845052239298,0.6042449779376808,0.5321845052239298,0.5371224593012142
46,48,0.5238426096073696,0.638510683227896,0.5238426096073696,0.695580027229523,0.682554405330756,0.5238426096073696,0.5238426096073696,0.6090635509001889,0.5238426096073696,0.5225436583182314
46,49,0.6149610694501606,0.6870721883142342,0.6149610694501606,0.7358027086624033,0.7333350451467147,0.6149610694501606,0.6149610694501606,0.6773619411231053,0.6149610694501606,0.6257000176902281
46,50,0.662886035692757,0.6979623678552286,0.662886035692757,0.7346040438736035,0.7102048652880081,0.662886035692757,0.6628860356927568,0.6804539406595052,0.662886035692757,0.6794006822732361
46,51,0.617670675490968,0.6098951132049082,0.617670675490968,0.7054947316397996,0.7082681582838901,0.617670675490968,0.617670675490968,0.6104229990579146,0.617670675490968,0.5843005637938927
46,52,0.5153913410250003,0.6535058734348143,0.5153913410250003,0.701254680221425,0.6937584607318241,0.5153913410250003,0.5153913410250003,0.6223201601415171,0.5153913410250003,0.5139638493755887
46,53,0.558174755697314,0.5836794734706352,0.558174755697314,0.6671980162794909,0.6780599455177239,0.558174755697314,0.558174755697314,0.572046977911395,0.558174755697314,0.5218756530615298
46,54,0.5034655061175914,0.5661669022406182,0.5034655061175914,0.6635718538239671,0.6723660357952448,0.5034655061175914,0.5034655061175914,0.5569476283834955,0.5034655061175914,0.48101518108619684
46,55,0.5543143639227929,0.6426054983412297,0.5543143639227929,0.6947695030299949,0.6902214618127507,0.5543143639227929,0.554314363922793,0.6275576861172254,0.5543143639227929,0.5568160143369107
46,56,0.49303074904312594,0.5665896154836709,0.49303074904312594,0.6643984678296715,0.6193917082383881,0.49303074904312594,0.49303074904312594,0.5022800335151039,0.49303074904312594,0.45607524321902415
46,57,0.5937620425257331,0.6500267906985893,0.5937620425257331,0.7180783150635649,0.6577855314696688,0.5937620425257331,0.5937620425257331,0.5983437129434218,0.5937620425257331,0.5664138212949941
46,58,0.5631848181030936,0.6333329491523298,0.5631848181030936,0.6904403273419961,0.6032583616259369,0.5631848181030936,0.5631848181030936,0.5458051667909595,0.5631848181030936,0.5459483130520448
46,59,0.5151548463793042,0.5765668276952572,0.5151548463793042,0.6632580741024259,0.6674083686606787,0.5151548463793042,0.5151548463793041,0.5493834954222843,0.5151548463793042,0.47977698801999225
46,60,0.5411123871806707,0.6398574709839988,0.5411123871806707,0.7041945057935852,0.6812422725858933,0.5411123871806707,0.5411123871806706,0.6189725192655421,0.5411123871806707,0.5501433148106847
46,61,0.580976556550609,0.6472223571252207,0.580976556550609,0.6933144919239734,0.6553475421786384,0.580976556550609,0.580976556550609,0.6206302591547432,0.580976556550609,0.5971897404165997
46,62,0.5362157864497025,0.6388521100133844,0.5362157864497025,0.7026549687585053,0.677726607668661,0.5362157864497025,0.5362157864497024,0.6038536942678225,0.5362157864497025,0.5382865688835563
46,63,0.5824900293578599,0.6301119145610957,0.5824900293578599,0.6990341718855742,0.6734215378503051,0.5824900293578599,0.5824900293578599,0.5939422166278522,0.5824900293578599,0.5570282136841533
46,64,0.6427102081961331,0.6479031464948596,0.6427102081961331,0.7206486454053804,0.6820844169416225,0.6427102081961331,0.6427102081961332,0.6245585287083535,0.6427102081961331,0.6328668865164647
46,65,0.6001757401469314,0.6496045561618143,0.6001757401469314,0.704544797428586,0.6945393902502573,0.6001757401469314,0.6001757401469314,0.6190185865732909,0.6001757401469314,0.6019185965885709
46,66,0.5852996229188123,0.5475149298469824,0.5852996229188123,0.661839701474424,0.6550814546676387,0.5852996229188123,0.5852996229188122,0.5538245963146111,0.5852996229188123,0.5724524548178471
46,67,0.5998031100765026,0.6132306069221087,0.5998031100765026,0.7108833712061842,0.6704836732137548,0.5998031100765026,0.5998031100765026,0.5791098388967053,0.5998031100765026,0.575779380662529
46,68,0.5834821917673286,0.6214010701278039,0.5834821917673286,0.6993705928121351,0.6389804944442867,0.5834821917673286,0.5834821917673286,0.5908426225327255,0.5834821917673286,0.579623402696211
46,69,0.4799685318087157,0.5369851409287758,0.4799685318087157,0.6344785989677002,0.6446324723114248,0.4799685318087157,0.4799685318087157,0.5240587441534125,0.4799685318087157,0.44216418682229636
46,70,0.4646096681427216,0.6279230670773253,0.4646096681427216,0.6791949740910979,0.6674709521578566,0.4646096681427216,0.4646096681427216,0.5709772764880641,0.4646096681427216,0.42063207420231213
46,71,0.6026053625462918,0.667073642898233,0.6026053625462918,0.7209750015832761,0.6673623318684376,0.6026053625462918,0.6026053625462919,0.5846268327893407,0.6026053625462918,0.5788512616270742
46,72,0.5575841230969034,0.5635813417365756,0.5575841230969034,0.6635711867422485,0.689603764492362,0.5575841230969034,0.5575841230969034,0.5855145795081576,0.5575841230969034,0.545017863563559
46,73,0.5433753017629863,0.6477870211845822,0.5433753017629863,0.701785052691092,0.6815718162846318,0.5433753017629863,0.5433753017629862,0.6074199207257753,0.5433753017629863,0.5293932257119058
46,74,0.5762557703067359,0.6727043799399383,0.5762557703067359,0.704675960737317,0.6790454748089598,0.5762557703067359,0.5762557703067359,0.633696188029117,0.5762557703067359,0.5889254749002442
46,75,0.5778406096711163,0.535117595927795,0.5778406096711163,0.670372430724439,0.6279364297511223,0.5778406096711163,0.5778406096711164,0.5068238706533352,0.5778406096711163,0.5599205982167018
46,76,0.6058748429447885,0.6267615520825613,0.6058748429447885,0.7136715261482658,0.6806291823802234,0.6058748429447885,0.6058748429447887,0.6059801200498715,0.6058748429447885,0.6177194883995597
46,77,0.6385336848755774,0.7205766604925927,0.6385336848755774,0.7568813945182001,0.706974781536054,0.6385336848755774,0.6385336848755773,0.67088850806642,0.6385336848755774,0.6128816078713555
46,78,0.5709041148488623,0.6494046239206592,0.5709041148488623,0.6636388746083266,0.6647922876810104,0.5709041148488623,0.5709041148488623,0.6187389074541506,0.5709041148488623,0.5689561820000774
46,79,0.46692322696154187,0.5367059413532721,0.46692322696154187,0.6339219840642294,0.6718304495640685,0.46692322696154187,0.4669232269615419,0.529330312009461,0.46692322696154187,0.4194174909436852
46,80,0.6069960784634408,0.6378289591424038,0.6069960784634408,0.6947597995176712,0.5976074293810366,0.6069960784634408,0.6069960784634408,0.5654916492232192,0.6069960784634408,0.6081383391592436
46,81,0.5432624905646071,0.625016262290756,0.5432624905646071,0.6828777806329609,0.6675113703508377,0.5432624905646071,0.5432624905646071,0.5970005417255709,0.5432624905646071,0.5379383484255134
46,82,0.6305083854310749,0.6335081885432842,0.6305083854310749,0.6919541608099634,0.6419127293849956,0.6305083854310749,0.6305083854310749,0.5991447892626962,0.6305083854310749,0.616046403011925
46,83,0.598459876244071,0.6677025978212715,0.598459876244071,0.7153214800946479,0.6416319056357496,0.598459876244071,0.598459876244071,0.5985305232734432,0.598459876244071,0.575428885379865
46,84,0.5835789269053129,0.6502288378147422,0.5835789269053129,0.6994183853279692,0.6748178978386101,0.5835789269053129,0.5835789269053129,0.6325073880188739,0.5835789269053129,0.6024747430299509
46,85,0.6016390333437007,0.6945864150439505,0.6016390333437007,0.7395395579054368,0.6833398845687404,0.6016390333437007,0.6016390333437007,0.6283878682081767,0.6016390333437007,0.5834863985872895
46,86,0.7441075895452826,0.7633080710917785,0.7441075895452826,0.7727534209495381,0.7318674898786002,0.7441075895452826,0.7441075895452827,0.7327127566025948,0.7441075895452826,0.7487849328849361
46,87,0.6209613428361126,0.708474729610391,0.6209613428361126,0.7396182044228842,0.6742380666746157,0.6209613428361126,0.6209613428361126,0.6507262238573757,0.6209613428361126,0.6426030973721746
46,88,0.5652609530241718,0.6315242938723107,0.5652609530241718,0.6845537218372402,0.6614323344460551,0.5652609530241718,0.5652609530241719,0.5963438447004579,0.5652609530241718,0.5710049318919619
46,89,0.5870533073799432,0.6081596672460736,0.5870533073799432,0.680550830912493,0.6376689376088354,0.5870533073799432,0.5870533073799432,0.5844972348228299,0.5870533073799432,0.5954310967003135
46,90,0.5686739099385644,0.6590674700355934,0.5686739099385644,0.717446977210872,0.6278276993144802,0.5686739099385644,0.5686739099385644,0.5876421095756135,0.5686739099385644,0.5704293694492093
46,91,0.5174076321143188,0.6298610721784927,0.5174076321143188,0.6801778224558874,0.6730853726871882,0.5174076321143188,0.5174076321143188,0.5920031941190511,0.5174076321143188,0.49596146927300644
46,92,0.553171662681879,0.6412863838283603,0.553171662681879,0.7132197376317047,0.707261797986382,0.553171662681879,0.553171662681879,0.6204467179456399,0.553171662681879,0.5404817876588957
46,93,0.5064394843654737,0.5771671424076505,0.5064394843654737,0.6664632662822131,0.6643613047864478,0.5064394843654737,0.5064394843654737,0.5544844948665071,0.5064394843654737,0.4804762562016897
46,94,0.461096723708184,0.5542964517194078,0.461096723708184,0.6310431585956681,0.6466666442168578,0.461096723708184,0.461096723708184,0.527988683485374,0.461096723708184,0.4000030068533159
46,95,0.559318572040683,0.5813161098976074,0.559318572040683,0.6584116171640662,0.6752315914623357,0.559318572040683,0.559318572040683,0.5770157838741905,0.559318572040683,0.5356676429137559
46,96,0.5819912068595899,0.6147285681352924,0.5819912068595899,0.6862430718961426,0.6187049354996802,0.5819912068595899,0.5819912068595898,0.524815119445754,0.5819912068595899,0.5633288753148299
46,97,0.6056841604249581,0.6630491762153481,0.6056841604249581,0.7167549311431411,0.6602368210832208,0.6056841604249581,0.6056841604249581,0.609437254162782,0.6056841604249581,0.5974968538308011
46,98,0.5595621290019285,0.634779938249111,0.5595621290019285,0.6828465406753501,0.6407460416044711,0.5595621290019285,0.5595621290019285,0.5722836322386822,0.5595621290019285,0.5431027939458603
46,99,0.5918088476503351,0.589106549041656,0.5918088476503351,0.6835986318852141,0.6240393408643172,0.5918088476503351,0.5918088476503351,0.5497861272347606,0.5918088476503351,0.5969092155513089
47,0,0.6007800327524176,0.6264189927707993,0.6007800327524176,0.6674129163654818,0.5555889674850152,0.6007800327524176,0.6007800327524175,0.5450141374568405,0.6007800327524176,0.6051086710217592
47,1,0.6670305927429319,0.6262993503212394,0.6670305927429319,0.700978789266469,0.7154021493691128,0.6670305927429319,0.6670305927429317,0.6417238556821987,0.6670305927429319,0.6619140411784443
47,2,0.4941643436139894,0.5992544193764029,0.4941643436139894,0.6651997914836307,0.6434541043745311,0.4941643436139894,0.4941643436139895,0.5570589485242885,0.4941643436139894,0.4821295463483912
47,3,0.6066781813385188,0.6344544066455208,0.6066781813385188,0.6876060020359069,0.6687192611553523,0.6066781813385188,0.6066781813385188,0.6041038928326478,0.6066781813385188,0.5862827681110625
47,4,0.6141222336282748,0.6631095827724431,0.6141222336282748,0.7184648874850414,0.6738733219483534,0.6141222336282748,0.6141222336282748,0.6259739223818102,0.6141222336282748,0.6224587608040566
47,5,0.5493335729564609,0.6286134005065974,0.5493335729564609,0.671889011578962,0.703290396770573,0.5493335729564609,0.5493335729564609,0.6284129878728713,0.5493335729564609,0.5403640006990851
47,6,0.5563060298328936,0.6034349175660423,0.5563060298328936,0.6770844899523715,0.6869709980953023,0.5563060298328936,0.5563060298328936,0.594843245433916,0.5563060298328936,0.5609520950253305
47,7,0.5603942742090834,0.6512032261915318,0.5603942742090834,0.7076236211083199,0.7047949407272993,0.5603942742090834,0.5603942742090834,0.6293493225788918,0.5603942742090834,0.5497062032398824
47,8,0.5899188419140622,0.6331717308125847,0.5899188419140622,0.6835427364944455,0.6432243725680602,0.5899188419140622,0.5899188419140622,0.5913147371471487,0.5899188419140622,0.5963779353255069
47,9,0.5601432832314702,0.6337361843918263,0.5601432832314702,0.667703004973087,0.5552454461360639,0.5601432832314702,0.5601432832314702,0.5183782679484776,0.5601432832314702,0.5602000992772341
47,10,0.6873618841068443,0.7335777295850351,0.6873618841068443,0.7440132577481493,0.6893192418818697,0.6873618841068443,0.6873618841068443,0.6769729388335864,0.6873618841068443,0.6901770514331577
47,11,0.5574921271443536,0.5500003512318811,0.5574921271443536,0.6629952930017851,0.6394598385503949,0.5574921271443536,0.5574921271443537,0.5395174652313193,0.5574921271443536,0.5438492008542988
47,12,0.6466235673372738,0.6969412937362487,0.6466235673372738,0.7375413423834223,0.7224277102292194,0.6466235673372738,0.6466235673372738,0.6907633722843711,0.6466235673372738,0.6680621175798629
47,13,0.5542675296196766,0.6221238133549875,0.5542675296196766,0.6916815318502743,0.6551191003755996,0.5542675296196766,0.5542675296196766,0.559137127221367,0.5542675296196766,0.552207536577434
47,14,0.5400411454220909,0.6334313564344852,0.5400411454220909,0.6916223296741963,0.6662164870517301,0.5400411454220909,0.5400411454220908,0.5982325088460058,0.5400411454220909,0.5243646579323813
47,15,0.5823351230417988,0.6747383723200747,0.5823351230417988,0.7048707854978283,0.6760090093858916,0.5823351230417988,0.5823351230417988,0.6269486704405203,0.5823351230417988,0.5737412612774581
47,16,0.6293010082477624,0.615923129836708,0.6293010082477624,0.6875143769947769,0.6693030764380437,0.6293010082477624,0.6293010082477624,0.6194601350680826,0.6293010082477624,0.640049612088814
47,17,0.5288434724178943,0.6245605378533723,0.5288434724178943,0.6759009151953591,0.6864972646815088,0.5288434724178943,0.5288434724178943,0.5926815607256304,0.5288434724178943,0.49900893207915176
47,18,0.5823261092969529,0.6162963890204303,0.5823261092969529,0.6949538648098498,0.5947552181763289,0.5823261092969529,0.5823261092969529,0.5324485692730305,0.5823261092969529,0.5862905642308075
47,19,0.5967746776587272,0.6136432541703714,0.5967746776587272,0.6956808858517218,0.6830519603147267,0.5967746776587272,0.596774677658727,0.5877335398019039,0.5967746776587272,0.5661390109628114
47,20,0.6891631462727282,0.6426409018625481,0.6891631462727282,0.7087565616469736,0.6571188304796999,0.6891631462727282,0.6891631462727282,0.6059305463595344,0.6891631462727282,0.675358055283279
47,21,0.6378547733308008,0.6365296144873345,0.6378547733308008,0.7011066572780509,0.6466341534389717,0.6378547733308008,0.6378547733308009,0.6064406472617387,0.6378547733308008,0.6359124094879638
47,22,0.5967724474538169,0.6566418175982028,0.5967724474538169,0.7151914562025834,0.7070675919915992,0.5967724474538169,0.5967724474538167,0.6309618440950883,0.5967724474538169,0.594599943494134
47,23,0.5740976753552043,0.5828291113219835,0.5740976753552043,0.654624594236163,0.6469633460492772,0.5740976753552043,0.5740976753552043,0.57113636828596,0.5740976753552043,0.5478817586523552
47,24,0.567616606960674,0.6077204082312408,0.567616606960674,0.684923262659847,0.6782443389641656,0.567616606960674,0.5676166069606738,0.5916004013945915,0.567616606960674,0.5664201218678554
47,25,0.5315767743858736,0.5731501201629362,0.5315767743858736,0.6496024176710864,0.6918221639018411,0.5315767743858736,0.5315767743858736,0.5694992836781728,0.5315767743858736,0.49092666547503555
47,26,0.5908150125871836,0.5681736705951155,0.5908150125871836,0.6565131605456991,0.6358727764448673,0.5908150125871836,0.5908150125871836,0.5595437447459963,0.5908150125871836,0.5874895085220488
47,27,0.6533848981488649,0.6963774402943319,0.6533848981488649,0.7346561731704411,0.7262300955426577,0.6533848981488649,0.6533848981488649,0.6797548006732443,0.6533848981488649,0.6449012743491063
47,28,0.48977734470502426,0.5270500198900694,0.48977734470502426,0.6410850094732645,0.5998369110221361,0.48977734470502426,0.4897773447050243,0.49413034479851875,0.48977734470502426,0.4710003704543848
47,29,0.4976475519830564,0.6055326167979058,0.4976475519830564,0.6801678627892987,0.653900175959037,0.4976475519830564,0.49764755198305644,0.5534706951367832,0.4976475519830564,0.48619098076113076
47,30,0.6809036753126445,0.7095665480362499,0.6809036753126445,0.7495904182046779,0.7199765212854486,0.6809036753126445,0.6809036753126445,0.692146202143447,0.6809036753126445,0.6851436478782301
47,31,0.6382275892516389,0.6332885355019313,0.6382275892516389,0.7106568826312009,0.6916398790292072,0.6382275892516389,0.6382275892516389,0.6131921116116479,0.6382275892516389,0.634177588505711
47,32,0.5694586632913754,0.6671718055344255,0.5694586632913754,0.721532865152887,0.5899836821711268,0.5694586632913754,0.5694586632913754,0.5462370842106138,0.5694586632913754,0.5670208750500867
47,33,0.5801834399293843,0.7054301145692343,0.5801834399293843,0.727324343283548,0.6703696592105852,0.5801834399293843,0.5801834399293844,0.6419673945403304,0.5801834399293843,0.5987882307722663
47,34,0.5353290941474498,0.6242506351809773,0.5353290941474498,0.6662188522847048,0.6668473646859685,0.5353290941474498,0.5353290941474498,0.5970983170832316,0.5353290941474498,0.5249877085669735
47,35,0.6112290073831863,0.5956254752591028,0.6112290073831863,0.6850531730732328,0.6133048884533088,0.6112290073831863,0.6112290073831863,0.5161880452002239,0.6112290073831863,0.6076272875305255
47,36,0.5837164562081145,0.6621465228882439,0.5837164562081145,0.7095224379593846,0.6212534390259645,0.5837164562081145,0.5837164562081145,0.5701005844645177,0.5837164562081145,0.5593082520744386
47,37,0.6447563282761268,0.6743318620448986,0.6447563282761268,0.7212341809486196,0.6411177683029163,0.6447563282761268,0.6447563282761268,0.6008950443583428,0.6447563282761268,0.6474511182391469
47,38,0.7156320544749851,0.6941555396717252,0.7156320544749851,0.7455569227642619,0.7270393503242631,0.7156320544749851,0.7156320544749851,0.6778284138945923,0.7156320544749851,0.7103352085861379
47,39,0.6168021036036115,0.6572043837798011,0.6168021036036115,0.72290134203651,0.6942742307195866,0.6168021036036115,0.6168021036036115,0.6213005249691282,0.6168021036036115,0.5909141470047763
47,40,0.5771440423374666,0.5856850056421665,0.5771440423374666,0.6724709978379058,0.5995724872969537,0.5771440423374666,0.5771440423374665,0.5235067213182512,0.5771440423374666,0.5733937032506559
47,41,0.6181184820519149,0.6975021784239901,0.6181184820519149,0.7318383595315024,0.703820775738947,0.6181184820519149,0.6181184820519149,0.6497952853816605,0.6181184820519149,0.5934099103669808
47,42,0.5375880129459678,0.63111146106606,0.5375880129459678,0.70609982009599,0.6856015514110656,0.5375880129459678,0.5375880129459678,0.6055472078687827,0.5375880129459678,0.5370692694746478
47,43,0.5721525649726061,0.5982677451000666,0.5721525649726061,0.6975189645433254,0.6835654535775357,0.5721525649726061,0.5721525649726061,0.5854550374104535,0.5721525649726061,0.5595767637970489
47,44,0.6776361463434443,0.7263962168426179,0.6776361463434443,0.7638550995155429,0.6968636689643346,0.6776361463434443,0.6776361463434444,0.6714693245467694,0.6776361463434443,0.6904261043771583
47,45,0.6352152328942586,0.6585625895349452,0.6352152328942586,0.7044490644188658,0.7021212207901559,0.6352152328942586,0.6352152328942586,0.6286580648789271,0.6352152328942586,0.614620626503137
47,46,0.5979733198728077,0.6463277387020516,0.5979733198728077,0.7210932953081131,0.6480853707720915,0.5979733198728077,0.5979733198728077,0.5897042381494556,0.5979733198728077,0.5964470303613548
47,47,0.5436518471718632,0.6347334789842647,0.5436518471718632,0.6997979296327316,0.6981582338762624,0.5436518471718632,0.5436518471718632,0.616110245155151,0.5436518471718632,0.5524318580547536
47,48,0.5390375532124568,0.6469512624555809,0.5390375532124568,0.6993213407406562,0.6892264054396386,0.5390375532124568,0.5390375532124568,0.6220167233958271,0.5390375532124568,0.5438009946357462
47,49,0.6114528642010574,0.6834819793953651,0.6114528642010574,0.7357750010372851,0.7315986131745984,0.6114528642010574,0.6114528642010575,0.6737448400475137,0.6114528642010574,0.6227735397419516
47,50,0.6507353217902264,0.6856158436365363,0.6507353217902264,0.7272805637768167,0.7006609685139864,0.6507353217902264,0.6507353217902264,0.6651222620711785,0.6507353217902264,0.6667703900772223
47,51,0.6124558988594639,0.6045008168256546,0.6124558988594639,0.7042897225027065,0.7026677275246769,0.6124558988594639,0.6124558988594639,0.6017049132446615,0.6124558988594639,0.5803498813138673
47,52,0.5341822112723291,0.6646151159960991,0.5341822112723291,0.7077185583317086,0.7008808060615069,0.5341822112723291,0.5341822112723291,0.6376104897735696,0.5341822112723291,0.5406719534982757
47,53,0.5309262979537034,0.5798015378165777,0.5309262979537034,0.6592838559354082,0.6553070850206161,0.5309262979537034,0.5309262979537033,0.5529828903976428,0.5309262979537034,0.5025893968909062
47,54,0.5183760985966157,0.5842334756591798,0.5183760985966157,0.6707274212638505,0.6813978303557682,0.5183760985966157,0.5183760985966157,0.5747583477437387,0.5183760985966157,0.5025329148984417
47,55,0.54610182019103,0.6412023305314143,0.54610182019103,0.6929271511712836,0.6807393220429978,0.54610182019103,0.54610182019103,0.621417685631396,0.54610182019103,0.550774327711878
47,56,0.5030852561803857,0.5760462760429823,0.5030852561803857,0.6671008809824595,0.633143209881559,0.5030852561803857,0.5030852561803856,0.5171687796077258,0.5030852561803857,0.4655313078408303
47,57,0.5945535794184796,0.6451313152389397,0.5945535794184796,0.7168434293097684,0.6575793538536555,0.5945535794184796,0.5945535794184796,0.5970252684961814,0.5945535794184796,0.5670762578165391
47,58,0.6382186684319977,0.690516085135637,0.6382186684319977,0.7330259667752763,0.6950781574084988,0.6382186684319977,0.6382186684319977,0.644177260549553,0.6382186684319977,0.6218630574823568
47,59,0.5388048685001491,0.5912365537834301,0.5388048685001491,0.6728630931733288,0.6776444329022879,0.5388048685001491,0.5388048685001491,0.568964979593055,0.5388048685001491,0.508314973650828
47,60,0.5929024843832225,0.6720486628279804,0.5929024843832225,0.724119325638759,0.7150902431286553,0.5929024843832225,0.5929024843832225,0.6627451336386163,0.5929024843832225,0.6080978244944604
47,61,0.5811960458838641,0.6450384531158397,0.5811960458838641,0.6924473871794468,0.6573727349147669,0.5811960458838641,0.5811960458838641,0.6207912716577083,0.5811960458838641,0.5971183205206179
47,62,0.5454910228212222,0.6505677421664378,0.5454910228212222,0.7101262586336788,0.6858731192601485,0.5454910228212222,0.5454910228212222,0.6179103386375023,0.5454910228212222,0.5505266984193868
47,63,0.5713489478032621,0.6217135435495404,0.5713489478032621,0.6924523699964187,0.6550171159270186,0.5713489478032621,0.5713489478032621,0.5771444957428201,0.5713489478032621,0.5461412905741965
47,64,0.6245824522087996,0.6058446282024945,0.6245824522087996,0.6987743092965285,0.6550564632062967,0.6245824522087996,0.6245824522087995,0.5808025188976418,0.6245824522087996,0.6097701487046474
47,65,0.5968096175356552,0.649670135932336,0.5968096175356552,0.7012293861899971,0.6906523155297624,0.5968096175356552,0.5968096175356552,0.6176452161841982,0.5968096175356552,0.5983378605702923
47,66,0.5829469425888572,0.5479299129155806,0.5829469425888572,0.6620901483582011,0.654030805525068,0.5829469425888572,0.5829469425888572,0.5528394825485452,0.5829469425888572,0.5709321745770921
47,67,0.5975800604069585,0.607768797787555,0.5975800604069585,0.708715608437456,0.6686183296128275,0.5975800604069585,0.5975800604069585,0.5741590713811506,0.5975800604069585,0.5732314310600598
47,68,0.5889658939409328,0.6276060071065444,0.5889658939409328,0.7030342239248107,0.6453007438346265,0.5889658939409328,0.5889658939409329,0.5985601645278458,0.5889658939409328,0.5840526672054468
47,69,0.5177420699256589,0.5749990586013503,0.5177420699256589,0.6652730517502823,0.6873360694966137,0.5177420699256589,0.517742069925659,0.5742579818003666,0.5177420699256589,0.48811222578134605
47,70,0.4790772861714379,0.6389387859980475,0.4790772861714379,0.6845231897258988,0.6767068478335686,0.4790772861714379,0.4790772861714379,0.5886753606291145,0.4790772861714379,0.44514573293396204
47,71,0.6020921366413096,0.6659292386228868,0.6020921366413096,0.717484205973322,0.6683734576525857,0.6020921366413096,0.6020921366413096,0.5851381459835359,0.6020921366413096,0.578532648079153
47,72,0.5674043657933773,0.5695254181539595,0.5674043657933773,0.6672853433419972,0.6937636615963676,0.5674043657933773,0.5674043657933773,0.5943220384865902,0.5674043657933773,0.5568487603369213
47,73,0.5450203566599447,0.6350831200462291,0.5450203566599447,0.6982648661892796,0.6789166200972823,0.5450203566599447,0.5450203566599447,0.6022441862930841,0.5450203566599447,0.5298778874796808
47,74,0.5655394498623453,0.6670240849246268,0.5655394498623453,0.700626739583759,0.6731486993377913,0.5655394498623453,0.5655394498623452,0.6243305144420301,0.5655394498623453,0.5767261554127109
47,75,0.5709414707811098,0.5288859827044191,0.5709414707811098,0.6665556473419009,0.6204320799541301,0.5709414707811098,0.5709414707811098,0.4968860615437114,0.5709414707811098,0.5519073897797961
47,76,0.6049009868006252,0.6236405886586616,0.6049009868006252,0.7108758241552703,0.6778001073541418,0.6049009868006252,0.6049009868006252,0.6031352012403257,0.6049009868006252,0.618084124726483
47,77,0.6368275781191994,0.7216553145115797,0.6368275781191994,0.7561697962232412,0.7045130086140614,0.6368275781191994,0.6368275781191994,0.6696763840244762,0.6368275781191994,0.6118893573440027
47,78,0.6045949841018914,0.6690040585282946,0.6045949841018914,0.679614131769,0.6921980976566726,0.6045949841018914,0.6045949841018914,0.6528171175393918,0.6045949841018914,0.6077270624636979
47,79,0.48013291649564555,0.5496060036129606,0.48013291649564555,0.6410799718638682,0.6791983245945776,0.48013291649564555,0.4801329164956456,0.5458080336187824,0.48013291649564555,0.4405802281329843
47,80,0.5955957355880209,0.6310502952463799,0.5955957355880209,0.690369510018036,0.5802437192809405,0.5955957355880209,0.5955957355880209,0.5491450092929917,0.5955957355880209,0.5966666697643666
47,81,0.5899463477746225,0.6548152301935957,0.5899463477746225,0.7032035772524222,0.6963713153803954,0.5899463477746225,0.5899463477746225,0.6386947952761839,0.5899463477746225,0.5944361852349975
47,82,0.6208630279696502,0.6259193790344648,0.6208630279696502,0.6866409396371953,0.62617876484615,0.6208630279696502,0.6208630279696503,0.5833829208674748,0.6208630279696502,0.6067590071380277
47,83,0.5920878091145315,0.6589188126436694,0.5920878091145315,0.7099272762857252,0.6352549861591975,0.5920878091145315,0.5920878091145316,0.5885859164173327,0.5920878091145315,0.5684298325777174
47,84,0.5654555384025953,0.6257283201495967,0.5654555384025953,0.6863282523247884,0.6584044486401692,0.5654555384025953,0.5654555384025953,0.6056028232972914,0.5654555384025953,0.5808212875332223
47,85,0.5876484003901743,0.6868588357422633,0.5876484003901743,0.7288925056815637,0.6746828775897094,0.5876484003901743,0.5876484003901743,0.6185857047094723,0.5876484003901743,0.5722374977824098
47,86,0.7364013023281574,0.7546848251317081,0.7364013023281574,0.7649849861840374,0.7231848866356019,0.7364013023281574,0.7364013023281574,0.7224438214512963,0.7364013023281574,0.7403788176717233
47,87,0.6220978180883185,0.7112008331586895,0.6220978180883185,0.741198940971491,0.6761781642852572,0.6220978180883185,0.6220978180883185,0.6550017875466135,0.6220978180883185,0.6455982532127728
47,88,0.6047249864631208,0.6529652159909072,0.6047249864631208,0.7060025439507117,0.6973822666864556,0.6047249864631208,0.6047249864631208,0.635594686692198,0.6047249864631208,0.6133653730308661
47,89,0.5953330360346287,0.6193449626557924,0.5953330360346287,0.686731883799687,0.6410595656044833,0.5953330360346287,0.5953330360346287,0.5905978831615519,0.5953330360346287,0.6042107358606006
47,90,0.662915214207,0.7577206210567395,0.662915214207,0.76794062490332,0.7179962527701453,0.662915214207,0.662915214207,0.7056137170885286,0.662915214207,0.6615106733036621
47,91,0.5374990835251697,0.6403915028161036,0.5374990835251697,0.688751144248325,0.6886581308514004,0.5374990835251697,0.5374990835251697,0.6124631230275278,0.5374990835251697,0.5245661050129155
47,92,0.5638173599707769,0.6479232181034096,0.5638173599707769,0.716259437875671,0.7140795143648471,0.5638173599707769,0.5638173599707769,0.6290809015815346,0.5638173599707769,0.5517105770735473
47,93,0.5335308985133175,0.6041872216052612,0.5335308985133175,0.6828663453811736,0.6901159303207688,0.5335308985133175,0.5335308985133176,0.5892353595726334,0.5335308985133175,0.5141460535210352
47,94,0.46521591217750424,0.5643529494786554,0.46521591217750424,0.639339084712759,0.6502902030573596,0.46521591217750424,0.4652159121775042,0.5339606099660514,0.46521591217750424,0.40567317567288663
47,95,0.6112620887560224,0.6200623455121383,0.6112620887560224,0.6832824140202668,0.6993113089703258,0.6112620887560224,0.6112620887560223,0.6221376413003542,0.6112620887560224,0.598629480397411
47,96,0.57925688271436,0.6129688212502256,0.57925688271436,0.6848660910973526,0.6139883963266807,0.57925688271436,0.5792568827143602,0.5211001147957218,0.57925688271436,0.562083138316468
47,97,0.6053789940530657,0.6606881239284703,0.6053789940530657,0.7170993570364745,0.6591451423601206,0.6053789940530657,0.6053789940530656,0.6067254233799522,0.6053789940530657,0.5968806911109522
47,98,0.5951459775977775,0.6605314701519537,0.5951459775977775,0.7033864908870817,0.6809343628826717,0.5951459775977775,0.5951459775977775,0.6154017961931347,0.5951459775977775,0.5826527598189779
47,99,0.600329624285742,0.5959615522157256,0.600329624285742,0.6882919387869266,0.6265620005698374,0.600329624285742,0.6003296242857421,0.5561725008896492,0.600329624285742,0.6048246371263108
48,0,0.6116184569156471,0.6341237949167442,0.6116184569156471,0.6740322248679189,0.5677817342356448,0.6116184569156471,0.6116184569156471,0.5570585880318653,0.6116184569156471,0.6160243916293247
48,1,0.6585454993860896,0.6144672677175675,0.6585454993860896,0.6974496836131202,0.7109764893203308,0.6585454993860896,0.6585454993860895,0.629903225126519,0.6585454993860896,0.653730098615219
48,2,0.5197258371933688,0.6176792757726915,0.5197258371933688,0.6769699179209303,0.6653104955239668,0.5197258371933688,0.5197258371933688,0.5863303593869564,0.5197258371933688,0.5147299241049594
48,3,0.6052690635360289,0.6350809198822251,0.6052690635360289,0.6850215520242815,0.668270018709372,0.6052690635360289,0.6052690635360289,0.6043779273282741,0.6052690635360289,0.5849712361450318
48,4,0.5999104386878106,0.6541696418371947,0.5999104386878106,0.7134311783808269,0.6581106335800999,0.5999104386878106,0.5999104386878106,0.6066801746325808,0.5999104386878106,0.6080901016220763
48,5,0.5687489935038778,0.6404912620572416,0.5687489935038778,0.6840620097769142,0.7132768734573851,0.5687489935038778,0.5687489935038778,0.6433727402285812,0.5687489935038778,0.5645216601286467
48,6,0.4507782160646678,0.5147123373003274,0.4507782160646678,0.6123678601726815,0.544094472542897,0.4507782160646678,0.4507782160646678,0.44610698528203874,0.4507782160646678,0.4466252045299519
48,7,0.5727853856159032,0.6648674050512877,0.5727853856159032,0.7146195863172521,0.710822014504276,0.5727853856159032,0.5727853856159031,0.6423236418161128,0.5727853856159032,0.5646144554524339
48,8,0.5787372449702607,0.6265705937142175,0.5787372449702607,0.6801656062687149,0.6366790833157854,0.5787372449702607,0.5787372449702607,0.5813266397928024,0.5787372449702607,0.5848616321150168
48,9,0.7146111781772962,0.783655625466524,0.7146111781772962,0.7727368336642699,0.7358684784297609,0.7146111781772962,0.7146111781772962,0.7440478007852969,0.7146111781772962,0.7313360013981791
48,10,0.6831083257916786,0.7026004195196767,0.6831083257916786,0.7341439805914916,0.6755887230187593,0.6831083257916786,0.6831083257916786,0.649145001927738,0.6831083257916786,0.6785259136173462
48,11,0.6261053104617147,0.6158622207660001,0.6261053104617147,0.6909877288228357,0.7019388852011725,0.6261053104617147,0.6261053104617147,0.6190925213309031,0.6261053104617147,0.611344908429468
48,12,0.6354200400451877,0.6879723084176268,0.6354200400451877,0.7307806402266824,0.7130108203072696,0.6354200400451877,0.6354200400451877,0.6799421085067378,0.6354200400451877,0.6571934445559169
48,13,0.5705016557877581,0.6296786155067705,0.5705016557877581,0.6979821915359817,0.664206402580775,0.5705016557877581,0.570501655787758,0.5747710938853534,0.5705016557877581,0.5695939152416161
48,14,0.5400899311545037,0.616025111785339,0.5400899311545037,0.6806163989796248,0.6582269850095437,0.5400899311545037,0.5400899311545037,0.5866391001694335,0.5400899311545037,0.5268904429612338
48,15,0.6501867843074977,0.7084144930842531,0.6501867843074977,0.7346450841704704,0.7240529585373388,0.6501867843074977,0.6501867843074977,0.683603997423585,0.6501867843074977,0.6407209367682392
48,16,0.6281300577446514,0.6135822620687028,0.6281300577446514,0.6857274010573369,0.6633603379861837,0.6281300577446514,0.6281300577446514,0.6136481425535245,0.6281300577446514,0.639578832077682
48,17,0.5418241013226694,0.6347838784237858,0.5418241013226694,0.6838348831689641,0.6958527743438747,0.5418241013226694,0.5418241013226696,0.6055983938744861,0.5418241013226694,0.5155533962652568
48,18,0.6936965953041363,0.7241703432115265,0.6936965953041363,0.7638499797502065,0.7302336033944654,0.6936965953041363,0.6936965953041363,0.698596718952176,0.6936965953041363,0.7014192511254704
48,19,0.5993401567072065,0.6188414316683373,0.5993401567072065,0.7019723089280123,0.6825776547820664,0.5993401567072065,0.5993401567072065,0.5913283545250525,0.5993401567072065,0.5690263317668016
48,20,0.690525150996488,0.6544462248650922,0.690525150996488,0.7112947013983113,0.6587796455205687,0.690525150996488,0.6905251509964881,0.6125640781542459,0.690525150996488,0.6772568943007792
48,21,0.6405969031932167,0.638262817393653,0.6405969031932167,0.7012669042738222,0.6483717089311835,0.6405969031932167,0.6405969031932167,0.6082557363788188,0.6405969031932167,0.6368487001689696
48,22,0.5809505374933221,0.6472869323458676,0.5809505374933221,0.71042867248993,0.6952006125863113,0.5809505374933221,0.5809505374933221,0.613552541342312,0.5809505374933221,0.577542707997702
48,23,0.675930597138294,0.6632845844373935,0.675930597138294,0.7074892291702277,0.7158982758409749,0.675930597138294,0.675930597138294,0.6709117470572439,0.675930597138294,0.6663822272933159
48,24,0.5892896453537444,0.6259452753096028,0.5892896453537444,0.696482922356435,0.6895988322872446,0.5892896453537444,0.5892896453537444,0.6101116554701369,0.5892896453537444,0.5911411589225313
48,25,0.5471511316013252,0.586135038487167,0.5471511316013252,0.654855814642471,0.6968407588857293,0.5471511316013252,0.5471511316013252,0.5835693919023034,0.5471511316013252,0.5105542401372188
48,26,0.5881247349889321,0.5571800099234588,0.5881247349889321,0.6480492738758883,0.6259215637148416,0.5881247349889321,0.588124734988932,0.547198051056825,0.5881247349889321,0.58216894837426
48,27,0.6430922237122263,0.6790771852317483,0.6430922237122263,0.7229102706960945,0.7163082602003393,0.6430922237122263,0.6430922237122263,0.6637017777604794,0.6430922237122263,0.630491946044916
48,28,0.5344577345039555,0.575611624780524,0.5344577345039555,0.67379724558261,0.6459456322676563,0.5344577345039555,0.5344577345039555,0.5506387643036647,0.5344577345039555,0.5199469122049742
48,29,0.5153655078181227,0.6151211396510374,0.5153655078181227,0.6827956625927619,0.6652386277947813,0.5153655078181227,0.5153655078181226,0.5733753647615776,0.5153655078181227,0.5089443005755193
48,30,0.6739342849679636,0.7007160223485243,0.6739342849679636,0.7457755865416712,0.7124694296658409,0.6739342849679636,0.6739342849679635,0.6810242808394242,0.6739342849679636,0.6769615084205411
48,31,0.6241737671589875,0.6202414512629639,0.6241737671589875,0.7057107423884696,0.6793870652121367,0.6241737671589875,0.6241737671589874,0.5938710477331666,0.6241737671589875,0.62022729021094
48,32,0.6580752049256305,0.7530021712179689,0.6580752049256305,0.7642230251462202,0.6926279488357721,0.6580752049256305,0.6580752049256305,0.6851928093015116,0.6580752049256305,0.6681693448982158
48,33,0.5871004204586733,0.7108124384340659,0.5871004204586733,0.7315333616420532,0.6759271557604797,0.5871004204586733,0.5871004204586732,0.6502638874985596,0.5871004204586733,0.607954418113114
48,34,0.5536492982335012,0.6484361258702414,0.5536492982335012,0.6798491932934999,0.6825062777884905,0.5536492982335012,0.5536492982335013,0.6226583793795148,0.5536492982335012,0.5505390675309421
48,35,0.6180259285481375,0.5964421913237159,0.6180259285481375,0.6855424875574881,0.6198511358225618,0.6180259285481375,0.6180259285481375,0.5227981725503554,0.6180259285481375,0.6128595144297881
48,36,0.6580949050690048,0.7172988346810479,0.6580949050690048,0.7434977035888612,0.7037537636154463,0.6580949050690048,0.6580949050690048,0.6642455082796446,0.6580949050690048,0.6373995727117401
48,37,0.6442753474171393,0.6798004419262174,0.6442753474171393,0.7232356616349822,0.6397959951662741,0.6442753474171393,0.6442753474171393,0.6008301006087966,0.6442753474171393,0.6478399116980224
48,38,0.7030616903485002,0.69062598935412,0.7030616903485002,0.74169009366604,0.7202910228835828,0.7030616903485002,0.7030616903485002,0.6684020314771311,0.7030616903485002,0.6981806845771988
48,39,0.6096863560616923,0.6522714801266805,0.6096863560616923,0.7203659102361881,0.6879765916465763,0.6096863560616923,0.6096863560616923,0.6124823677682313,0.6096863560616923,0.5854353567289661
48,40,0.7239374304861391,0.7024773995984145,0.7239374304861391,0.7456919431408164,0.7322311973527622,0.7239374304861391,0.7239374304861391,0.6963701290695504,0.7239374304861391,0.7212402139280023
48,41,0.6149626491786387,0.6958638927551284,0.6149626491786387,0.7298563106343907,0.6998437687918434,0.6149626491786387,0.6149626491786387,0.6462769112930896,0.6149626491786387,0.5897481742547915
48,42,0.5529662050545179,0.6425515018759902,0.5529662050545179,0.7115269762274393,0.6941804098586296,0.5529662050545179,0.5529662050545179,0.6202511593673692,0.5529662050545179,0.557114040501234
48,43,0.6700131201096369,0.7031780735714809,0.6700131201096369,0.751470211917675,0.7487401464584152,0.6700131201096369,0.6700131201096369,0.6952793392227637,0.6700131201096369,0.6628560908283263
48,44,0.6681303625393225,0.7195437600145438,0.6681303625393225,0.7605086750118625,0.6888035903130152,0.6681303625393225,0.6681303625393225,0.6549907348217305,0.6681303625393225,0.6772602052133975
48,45,0.6297044894861171,0.6539678629814432,0.6297044894861171,0.7016511309207746,0.6963350530791867,0.6297044894861171,0.6297044894861171,0.620983514982362,0.6297044894861171,0.6069981506824507
48,46,0.5989250598182774,0.64039781284997,0.5989250598182774,0.7158396186281153,0.6442848975734408,0.5989250598182774,0.5989250598182774,0.5860035717857105,0.5989250598182774,0.5967308775511717
48,47,0.5574407395062122,0.6440659765260438,0.5574407395062122,0.704943483195134,0.7032219334983769,0.5574407395062122,0.5574407395062122,0.6260359675302203,0.5574407395062122,0.5696128231353116
48,48,0.5561927540084913,0.6601479666756083,0.5561927540084913,0.7047316406868326,0.6958443264352259,0.5561927540084913,0.5561927540084913,0.638104322688198,0.5561927540084913,0.5666960952971228
48,49,0.5927490648704349,0.6614827329695312,0.5927490648704349,0.7209650142731592,0.7154735328414088,0.5927490648704349,0.5927490648704348,0.6482462577396351,0.5927490648704349,0.5992516473700983
48,50,0.6483205674236013,0.6836569122056568,0.6483205674236013,0.7261026812354807,0.6996569863859479,0.6483205674236013,0.6483205674236013,0.663519012112739,0.6483205674236013,0.6643721311407882
48,51,0.6101158563573338,0.60403983604063,0.6101158563573338,0.7044368955166956,0.7019304143448989,0.6101158563573338,0.6101158563573339,0.6007012225799897,0.6101158563573338,0.5786419121970163
48,52,0.5514744767451423,0.6766281229827785,0.5514744767451423,0.7126042180825407,0.7050030848733209,0.5514744767451423,0.5514744767451423,0.6520457562676699,0.5514744767451423,0.5648582193454434
48,53,0.5741399563232953,0.5947733546147844,0.5741399563232953,0.6748585030668802,0.6885949734107224,0.5741399563232953,0.5741399563232954,0.5901680049521546,0.5741399563232953,0.5504142772844078
48,54,0.5398031639731212,0.5980527943044648,0.5398031639731212,0.6747031175570686,0.6892302728287127,0.5398031639731212,0.5398031639731211,0.5921487827230443,0.5398031639731212,0.5297983400706567
48,55,0.5722932537323641,0.6495489354136852,0.5722932537323641,0.6998072260729129,0.6980249907783338,0.5722932537323641,0.5722932537323641,0.6396704014667942,0.5722932537323641,0.5793194797790171
48,56,0.5272258304562916,0.5967427682354982,0.5272258304562916,0.685214033720651,0.6608649802794575,0.5272258304562916,0.5272258304562916,0.552108865686255,0.5272258304562916,0.491931076094455
48,57,0.5930447528714585,0.6521728946113896,0.5930447528714585,0.7199332598850656,0.6553108047575826,0.5930447528714585,0.5930447528714585,0.5963476553722774,0.5930447528714585,0.5647744298707038
48,58,0.6230017015534214,0.6780037764031936,0.6230017015534214,0.724579922486587,0.6731618446381041,0.6230017015534214,0.6230017015534214,0.6195888757636399,0.6230017015534214,0.6036638130236796
48,59,0.5565700303391501,0.5984805604472025,0.5565700303391501,0.6671992301201624,0.6923767747051801,0.5565700303391501,0.5565700303391501,0.5870703627234426,0.5565700303391501,0.5265270401734974
48,60,0.5807895910389623,0.6669012939738621,0.5807895910389623,0.7212614871548235,0.7084253091852586,0.5807895910389623,0.5807895910389623,0.6555105417271414,0.5807895910389623,0.5964928204579174
48,61,0.6910204423369835,0.7323038103126673,0.6910204423369835,0.7494114378370995,0.7309998667798803,0.6910204423369835,0.6910204423369835,0.718486592570053,0.6910204423369835,0.7069739583554422
48,62,0.5538587516446599,0.6562341901202073,0.5538587516446599,0.7126988352236041,0.6928015124735145,0.5538587516446599,0.5538587516446599,0.6276006357560706,0.5538587516446599,0.56103022447472
48,63,0.6214741041150719,0.6774711978220165,0.6214741041150719,0.7222303359320636,0.7025432040834558,0.6214741041150719,0.6214741041150719,0.6468697084600747,0.6214741041150719,0.607792675796306
48,64,0.638522719701435,0.6321923902627724,0.638522719701435,0.7133969660421656,0.6796923184442014,0.638522719701435,0.638522719701435,0.6139240182246071,0.638522719701435,0.6250524570750475
48,65,0.5869430980872926,0.6363176277641489,0.5869430980872926,0.6918848725533405,0.6871770441313161,0.5869430980872926,0.5869430980872926,0.6078238687457695,0.5869430980872926,0.5876491134679014
48,66,0.7204302474142865,0.6885737420255112,0.7204302474142865,0.7337638952062118,0.74789934397318,0.7204302474142865,0.7204302474142865,0.7018588239078416,0.7204302474142865,0.7105590653140612
48,67,0.5908636124691872,0.5910428936514296,0.5908636124691872,0.6989236227096935,0.6617642101251698,0.5908636124691872,0.5908636124691872,0.5584333780490514,0.5908636124691872,0.5640516078819076
48,68,0.5865757647535257,0.6246647309610216,0.5865757647535257,0.7008187026385752,0.6428780552930815,0.5865757647535257,0.5865757647535257,0.595256800859223,0.5865757647535257,0.5815511314051982
48,69,0.5383077186555618,0.596747583779023,0.5383077186555618,0.6753984218633848,0.7031587218797459,0.5383077186555618,0.5383077186555618,0.6005120817908548,0.5383077186555618,0.5153327118048079
48,70,0.49862874921838285,0.6481310331771122,0.49862874921838285,0.6905465343539523,0.6846214747604755,0.49862874921838285,0.49862874921838285,0.6062638926746357,0.49862874921838285,0.4762900214844641
48,71,0.6001831741632991,0.6677457257514452,0.6001831741632991,0.7212974081535493,0.6679885835968093,0.6001831741632991,0.6001831741632991,0.5852229726817418,0.6001831741632991,0.5774450200760309
48,72,0.5816379052317169,0.5752411558315117,0.5816379052317169,0.6725789211645182,0.7005553683840879,0.5816379052317169,0.5816379052317169,0.6053639556600747,0.5816379052317169,0.5751951298293078
48,73,0.5606084668056766,0.6585858003571954,0.5606084668056766,0.7032173058749518,0.6937847738904437,0.5606084668056766,0.5606084668056766,0.6269001407267034,0.5606084668056766,0.547696474932575
48,74,0.6493597499865955,0.7228993813419315,0.6493597499865955,0.7423675736176905,0.7188858909759943,0.6493597499865955,0.6493597499865955,0.6971136671850542,0.6493597499865955,0.6679406398044359
48,75,0.7048505934621729,0.7058745699273294,0.7048505934621729,0.7463095796761574,0.7315707140542218,0.7048505934621729,0.7048505934621729,0.7027011531921588,0.7048505934621729,0.707030074460539
48,76,0.5992675821224173,0.6134355580632864,0.5992675821224173,0.7038865290570442,0.6755855581703454,0.5992675821224173,0.5992675821224172,0.5977750150969723,0.5992675821224173,0.6110212783036925
48,77,0.6337971942721276,0.7203946733936948,0.6337971942721276,0.75557354250678,0.700583426141187,0.6337971942721276,0.6337971942721274,0.6672555408995029,0.6337971942721276,0.6099088110677898
48,78,0.5984543007317953,0.6642670358665185,0.5984543007317953,0.676280243837794,0.686767530139139,0.5984543007317953,0.5984543007317953,0.6448103764596009,0.5984543007317953,0.600407769921434
48,79,0.472607833427482,0.5455380389832941,0.472607833427482,0.6308033781524532,0.6617615867577988,0.472607833427482,0.4726078334274821,0.5332968488537787,0.472607833427482,0.4367791897161014
48,80,0.6012762533449589,0.6347896316867554,0.6012762533449589,0.693216661164993,0.5910321736359507,0.6012762533449589,0.6012762533449589,0.5592916073222388,0.6012762533449589,0.6032540258688448
48,81,0.5733795493740883,0.6479618553711568,0.5733795493740883,0.6985019747117989,0.6866630401579052,0.5733795493740883,0.5733795493740883,0.625808974160422,0.5733795493740883,0.5754060468658537
48,82,0.6229860901190493,0.6336239045384302,0.6229860901190493,0.6924163271319362,0.6359069550814602,0.6229860901190493,0.6229860901190492,0.593114731659016,0.6229860901190493,0.6100878629687676
48,83,0.5902837591925097,0.6508449096335432,0.5902837591925097,0.7111437265113641,0.6330402842803379,0.5902837591925097,0.5902837591925097,0.5828999422497274,0.5902837591925097,0.566299833382591
48,84,0.671614128459617,0.729072351620049,0.671614128459617,0.7500026281622566,0.7256256465551734,0.671614128459617,0.6716141284596171,0.7157326487389382,0.671614128459617,0.6966353720209391
48,85,0.5862160512865355,0.6845412159863214,0.5862160512865355,0.7284290924405397,0.6730520938032054,0.5862160512865355,0.5862160512865355,0.6154029501488345,0.5862160512865355,0.5705602688488667
48,86,0.7292756117893464,0.7505552420476195,0.7292756117893464,0.7613783340562628,0.7173669792055514,0.7292756117893464,0.7292756117893464,0.7160194908472555,0.7292756117893464,0.733958958538474
48,87,0.6118130422940705,0.7065701977596953,0.6118130422940705,0.738020168207857,0.6674530289766487,0.6118130422940705,0.6118130422940705,0.6444246965548888,0.6118130422940705,0.6355748732395754
48,88,0.5938273689445639,0.6488394099806998,0.5938273689445639,0.7003263446928918,0.6891430462365447,0.5938273689445639,0.5938273689445639,0.6271535732637514,0.5938273689445639,0.6015444584514047
48,89,0.590688727234138,0.6180852905488365,0.590688727234138,0.6871515123935432,0.6391936012494246,0.590688727234138,0.590688727234138,0.5853471356980897,0.590688727234138,0.598721766411039
48,90,0.6436116756059165,0.7067537681301039,0.6436116756059165,0.7407794077118173,0.6829967431592527,0.6436116756059165,0.6436116756059165,0.6489340935616273,0.6436116756059165,0.6331854726393599
48,91,0.5517965555042712,0.6476378835851071,0.5517965555042712,0.6950063803431981,0.6970689372125222,0.5517965555042712,0.5517965555042712,0.6251180515710514,0.5517965555042712,0.546168918602898
48,92,0.5686149024336461,0.6475191797267398,0.5686149024336461,0.7135346707510997,0.7156057633922412,0.5686149024336461,0.5686149024336461,0.6312468924320711,0.5686149024336461,0.5574334759582784
48,93,0.5381226116480071,0.6100915614632063,0.5381226116480071,0.6830830102918459,0.682400960658428,0.5381226116480071,0.5381226116480071,0.5884019455651863,0.5381226116480071,0.5212046188504624
48,94,0.4716490311664631,0.5728553082996197,0.4716490311664631,0.6444736723966877,0.6582988232368783,0.4716490311664631,0.4716490311664632,0.5437076908551757,0.4716490311664631,0.41362951559490224
48,95,0.5961701062776272,0.6124133261606259,0.5961701062776272,0.6782699487196172,0.6952738936692292,0.5961701062776272,0.5961701062776272,0.6118962059703553,0.5961701062776272,0.5804871240554149
48,96,0.670392162019183,0.7017041000899777,0.670392162019183,0.7543066294155966,0.7121767255510767,0.670392162019183,0.670392162019183,0.6543988370249163,0.670392162019183,0.6638523111370844
48,97,0.604612082339537,0.6578487499038097,0.604612082339537,0.7147653330048711,0.6577511776770041,0.604612082339537,0.604612082339537,0.6054245609367546,0.604612082339537,0.5978522316202041
48,98,0.5913230346807086,0.6614027383188157,0.5913230346807086,0.7042838421358,0.6834351641479276,0.5913230346807086,0.5913230346807086,0.6156083040029754,0.5913230346807086,0.5782873596420777
48,99,0.6045656197372391,0.5941380170201535,0.6045656197372391,0.6882835186333089,0.6353610423709745,0.6045656197372391,0.6045656197372391,0.5595243948024713,0.6045656197372391,0.6073858978176605
49,0,0.5985223219815594,0.6321561189275569,0.5985223219815594,0.6728477995383395,0.5625686366015206,0.5985223219815594,0.5985223219815594,0.5513161139511058,0.5985223219815594,0.6055001406843361
49,1,0.6420651214258295,0.6024993724816979,0.6420651214258295,0.6879911906292899,0.6984070948908396,0.6420651214258295,0.6420651214258295,0.6132643250504463,0.6420651214258295,0.6375034968313348
49,2,0.5448447280232588,0.6301941053261373,0.5448447280232588,0.6863099875934688,0.6806995195445273,0.5448447280232588,0.5448447280232589,0.6080122467640736,0.5448447280232588,0.5454775930539985
49,3,0.5818928919931277,0.5897968986157766,0.5818928919931277,0.6639486165496011,0.6284857682410838,0.5818928919931277,0.5818928919931277,0.5407501025420876,0.5818928919931277,0.5537455421740999
49,4,0.6446238169343733,0.6880923138653952,0.6446238169343733,0.7325680751790125,0.7001280449523524,0.6446238169343733,0.6446238169343734,0.6617562753503055,0.6446238169343733,0.653523391713833
49,5,0.5874778826397411,0.6563464500259678,0.5874778826397411,0.6957977507237275,0.7198174389529047,0.5874778826397411,0.5874778826397411,0.6579670281120713,0.5874778826397411,0.5872937325549891
49,6,0.5862055507384162,0.5957543594584884,0.5862055507384162,0.6789970831607304,0.6768350134153112,0.5862055507384162,0.5862055507384161,0.5912900620290347,0.5862055507384162,0.5918602113476128
49,7,0.5854956951005093,0.6727961886126546,0.5854956951005093,0.7207569269375365,0.7165268712979187,0.5854956951005093,0.5854956951005093,0.6515608092473605,0.5854956951005093,0.5789829699046036
49,8,0.6996449235007192,0.7202053170944025,0.6996449235007192,0.7370145420204346,0.720453061386644,0.6996449235007192,0.6996449235007192,0.6956630176575882,0.6996449235007192,0.700585657469792
49,9,0.7099892643511131,0.7801735347469214,0.7099892643511131,0.7690342386395532,0.7263007867583218,0.7099892643511131,0.709989264351113,0.7360193980505869,0.7099892643511131,0.7262965353706698
49,10,0.6739578879699308,0.7273465508195971,0.6739578879699308,0.7397279767819072,0.6786584464545579,0.6739578879699308,0.6739578879699308,0.6656335035119126,0.6739578879699308,0.6786822316607004
49,11,0.6309570283188631,0.6118001908037742,0.6309570283188631,0.6948491487844273,0.7108435556349353,0.6309570283188631,0.6309570283188632,0.6258728963727181,0.6309570283188631,0.6176868208298126
49,12,0.6157146928594321,0.6725251451392751,0.6157146928594321,0.7215976009856626,0.7053304198185653,0.6157146928594321,0.6157146928594321,0.6645865676830767,0.6157146928594321,0.6363317557450373
49,13,0.5852906091739665,0.6381797479342306,0.5852906091739665,0.7035097031751731,0.6745654921801474,0.5852906091739665,0.5852906091739665,0.5915824900404965,0.5852906091739665,0.586532024118213
49,14,0.5805882221206033,0.6464937491084476,0.5805882221206033,0.7014113685877409,0.691924630227352,0.5805882221206033,0.5805882221206033,0.6324861836414041,0.5805882221206033,0.5764244828235991
49,15,0.6429993914328351,0.7054745872213342,0.6429993914328351,0.7299538464828585,0.7186651911151626,0.6429993914328351,0.6429993914328351,0.6778858213028602,0.6429993914328351,0.6324077880907393
49,16,0.6327688839580711,0.6160675996166982,0.6327688839580711,0.690112732626297,0.6705955809506265,0.6327688839580711,0.6327688839580711,0.6197677952624658,0.6327688839580711,0.6442808578633976
49,17,0.5594069439102536,0.6423152333420776,0.5594069439102536,0.689517630174912,0.7013842561863917,0.5594069439102536,0.5594069439102536,0.6160264439967489,0.5594069439102536,0.5367776699824929
49,18,0.6860857422721309,0.7124993278204755,0.6860857422721309,0.7582611883333387,0.7234292058386573,0.6860857422721309,0.6860857422721309,0.6852688819565136,0.6860857422721309,0.692912868544429
49,19,0.6644935488070588,0.6764866184742773,0.6644935488070588,0.7293268284324812,0.7335509301793968,0.6644935488070588,0.6644935488070588,0.657032142587526,0.6644935488070588,0.6290757380397622
49,20,0.7146994571216623,0.6684731446154024,0.7146994571216623,0.7181285983844368,0.6783325131605462,0.7146994571216623,0.7146994571216623,0.6412581804511174,0.7146994571216623,0.6986817613651646
49,21,0.6412095590671164,0.6393127011017598,0.6412095590671164,0.702002670608354,0.6439807817501773,0.6412095590671164,0.6412095590671165,0.6064591904905645,0.6412095590671164,0.6378251186441943
49,22,0.6253536384817396,0.672060743150267,0.6253536384817396,0.7248931909637204,0.7255394482348287,0.6253536384817396,0.6253536384817396,0.6579695540546026,0.6253536384817396,0.6235443107658126
49,23,0.6627636531983043,0.6511522725568418,0.6627636531983043,0.6983080338443328,0.7082144797446162,0.6627636531983043,0.6627636531983043,0.658215423898548,0.6627636531983043,0.650966978697872
49,24,0.5968502258500635,0.6096342239360683,0.5968502258500635,0.6862468252839318,0.6861648454905694,0.5968502258500635,0.5968502258500635,0.6046736690979195,0.5968502258500635,0.5969607441346693
49,25,0.561358187356355,0.5946921952374071,0.561358187356355,0.658534210488223,0.702689602711153,0.561358187356355,0.5613581873563551,0.5941658412877605,0.561358187356355,0.5267255415922305
49,26,0.739629431010609,0.7039760846146585,0.739629431010609,0.746450762773859,0.7491537259311607,0.739629431010609,0.739629431010609,0.7028707181692608,0.739629431010609,0.725492392741531
49,27,0.5938221651331065,0.6378961374369524,0.5938221651331065,0.695762004800135,0.6522506464819428,0.5938221651331065,0.5938221651331065,0.5924018552939776,0.5938221651331065,0.5746142199145301
49,28,0.5662755104079481,0.654609083713501,0.5662755104079481,0.703159222175411,0.6917094109545483,0.5662755104079481,0.5662755104079482,0.6269607478265764,0.5662755104079481,0.5604688154308409
49,29,0.5329541117683917,0.6254016555135615,0.5329541117683917,0.6869552865263153,0.6723565212597382,0.5329541117683917,0.5329541117683917,0.589078571104102,0.5329541117683917,0.5311455969586176
49,30,0.6710518380466082,0.6987842176723721,0.6710518380466082,0.7447068633239918,0.7118237758417858,0.6710518380466082,0.6710518380466082,0.6795595520696482,0.6710518380466082,0.6747028518439102
49,31,0.6290146127671983,0.6249686416392012,0.6290146127671983,0.7080122185457314,0.6894632744430567,0.6290146127671983,0.6290146127671983,0.6061085808351849,0.6290146127671983,0.6244698873578247
49,32,0.6476938798438076,0.7487632907573073,0.6476938798438076,0.7608906723230701,0.6821952649126206,0.6476938798438076,0.6476938798438076,0.6736210067989798,0.6476938798438076,0.6581279782487541
49,33,0.5970367267356872,0.7156005827415657,0.5970367267356872,0.7353323634043353,0.6813979333121543,0.5970367267356872,0.5970367267356871,0.6584338441874428,0.5970367267356872,0.6195741723647583
49,34,0.5678498492242093,0.6451022033863059,0.5678498492242093,0.6777490039399291,0.6856721679902609,0.5678498492242093,0.5678498492242092,0.6302172632436798,0.5678498492242093,0.5687574579299901
49,35,0.6128017664709693,0.5995822632520036,0.6128017664709693,0.6874444745739614,0.6191011200018829,0.6128017664709693,0.6128017664709693,0.5226216728031888,0.6128017664709693,0.6091174741203212
49,36,0.6504276464378098,0.7133885577048733,0.6504276464378098,0.7413948429606676,0.6957140907097248,0.6504276464378098,0.6504276464378098,0.6545994282408323,0.6504276464378098,0.6269350855898619
49,37,0.6436982818965997,0.6791631377215428,0.6436982818965997,0.7227071158535314,0.6393881790708699,0.6436982818965997,0.6436982818965997,0.6007879294317557,0.6436982818965997,0.6477138413494693
49,38,0.688002138766509,0.6710666882800751,0.688002138766509,0.731751611550074,0.70888804082627,0.688002138766509,0.688002138766509,0.6469789978826128,0.688002138766509,0.6826937089352243
49,39,0.6065352623738506,0.6464679103858997,0.6065352623738506,0.7172390122621777,0.687521235615174,0.6065352623738506,0.6065352623738506,0.6116736185484919,0.6065352623738506,0.5838059489136562
49,40,0.7086083958108202,0.6886334114410424,0.7086083958108202,0.7390705077301334,0.7214142081126578,0.7086083958108202,0.7086083958108202,0.6773902112024694,0.7086083958108202,0.7058115046463656
49,41,0.6075121850497657,0.6851652634145058,0.6075121850497657,0.7234902129915379,0.6909708007880815,0.6075121850497657,0.6075121850497657,0.6335015400387345,0.6075121850497657,0.5814858811501391
49,42,0.5727097444993622,0.6494532842134741,0.5727097444993622,0.7101962435720884,0.6991203413576255,0.5727097444993622,0.5727097444993622,0.6337442191763123,0.5727097444993622,0.5825870643235037
49,43,0.6674304498983074,0.6984640263522881,0.6674304498983074,0.7498387156469529,0.7456566017070528,0.6674304498983074,0.6674304498983072,0.6898815169976986,0.6674304498983074,0.6596525306084976
49,44,0.6330470090954261,0.6506707548157173,0.6330470090954261,0.7182010521235831,0.6294611283381812,0.6330470090954261,0.6330470090954261,0.5846682806159187,0.6330470090954261,0.636026653815224
49,45,0.6188471085811501,0.6482608915309214,0.6188471085811501,0.6957979623264625,0.6873221603992268,0.6188471085811501,0.6188471085811501,0.6113417016771343,0.6188471085811501,0.5950817798130588
49,46,0.6850238859592153,0.7408319194665915,0.6850238859592153,0.7741442333975268,0.7299942914791444,0.6850238859592153,0.6850238859592154,0.7129181454247582,0.6850238859592153,0.6968131947026697
49,47,0.5727313031468284,0.6540290135186743,0.5727313031468284,0.710114406748479,0.7100207009431483,0.5727313031468284,0.5727313031468284,0.6404075604328359,0.5727313031468284,0.5884464267035823
49,48,0.574637013242678,0.672350805839204,0.574637013242678,0.7116608281969585,0.7052400437478066,0.574637013242678,0.574637013242678,0.6541076750242227,0.574637013242678,0.5894423037119059
49,49,0.6532334300653738,0.7116114762953251,0.6532334300653738,0.7487623627487746,0.7485071040401137,0.6532334300653738,0.6532334300653739,0.7051166746542209,0.6532334300653738,0.6614105717510609
49,50,0.6447642269185175,0.6788371607570931,0.6447642269185175,0.7229118704674319,0.6963635407301847,0.6447642269185175,0.6447642269185174,0.6598744964776088,0.6447642269185175,0.6609476886953537
49,51,0.6079533009959817,0.6022120084406888,0.6079533009959817,0.7027057100370917,0.7013168221227497,0.6079533009959817,0.6079533009959817,0.60011811963062,0.6079533009959817,0.5770647472920495
49,52,0.5770008445971846,0.6879346149245547,0.5770008445971846,0.7231728101601678,0.7167566434946211,0.5770008445971846,0.5770008445971846,0.6684851570140404,0.5770008445971846,0.5945091416373502
49,53,0.5981656750463209,0.6072860768932129,0.5981656750463209,0.6830600931484472,0.6985366218402127,0.5981656750463209,0.5981656750463209,0.6090147981874444,0.5981656750463209,0.5804758635077344
49,54,0.5714922384687487,0.6181558913360891,0.5714922384687487,0.6812214415945956,0.6994100009210436,0.5714922384687487,0.5714922384687487,0.6161081952694102,0.5714922384687487,0.567435470351935
49,55,0.5913421772728552,0.6578187124079106,0.5913421772728552,0.7071963258185816,0.7050079165518703,0.5913421772728552,0.5913421772728552,0.6507487239197762,0.5913421772728552,0.6012689476117086
49,56,0.5417934360051528,0.6054984507943157,0.5417934360051528,0.6874120614787368,0.6809620823225133,0.5417934360051528,0.5417934360051528,0.5745428233965268,0.5417934360051528,0.5070698885288021
49,57,0.6521045746799446,0.7427299964657621,0.6521045746799446,0.7654046149480348,0.7225546530509126,0.6521045746799446,0.6521045746799448,0.6918493696331304,0.6521045746799446,0.6292988819050458
49,58,0.6256870541158293,0.6815131590738315,0.6256870541158293,0.7274012865029624,0.6808401226450418,0.6256870541158293,0.6256870541158293,0.6279251794374969,0.6256870541158293,0.6074758001370413
49,59,0.579108852863439,0.6158905076914535,0.579108852863439,0.6720451737607437,0.7128750029240779,0.579108852863439,0.579108852863439,0.6135046428216258,0.579108852863439,0.5495216148682894
49,60,0.617001985718697,0.6911477036042932,0.617001985718697,0.7323675848652195,0.7261769142815502,0.617001985718697,0.617001985718697,0.6837128422452956,0.617001985718697,0.6354008801652662
49,61,0.6190094489135789,0.6469765559057163,0.6190094489135789,0.6959877439513745,0.6573415889042898,0.6190094489135789,0.6190094489135789,0.6065686612174512,0.6190094489135789,0.6177705645511842
49,62,0.5686191769930574,0.662356178493221,0.5686191769930574,0.7183784594901375,0.7011092406109413,0.5686191769930574,0.5686191769930575,0.6385672967416469,0.5686191769930574,0.5768835689320458
49,63,0.5916103594133186,0.6655243326368125,0.5916103594133186,0.7161232772374335,0.6606623591249707,0.5916103594133186,0.5916103594133186,0.607306619731413,0.5916103594133186,0.5759679409090842
49,64,0.6378071027008432,0.6429576988729897,0.6378071027008432,0.717508969663991,0.682878856047614,0.6378071027008432,0.6378071027008432,0.6227374696971402,0.6378071027008432,0.6276800243731105
49,65,0.6562856513355256,0.6999925413556576,0.6562856513355256,0.7474484277193603,0.7233862822916561,0.6562856513355256,0.6562856513355257,0.6687148533622073,0.6562856513355256,0.6639942264410881
49,66,0.7096537114373178,0.6744293246680555,0.7096537114373178,0.7264213240973579,0.7437088532051329,0.7096537114373178,0.7096537114373178,0.6889688989716792,0.7096537114373178,0.6970497711327351
49,67,0.6506151695006841,0.6853806468308573,0.6506151695006841,0.7357604602316992,0.7075135423561763,0.6506151695006841,0.6506151695006841,0.6607788063408201,0.6506151695006841,0.6406844265345326
49,68,0.6759225126454942,0.7509453988516549,0.6759225126454942,0.7724238250542045,0.7331686354041501,0.6759225126454942,0.6759225126454942,0.7172356591339324,0.6759225126454942,0.6757050538446261
49,69,0.5473322428250823,0.5807366906580762,0.5473322428250823,0.6613055736435849,0.69132642832753,0.5473322428250823,0.5473322428250823,0.5861634305425003,0.5473322428250823,0.5226065445731622
49,70,0.5229241368851453,0.6583363180069528,0.5229241368851453,0.6952954773986324,0.6991797200758265,0.5229241368851453,0.5229241368851453,0.6263328684416886,0.5229241368851453,0.5096294090917197
49,71,0.6554872379776391,0.7122070558212436,0.6554872379776391,0.7191875347606773,0.734661895243896,0.6554872379776391,0.6554872379776391,0.6769544281295455,0.6554872379776391,0.6329754758716741
49,72,0.6025292568037279,0.5912330487894935,0.6025292568037279,0.6792579744502025,0.7040432861148254,0.6025292568037279,0.6025292568037279,0.6220448300338357,0.6025292568037279,0.6009578316563036
49,73,0.5684662221062928,0.6727599789036006,0.5684662221062928,0.711447438845942,0.6987279000793445,0.5684662221062928,0.5684662221062928,0.6390625084902906,0.5684662221062928,0.5598257796744066
49,74,0.6189492333810008,0.6412104372675225,0.6189492333810008,0.6982056567151826,0.6832504797195382,0.6189492333810008,0.6189492333810009,0.6371481614799995,0.6189492333810008,0.6302805183849371
49,75,0.6960937868070928,0.6849655019517038,0.6960937868070928,0.7390924306075177,0.7233929618402803,0.6960937868070928,0.6960937868070928,0.6829553861879374,0.6960937868070928,0.6960445169802358
49,76,0.7106940091027671,0.7222194984893626,0.7106940091027671,0.7642583108372376,0.7449330885525915,0.7106940091027671,0.7106940091027671,0.7152755218436271,0.7106940091027671,0.7247345399362053
49,77,0.6301326888288943,0.7129084345663194,0.6301326888288943,0.7531854092398542,0.6994998505605319,0.6301326888288943,0.6301326888288943,0.6624023779594554,0.6301326888288943,0.6058738641110626
49,78,0.6468596902821516,0.6959085523187576,0.6468596902821516,0.7040852032008811,0.7128388536893406,0.6468596902821516,0.6468596902821515,0.6842236798337797,0.6468596902821516,0.6543611970524708
49,79,0.5024332000197373,0.5575258492154763,0.5024332000197373,0.6438274040418973,0.683417755208428,0.5024332000197373,0.5024332000197373,0.5592610740993129,0.5024332000197373,0.47417160542313297
49,80,0.7166953046659696,0.7827018479772803,0.7166953046659696,0.7870044587554191,0.7407419850723271,0.7166953046659696,0.7166953046659696,0.7478411341401119,0.7166953046659696,0.7360836144648129
49,81,0.6229002272300028,0.6766900647966925,0.6229002272300028,0.7186481888512442,0.7152875957662705,0.6229002272300028,0.6229002272300028,0.6652139205289903,0.6229002272300028,0.6314059982588833
49,82,0.616884528260088,0.630858337427052,0.616884528260088,0.6890601260038459,0.6264350438839617,0.616884528260088,0.6168845282600879,0.5848992552576933,0.616884528260088,0.6038209232611766
49,83,0.6674101922037055,0.7490785601867327,0.6674101922037055,0.7691228051776169,0.7305815070154442,0.6674101922037055,0.6674101922037055,0.7030250730112982,0.6674101922037055,0.6484991017526912
49,84,0.6637886182049955,0.7230561032973832,0.6637886182049955,0.7442940133695239,0.7183087104996402,0.6637886182049955,0.6637886182049954,0.7079877176527645,0.6637886182049955,0.6889076497257339
49,85,0.6377940931721998,0.7302207637086098,0.6377940931721998,0.756976654298263,0.7210233544775774,0.6377940931721998,0.6377940931721998,0.6794343097450655,0.6377940931721998,0.6208962841957615
49,86,0.7224772038211216,0.7419318741686909,0.7224772038211216,0.7548685825662991,0.7106387712237783,0.7224772038211216,0.7224772038211216,0.7078132209913237,0.7224772038211216,0.7268945865017437
49,87,0.6056614866750367,0.7006323459240873,0.6056614866750367,0.7334819057774962,0.6609946065710854,0.6056614866750367,0.6056614866750367,0.6370039275919573,0.6056614866750367,0.6295643538501157
49,88,0.631899754519487,0.6730230706026392,0.631899754519487,0.7238297202942952,0.7183845934352504,0.631899754519487,0.631899754519487,0.6633485897905657,0.631899754519487,0.6420156747804044
49,89,0.724080907002035,0.7499681573489723,0.724080907002035,0.7689629314963482,0.745329059530103,0.724080907002035,0.7240809070020351,0.7376350763853727,0.724080907002035,0.7361917739422934
49,90,0.6476747372516609,0.7175927610269894,0.6476747372516609,0.747650228670725,0.6944370399167945,0.6476747372516609,0.6476747372516609,0.668388745143746,0.6476747372516609,0.6414317807366865
49,91,0.558322320922212,0.6492911818243092,0.558322320922212,0.694127071246132,0.7020238847536033,0.558322320922212,0.558322320922212,0.6309125930531457,0.558322320922212,0.5508742770538302
49,92,0.5899107574212624,0.6580781092912531,0.5899107574212624,0.7156878025738435,0.7243744398141948,0.5899107574212624,0.5899107574212623,0.6465672967792979,0.5899107574212624,0.580085755792976
49,93,0.5775870167877746,0.6457210433620053,0.5775870167877746,0.7033806870235574,0.7103735403206228,0.5775870167877746,0.5775870167877746,0.6323830832637516,0.5775870167877746,0.5692316450827759
49,94,0.48358648172444646,0.5767290279852773,0.48358648172444646,0.651434052257796,0.6661118006213259,0.48358648172444646,0.48358648172444646,0.5516125817334068,0.48358648172444646,0.4305058246273892
49,95,0.6193504844144453,0.6101179409394184,0.6193504844144453,0.681096365242408,0.687763485647525,0.6193504844144453,0.6193504844144453,0.6121626582863425,0.6193504844144453,0.612326504056389
49,96,0.6587954681864522,0.6931847954292383,0.6587954681864522,0.7478887781803472,0.6965431378040494,0.6587954681864522,0.6587954681864522,0.6328617736363323,0.6587954681864522,0.6492564188077306
49,97,0.6025653117831111,0.6540522018116055,0.6025653117831111,0.7120753045685511,0.6562766644204961,0.6025653117831111,0.6025653117831111,0.6021085788520955,0.6025653117831111,0.5938154935512814
49,98,0.6066269795507866,0.6646418746550253,0.6066269795507866,0.7052834872308841,0.6881885064376789,0.6066269795507866,0.6066269795507866,0.6228553186057035,0.6066269795507866,0.5940046969133062
49,99,0.6191376856959211,0.5975351557359729,0.6191376856959211,0.6908756769991726,0.6412061436633125,0.6191376856959211,0.6191376856959211,0.5673237574206795,0.6191376856959211,0.6215369694115166
50,0,0.7655819538509273,0.7641374943982204,0.7655819538509273,0.7767967493162529,0.7332688886634605,0.7655819538509273,0.7655819538509274,0.7366255679168008,0.7655819538509273,0.7637905358404736
50,1,0.6379222370293374,0.5957129762733127,0.6379222370293374,0.6860818776789439,0.6949915777436966,0.6379222370293374,0.6379222370293374,0.6058687604831929,0.6379222370293374,0.6334412034429251
50,2,0.5432515253904647,0.6272777289023168,0.5432515253904647,0.6845277986168323,0.6747403788471199,0.5432515253904647,0.5432515253904647,0.6005295937803139,0.5432515253904647,0.5464440764225182
50,3,0.6798642139740365,0.7063103017376202,0.6798642139740365,0.7320842266390288,0.7330632150597851,0.6798642139740365,0.6798642139740365,0.6880355357979311,0.6798642139740365,0.6631014091379025
50,4,0.6418061388806211,0.691623257502028,0.6418061388806211,0.7372558764366399,0.6997233028784103,0.6418061388806211,0.6418061388806211,0.6615405569625019,0.6418061388806211,0.6527020801142354
50,5,0.6036344162619851,0.6689469314163343,0.6036344162619851,0.7060765992415645,0.7269855342142695,0.6036344162619851,0.6036344162619852,0.6706577751975111,0.6036344162619851,0.6064996443495132
50,6,0.5831154159847892,0.5894302694964941,0.5831154159847892,0.6711351997375566,0.6574095682126572,0.5831154159847892,0.5831154159847893,0.5733112674341603,0.5831154159847892,0.5883404511892376
50,7,0.5917191748279002,0.6772714030816701,0.5917191748279002,0.7248681150267373,0.7211631390524964,0.5917191748279002,0.5917191748279003,0.6567438325563111,0.5917191748279002,0.5845408545719841
50,8,0.662578917891568,0.6951406294816781,0.662578917891568,0.7213923183819114,0.6897704984050808,0.662578917891568,0.662578917891568,0.6546770421240942,0.662578917891568,0.665054480612371
50,9,0.6861547856991456,0.7510524414814114,0.6861547856991456,0.7488673977128009,0.7016372266712081,0.6861547856991456,0.6861547856991457,0.7017761564863337,0.6861547856991456,0.6983645664345546
50,10,0.657850976406941,0.6830496296535884,0.657850976406941,0.7242175871454407,0.6574398987579634,0.657850976406941,0.6578509764069409,0.6246214321443118,0.657850976406941,0.653441326221913
50,11,0.6239766728000399,0.6057780734330619,0.6239766728000399,0.6890973599425784,0.71443186362809,0.6239766728000399,0.62397667280004,0.6238323818057845,0.6239766728000399,0.6098484885988384
50,12,0.6965844318873583,0.7366915305441328,0.6965844318873583,0.7598980647328311,0.7375637675672485,0.6965844318873583,0.6965844318873583,0.7245592375135419,0.6965844318873583,0.7163830765588463
50,13,0.5960585960321123,0.6457518460818817,0.5960585960321123,0.7088856465493792,0.6797172774587972,0.5960585960321123,0.5960585960321123,0.6009665130978588,0.5960585960321123,0.5984100174711415
50,14,0.5931946412264715,0.6617797945672343,0.5931946412264715,0.7117277853322348,0.7024426309499255,0.5931946412264715,0.5931946412264715,0.6479924731493736,0.5931946412264715,0.595844635498209
50,15,0.6321835480943224,0.6968289129258138,0.6321835480943224,0.7212228368431142,0.7124726602650953,0.6321835480943224,0.6321835480943224,0.6706295558354027,0.6321835480943224,0.622620158495033
50,16,0.6338444932012668,0.6166782414204026,0.6338444932012668,0.6910760747318447,0.6693504960034866,0.6338444932012668,0.6338444932012668,0.620962656136743,0.6338444932012668,0.6468037550677224
50,17,0.5563891978910067,0.6368765587916906,0.5563891978910067,0.6846604798494944,0.6937277454210851,0.5563891978910067,0.5563891978910067,0.6078287195036001,0.5563891978910067,0.5325994246150012
50,18,0.6797054047993824,0.7057467401002678,0.6797054047993824,0.7545780383228162,0.7176937311373958,0.6797054047993824,0.6797054047993824,0.6774024570110669,0.6797054047993824,0.6865290653974284
50,19,0.6581023390853725,0.6700158610156842,0.6581023390853725,0.7263274949279046,0.7275941244805437,0.6581023390853725,0.6581023390853725,0.6475661886358692,0.6581023390853725,0.6205565723670794
50,20,0.7191268784946265,0.6700538935279029,0.7191268784946265,0.7187671024897326,0.6840848499527786,0.7191268784946265,0.7191268784946265,0.6482583485010869,0.7191268784946265,0.7026580341435761
50,21,0.6421572103035839,0.6391848098806046,0.6421572103035839,0.7016012021081359,0.6462964394533415,0.6421572103035839,0.6421572103035839,0.6076094730514814,0.6421572103035839,0.6384473527960501
50,22,0.6042040477661571,0.6521131943370768,0.6042040477661571,0.7131068191834875,0.7056095592086826,0.6042040477661571,0.6042040477661571,0.6281699561776727,0.6042040477661571,0.5985313107539445
50,23,0.6499021544058209,0.6418447637029748,0.6499021544058209,0.6917249425146119,0.702445079563019,0.6499021544058209,0.6499021544058209,0.648170723024575,0.6499021544058209,0.636984604647314
50,24,0.6163712094299011,0.6313520489945126,0.6163712094299011,0.7007109255849149,0.6993097715879415,0.6163712094299011,0.6163712094299011,0.6237608651138777,0.6163712094299011,0.6179568232050678
50,25,0.5793714594916266,0.6075442149515276,0.5793714594916266,0.6649243188720072,0.7098168495294739,0.5793714594916266,0.5793714594916266,0.6075410119759423,0.5793714594916266,0.5452852455174987
50,26,0.7250009594527375,0.6870466565198209,0.7250009594527375,0.7374025226201768,0.742733461627137,0.7250009594527375,0.7250009594527375,0.6872593591161995,0.7250009594527375,0.7100550970065969
50,27,0.6615730954770236,0.7008262100997,0.6615730954770236,0.7400795954164988,0.7221175541528134,0.6615730954770236,0.6615730954770236,0.6789159317949743,0.6615730954770236,0.6534660146448459
50,28,0.5862371453079788,0.6810964513646286,0.5862371453079788,0.712456615093082,0.7026515224330092,0.5862371453079788,0.5862371453079789,0.6522563693703984,0.5862371453079788,0.5838908056344433
50,29,0.5476984610563942,0.6319198244251234,0.5476984610563942,0.6900622987716418,0.6794232940844861,0.5476984610563942,0.5476984610563942,0.6011122441724815,0.5476984610563942,0.5492440019085635
50,30,0.6643146677882119,0.6891934188613926,0.6643146677882119,0.7395813549656561,0.7068752083727127,0.6643146677882119,0.664314667788212,0.6709294627732325,0.6643146677882119,0.6678475874615909
50,31,0.6229890637255964,0.6199245235621091,0.6229890637255964,0.7051853090284059,0.6883611684312817,0.6229890637255964,0.6229890637255964,0.602247720894334,0.6229890637255964,0.6186396503397679
50,32,0.6273322019379923,0.7422171319347923,0.6273322019379923,0.7534114431952705,0.6633119124409437,0.6273322019379923,0.6273322019379923,0.6536601137712849,0.6273322019379923,0.636804761199315
50,33,0.6042178936216418,0.7160491071908748,0.6042178936216418,0.7345781451660662,0.6791297975233896,0.6042178936216418,0.6042178936216418,0.6589077031385138,0.6042178936216418,0.6270763907027839
50,34,0.5877971736427321,0.6658376048342383,0.5877971736427321,0.6915305508251921,0.6990785967119644,0.5877971736427321,0.5877971736427321,0.6522329636009784,0.5877971736427321,0.5950058802030862
50,35,0.7599950117750173,0.7061156331972775,0.7599950117750173,0.7594244794029195,0.7259404883693157,0.7599950117750173,0.7599950117750173,0.6796117715579875,0.7599950117750173,0.7453780888399999
50,36,0.6440277946720963,0.7055517701788278,0.6440277946720963,0.737297640481633,0.6880562553301655,0.6440277946720963,0.6440277946720963,0.6429857300624261,0.6440277946720963,0.6178992103733798
50,37,0.6372934121698379,0.6713194065136912,0.6372934121698379,0.7183297672455113,0.6335030945607936,0.6372934121698379,0.6372934121698379,0.5903146350608268,0.6372934121698379,0.6401562507591141
50,38,0.6764957682326453,0.6478958499011906,0.6764957682326453,0.7200628158293749,0.6953864614144675,0.6764957682326453,0.6764957682326453,0.6246156313956949,0.6764957682326453,0.6709413606671887
50,39,0.6551998203198244,0.7072939973139909,0.6551998203198244,0.7471100659101912,0.7345204044743894,0.6551998203198244,0.6551998203198244,0.6837272392328249,0.6551998203198244,0.6306862553755271
50,40,0.6981659259443733,0.680742235242515,0.6981659259443733,0.735095219467151,0.7163019056255511,0.6981659259443733,0.6981659259443733,0.6660906124281698,0.6981659259443733,0.6950535954788688
50,41,0.6453648025158198,0.6991390736670274,0.6453648025158198,0.7338820438305077,0.7184556625759052,0.6453648025158198,0.6453648025158198,0.6611544725762681,0.6453648025158198,0.6153958503346213
50,42,0.5931542187624723,0.6642998516575863,0.5931542187624723,0.7184933531836826,0.7082532194342662,0.5931542187624723,0.5931542187624723,0.6511085811925684,0.5931542187624723,0.6080000151134588
50,43,0.6586694616090204,0.6899842243956318,0.6586694616090204,0.7439131680317094,0.7414001090650136,0.6586694616090204,0.6586694616090203,0.6821215320048639,0.6586694616090204,0.6490889624984852
50,44,0.6184860941612956,0.647960485348981,0.6184860941612956,0.7167631830595931,0.6110818445754218,0.6184860941612956,0.6184860941612956,0.5647900939618616,0.6184860941612956,0.6199886921782555
50,45,0.6831348094749884,0.6974047731370536,0.6831348094749884,0.7316221262254261,0.7313660103263087,0.6831348094749884,0.6831348094749883,0.6756668931764533,0.6831348094749884,0.6671000541634494
50,46,0.6796230730681105,0.7360912976521721,0.6796230730681105,0.7725419219403193,0.7253676384050778,0.6796230730681105,0.6796230730681105,0.7052930155366124,0.6796230730681105,0.6929479593170518
50,47,0.5811746730868071,0.6592074783999177,0.5811746730868071,0.7135072773277134,0.7130633354055472,0.5811746730868071,0.581174673086807,0.6469223534965297,0.5811746730868071,0.5983241567045178
50,48,0.5832250677262122,0.6734616466441824,0.5832250677262122,0.7122843287422274,0.7075237123659943,0.5832250677262122,0.5832250677262123,0.6579088327076824,0.5832250677262122,0.5986889814312908
50,49,0.6468369236070256,0.707219140350734,0.6468369236070256,0.7474321771238661,0.7470098694935481,0.6468369236070256,0.6468369236070257,0.7009438899593026,0.6468369236070256,0.6563291644618565
50,50,0.640332716836551,0.677798473001892,0.640332716836551,0.722705345178932,0.6949557945753511,0.640332716836551,0.6403327168365509,0.6578453406625587,0.640332716836551,0.657079802924623
50,51,0.6490058908074949,0.6604509507683258,0.6490058908074949,0.7292524827660267,0.731511137449959,0.6490058908074949,0.6490058908074949,0.6515297845946652,0.6490058908074949,0.6179247773936787
50,52,0.5900166921545016,0.6984891403952571,0.5900166921545016,0.7297742316026117,0.7205404877196064,0.5900166921545016,0.5900166921545016,0.6789982812424432,0.5900166921545016,0.6107449096694779
50,53,0.6130453234322147,0.6151648697638338,0.6130453234322147,0.6884125117349909,0.7062193492465221,0.6130453234322147,0.6130453234322147,0.6219080774590705,0.6130453234322147,0.5978141989229859
50,54,0.5938742032476801,0.6340031753410658,0.5938742032476801,0.6906642110558072,0.7057687410298852,0.5938742032476801,0.5938742032476801,0.6323257465956422,0.5938742032476801,0.5946630506883837
50,55,0.6098856806255502,0.6660625353819316,0.6098856806255502,0.7127321679050796,0.7149239998510359,0.6098856806255502,0.6098856806255502,0.6635936664128811,0.6098856806255502,0.6205985155061031
50,56,0.5202773482826446,0.588312342152937,0.5202773482826446,0.6617644995022192,0.6343788650585163,0.5202773482826446,0.5202773482826446,0.5322522287196921,0.5202773482826446,0.4892382612524744
50,57,0.6478144038341683,0.7366716248024029,0.6478144038341683,0.7661665603037064,0.7174613044532815,0.6478144038341683,0.6478144038341682,0.6845252679803829,0.6478144038341683,0.6242755384369684
50,58,0.6347865689254585,0.6941238028750389,0.6347865689254585,0.7349061198363978,0.7002602776915902,0.6347865689254585,0.6347865689254585,0.6502314606418491,0.6347865689254585,0.6187329248682789
50,59,0.5911699868687393,0.6249024839306572,0.5911699868687393,0.6739487622449432,0.7211157285528838,0.5911699868687393,0.5911699868687393,0.625437274685169,0.5911699868687393,0.5626203214113651
50,60,0.6278365070233334,0.6948678998519412,0.6278365070233334,0.7355847616762903,0.7289532108994473,0.6278365070233334,0.6278365070233334,0.688118041073644,0.6278365070233334,0.6458311057131241
50,61,0.6873037129287674,0.7006248537470721,0.6873037129287674,0.7317574860818898,0.7148518364524332,0.6873037129287674,0.6873037129287674,0.6876849618884495,0.6873037129287674,0.693328212295506
50,62,0.5750784079645078,0.6703521661408938,0.5750784079645078,0.7236416716808256,0.7026236692166531,0.5750784079645078,0.5750784079645078,0.6442074984790465,0.5750784079645078,0.5855434176965953
50,63,0.6406060098632671,0.6879851754059201,0.6406060098632671,0.7261329978362365,0.7059251885491147,0.6406060098632671,0.6406060098632671,0.6568954615164649,0.6406060098632671,0.6281657752952698
50,64,0.6381041845799358,0.6507307421504416,0.6381041845799358,0.7214686579291252,0.6859296418865123,0.6381041845799358,0.6381041845799358,0.6286084697873511,0.6381041845799358,0.6293372240341398
50,65,0.6404183009499836,0.6925883063429983,0.6404183009499836,0.7396719039282221,0.7118857681723718,0.6404183009499836,0.6404183009499836,0.6534361298409836,0.6404183009499836,0.6462268607965458
50,66,0.6921184465544867,0.6542534149668408,0.6921184465544867,0.7147843789997848,0.7328512540503036,0.6921184465544867,0.6921184465544867,0.6688339588520313,0.6921184465544867,0.6756811964503312
50,67,0.6460386031743436,0.6768533139867621,0.6460386031743436,0.7353804043419224,0.706878843375282,0.6460386031743436,0.6460386031743436,0.6528682940029114,0.6460386031743436,0.6318356503307545
50,68,0.6735355429150433,0.7594505442860926,0.6735355429150433,0.7764674648541188,0.7323783933012448,0.6735355429150433,0.6735355429150431,0.718807010053364,0.6735355429150433,0.6725361812856656
50,69,0.558340255486699,0.5861582424049798,0.558340255486699,0.6628525426378132,0.6886635571072761,0.558340255486699,0.558340255486699,0.5875484814911252,0.558340255486699,0.5337603263562378
50,70,0.5318254422333718,0.6634386575695765,0.5318254422333718,0.6995990205363503,0.7031990758019121,0.5318254422333718,0.5318254422333718,0.63282644094488,0.5318254422333718,0.5217279480182836
50,71,0.6552390347561639,0.7178981768745272,0.6552390347561639,0.7242730726180358,0.731702433565391,0.6552390347561639,0.6552390347561639,0.6732647310121325,0.6552390347561639,0.632291583317043
50,72,0.6103181545277387,0.60154654617142,0.6103181545277387,0.6855976016081474,0.7068211546115108,0.6103181545277387,0.6103181545277387,0.6312085321619803,0.6103181545277387,0.6126318464206666
50,73,0.5748210980729822,0.6821830117282155,0.5748210980729822,0.7122879703906505,0.7032128251351724,0.5748210980729822,0.5748210980729822,0.6469192822608805,0.5748210980729822,0.5655944693366421
50,74,0.6666301780363287,0.6980982730443583,0.6666301780363287,0.7354525676616842,0.7153877879416023,0.6666301780363287,0.6666301780363287,0.6892176636072892,0.6666301780363287,0.6818131370274245
50,75,0.6881907769318384,0.669674143648973,0.6881907769318384,0.7338053794417125,0.7184542384012443,0.6881907769318384,0.6881907769318383,0.6677405417066233,0.6881907769318384,0.6849071876473474
50,76,0.7004061667767676,0.7135741901732108,0.7004061667767676,0.7597255378378958,0.7399779269330854,0.7004061667767676,0.7004061667767676,0.7046760202864404,0.7004061667767676,0.7142546517641541
50,77,0.630352735713377,0.7121229913866373,0.630352735713377,0.7538337673971853,0.6985797943908221,0.630352735713377,0.6303527357133771,0.6610228693363874,0.630352735713377,0.6058919853573763
50,78,0.6278669864904408,0.6846016362936352,0.6278669864904408,0.6931143284498846,0.7032102092145662,0.6278669864904408,0.6278669864904409,0.669282970736268,0.6278669864904408,0.6333544660039352
50,79,0.5229495054659999,0.5666220673515288,0.5229495054659999,0.6528874453192375,0.697099938546648,0.5229495054659999,0.5229495054659999,0.5775379662263238,0.5229495054659999,0.5002761417581078
50,80,0.6815265529590498,0.7230327873166922,0.6815265529590498,0.7469717310492858,0.6952194803633662,0.6815265529590498,0.6815265529590498,0.6849541476714799,0.6815265529590498,0.6886390991614827
50,81,0.6069242472802884,0.6673807548243542,0.6069242472802884,0.7114757494353989,0.7050493247553278,0.6069242472802884,0.6069242472802884,0.6521198696843167,0.6069242472802884,0.6138469426301548
50,82,0.7271588685538599,0.7250442494758813,0.7271588685538599,0.7498036193119573,0.7439422312497648,0.7271588685538599,0.7271588685538599,0.7227137414295646,0.7271588685538599,0.7249253125869286
50,83,0.6607039660384396,0.7448869578648138,0.6607039660384396,0.7682883818284181,0.7211599285273076,0.6607039660384396,0.6607039660384396,0.6923230788166548,0.6607039660384396,0.6391554461394161
50,84,0.6517802657159055,0.7148641761344195,0.6517802657159055,0.7386707271924431,0.7146969850707774,0.6517802657159055,0.6517802657159055,0.6999718123648713,0.6517802657159055,0.6771120123009291
50,85,0.6308875202658255,0.7241573233626354,0.6308875202658255,0.753331847848659,0.7115241155400418,0.6308875202658255,0.6308875202658255,0.6674898654081881,0.6308875202658255,0.6124897656230925
50,86,0.7160450140842086,0.7353490930922895,0.7160450140842086,0.7509122569884703,0.7076442783638843,0.7160450140842086,0.7160450140842086,0.7023233938839092,0.7160450140842086,0.7208436257792168
50,87,0.6557340473210453,0.7261430558919837,0.6557340473210453,0.7495344280567037,0.6973665674884142,0.6557340473210453,0.6557340473210453,0.6796438542875698,0.6557340473210453,0.6748779027074585
50,88,0.6211234043929276,0.6668918934195995,0.6211234043929276,0.7169917712209911,0.7051984826343876,0.6211234043929276,0.6211234043929276,0.6495197262109874,0.6211234043929276,0.6306868227292549
50,89,0.7145099826294915,0.742989388603406,0.7145099826294915,0.7641495601213263,0.7380854699966034,0.7145099826294915,0.7145099826294915,0.7277198399496563,0.7145099826294915,0.7261423415907831
50,90,0.6429962319758789,0.7206141510115428,0.6429962319758789,0.7497472983914032,0.6927789308562209,0.6429962319758789,0.6429962319758789,0.6685718381060166,0.6429962319758789,0.6379321963234466
50,91,0.5702107069721688,0.6581012445298979,0.5702107069721688,0.6981417633503377,0.7076890859276013,0.5702107069721688,0.5702107069721688,0.6424044764697588,0.5702107069721688,0.5672665506000222
50,92,0.5965344660048472,0.6610688918918373,0.5965344660048472,0.7179443592752199,0.72737048730686,0.5965344660048472,0.596534466004847,0.6517252726378546,0.5965344660048472,0.5870268534399843
50,93,0.5968622132014564,0.6677973518112978,0.5968622132014564,0.7117875526471571,0.7246886524185536,0.5968622132014564,0.5968622132014563,0.6566886384395336,0.5968622132014564,0.5910924534773045
50,94,0.48822893202084533,0.5799996311985572,0.48822893202084533,0.6515395768751191,0.6711294479500673,0.48822893202084533,0.48822893202084533,0.5581002792734024,0.48822893202084533,0.4358147999400292
50,95,0.6665074238410578,0.6432930900224141,0.6665074238410578,0.7018285943829699,0.7144651547918757,0.6665074238410578,0.6665074238410578,0.6519508835741803,0.6665074238410578,0.6591519315786727
50,96,0.6487088089284023,0.6702318087248599,0.6487088089284023,0.7333328156316176,0.6808541623125574,0.6487088089284023,0.6487088089284023,0.6082408264291954,0.6487088089284023,0.6353295685698003
50,97,0.6790775091919289,0.7679942625324686,0.6790775091919289,0.7770061201976078,0.7270605923669611,0.6790775091919289,0.6790775091919289,0.7183917981765244,0.6790775091919289,0.6859702635785174
50,98,0.6293658700405702,0.6751476073465108,0.6293658700405702,0.7153685384612105,0.7043699628559357,0.6293658700405702,0.6293658700405702,0.6415126926356586,0.6293658700405702,0.6181542986238351
50,99,0.7506005523660012,0.7484854576176887,0.7506005523660012,0.7831714311506031,0.7618078248043054,0.7506005523660012,0.7506005523660011,0.7452988463477994,0.7506005523660012,0.7600763069591727
