round,cid,n_k,rank,seed,lr,steps,applied,skipped,nonfinite,sec,vram_gb,loss,gnorm
1,0,3352748,1,42010133,0.001,6549,6546,3,0,55.64928707800004,6.835906505584717,0.25050375915396805,1.0172200073279483
1,1,1783872,1,42010134,0.001,3485,3484,1,0,32.13300333699999,6.764886379241943,0.23196652890894087,1.03724398870282
1,2,2652819,1,42010135,0.001,5182,5180,2,0,46.01159259999997,6.803313255310059,0.16370641052953064,0.7787386507601352
1,3,1455566,1,42010136,0.001,2843,2842,1,0,23.000289596000016,6.772463798522949,0.4158315316293543,1.7208592994040288
1,4,1864534,1,42010137,0.001,3642,3640,2,0,28.693808260000083,6.768101692199707,0.46749066363324177,1.7275684398609203
1,5,1932238,0,42010138,0.001,3774,3773,1,0,31.90002786299999,6.775141716003418,0.3306896736474622,1.3848128613255366
1,6,3372587,1,42010139,0.001,6588,6584,4,0,56.04047286499997,6.827610492706299,0.24520213983473194,1.408623177399757
1,7,1472203,0,42010140,0.001,2876,2874,2,0,32.538859613,6.751810073852539,0.5124860430394268,1.6677405796037752
1,8,2845626,1,42010141,0.001,5558,5555,3,0,38.201946401999976,6.812270164489746,0.27994304557408867,1.470067788028803
1,9,1240841,0,42010142,0.001,2424,2422,2,0,22.712569343999917,6.743367671966553,0.36615968006489985,1.4838998229123659
1,10,2671366,0,42010143,0.001,5218,5216,2,0,43.37634725099997,6.803866386413574,0.3383281216299607,1.2482825905267447
1,11,1851046,0,42010144,0.001,3616,3615,1,0,36.457141234999995,6.766624927520752,0.2468638735358316,1.1493091124221992
1,12,1495960,1,42010145,0.001,2922,2922,0,0,30.037762926000028,6.763073921203613,0.3665904750732589,1.4600204269336072
1,13,1779645,0,42010146,0.001,3476,3475,1,0,30.131954966999956,6.772190570831299,0.2783606571773831,1.1394149758318346
1,14,3063594,0,42010147,0.001,5984,5982,2,0,48.34806181700003,6.823249340057373,0.11188979740327754,0.5675667546258567
1,15,1212957,1,42010148,0.001,2370,2369,1,0,19.08414282399997,6.737883567810059,0.5117287464713487,2.058050024403757
1,16,870217,0,42010149,0.001,1700,1699,1,0,16.06434900900001,6.744558811187744,0.4413683140818128,1.8472485825761478
1,17,5890990,0,42010150,0.001,11506,11502,4,0,85.258849973,6.940572738647461,0.1420094929991795,0.6164952375809641
1,18,1063458,0,42010151,0.001,2078,2078,0,0,15.859244965000016,6.731150150299072,0.31707340714103105,1.3216362403377646
1,19,1173148,1,42010152,0.001,2292,2291,1,0,26.21518396299996,6.736090660095215,0.2975343182221192,1.154827888851757
2,0,3352748,1,42020140,0.0009989829694114164,6549,6547,2,0,43.25171450899995,6.83604621887207,0.2081215111047999,0.9739245730391782
2,1,1783872,1,42020141,0.0009989829694114164,3485,3485,0,0,21.774880404999976,6.763737678527832,0.17685744779523851,0.9350836733321377
2,2,2652819,1,42020142,0.0009989829694114164,5182,5181,1,0,32.829092446999994,6.8028788566589355,0.12645917729368727,0.7150680521376183
2,3,1455566,0,42020143,0.0009989829694114164,2843,2842,1,0,17.571042313000135,6.748951435089111,0.31668496719134853,1.517630526752727
2,4,1864534,1,42020144,0.0009989829694114164,3642,3639,3,0,22.772089453000035,6.7673726081848145,0.3538267214765389,1.7531004987204588
2,5,1932238,0,42020145,0.0009989829694114164,3774,3773,1,0,24.078188182000076,6.770422458648682,0.2662510430815995,1.274553700843162
2,6,3372587,1,42020146,0.0009989829694114164,6588,6584,4,0,45.11561205599992,6.828413963317871,0.19503307690162705,1.2599221063847965
2,7,1472203,1,42020147,0.0009989829694114164,2876,2874,2,0,28.605615888000102,6.749701023101807,0.40541508833235473,1.7162684982820111
2,8,2845626,1,42020148,0.0009989829694114164,5558,5554,4,0,38.450264242,6.811561584472656,0.21267672721799605,1.294826223217501
2,9,1240841,0,42020149,0.0009989829694114164,2424,2422,2,0,15.098960389000013,6.7392802238464355,0.25497716246903385,1.5692746503406276
2,10,2671366,0,42020150,0.0009989829694114164,5218,5217,1,0,34.58865509599991,6.803714275360107,0.2838726983299789,1.18491717282442
2,11,1851046,0,42020151,0.0009989829694114164,3616,3615,1,0,22.873811369999885,6.7667646408081055,0.1891512246877161,1.0349431081431535
2,12,1495960,1,42020152,0.0009989829694114164,2922,2921,1,0,17.735022106000088,6.7507710456848145,0.2849620073390962,1.3977616625834475
2,13,1779645,0,42020153,0.0009989829694114164,3476,3475,1,0,21.39039741900001,6.763546943664551,0.21108431809240108,1.0914632981115109
2,14,3063594,0,42020154,0.0009989829694114164,5984,5982,2,0,40.786570755999946,6.821379661560059,0.08588289281908225,0.5287254586023696
2,15,1212957,1,42020155,0.0009989829694114164,2370,2369,1,0,14.59505427199997,6.738023281097412,0.3707537153895367,1.9289733191088012
2,16,870217,1,42020156,0.0009989829694114164,1700,1699,1,0,13.656194114000073,6.744698524475098,0.30014925412811766,1.7280300739865362
2,17,5890990,0,42020157,0.0009989829694114164,11506,11501,5,0,78.97875919399996,6.940850734710693,0.1198258363063538,0.6050670356110338
2,18,1063458,1,42020158,0.0009989829694114164,2078,2077,1,0,14.332669364999902,6.731289863586426,0.22305180306726197,1.1464371219758065
2,19,1173148,0,42020159,0.0009989829694114164,2292,2292,0,0,25.185285282999985,6.736230373382568,0.21370260295235466,1.0675418447657614
3,0,3352748,1,42030147,0.0009959360568425068,6549,6546,3,0,40.95300870599999,6.83604621887207,0.1803491897186736,0.9454264770470516
3,1,1783872,1,42030148,0.0009959360568425068,3485,3484,1,0,24.0465141279999,6.763737678527832,0.14563463038062394,0.8415029812625574
3,2,2652819,1,42030149,0.0009959360568425068,5182,5180,2,0,35.58328054599997,6.8028788566589355,0.10522239419944499,0.6727741256183639
3,3,1455566,0,42030150,0.0009959360568425068,2843,2841,2,0,20.487238522000098,6.748951435089111,0.24074040177589318,1.6715939933672121
3,4,1864534,1,42030151,0.0009959360568425068,3642,3639,3,0,25.160588985000004,6.7673726081848145,0.2841375549601539,1.8560610207989832
3,5,1932238,0,42030152,0.0009959360568425068,3774,3773,1,0,26.943615258000136,6.770422458648682,0.21274550271356513,1.2195443467565599
3,6,3372587,1,42030153,0.0009959360568425068,6588,6583,5,0,38.70898149300001,6.836348533630371,0.16128952163123766,1.3426212343821207
3,7,1472203,1,42030154,0.0009959360568425068,2876,2874,2,0,20.631582132999938,6.749701023101807,0.3359081504572243,1.745922834572895
3,8,2845626,1,42030155,0.0009959360568425068,5558,5554,4,0,36.84341452300009,6.811844348907471,0.17531543109414385,1.3302062175065268
3,9,1240841,1,42030156,0.0009959360568425068,2424,2422,2,0,21.097134722999954,6.743507385253906,0.19122991081508697,1.6580347869142238
3,10,2671366,0,42030157,0.0009959360568425068,5218,5215,3,0,36.00754820700013,6.803714275360107,0.23292157912871525,1.3331686691035474
3,11,1851046,0,42030158,0.0009959360568425068,3616,3615,1,0,24.536063012000113,6.7667646408081055,0.152436003414592,0.932536077433437
3,12,1495960,1,42030159,0.0009959360568425068,2922,2921,1,0,19.849242013000094,6.7507710456848145,0.23081030448957976,1.2982204062446507
3,13,1779645,0,42030160,0.0009959360568425068,3476,3474,2,0,24.236669228999972,6.763546943664551,0.16885142307138745,1.132541092085852
3,14,3063594,0,42030161,0.0009959360568425068,5984,5981,3,0,39.606580242000064,6.821379661560059,0.07034752811801172,0.5861572306444366
3,15,1212957,0,42030162,0.0009959360568425068,2370,2366,4,0,17.864535638999996,6.738023281097412,0.26614751356290944,2.234429070028529
3,16,870217,0,42030163,0.0009959360568425068,1700,1698,2,0,11.045690163000017,6.722666263580322,0.214039796934813,1.7520822405955536
3,17,5890990,0,42030164,0.0009959360568425068,11506,11501,5,0,70.16429675199993,6.948785305023193,0.10354341215573645,0.61947339158008
3,18,1063458,1,42030165,0.0009959360568425068,2078,2077,1,0,14.899893394999935,6.731289863586426,0.17416089443157198,1.0029276892377827
3,19,1173148,0,42030166,0.0009959360568425068,2292,2291,1,0,16.671312173999922,6.736230373382568,0.16463355568494925,1.0746414937186273
4,0,3352748,1,42040154,0.0009908717827105773,6549,6546,3,0,46.26991828600012,6.83604621887207,0.159924640882791,0.9605047900196685
4,1,1783872,1,42040155,0.0009908717827105773,3485,3484,1,0,24.539807265000036,6.763737678527832,0.1235926613878848,0.8401653232859142
4,2,2652819,1,42040156,0.0009908717827105773,5182,5180,2,0,35.40999414399994,6.8028788566589355,0.09022655118846525,0.7027120818502655
4,3,1455566,0,42040157,0.0009908717827105773,2843,2841,2,0,17.802638742,6.748951435089111,0.19829009612317405,1.554206093530007
4,4,1864534,1,42040158,0.0009908717827105773,3642,3639,3,0,25.446263305000002,6.7673726081848145,0.24670463828275283,1.6544876790498764
4,5,1932238,0,42040159,0.0009908717827105773,3774,3772,2,0,26.661999453000135,6.770422458648682,0.17855315547227102,1.1941427997415164
4,6,3372587,1,42040160,0.0009908717827105773,6588,6583,5,0,44.95201610700019,6.836348533630371,0.139115133202947,1.2714180642849005
4,7,1472203,1,42040161,0.0009908717827105773,2876,2873,3,0,17.91246296600002,6.749701023101807,0.29094942745496866,1.639857992244605
4,8,2845626,1,42040162,0.0009908717827105773,5558,5554,4,0,38.80999190200009,6.811844348907471,0.14922948445095877,1.1932150181738386
4,9,1240841,1,42040163,0.0009908717827105773,2424,2421,3,0,15.489978625000049,6.7392802238464355,0.16047040079803027,1.5367608619888475
4,10,2671366,0,42040164,0.0009908717827105773,5218,5215,3,0,36.95617433100006,6.803714275360107,0.20098459128565435,1.3393933889621286
4,11,1851046,0,42040165,0.0009908717827105773,3616,3615,1,0,25.975339544999997,6.7667646408081055,0.12896429671291493,0.8895802267029738
4,12,1495960,1,42040166,0.0009908717827105773,2922,2919,3,0,19.638823731000002,6.7507710456848145,0.2015586819049225,1.311908927099392
4,13,1779645,0,42040167,0.0009908717827105773,3476,3474,2,0,23.8493169379999,6.763546943664551,0.1432728874456903,1.0926549512899395
4,14,3063594,0,42040168,0.0009908717827105773,5984,5981,3,0,42.32528079300005,6.821379661560059,0.061959531191220114,0.5839611487810358
4,15,1212957,0,42040169,0.0009908717827105773,2370,2366,4,0,15.330294203999983,6.738023281097412,0.22003122234586328,2.135505476344569
4,16,870217,0,42040170,0.0009908717827105773,1700,1698,2,0,10.465556494999873,6.722666263580322,0.17110267881791077,1.6034713403636631
4,17,5890990,0,42040171,0.0009908717827105773,11506,11501,5,0,80.3304517959998,6.948785305023193,0.09129281090027498,0.6342768342834318
4,18,1063458,0,42040172,0.0009908717827105773,2078,2077,1,0,13.728680726999983,6.731289863586426,0.14790253875688342,0.9519585438169536
4,19,1173148,1,42040173,0.0009908717827105773,2292,2290,2,0,14.966827719999856,6.736326694488525,0.13672658595455786,1.0876002149290394
5,0,3352748,1,42050161,0.0009838109572043196,6549,6546,3,0,43.74185364599998,6.83604621887207,0.1455091924577032,0.9474768704170485
5,1,1783872,1,42050162,0.0009838109572043196,3485,3483,2,0,24.75593305999996,6.763737678527832,0.111217462636601,0.7884911562634582
5,2,2652819,1,42050163,0.0009838109572043196,5182,5180,2,0,35.61356534100014,6.8028788566589355,0.08101556844232626,0.6977517853372346
5,3,1455566,0,42050164,0.0009838109572043196,2843,2841,2,0,19.058851501999925,6.748951435089111,0.17360704711355487,1.4101118217342046
5,4,1864534,1,42050165,0.0009838109572043196,3642,3639,3,0,24.67452472800005,6.7673726081848145,0.2239340635144013,1.5036246060473344
5,5,1932238,0,42050166,0.0009838109572043196,3774,3772,2,0,26.437139262000073,6.770422458648682,0.1564575874919224,1.1380089671841862
5,6,3372587,1,42050167,0.0009838109572043196,6588,6582,6,0,45.29664720599999,6.836348533630371,0.1254217564534431,1.1114370275941963
5,7,1472203,1,42050168,0.0009838109572043196,2876,2874,2,0,18.831435358999897,6.749701023101807,0.2632038538540579,1.512688516657968
5,8,2845626,1,42050169,0.0009838109572043196,5558,5554,4,0,38.52010278600005,6.811844348907471,0.13553175138062096,1.0722946370296182
5,9,1240841,1,42050170,0.0009838109572043196,2424,2422,2,0,17.685594554000318,6.7392802238464355,0.14427055276985704,1.3037270656998348
5,10,2671366,0,42050171,0.0009838109572043196,5218,5215,3,0,36.02253819999987,6.803714275360107,0.18214785465229505,1.2533422219558965
5,11,1851046,0,42050172,0.0009838109572043196,3616,3615,1,0,26.122117015999947,6.7667646408081055,0.11571238242079443,0.8434939731371024
5,12,1495960,1,42050173,0.0009838109572043196,2922,2920,2,0,20.293207459000087,6.7507710456848145,0.17945638160183006,1.3249167246361302
5,13,1779645,0,42050174,0.0009838109572043196,3476,3474,2,0,24.066075947999934,6.763546943664551,0.12958543741229492,0.9840869365509859
5,14,3063594,0,42050175,0.0009838109572043196,5984,5981,3,0,42.05556662899994,6.821379661560059,0.05658728939656569,0.5470470944449088
5,15,1212957,0,42050176,0.0009838109572043196,2370,2367,3,0,17.697253341000305,6.738023281097412,0.1903315077968222,1.8886772384611323
5,16,870217,0,42050177,0.0009838109572043196,1700,1697,3,0,10.845954338999945,6.722666263580322,0.15180718371920116,1.4186515381003242
5,17,5890990,0,42050178,0.0009838109572043196,11506,11502,4,0,79.24722443300016,6.948785305023193,0.08427067031820552,0.6177519398800209
5,18,1063458,0,42050179,0.0009838109572043196,2078,2077,1,0,13.48625612099977,6.731289863586426,0.1343834720440765,0.8792719319857366
5,19,1173148,1,42050180,0.0009838109572043196,2292,2290,2,0,14.948819056000048,6.736326694488525,0.12268334267961926,0.9728087046260917
6,0,3352748,1,42060168,0.000974782594770281,6549,6546,3,0,45.53913796799998,6.83604621887207,0.13553606098010712,0.9430780874054766
6,1,1783872,1,42060169,0.000974782594770281,3485,3483,2,0,22.003671009999834,6.763737678527832,0.10316090963025767,0.7643759785251579
6,2,2652819,1,42060170,0.000974782594770281,5182,5180,2,0,34.88679605800007,6.8028788566589355,0.07660958426339286,0.6797711582257481
6,3,1455566,0,42060171,0.000974782594770281,2843,2841,2,0,17.580817604000003,6.748951435089111,0.1611882833811818,1.2888377806285198
6,4,1864534,1,42060172,0.000974782594770281,3642,3639,3,0,24.51752947900013,6.7673726081848145,0.2102244839166409,1.4060825432811213
6,5,1932238,0,42060173,0.000974782594770281,3774,3772,2,0,26.04647626799988,6.770422458648682,0.14457621731156384,1.0806154673830197
6,6,3372587,1,42060174,0.000974782594770281,6588,6584,4,0,45.64809869700002,6.836348533630371,0.11635254017492691,1.0315777209665478
6,7,1472203,1,42060175,0.000974782594770281,2876,2874,2,0,17.527986242000225,6.749701023101807,0.2431327803896464,1.4136876243639092
6,8,2845626,1,42060176,0.000974782594770281,5558,5555,3,0,37.58874296999966,6.811844348907471,0.1261202560685756,1.0051331500337535
6,9,1240841,1,42060177,0.000974782594770281,2424,2422,2,0,14.796083834000001,6.7392802238464355,0.1347952353668843,1.2060850286759393
6,10,2671366,0,42060178,0.000974782594770281,5218,5216,2,0,35.36481717800007,6.803714275360107,0.17024033201252756,1.1712102597476515
6,11,1851046,0,42060179,0.000974782594770281,3616,3613,3,0,23.401961664000282,6.7667646408081055,0.1058799137608549,0.8184812088076044
6,12,1495960,1,42060180,0.000974782594770281,2922,2920,2,0,17.76396829000032,6.7507710456848145,0.16581358191085188,1.2617006066727312
6,13,1779645,0,42060181,0.000974782594770281,3476,3474,2,0,21.36247486000002,6.763546943664551,0.12158994614288735,0.9170789087237334
6,14,3063594,0,42060182,0.000974782594770281,5984,5981,3,0,43.03255312700003,6.821379661560059,0.053389035983740174,0.5132007787028716
6,15,1212957,0,42060183,0.000974782594770281,2370,2366,4,0,14.514289347999693,6.738023281097412,0.1731879007786084,1.7299016338229078
6,16,870217,0,42060184,0.000974782594770281,1700,1698,2,0,10.003046445000109,6.722666263580322,0.139070230041432,1.2757804160685364
6,17,5890990,0,42060185,0.000974782594770281,11506,11502,4,0,79.11170389299969,6.948785305023193,0.07909088585816597,0.6027319212827117
6,18,1063458,0,42060186,0.000974782594770281,2078,2077,1,0,12.878034433000266,6.731289863586426,0.12530092947403856,0.8306767808512879
6,19,1173148,1,42060187,0.000974782594770281,2292,2290,2,0,13.972532351000154,6.736326694488525,0.11419537806615038,0.8982290742699236
7,0,3352748,1,42070175,0.0009638237948862808,6549,6546,3,0,38.510138478000044,6.83604621887207,0.12891424070102447,0.912695745135388
7,1,1783872,1,42070176,0.0009638237948862808,3485,3483,2,0,20.212576610999804,6.763737678527832,0.09736138693464237,0.7322940218561584
7,2,2652819,1,42070177,0.0009638237948862808,5182,5180,2,0,30.229469635999976,6.8028788566589355,0.07224952373725567,0.6601951805320946
7,3,1455566,1,42070178,0.0009638237948862808,2843,2841,2,0,16.588094305999675,6.748951435089111,0.1529915368880071,1.1951857462436202
7,4,1864534,1,42070179,0.0009638237948862808,3642,3640,2,0,21.084242041999914,6.7673726081848145,0.19796880365728023,1.3331815279447115
7,5,1932238,0,42070180,0.0009638237948862808,3774,3771,3,0,22.11060022699985,6.770422458648682,0.1357489772767295,1.0500806162572924
7,6,3372587,1,42070181,0.0009638237948862808,6588,6584,4,0,39.0949439420001,6.836348533630371,0.11097923084133886,0.9938889198720383
7,7,1472203,0,42070182,0.0009638237948862808,2876,2874,2,0,16.855562324999937,6.749701023101807,0.23066551086383308,1.3582770467717031
7,8,2845626,1,42070183,0.0009638237948862808,5558,5554,4,0,32.71752344600009,6.811844348907471,0.11858634138261838,0.9605184080448775
7,9,1240841,0,42070184,0.0009638237948862808,2424,2422,2,0,14.092340181000054,6.739888668060303,0.12696740097688505,1.1085568970633775
7,10,2671366,0,42070185,0.0009638237948862808,5218,5215,3,0,30.730238734000068,6.803714275360107,0.16139301069630874,1.09522364498442
7,11,1851046,0,42070186,0.0009638237948862808,3616,3615,1,0,21.005980303999877,6.7667646408081055,0.10007455068670038,0.7855840194934302
7,12,1495960,1,42070187,0.0009638237948862808,2922,2920,2,0,17.524165561000245,6.7507710456848145,0.15576538713011023,1.2508406965699914
7,13,1779645,0,42070188,0.0009638237948862808,3476,3474,2,0,20.800350772,6.763546943664551,0.11538115629329034,0.8634354366814191
7,14,3063594,0,42070189,0.0009638237948862808,5984,5982,2,0,35.47585740400018,6.821379661560059,0.05087932253792628,0.48652990220661985
7,15,1212957,1,42070190,0.0009638237948862808,2370,2367,3,0,13.719636290999915,6.738023281097412,0.16179597352595584,1.6552211437539608
7,16,870217,1,42070191,0.0009638237948862808,1700,1697,3,0,9.464851211999758,6.7225871086120605,0.13081321199290108,1.173656780577858
7,17,5890990,0,42070192,0.0009638237948862808,11506,11501,5,0,68.59193280099998,6.948785305023193,0.07534391752958981,0.5846430728170376
7,18,1063458,1,42070193,0.0009638237948862808,2078,2076,2,0,12.072427570999935,6.731289863586426,0.11824637616989929,0.780544450057954
7,19,1173148,0,42070194,0.0009638237948862808,2292,2291,1,0,13.531668687999627,6.736230373382568,0.10821994763178265,0.8484986470495962
8,0,3352748,1,42080182,0.0009509795896116975,6549,6546,3,0,37.1742931900003,6.83604621887207,0.12455093565607814,0.8981425620130614
8,1,1783872,1,42080183,0.0009509795896116975,3485,3483,2,0,20.051047091999862,6.763737678527832,0.09151889604978647,0.7218512097823356
8,2,2652819,1,42080184,0.0009509795896116975,5182,5180,2,0,29.588677531999565,6.8028788566589355,0.07027980848629042,0.6431367262910231
8,3,1455566,1,42080185,0.0009509795896116975,2843,2841,2,0,16.01971204199981,6.748951435089111,0.14600389232857047,1.142063461781723
8,4,1864534,1,42080186,0.0009509795896116975,3642,3640,2,0,20.57033770299995,6.7673726081848145,0.18881150130387192,1.300165532709478
8,5,1932238,0,42080187,0.0009509795896116975,3774,3771,3,0,21.0914093399997,6.770422458648682,0.12780043896108872,1.0273349451405462
8,6,3372587,1,42080188,0.0009509795896116975,6588,6584,4,0,37.60731593100036,6.836348533630371,0.10511684301846806,0.9362812250816372
8,7,1472203,0,42080189,0.0009509795896116975,2876,2874,2,0,16.30900892400041,6.749701023101807,0.2192678219258329,1.3414225090520615
8,8,2845626,1,42080190,0.0009509795896116975,5558,5555,3,0,31.548003763999986,6.811844348907471,0.11347362885702633,0.9260705269745725
8,9,1240841,0,42080191,0.0009509795896116975,2424,2422,2,0,13.895170880000023,6.739888668060303,0.12169956550629644,1.0524416481729975
8,10,2671366,0,42080192,0.0009509795896116975,5218,5215,3,0,29.992418186000123,6.803714275360107,0.15545882520373921,1.0609237363674497
8,11,1851046,0,42080193,0.0009509795896116975,3616,3615,1,0,20.927665814999727,6.7667646408081055,0.09534615797620591,0.7657964049533195
8,12,1495960,1,42080194,0.0009509795896116975,2922,2920,2,0,16.60503379299962,6.7507710456848145,0.14828179764421018,1.2777724174604024
8,13,1779645,0,42080195,0.0009509795896116975,3476,3474,2,0,20.01559568599987,6.763546943664551,0.11132178254421236,0.8203299988530872
8,14,3063594,0,42080196,0.0009509795896116975,5984,5982,2,0,34.2256410570003,6.821379661560059,0.0491145780277029,0.46946315835527413
8,15,1212957,1,42080197,0.0009509795896116975,2370,2367,3,0,13.497651754999879,6.738023281097412,0.15019766932859369,1.5487595345835974
8,16,870217,1,42080198,0.0009509795896116975,1700,1697,3,0,9.395363166000152,6.7225871086120605,0.12537361104557215,1.1204288012853565
8,17,5890990,0,42080199,0.0009509795896116975,11506,11501,5,0,66.14070111399997,6.948785305023193,0.0722774117213313,0.5788986674392445
8,18,1063458,1,42080200,0.0009509795896116975,2078,2077,1,0,12.094370917000106,6.731289863586426,0.11359685788547183,0.7579999252414841
8,19,1173148,0,42080201,0.0009509795896116975,2292,2290,2,0,13.391841899000156,6.736230373382568,0.10410996482882437,0.813016373413619
9,0,3352748,1,42090189,0.0009363027585410778,6549,6546,3,0,39.88891064599966,6.83604621887207,0.1202502415298942,0.9098358014436297
9,1,1783872,1,42090190,0.0009363027585410778,3485,3483,2,0,20.112336840999887,6.763737678527832,0.08791023405536715,0.7068569940155757
9,2,2652819,1,42090191,0.0009363027585410778,5182,5179,3,0,31.993828480999582,6.8028788566589355,0.067423653846589,0.6311744620703804
9,3,1455566,1,42090192,0.0009363027585410778,2843,2841,2,0,16.61332137599993,6.748951435089111,0.14042075458272835,1.09554689562434
9,4,1864534,1,42090193,0.0009363027585410778,3642,3640,2,0,21.491222782000023,6.7673726081848145,0.18355696122724932,1.264897943853022
9,5,1932238,0,42090194,0.0009363027585410778,3774,3771,3,0,22.602487348000068,6.770422458648682,0.12383660129576456,1.012491635383519
9,6,3372587,1,42090195,0.0009363027585410778,6588,6585,3,0,38.08121980799979,6.836348533630371,0.10097759133862472,0.9019411126138952
9,7,1472203,0,42090196,0.0009363027585410778,2876,2874,2,0,16.840170239000145,6.749701023101807,0.21110510245411448,1.2987902381806715
9,8,2845626,1,42090197,0.0009363027585410778,5558,5554,4,0,35.29040368699998,6.811844348907471,0.11029273621418685,0.9026594536313918
9,9,1240841,0,42090198,0.0009363027585410778,2424,2422,2,0,14.274494694000168,6.739888668060303,0.1178893412960944,1.027944928648844
9,10,2671366,0,42090199,0.0009363027585410778,5218,5215,3,0,32.822246692000135,6.803714275360107,0.1506432508576522,1.0176461941215245
9,11,1851046,0,42090200,0.0009363027585410778,3616,3615,1,0,21.426128481999967,6.7667646408081055,0.09179002015257608,0.7549538597856155
9,12,1495960,1,42090201,0.0009363027585410778,2922,2920,2,0,17.11875692300009,6.7507710456848145,0.14181435990006958,1.2724666229666095
9,13,1779645,0,42090202,0.0009363027585410778,3476,3474,2,0,20.25000107599999,6.763546943664551,0.10696809073598068,0.7939569784020581
9,14,3063594,0,42090203,0.0009363027585410778,5984,5982,2,0,38.03896174900001,6.821379661560059,0.04718780262499739,0.4539883893216107
9,15,1212957,1,42090204,0.0009363027585410778,2370,2366,4,0,13.85796457000015,6.738023281097412,0.14388678221005258,1.4702394022744083
9,16,870217,1,42090205,0.0009363027585410778,1700,1698,2,0,9.382438283000283,6.7225871086120605,0.11937682170890386,1.0495268301632434
9,17,5890990,0,42090206,0.0009363027585410778,11506,11500,6,0,68.18113330000006,6.948785305023193,0.06957416036854619,0.5741836362092392
9,18,1063458,1,42090207,0.0009363027585410778,2078,2076,2,0,12.41410374399993,6.731289863586426,0.10974381286973899,0.732257820967305
9,19,1173148,0,42090208,0.0009363027585410778,2292,2291,1,0,13.762425556999915,6.736230373382568,0.10116421963022766,0.7994055479491762
10,0,3352748,1,42100196,0.0009198536119214611,6549,6546,3,0,40.39293819100021,6.83604621887207,0.11650822514464941,0.8903787707903682
10,1,1783872,1,42100197,0.0009198536119214611,3485,3483,2,0,22.142026635000093,6.763737678527832,0.08460533718182511,0.6862788062105225
10,2,2652819,1,42100198,0.0009198536119214611,5182,5179,3,0,32.484359264999966,6.8028788566589355,0.06494734005984203,0.6117667673084813
10,3,1455566,0,42100199,0.0009198536119214611,2843,2841,2,0,18.32938990699995,6.748951435089111,0.13496884994211436,1.053859260878652
10,4,1864534,1,42100200,0.0009198536119214611,3642,3640,2,0,22.740054409000095,6.7673726081848145,0.17767962780627575,1.2251089242788462
10,5,1932238,0,42100201,0.0009198536119214611,3774,3771,3,0,24.428989051999906,6.770422458648682,0.11904966303284938,0.9986454112180124
10,6,3372587,1,42100202,0.0009198536119214611,6588,6584,4,0,38.636876777,6.836348533630371,0.09818557980283642,0.8744512027263062
10,7,1472203,1,42100203,0.0009198536119214611,2876,2874,2,0,18.35321291399987,6.749701023101807,0.2054822015198221,1.271595402069198
10,8,2845626,1,42100204,0.0009198536119214611,5558,5555,3,0,34.87355805599964,6.811844348907471,0.10736520185221647,0.8753332266820432
10,9,1240841,1,42100205,0.0009198536119214611,2424,2422,2,0,15.57277298400004,6.7392802238464355,0.11420460204070113,0.9869024905166185
10,10,2671366,0,42100206,0.0009198536119214611,5218,5216,2,0,33.090520151999954,6.803714275360107,0.14601032280483128,1.0052194419814033
10,11,1851046,0,42100207,0.0009198536119214611,3616,3615,1,0,22.907993814999827,6.7667646408081055,0.08883123331874568,0.7479365896222337
10,12,1495960,1,42100208,0.0009198536119214611,2922,2920,2,0,18.482789347000107,6.7507710456848145,0.13699805899842143,1.2410874458208476
10,13,1779645,0,42100209,0.0009198536119214611,3476,3474,2,0,22.31832638600008,6.763546943664551,0.10358213294012215,0.7738013215358737
10,14,3063594,0,42100210,0.0009198536119214611,5984,5981,3,0,37.82928454800003,6.821379661560059,0.04593150628846817,0.4394469612758109
10,15,1212957,0,42100211,0.0009198536119214611,2370,2367,3,0,15.50610164200043,6.738023281097412,0.14012619811470214,1.425425714413023
10,16,870217,0,42100212,0.0009198536119214611,1700,1698,2,0,10.449172667999846,6.722666263580322,0.11538322457716799,1.025087390266122
10,17,5890990,0,42100213,0.0009198536119214611,11506,11501,5,0,69.59074232600005,6.948785305023193,0.06778812499660355,0.5684790147324146
10,18,1063458,0,42100214,0.0009198536119214611,2078,2077,1,0,13.40913543500028,6.731289863586426,0.10729390540602808,0.713792193894439
10,19,1173148,1,42100215,0.0009198536119214611,2292,2291,1,0,14.695465313000113,6.736326694488525,0.0988901405550933,0.7679623987205368
11,0,3352748,1,42110203,0.0009016997428246386,6549,6546,3,0,41.16859572700014,6.83604621887207,0.11449543562206405,0.8726745847893752
11,1,1783872,1,42110204,0.0009016997428246386,3485,3483,2,0,23.29696802599983,6.763737678527832,0.08287740965324882,0.6792951787028065
11,2,2652819,1,42110205,0.0009016997428246386,5182,5180,2,0,33.13649285400015,6.8028788566589355,0.06303417544567447,0.6066296433850145
11,3,1455566,0,42110206,0.0009016997428246386,2843,2841,2,0,19.33278223499974,6.748951435089111,0.13061326861759173,1.017303649408219
11,4,1864534,1,42110207,0.0009016997428246386,3642,3640,2,0,23.47062030899997,6.7673726081848145,0.1715426266848386,1.193279023222871
11,5,1932238,0,42110208,0.0009016997428246386,3774,3771,3,0,24.097182083000007,6.770422458648682,0.11707457444042528,0.9762804207894126
11,6,3372587,1,42110209,0.0009016997428246386,6588,6585,3,0,41.816187978000016,6.836348533630371,0.09539863511116647,0.8499509864986712
11,7,1472203,1,42110210,0.0009016997428246386,2876,2875,1,0,19.20567116700022,6.749701023101807,0.1996817680027174,1.2447330163043477
11,8,2845626,1,42110211,0.0009016997428246386,5558,5555,3,0,35.28355138300003,6.811844348907471,0.1042802510231492,0.8491108095184519
11,9,1240841,1,42110212,0.0009016997428246386,2424,2422,2,0,15.812902226000006,6.7392802238464355,0.11061295273872962,0.9386447997845272
11,10,2671366,0,42110213,0.0009016997428246386,5218,5215,3,0,34.56522213900007,6.803714275360107,0.14171827248621763,0.9922679283017737
11,11,1851046,0,42110214,0.0009016997428246386,3616,3614,2,0,24.71428487000003,6.7667646408081055,0.08668573798563313,0.7283389709506434
11,12,1495960,1,42110215,0.0009016997428246386,2922,2920,2,0,19.447383851000268,6.7507710456848145,0.13319706328927655,1.1697562439800941
11,13,1779645,0,42110216,0.0009016997428246386,3476,3475,1,0,23.610715712,6.763546943664551,0.10103177516580486,0.7594031727742806
11,14,3063594,0,42110217,0.0009016997428246386,5984,5982,2,0,38.130718446000174,6.821379661560059,0.04491883446563649,0.43071507817724003
11,15,1212957,0,42110218,0.0009016997428246386,2370,2367,3,0,15.496562378000363,6.738023281097412,0.13429570329002957,1.3868625320157373
11,16,870217,1,42110219,0.0009016997428246386,1700,1699,1,0,10.094699352000134,6.7225871086120605,0.11135760975838269,0.9754584785627575
11,17,5890990,0,42110220,0.0009016997428246386,11506,11501,5,0,73.83203010299985,6.948785305023193,0.06577619906353252,0.5670038967399574
11,18,1063458,0,42110221,0.0009016997428246386,2078,2076,2,0,13.450698190999901,6.731289863586426,0.1046466717141212,0.696102840592636
11,19,1173148,1,42110222,0.0009016997428246386,2292,2291,1,0,14.52420292900024,6.736326694488525,0.0964620349605965,0.7439556812834188
12,0,3352748,1,42120210,0.0008819157493927215,6549,6546,3,0,40.63299955499997,6.83604621887207,0.11147045644823651,0.8516516378083945
12,1,1783872,1,42120211,0.0008819157493927215,3485,3483,2,0,21.10720632900029,6.763737678527832,0.08060742054319642,0.6648072585818618
12,2,2652819,1,42120212,0.0008819157493927215,5182,5180,2,0,31.4681473669998,6.8028788566589355,0.061692397658889356,0.6015279998190154
12,3,1455566,0,42120213,0.0008819157493927215,2843,2841,2,0,17.04384915799983,6.748951435089111,0.12784228111731674,0.9999183619874163
12,4,1864534,1,42120214,0.0008819157493927215,3642,3640,2,0,21.710352631000205,6.7673726081848145,0.16636614118303572,1.1630434141054258
12,5,1932238,0,42120215,0.0008819157493927215,3774,3771,3,0,22.83459680599981,6.770422458648682,0.11428883182563064,0.9606918703178865
12,6,3372587,1,42120216,0.0008819157493927215,6588,6584,4,0,41.94631372599997,6.836348533630371,0.09293530488506702,0.8308462186977901
12,7,1472203,1,42120217,0.0008819157493927215,2876,2874,2,0,17.217531791000056,6.749701023101807,0.19400608431737126,1.2258427353807846
12,8,2845626,1,42120218,0.0008819157493927215,5558,5555,3,0,34.587482989000364,6.811844348907471,0.10204926498509226,0.844409509310306
12,9,1240841,0,42120219,0.0008819157493927215,2424,2422,2,0,14.21205743199971,6.739888668060303,0.10770336248774257,0.9185568244864781
12,10,2671366,0,42120220,0.0008819157493927215,5218,5216,2,0,32.24860828999999,6.803714275360107,0.13849307569258051,0.9680638225532017
12,11,1851046,0,42120221,0.0008819157493927215,3616,3614,2,0,21.814946957999837,6.7667646408081055,0.08466540507077511,0.7243587491785418
12,12,1495960,1,42120222,0.0008819157493927215,2922,2920,2,0,17.95830979900029,6.7507710456848145,0.1310820906129602,1.1710190864458476
12,13,1779645,0,42120223,0.0008819157493927215,3476,3474,2,0,21.48674109300009,6.763546943664551,0.09948985221129282,0.7502338802533103
12,14,3063594,0,42120224,0.0008819157493927215,5984,5982,2,0,37.65033752599993,6.821379661560059,0.04396401994884393,0.4262288003332915
12,15,1212957,1,42120225,0.0008819157493927215,2370,2367,3,0,13.845294216000184,6.738023281097412,0.13182932342413262,1.3409007644169835
12,16,870217,0,42120226,0.0008819157493927215,1700,1699,1,0,9.393524339000123,6.722666263580322,0.1096706648585795,0.9436134306945262
12,17,5890990,0,42120227,0.0008819157493927215,11506,11501,5,0,73.38654355400013,6.948785305023193,0.06406148849658454,0.5588050088035823
12,18,1063458,0,42120228,0.0008819157493927215,2078,2077,1,0,11.949875593999877,6.731289863586426,0.10266740676813764,0.6984873860285267
12,19,1173148,1,42120229,0.0008819157493927215,2292,2291,1,0,13.034244536000188,6.736326694488525,0.0934301182361005,0.7378696423334515
13,0,3352748,1,42130217,0.0008605829282983752,6549,6546,3,0,37.121640941999885,6.83604621887207,0.10943052464947582,0.8468225317703559
13,1,1783872,1,42130218,0.0008605829282983752,3485,3483,2,0,19.58794854000007,6.763737678527832,0.07850571182518214,0.664287714995155
13,2,2652819,1,42130219,0.0008605829282983752,5182,5180,2,0,29.5494812550005,6.8028788566589355,0.06048113259569558,0.5921325919250724
13,3,1455566,1,42130220,0.0008605829282983752,2843,2841,2,0,15.912800388000505,6.748951435089111,0.12534670374923002,0.9871017096202922
13,4,1864534,1,42130221,0.0008605829282983752,3642,3640,2,0,20.926897547000408,6.7673726081848145,0.16261060106885303,1.1522589714972526
13,5,1932238,0,42130222,0.0008605829282983752,3774,3771,3,0,21.942207179999514,6.770422458648682,0.11171190519289893,0.9697274688825909
13,6,3372587,1,42130223,0.0008605829282983752,6588,6584,4,0,38.044786921000195,6.836348533630371,0.09107767246473458,0.8158377998509645
13,7,1472203,0,42130224,0.0008605829282983752,2876,2875,1,0,16.221634353999434,6.749701023101807,0.19039100713315218,1.196170855978261
13,8,2845626,1,42130225,0.0008605829282983752,5558,5555,3,0,31.627296675999787,6.811844348907471,0.10056709406292191,0.8288745183112061
13,9,1240841,0,42130226,0.0008605829282983752,2424,2422,2,0,13.730905000999883,6.739888668060303,0.10469053285757832,0.9160192538449629
13,10,2671366,0,42130227,0.0008605829282983752,5218,5216,2,0,30.058449539999856,6.803714275360107,0.1354713205910899,0.9489236843366564
13,11,1851046,0,42130228,0.0008605829282983752,3616,3614,2,0,20.411568018999787,6.7667646408081055,0.08233070056875173,0.7210194134355977
13,12,1495960,1,42130229,0.0008605829282983752,2922,2920,2,0,16.5193387169993,6.7507710456848145,0.12761770797102417,1.129684406437286
13,13,1779645,0,42130230,0.0008605829282983752,3476,3474,2,0,19.64212969500022,6.763546943664551,0.09708448024611399,0.7419093455400835
13,14,3063594,0,42130231,0.0008605829282983752,5984,5981,3,0,34.184791681000206,6.821379661560059,0.042850537117538876,0.4165492973844257
13,15,1212957,1,42130232,0.0008605829282983752,2370,2368,2,0,13.423349947000133,6.738023281097412,0.12800643250748917,1.325486672891153
13,16,870217,1,42130233,0.0008605829282983752,1700,1699,1,0,9.175223647000166,6.7225871086120605,0.10759002703508957,0.9254608064486463
13,17,5890990,0,42130234,0.0008605829282983752,11506,11501,5,0,66.37110074100019,6.948785305023193,0.06256033463971883,0.5516308704134423
13,18,1063458,1,42130235,0.0008605829282983752,2078,2077,1,0,11.858532230000492,6.731289863586426,0.10067018041486744,0.6884865538110857
13,19,1173148,0,42130236,0.0008605829282983752,2292,2291,1,0,13.078183188000366,6.736230373382568,0.09257868313466759,0.7284987877155172
14,0,3352748,1,42140224,0.0008377889406793518,6549,6545,4,0,36.28592578400003,6.83604621887207,0.10761922977642761,0.8389111290823148
14,1,1783872,1,42140225,0.0008377889406793518,3485,3484,1,0,19.733741453999755,6.763737678527832,0.07739476796269554,0.6616906780326134
14,2,2652819,1,42140226,0.0008377889406793518,5182,5179,3,0,28.776417534000757,6.8028788566589355,0.059360425337375095,0.5945206056761682
14,3,1455566,1,42140227,0.0008377889406793518,2843,2841,2,0,15.83515781999995,6.748951435089111,0.12267576578174498,0.9794163071156723
14,4,1864534,1,42140228,0.0008377889406793518,3642,3640,2,0,20.122993042000417,6.7673726081848145,0.15907810756138394,1.1302264873798078
14,5,1932238,0,42140229,0.0008377889406793518,3774,3771,3,0,20.903452237000238,6.770422458648682,0.10847212964171474,0.9722413209982431
14,6,3372587,1,42140230,0.0008377889406793518,6588,6585,3,0,37.67307323500063,6.836348533630371,0.08910525705023253,0.8041706707953683
14,7,1472203,0,42140231,0.0008377889406793518,2876,2874,2,0,16.058310218999395,6.749701023101807,0.18714920712911012,1.1895014604264527
14,8,2845626,1,42140232,0.0008377889406793518,5558,5555,3,0,30.87500547199943,6.811844348907471,0.09824465967104523,0.8220724220859585
14,9,1240841,0,42140233,0.0008377889406793518,2424,2421,3,0,13.639206017000106,6.739888668060303,0.1032978232760707,0.9115974965148699
14,10,2671366,0,42140234,0.0008377889406793518,5218,5217,1,0,29.39193583999986,6.803714275360107,0.1330320955305372,0.9382487540732222
14,11,1851046,0,42140235,0.0008377889406793518,3616,3615,1,0,20.301390997999988,6.7667646408081055,0.08124155806967497,0.7102156811894882
14,12,1495960,1,42140236,0.0008377889406793518,2922,2920,2,0,16.41010916400046,6.7507710456848145,0.12496196799082299,1.1077914303296232
14,13,1779645,0,42140237,0.0008377889406793518,3476,3474,2,0,19.82598350600074,6.763546943664551,0.09530242586108413,0.7311228838334772
14,14,3063594,0,42140238,0.0008377889406793518,5984,5981,3,0,33.05863584599956,6.821379661560059,0.042320867582141625,0.41501861199788914
14,15,1212957,1,42140239,0.0008377889406793518,2370,2367,3,0,13.213721396999972,6.738023281097412,0.12690281676601448,1.298475271143589
14,16,870217,1,42140240,0.0008377889406793518,1700,1699,1,0,9.062998289000461,6.7225871086120605,0.1059704219824851,0.9257420208118746
14,17,5890990,0,42140241,0.0008377889406793518,11506,11501,5,0,65.21304589899955,6.948785305023193,0.0613231693762363,0.5541433472496957
14,18,1063458,1,42140242,0.0008377889406793518,2078,2077,1,0,11.378907567999704,6.731289863586426,0.09922008119527112,0.691234399449326
14,19,1173148,0,42140243,0.0008377889406793518,2292,2291,1,0,12.589008568999816,6.736230373382568,0.090757299229236,0.7164590103768823
15,0,3352748,1,42150231,0.0008136274519200731,6549,6546,3,0,36.84860840199963,6.83604621887207,0.10643275302009338,0.8257502046812939
15,1,1783872,1,42150232,0.0008136274519200731,3485,3484,1,0,18.945286077000674,6.763737678527832,0.0761423822659165,0.6550355335327569
15,2,2652819,1,42150233,0.0008136274519200731,5182,5180,2,0,29.010075542999402,6.8028788566589355,0.058063769248461634,0.5878132352497587
15,3,1455566,1,42150234,0.0008136274519200731,2843,2841,2,0,15.690914918999624,6.748951435089111,0.1203708883659473,0.9599509690689898
15,4,1864534,1,42150235,0.0008136274519200731,3642,3640,2,0,20.52501003100042,6.7673726081848145,0.1571702894273695,1.1271845220209478
15,5,1932238,0,42150236,0.0008136274519200731,3774,3771,3,0,21.521377813000072,6.770422458648682,0.10667294401352427,0.961971682536131
15,6,3372587,1,42150237,0.0008136274519200731,6588,6584,4,0,36.66413273700073,6.836348533630371,0.08743778381718466,0.8043096456608825
15,7,1472203,0,42150238,0.0008136274519200731,2876,2874,2,0,15.907184102999963,6.749701023101807,0.1835391284196677,1.1850664089683367
15,8,2845626,1,42150239,0.0008136274519200731,5558,5555,3,0,30.87178388600023,6.811844348907471,0.09661934455164266,0.8088818842821782
15,9,1240841,0,42150240,0.0008136274519200731,2424,2422,2,0,13.722530060000281,6.739888668060303,0.10186138200326757,0.8963650263212222
15,10,2671366,0,42150241,0.0008136274519200731,5218,5215,3,0,29.04808610999953,6.803714275360107,0.1308459741842941,0.9313509333053691
15,11,1851046,0,42150242,0.0008136274519200731,3616,3613,3,0,19.836948279999888,6.7667646408081055,0.08008661383642834,0.7074792578449349
15,12,1495960,1,42150243,0.0008136274519200731,2922,2919,3,0,16.18926147000002,6.7507710456848145,0.12248780425994026,1.0919881561268843
15,13,1779645,0,42150244,0.0008136274519200731,3476,3474,2,0,19.14029330499943,6.763546943664551,0.09399994722233466,0.7310798746042027
15,14,3063594,0,42150245,0.0008136274519200731,5984,5982,2,0,33.79136630499943,6.821379661560059,0.041695985376376525,0.40603687690676193
15,15,1212957,1,42150246,0.0008136274519200731,2370,2367,3,0,13.528448538000703,6.738023281097412,0.12387990045003565,1.2735053684120194
15,16,870217,1,42150247,0.0008136274519200731,1700,1698,2,0,8.92939369099986,6.7225871086120605,0.10533468293638196,0.9138270581428519
15,17,5890990,0,42150248,0.0008136274519200731,11506,11501,5,0,64.49041718999979,6.948785305023193,0.060461496894291804,0.5517030023883793
15,18,1063458,1,42150249,0.0008136274519200731,2078,2076,2,0,11.873415611999917,6.731289863586426,0.09696756116686989,0.6790392807683044
15,19,1173148,0,42150250,0.0008136274519200731,2292,2290,2,0,13.144869007000125,6.736230373382568,0.08932628381720797,0.7085568623771834
16,0,3352748,1,42160238,0.000788197746760474,6549,6546,3,0,36.4846109529999,6.83604621887207,0.10448795438650511,0.8260476042144057
16,1,1783872,1,42160239,0.000788197746760474,3485,3484,1,0,19.09140601800027,6.763737678527832,0.07499838477571577,0.6514311657981128
16,2,2652819,1,42160240,0.000788197746760474,5182,5180,2,0,29.003988096000285,6.8028788566589355,0.05641521910442809,0.5827859650247346
16,3,1455566,1,42160241,0.000788197746760474,2843,2841,2,0,15.81339361999926,6.748951435089111,0.11882283829417459,0.9637181766433475
16,4,1864534,1,42160242,0.000788197746760474,3642,3639,3,0,20.416830883999864,6.7673726081848145,0.15411819747333574,1.0955413709338073
16,5,1932238,0,42160243,0.000788197746760474,3774,3772,2,0,21.173716467000304,6.770422458648682,0.10605901271136417,0.9429222907898661
16,6,3372587,1,42160244,0.000788197746760474,6588,6585,3,0,36.31244578699989,6.836348533630371,0.08585237518982536,0.7858720992312073
16,7,1472203,0,42160245,0.000788197746760474,2876,2874,2,0,15.985513538000305,6.749701023101807,0.18217509673881133,1.1801348363017572
16,8,2845626,1,42160246,0.000788197746760474,5558,5555,3,0,30.72181801500028,6.811844348907471,0.0950019843292923,0.8038407649358685
16,9,1240841,0,42160247,0.000788197746760474,2424,2421,3,0,13.898214306000227,6.739888668060303,0.1008949137974849,0.8894418104282837
16,10,2671366,0,42160248,0.000788197746760474,5218,5216,2,0,29.38033526000072,6.803714275360107,0.12912393347617307,0.9230221239335697
16,11,1851046,0,42160249,0.000788197746760474,3616,3614,2,0,19.917219027999636,6.7667646408081055,0.07936949906721258,0.7054700740609435
16,12,1495960,1,42160250,0.000788197746760474,2922,2919,3,0,16.17962489600086,6.7507710456848145,0.12144402781346351,1.0679930386048304
16,13,1779645,0,42160251,0.000788197746760474,3476,3474,2,0,19.306256660000145,6.763546943664551,0.09254042691860517,0.7257619801786486
16,14,3063594,0,42160252,0.000788197746760474,5984,5982,2,0,33.00924098300038,6.821379661560059,0.04100978625573987,0.4090979807913323
16,15,1212957,1,42160253,0.000788197746760474,2370,2368,2,0,13.545151502999943,6.738023281097412,0.1206136265316525,1.2470590746080554
16,16,870217,1,42160254,0.000788197746760474,1700,1698,2,0,8.972535972000514,6.7225871086120605,0.10291122238824169,0.8953423921295274
16,17,5890990,0,42160255,0.000788197746760474,11506,11501,5,0,64.1820589150002,6.948785305023193,0.05936505054248,0.5534567561380532
16,18,1063458,1,42160256,0.000788197746760474,2078,2077,1,0,11.43048965700018,6.731289863586426,0.09620105227312906,0.6787252191976108
16,19,1173148,0,42160257,0.000788197746760474,2292,2291,1,0,12.633046394000303,6.736230373382568,0.0883790461166828,0.7144421061695221
17,0,3352748,1,42170245,0.00076160432131371,6549,6546,3,0,35.723017713000445,6.83604621887207,0.10208803078394726,0.8280672655533914
17,1,1783872,1,42170246,0.00076160432131371,3485,3483,2,0,19.24059103899981,6.763737678527832,0.07417677190158,0.6463041609469208
17,2,2652819,1,42170247,0.00076160432131371,5182,5179,3,0,28.405869520000124,6.8028788566589355,0.05560118297187259,0.580811253982429
17,3,1455566,1,42170248,0.00076160432131371,2843,2841,2,0,15.430274814000768,6.748951435089111,0.11726720448070661,0.9451352166105684
17,4,1864534,1,42170249,0.00076160432131371,3642,3640,2,0,20.09023388100013,6.7673726081848145,0.1520954844715831,1.1085619580614698
17,5,1932238,0,42170250,0.00076160432131371,3774,3772,2,0,20.812892287999603,6.770422458648682,0.10432515796649242,0.9496555753123344
17,6,3372587,1,42170251,0.00076160432131371,6588,6585,3,0,36.522302118999505,6.836348533630371,0.08454091181425588,0.7871118219675398
17,7,1472203,0,42170252,0.00076160432131371,2876,2874,2,0,15.646824022999681,6.749701023101807,0.17929765227443242,1.1827357749434586
17,8,2845626,1,42170253,0.00076160432131371,5558,5555,3,0,30.49142350799957,6.811844348907471,0.09458056157178218,0.7987983270983349
17,9,1240841,0,42170254,0.00076160432131371,2424,2422,2,0,14.047268158000406,6.739888668060303,0.09953047282237046,0.8902490113413501
17,10,2671366,0,42170255,0.00076160432131371,5218,5217,1,0,28.546719152999685,6.803714275360107,0.12722339012258602,0.9161177363367357
17,11,1851046,0,42170256,0.00076160432131371,3616,3614,2,0,20.363216886999908,6.7667646408081055,0.0780504624620616,0.7050009106296693
17,12,1495960,1,42170257,0.00076160432131371,2922,2920,2,0,15.920762412999466,6.7507710456848145,0.12000890235378317,1.055836131474743
17,13,1779645,0,42170258,0.00076160432131371,3476,3474,2,0,18.924674970000524,6.763546943664551,0.09137193924679314,0.7239968448654289
17,14,3063594,0,42170259,0.00076160432131371,5984,5981,3,0,32.753557046000424,6.821379661560059,0.04045049364083269,0.40789020374414814
17,15,1212957,1,42170260,0.00076160432131371,2370,2367,3,0,13.697990505000234,6.738023281097412,0.11985787189001769,1.2468367956537811
17,16,870217,1,42170261,0.00076160432131371,1700,1699,1,0,8.87067776099957,6.7225871086120605,0.10203670795838085,0.8881202235230282
17,17,5890990,0,42170262,0.00076160432131371,11506,11501,5,0,63.53129069999977,6.948785305023193,0.058352299995312905,0.5541593954465917
17,18,1063458,1,42170263,0.00076160432131371,2078,2077,1,0,11.627204619999247,6.731289863586426,0.0953121121020402,0.6850281496373977
17,19,1173148,0,42170264,0.00076160432131371,2292,2290,2,0,12.769657075000396,6.736230373382568,0.08751496560708924,0.7024088897038755
18,0,3352748,1,42180252,0.0007339564536692134,6549,6546,3,0,36.50251803100036,6.83604621887207,0.10139736195350692,0.8190113863666743
18,1,1783872,1,42180253,0.0007339564536692134,3485,3483,2,0,19.00339710499975,6.763737678527832,0.07306224506475649,0.6490759946750287
18,2,2652819,1,42180254,0.0007339564536692134,5182,5180,2,0,29.006500453000626,6.8028788566589355,0.05502729379072153,0.5858858439913127
18,3,1455566,1,42180255,0.0007339564536692134,2843,2841,2,0,16.305527381999127,6.748951435089111,0.11582212572322685,0.9350030799014432
18,4,1864534,1,42180256,0.0007339564536692134,3642,3640,2,0,20.91849533200002,6.7673726081848145,0.15104026375236093,1.108589122059581
18,5,1932238,0,42180257,0.0007339564536692134,3774,3772,2,0,21.616274517999955,6.770422458648682,0.10268328475547621,0.9517400262211692
18,6,3372587,1,42180258,0.0007339564536692134,6588,6585,3,0,35.95858762999978,6.836348533630371,0.08348299691237186,0.7796866101936218
18,7,1472203,0,42180259,0.0007339564536692134,2876,2874,2,0,16.47885651300021,6.749701023101807,0.17775887188682477,1.170944479329767
18,8,2845626,1,42180260,0.0007339564536692134,5558,5555,3,0,31.645955310999852,6.811844348907471,0.0933801851864874,0.7994338398683618
18,9,1240841,0,42180261,0.0007339564536692134,2424,2421,3,0,13.275219625000318,6.739888668060303,0.09829804563463251,0.8804826259809996
18,10,2671366,0,42180262,0.0007339564536692134,5218,5215,3,0,29.452155281999694,6.803714275360107,0.1254195801249401,0.9111318761984659
18,11,1851046,0,42180263,0.0007339564536692134,3616,3614,2,0,19.81193920700025,6.7667646408081055,0.07719526095619898,0.7092150723531752
18,12,1495960,1,42180264,0.0007339564536692134,2922,2920,2,0,16.23063345800074,6.7507710456848145,0.11859116227659461,1.0721796741224314
18,13,1779645,0,42180265,0.0007339564536692134,3476,3474,2,0,19.377536465999583,6.763546943664551,0.0904584411375126,0.7250771355066206
18,14,3063594,0,42180266,0.0007339564536692134,5984,5982,2,0,33.80506384199998,6.821379661560059,0.039939301343157076,0.4073682228325602
18,15,1212957,1,42180267,0.0007339564536692134,2370,2368,2,0,12.997246154000095,6.738023281097412,0.11939178930746543,1.2531146487674198
18,16,870217,1,42180268,0.0007339564536692134,1700,1698,2,0,9.115256705999855,6.7225871086120605,0.1007897654467112,0.8839494505254344
18,17,5890990,0,42180269,0.0007339564536692134,11506,11501,5,0,63.98604257399984,6.948785305023193,0.05727987817635423,0.5549992935396922
18,18,1063458,1,42180270,0.0007339564536692134,2078,2076,2,0,11.488969241999257,6.731289863586426,0.09365405926125588,0.6843446353037693
18,19,1173148,0,42180271,0.0007339564536692134,2292,2291,1,0,12.864249399999608,6.736230373382568,0.08631337505925019,0.7124941495764677
19,0,3352748,1,42190259,0.000705367754845585,6549,6546,3,0,36.559045404000244,6.83604621887207,0.0997674267772065,0.8313238165482738
19,1,1783872,1,42190260,0.000705367754845585,3485,3483,2,0,19.644382847000088,6.763737678527832,0.072580964545426,0.6438951385524333
19,2,2652819,1,42190261,0.000705367754845585,5182,5179,3,0,28.946311167000204,6.8028788566589355,0.05442517492894985,0.5883784819855425
19,3,1455566,1,42190262,0.000705367754845585,2843,2841,2,0,15.81975842600059,6.748951435089111,0.11504290163496018,0.9330509861184442
19,4,1864534,1,42190263,0.000705367754845585,3642,3639,3,0,20.44661014200028,6.7673726081848145,0.14932832143961253,1.1088629017887812
19,5,1932238,0,42190264,0.000705367754845585,3774,3772,2,0,21.356453587000033,6.770422458648682,0.10100256878396739,0.9541017566733497
19,6,3372587,1,42190265,0.000705367754845585,6588,6584,4,0,36.75098318200071,6.836348533630371,0.08240377396019233,0.774636028748671
19,7,1472203,0,42190266,0.000705367754845585,2876,2874,2,0,16.09229203599989,6.749701023101807,0.17706236178956267,1.1717903917667014
19,8,2845626,1,42190267,0.000705367754845585,5558,5555,3,0,30.39633585699994,6.811844348907471,0.09171398585171017,0.805262889570207
19,9,1240841,0,42190268,0.000705367754845585,2424,2421,3,0,13.548490533000404,6.739888668060303,0.09725859499036749,0.8813536059802252
19,10,2671366,0,42190269,0.000705367754845585,5218,5216,2,0,29.265622252999492,6.803714275360107,0.12387310800376845,0.916749731894651
19,11,1851046,0,42190270,0.000705367754845585,3616,3614,2,0,20.244842025999787,6.7667646408081055,0.07611898856065388,0.7081151560122094
19,12,1495960,1,42190271,0.000705367754845585,2922,2920,2,0,16.029393308999715,6.7507710456848145,0.11791543829930971,1.0696382705479452
19,13,1779645,0,42190272,0.000705367754845585,3476,3474,2,0,19.270841939999627,6.763546943664551,0.08925888245999299,0.7171727138205239
19,14,3063594,0,42190273,0.000705367754845585,5984,5982,2,0,32.935296409999864,6.821379661560059,0.03946505705674968,0.4065947435405174
19,15,1212957,1,42190274,0.000705367754845585,2370,2368,2,0,13.095639287000267,6.738023281097412,0.11804579399727486,1.2150261337692674
19,16,870217,1,42190275,0.000705367754845585,1700,1698,2,0,9.040674861000298,6.7225871086120605,0.10016482906993061,0.8957600048770612
19,17,5890990,0,42190276,0.000705367754845585,11506,11500,6,0,64.30216605399983,6.948785305023193,0.05664999256963315,0.5571479704483696
19,18,1063458,1,42190277,0.000705367754845585,2078,2077,1,0,11.3229402449997,6.731289863586426,0.09303424745209812,0.6875910384757162
19,19,1173148,0,42190278,0.000705367754845585,2292,2291,1,0,12.582324251999125,6.736230373382568,0.08534747572873472,0.7089222475515604
20,0,3352748,1,42200266,0.0006759557019385474,6549,6546,3,0,36.739487679000376,6.83604621887207,0.09882712546306904,0.8311518066853804
20,1,1783872,1,42200267,0.0006759557019385474,3485,3483,2,0,19.64663317800023,6.763737678527832,0.07171185318505734,0.6529945112869653
20,2,2652819,1,42200268,0.0006759557019385474,5182,5179,3,0,29.045696768999733,6.8028788566589355,0.054103494081793664,0.5891241974802085
20,3,1455566,1,42200269,0.0006759557019385474,2843,2841,2,0,15.883740047000174,6.748951435089111,0.11378726603404941,0.9331409598017864
20,4,1864534,1,42200270,0.0006759557019385474,3642,3640,2,0,20.33155428000009,6.7673726081848145,0.14813653296166723,1.114122797368647
20,5,1932238,0,42200271,0.0006759557019385474,3774,3771,3,0,21.357319194999945,6.770422458648682,0.09989589710382275,0.9549813362876226
20,6,3372587,1,42200272,0.0006759557019385474,6588,6583,5,0,36.43566469199959,6.836348533630371,0.08232248124608366,0.7741204113578536
20,7,1472203,0,42200273,0.0006759557019385474,2876,2874,2,0,16.07546155,6.749701023101807,0.17576455771300886,1.18094642973643
20,8,2845626,1,42200274,0.0006759557019385474,5558,5555,3,0,30.793679156000508,6.811844348907471,0.09101772909224516,0.8060097708989649
20,9,1240841,0,42200275,0.0006759557019385474,2424,2421,3,0,13.367832560999886,6.739888668060303,0.09629058522756609,0.8885146609420178
20,10,2671366,0,42200276,0.0006759557019385474,5218,5216,2,0,29.26097703799951,6.803714275360107,0.12294266121519123,0.9158971119512078
20,11,1851046,0,42200277,0.0006759557019385474,3616,3613,3,0,20.35287378999965,6.7667646408081055,0.0752687641632646,0.7107080902513493
20,12,1495960,1,42200278,0.0006759557019385474,2922,2920,2,0,16.413286986999992,6.7507710456848145,0.11819785131167058,1.0964051965164812
20,13,1779645,0,42200279,0.0006759557019385474,3476,3474,2,0,19.451216639999984,6.763546943664551,0.08851729828390364,0.716198329892595
20,14,3063594,0,42200280,0.0006759557019385474,5984,5982,2,0,33.49486632599928,6.821379661560059,0.03897899753949348,0.4090611270660941
20,15,1212957,1,42200281,0.0006759557019385474,2370,2367,3,0,12.88820177999969,6.738023281097412,0.11685974868884004,1.2188704715885086
20,16,870217,1,42200282,0.0006759557019385474,1700,1699,1,0,8.918413200999566,6.7225871086120605,0.09949073544525272,0.8865376922086522
20,17,5890990,0,42200283,0.0006759557019385474,11506,11500,6,0,64.32677259600041,6.948785305023193,0.055912252674932064,0.5610520550271739
20,18,1063458,1,42200284,0.0006759557019385474,2078,2077,1,0,11.619016493000345,6.731289863586426,0.09220486578025322,0.6807785511705585
20,19,1173148,0,42200285,0.0006759557019385474,2292,2291,1,0,12.825586049000776,6.736230373382568,0.08499613728183994,0.7107352927385694
21,0,3352748,1,42210273,0.000645841155382361,6549,6546,3,0,36.05199262899987,6.83604621887207,0.09712954438719733,0.845089304895165
21,1,1783872,1,42210274,0.000645841155382361,3485,3483,2,0,19.43146876799983,6.763737678527832,0.0708680811402033,0.6501613444991745
21,2,2652819,1,42210275,0.000645841155382361,5182,5179,3,0,28.42418791899945,6.8028788566589355,0.05336921604979243,0.6000128033585151
21,3,1455566,1,42210276,0.000645841155382361,2843,2841,2,0,15.555695239999295,6.748951435089111,0.11263166922408482,0.9245718902620116
21,4,1864534,1,42210277,0.000645841155382361,3642,3640,2,0,20.113042812999993,6.7673726081848145,0.14692557198660713,1.110072477571257
21,5,1932238,0,42210278,0.000645841155382361,3774,3771,3,0,20.8962730810008,6.770422458648682,0.09954030379095813,0.9657908550657982
21,6,3372587,1,42210279,0.000645841155382361,6588,6584,4,0,36.49916670199946,6.836348533630371,0.08136056781829056,0.7782790043808855
21,7,1472203,0,42210280,0.000645841155382361,2876,2874,2,0,15.7527298039995,6.749701023101807,0.17518032766831942,1.1794313817034185
21,8,2845626,1,42210281,0.000645841155382361,5558,5555,3,0,30.65075599299962,6.811844348907471,0.0896620728967428,0.809672539519577
21,9,1240841,0,42210282,0.000645841155382361,2424,2422,2,0,13.382762264000121,6.739888668060303,0.09613617346564371,0.8951221469214492
21,10,2671366,0,42210283,0.000645841155382361,5218,5216,2,0,28.752771319000203,6.803714275360107,0.1214254414377037,0.9148788920209452
21,11,1851046,0,42210284,0.000645841155382361,3616,3614,2,0,20.135562585000116,6.7667646408081055,0.07442651272611718,0.7076966581782651
21,12,1495960,1,42210285,0.000645841155382361,2922,2920,2,0,16.110924870999952,6.7507710456848145,0.11817633223860231,1.0937159708101456
21,13,1779645,0,42210286,0.000645841155382361,3476,3474,2,0,19.145413293000274,6.763546943664551,0.0881048541818464,0.7178376702378382
21,14,3063594,0,42210287,0.000645841155382361,5984,5982,2,0,33.25569795499996,6.821379661560059,0.038805806967615084,0.4092580883927825
21,15,1212957,1,42210288,0.000645841155382361,2370,2368,2,0,13.057628968000245,6.738023281097412,0.11648881757581556,1.2215505032925993
21,16,870217,1,42210289,0.000645841155382361,1700,1697,3,0,8.956349346000025,6.7225871086120605,0.09913664926271545,0.8860363934977166
21,17,5890990,0,42210290,0.000645841155382361,11506,11501,5,0,63.86180705799961,6.948785305023193,0.05517314900606469,0.5676471407377619
21,18,1063458,1,42210291,0.000645841155382361,2078,2076,2,0,11.301911808999648,6.731289863586426,0.09218979616845045,0.6914366499766679
21,19,1173148,0,42210292,0.000645841155382361,2292,2291,1,0,12.654487865000192,6.736230373382568,0.08428989045747967,0.7206139833008238
22,0,3352748,1,42220280,0.0006151478623083757,6549,6546,3,0,35.8090936210001,6.83604621887207,0.09655164047879908,0.8733444983100367
22,1,1783872,1,42220281,0.0006151478623083757,3485,3483,2,0,19.19467377899946,6.763737678527832,0.0706022505167398,0.6642495132608384
22,2,2652819,1,42220282,0.0006151478623083757,5182,5179,3,0,28.902234236000368,6.8028788566589355,0.05349684304817231,0.5950712066609143
22,3,1455566,1,42220283,0.0006151478623083757,2843,2841,2,0,15.504514006000136,6.748951435089111,0.11196189378189898,0.9328887413102781
22,4,1864534,1,42220284,0.0006151478623083757,3642,3640,2,0,20.099898550000034,6.7673726081848145,0.14580143519810268,1.1270813658997252
22,5,1932238,0,42220285,0.0006151478623083757,3774,3771,3,0,20.83228247000079,6.770422458648682,0.09848441662885757,0.9873667747074715
22,6,3372587,1,42220286,0.0006151478623083757,6588,6583,5,0,36.03628822900009,6.836348533630371,0.0804313185655761,0.7788370020317484
22,7,1472203,0,42220287,0.0006151478623083757,2876,2874,2,0,15.567224407999674,6.749701023101807,0.1733115348205354,1.1779154841901531
22,8,2845626,1,42220288,0.0006151478623083757,5558,5555,3,0,30.75351999800023,6.811844348907471,0.08892561314236892,0.8107440333877137
22,9,1240841,0,42220289,0.0006151478623083757,2424,2422,2,0,13.358815666000737,6.739888668060303,0.09440065316185293,0.8830470645063481
22,10,2671366,0,42220290,0.0006151478623083757,5218,5216,2,0,29.010651427000084,6.803714275360107,0.12015676205874952,0.9139220816957438
22,11,1851046,0,42220291,0.0006151478623083757,3616,3614,2,0,20.10892233999948,6.7667646408081055,0.07390972363335294,0.7188503854368429
22,12,1495960,1,42220292,0.0006151478623083757,2922,2920,2,0,15.981968206000602,6.7507710456848145,0.11796070255645334,1.1100826733732876
22,13,1779645,0,42220293,0.0006151478623083757,3476,3473,3,0,19.034845815999688,6.763546943664551,0.08692656653503365,0.7324313650617261
22,14,3063594,0,42220294,0.0006151478623083757,5984,5982,2,0,33.24228205700001,6.821379661560059,0.038289209465962995,0.4139651212752842
22,15,1212957,1,42220295,0.0006151478623083757,2370,2368,2,0,13.083734112999991,6.738023281097412,0.11479772103799356,1.2254405666042019
22,16,870217,1,42220296,0.0006151478623083757,1700,1698,2,0,8.906575203000102,6.7225871086120605,0.09782503125805175,0.8883107682981817
22,17,5890990,0,42220297,0.0006151478623083757,11506,11502,4,0,63.08655567200003,6.948785305023193,0.05482196094802806,0.5675545727101808
22,18,1063458,1,42220298,0.0006151478623083757,2078,2076,2,0,11.358016539000346,6.731289863586426,0.0914781383007248,0.6902018934775409
22,19,1173148,0,42220299,0.0006151478623083757,2292,2291,1,0,12.600986847000058,6.736230373382568,0.08337699393943011,0.7270979363030609
23,0,3352748,1,42230287,0.0005840019480415229,6549,6545,4,0,35.939212612999654,6.83604621887207,0.0951753877154555,0.8833184623281131
23,1,1783872,1,42230288,0.0005840019480415229,3485,3483,2,0,19.048920430999715,6.763737678527832,0.07032721117245819,0.6611819490426716
23,2,2652819,1,42230289,0.0005840019480415229,5182,5179,3,0,28.29825007099953,6.8028788566589355,0.053397954074221016,0.6002276225954576
23,3,1455566,1,42230290,0.0005840019480415229,2843,2841,2,0,15.41440253699966,6.748951435089111,0.11067420451920539,0.9373698088536166
23,4,1864534,1,42230291,0.0005840019480415229,3642,3639,3,0,19.75869825800055,6.7673726081848145,0.14494314924902102,1.1337195572272603
23,5,1932238,0,42230292,0.0005840019480415229,3774,3770,4,0,20.520240939999894,6.770422458648682,0.09846072411979857,1.0011042020681367
23,6,3372587,1,42230293,0.0005840019480415229,6588,6585,3,0,36.19947380699978,6.836348533630371,0.07975121384420084,0.7757679029043281
23,7,1472203,0,42230294,0.0005840019480415229,2876,2874,2,0,15.723630593000053,6.749701023101807,0.17224989687309716,1.1961502574264962
23,8,2845626,1,42230295,0.0005840019480415229,5558,5555,3,0,30.69594282000071,6.811844348907471,0.08798858889795229,0.8205571240717822
23,9,1240841,0,42230296,0.0005840019480415229,2424,2422,2,0,13.012236090999977,6.739888668060303,0.09420431752917591,0.8943430540681772
23,10,2671366,0,42230297,0.0005840019480415229,5218,5216,2,0,28.722787927000354,6.803714275360107,0.11928928117810583,0.9117695627037001
23,11,1851046,0,42230298,0.0005840019480415229,3616,3613,3,0,19.78630205099944,6.7667646408081055,0.07276783469902522,0.7322021281656518
23,12,1495960,1,42230299,0.0005840019480415229,2922,2919,3,0,16.056260082000335,6.7507710456848145,0.1173417711143585,1.1375924372109456
23,13,1779645,0,42230300,0.0005840019480415229,3476,3474,2,0,18.99983105299998,6.763546943664551,0.0865662113029379,0.728606914197431
23,14,3063594,0,42230301,0.0005840019480415229,5984,5982,2,0,33.25985861400022,6.821379661560059,0.03811654435556017,0.4170075738282556
23,15,1212957,1,42230302,0.0005840019480415229,2370,2368,2,0,12.625189450999642,6.738023281097412,0.11350143277967298,1.2247322701119088
23,16,870217,1,42230303,0.0005840019480415229,1700,1698,2,0,8.81166784799916,6.7225871086120605,0.09731928058170458,0.8922879743632215
23,17,5890990,0,42230304,0.0005840019480415229,11506,11501,5,0,63.31409227399945,6.948785305023193,0.05397107855940516,0.5800085403579036
23,18,1063458,1,42230305,0.0005840019480415229,2078,2077,1,0,11.409189368000625,6.731289863586426,0.09016524247383922,0.6940212112008004
23,19,1173148,0,42230306,0.0005840019480415229,2292,2291,1,0,12.63518686200041,6.736230373382568,0.08340856384783528,0.7290174400166411
24,0,3352748,1,42240294,0.0005525313978243026,6549,6546,3,0,38.398162405999756,6.83604621887207,0.09521837756060476,0.9015929038248549
24,1,1783872,1,42240295,0.0005525313978243026,3485,3483,2,0,19.75308377500005,6.763737678527832,0.06951478470203488,0.6739729411157767
24,2,2652819,1,42240296,0.0005525313978243026,5182,5179,3,0,29.738494807999814,6.8028788566589355,0.05309666149126883,0.611601304170086
24,3,1455566,1,42240297,0.0005525313978243026,2843,2841,2,0,16.220957767000073,6.748951435089111,0.11011045107494061,0.9411016972456882
24,4,1864534,1,42240298,0.0005525313978243026,3642,3640,2,0,21.131394443999852,6.7673726081848145,0.14411532223879636,1.1406319754464285
24,5,1932238,0,42240299,0.0005525313978243026,3774,3771,3,0,21.82076917700033,6.770422458648682,0.09745746896804976,1.0110070454413618
24,6,3372587,1,42240300,0.0005525313978243026,6588,6585,3,0,36.18487752600049,6.836348533630371,0.07941313376459283,0.785543834828208
24,7,1472203,0,42240301,0.0005525313978243026,2876,2874,2,0,16.443653041999823,6.749701023101807,0.17226506009563108,1.195199349230167
24,8,2845626,1,42240302,0.0005525313978243026,5558,5555,3,0,32.82155858999977,6.811844348907471,0.08815475724818575,0.8256336668823132
24,9,1240841,0,42240303,0.0005525313978243026,2424,2422,2,0,14.677645744000074,6.739888668060303,0.09544290657578963,0.8974958147321429
24,10,2671366,0,42240304,0.0005525313978243026,5218,5216,2,0,30.397349757000484,6.803714275360107,0.11794674177111292,0.9313202840418904
24,11,1851046,0,42240305,0.0005525313978243026,3616,3613,3,0,20.756078313000216,6.7667646408081055,0.07236236394886954,0.7402016021787642
24,12,1495960,1,42240306,0.0005525313978243026,2922,2920,2,0,16.64278481400015,6.7507710456848145,0.11761295893420912,1.1712464215004281
24,13,1779645,0,42240307,0.0005525313978243026,3476,3474,2,0,19.839068453000436,6.763546943664551,0.08626060507801256,0.7375995677713011
24,14,3063594,0,42240308,0.0005525313978243026,5984,5982,2,0,35.7433011359999,6.821379661560059,0.03764623337786798,0.4176186192039661
24,15,1212957,1,42240309,0.0005525313978243026,2370,2367,3,0,14.279938222000055,6.738023281097412,0.1134690356043053,1.2261401274358366
24,16,870217,1,42240310,0.0005525313978243026,1700,1698,2,0,9.359178909000548,6.7225871086120605,0.09689573685608989,0.8987431071251104
24,17,5890990,0,42240311,0.0005525313978243026,11506,11501,5,0,65.0896121299993,6.948785305023193,0.05335707051289018,0.5822884457058082
24,18,1063458,1,42240312,0.0005525313978243026,2078,2077,1,0,12.508310199000334,6.731289863586426,0.0904797998023366,0.7045118527511134
24,19,1173148,0,42240313,0.0005525313978243026,2292,2291,1,0,13.769952205999289,6.736230373382568,0.08352881589345879,0.7327641087918758
25,0,3352748,1,42250301,0.0005208655308979695,6549,6546,3,0,37.29247846599992,6.83604621887207,0.09435692964035766,0.9061619810762298
25,1,1783872,1,42250302,0.0005208655308979695,3485,3484,1,0,20.865213252999638,6.763737678527832,0.06890895418677347,0.677175528420099
25,2,2652819,1,42250303,0.0005208655308979695,5182,5179,3,0,30.915426371999274,6.8028788566589355,0.05287388729574966,0.6210379827940964
25,3,1455566,1,42250304,0.0005208655308979695,2843,2841,2,0,17.220028811999327,6.748951435089111,0.10895753972591628,0.9459176525101197
25,4,1864534,1,42250305,0.0005208655308979695,3642,3639,3,0,22.419482371999948,6.7673726081848145,0.14267092728621358,1.1518140071104699
25,5,1932238,0,42250306,0.0005208655308979695,3774,3771,3,0,23.535469686000397,6.770422458648682,0.09641643191357564,1.0234700002900425
25,6,3372587,1,42250307,0.0005208655308979695,6588,6585,3,0,37.91492043400012,6.836348533630371,0.07843387403900912,0.8009873884776006
25,7,1472203,0,42250308,0.0005208655308979695,2876,2874,2,0,17.54201597700012,6.749701023101807,0.1717413767560456,1.2219091321166058
25,8,2845626,1,42250309,0.0005208655308979695,5558,5555,3,0,31.71126240600006,6.811844348907471,0.08713792033500226,0.8350843482785778
25,9,1240841,0,42250310,0.0005208655308979695,2424,2421,3,0,14.30557394799962,6.739888668060303,0.0945674009137979,0.9030586252129802
25,10,2671366,0,42250311,0.0005208655308979695,5218,5216,2,0,30.820908992000113,6.803714275360107,0.11726279931565735,0.932613162175278
25,11,1851046,0,42250312,0.0005208655308979695,3616,3613,3,0,22.328696407999814,6.7667646408081055,0.07206941884935908,0.7417196257438416
25,12,1495960,1,42250313,0.0005208655308979695,2922,2920,2,0,17.029553031999967,6.7507710456848145,0.1170606743799497,1.1839412323416096
25,13,1779645,0,42250314,0.0005208655308979695,3476,3474,2,0,20.417422166000506,6.763546943664551,0.08574428349716195,0.7490632842859456
25,14,3063594,0,42250315,0.0005208655308979695,5984,5981,3,0,34.114568666000196,6.821379661560059,0.037488232287171096,0.4233568654254096
25,15,1212957,1,42250316,0.0005208655308979695,2370,2368,2,0,13.912373152000328,6.738023281097412,0.11255699879414327,1.240998345452386
25,16,870217,0,42250317,0.0005208655308979695,1700,1698,2,0,9.422261730000173,6.722666263580322,0.09694456857562206,0.908232672054439
25,17,5890990,0,42250318,0.0005208655308979695,11506,11501,5,0,66.3252983299999,6.948785305023193,0.05255367357661834,0.5883415029127902
25,18,1063458,0,42250319,0.0005208655308979695,2078,2076,2,0,12.511160779999955,6.731289863586426,0.0901102422519456,0.7027723132300698
25,19,1173148,1,42250320,0.0005208655308979695,2292,2290,2,0,13.586523530000704,6.736326694488525,0.08241015438429654,0.7447250166314138
26,0,3352748,1,42260308,0.0004891344691020307,6549,6545,4,0,39.65773286500007,6.83604621887207,0.09369698474205022,0.9188316164533995
26,1,1783872,1,42260309,0.0004891344691020307,3485,3484,1,0,22.728909966000174,6.763737678527832,0.06830540863983119,0.6928518932530855
26,2,2652819,1,42260310,0.0004891344691020307,5182,5179,3,0,31.190506660999745,6.8028788566589355,0.05276320730541912,0.6246595984836599
26,3,1455566,1,42260311,0.0004891344691020307,2843,2841,2,0,18.619617956000184,6.748951435089111,0.10792935192480091,0.9509984586743224
26,4,1864534,1,42260312,0.0004891344691020307,3642,3639,3,0,22.47676969999975,6.7673726081848145,0.1425490582438084,1.150721244675735
26,5,1932238,0,42260313,0.0004891344691020307,3774,3771,3,0,23.405559066000023,6.770422458648682,0.09651690280522822,1.0299240917528507
26,6,3372587,1,42260314,0.0004891344691020307,6588,6584,4,0,37.819273217000045,6.836348533630371,0.07781272322699917,0.8040128501623254
26,7,1472203,0,42260315,0.0004891344691020307,2876,2874,2,0,19.01419535000059,6.749701023101807,0.17062478805467662,1.2172606062706595
26,8,2845626,1,42260316,0.0004891344691020307,5558,5554,4,0,33.31821793800009,6.811844348907471,0.08635850411162001,0.8397873963303475
26,9,1240841,0,42260317,0.0004891344691020307,2424,2422,2,0,15.318289593999907,6.739888668060303,0.09532119536773909,0.9008254815880471
26,10,2671366,0,42260318,0.0004891344691020307,5218,5216,2,0,31.758466665000014,6.803714275360107,0.11666569387985885,0.9424100536510257
26,11,1851046,0,42260319,0.0004891344691020307,3616,3614,2,0,23.927506177000396,6.7667646408081055,0.07124943355862186,0.7577241391982568
26,12,1495960,1,42260320,0.0004891344691020307,2922,2920,2,0,18.307239099999606,6.7507710456848145,0.1180219049323095,1.2017936811055223
26,13,1779645,0,42260321,0.0004891344691020307,3476,3473,3,0,22.077778650000255,6.763546943664551,0.08544525577051991,0.7570250357669882
26,14,3063594,0,42260322,0.0004891344691020307,5984,5982,2,0,36.53282316399964,6.821379661560059,0.03705516319058086,0.42316773726126294
26,15,1212957,1,42260323,0.0004891344691020307,2370,2368,2,0,14.730428136999763,6.738023281097412,0.11263897612288191,1.2427426931020376
26,16,870217,0,42260324,0.0004891344691020307,1700,1698,2,0,10.00244535299953,6.722666263580322,0.09684916070549451,0.9220365382757288
26,17,5890990,0,42260325,0.0004891344691020307,11506,11501,5,0,67.2940090710008,6.948785305023193,0.05212522811365588,0.5894430969997174
26,18,1063458,0,42260326,0.0004891344691020307,2078,2076,2,0,14.314340754000114,6.731289863586426,0.09007968057327417,0.715199435607087
26,19,1173148,1,42260327,0.0004891344691020307,2292,2291,1,0,15.587465204999717,6.736326694488525,0.08325178661704427,0.7505833373117634
27,0,3352748,1,42270315,0.00045746860217569754,6549,6546,3,0,39.49085133299923,6.83604621887207,0.09345641399864899,0.9372011832130308
27,1,1783872,1,42270316,0.00045746860217569754,3485,3483,2,0,20.187739702000727,6.763737678527832,0.06821265755937321,0.7004965103942363
27,2,2652819,1,42270317,0.00045746860217569754,5182,5179,3,0,30.180366279000737,6.8028788566589355,0.05256819886161361,0.6301810232730739
27,3,1455566,0,42270318,0.00045746860217569754,2843,2841,2,0,16.577838256999712,6.748951435089111,0.10792226230791864,0.9675300702877508
27,4,1864534,1,42270319,0.00045746860217569754,3642,3640,2,0,21.095025985000575,6.7673726081848145,0.14301373827588426,1.1769574175824176
27,5,1932238,0,42270320,0.00045746860217569754,3774,3771,3,0,22.266890273000172,6.770422458648682,0.09633027701123707,1.0479366329803104
27,6,3372587,1,42270321,0.00045746860217569754,6588,6584,4,0,40.838885084999674,6.836348533630371,0.07778115811353756,0.8194363525687273
27,7,1472203,1,42270322,0.00045746860217569754,2876,2873,3,0,16.698896975000025,6.749701023101807,0.16965382380473917,1.2490918444624521
27,8,2845626,1,42270323,0.00045746860217569754,5558,5555,3,0,32.6628477889999,6.811844348907471,0.08603049208729467,0.8572561846028353
27,9,1240841,1,42270324,0.00045746860217569754,2424,2422,2,0,14.058654745999775,6.7392802238464355,0.09476352505798089,0.9120793362278076
27,10,2671366,0,42270325,0.00045746860217569754,5218,5216,2,0,30.368283953000173,6.803714275360107,0.11611081924906537,0.9492121035335985
27,11,1851046,0,42270326,0.00045746860217569754,3616,3614,2,0,21.237724546999743,6.7667646408081055,0.07156220073520511,0.7658093552201508
27,12,1495960,1,42270327,0.00045746860217569754,2922,2920,2,0,16.793159437999748,6.7507710456848145,0.11829739923346533,1.2326737913366868
27,13,1779645,0,42270328,0.00045746860217569754,3476,3474,2,0,20.16006847800054,6.763546943664551,0.08506845178862173,0.7656832592337723
27,14,3063594,0,42270329,0.00045746860217569754,5984,5981,3,0,35.91908738099937,6.821379661560059,0.03708147496368709,0.4340658259619002
27,15,1212957,0,42270330,0.00045746860217569754,2370,2367,3,0,13.87851664000027,6.738023281097412,0.11164547171228084,1.2617065790689692
27,16,870217,1,42270331,0.00045746860217569754,1700,1698,2,0,9.092742953999732,6.7225871086120605,0.0961552812016895,0.9249229476083995
27,17,5890990,0,42270332,0.00045746860217569754,11506,11501,5,0,71.47344567900018,6.948785305023193,0.05190447518829884,0.5948043410627337
27,18,1063458,1,42270333,0.00045746860217569754,2078,2077,1,0,11.898550333999992,6.731289863586426,0.08985828148038788,0.7261056032212927
27,19,1173148,0,42270334,0.00045746860217569754,2292,2291,1,0,13.110047428000144,6.736230373382568,0.0827940762277151,0.7628202067874291
28,0,3352748,1,42280322,0.0004259980519584773,6549,6545,4,0,37.59021966399996,6.83604621887207,0.09283586215025783,0.9523698612967915
28,1,1783872,1,42280323,0.0004259980519584773,3485,3484,1,0,19.48945068699959,6.763737678527832,0.06800735859044246,0.7155611057916547
28,2,2652819,1,42280324,0.0004259980519584773,5182,5179,3,0,29.967790333000266,6.8028788566589355,0.05199349729866106,0.6425094412983925
28,3,1455566,1,42280325,0.0004259980519584773,2843,2841,2,0,16.09591417899992,6.748951435089111,0.10740641748682792,0.9827623484798487
28,4,1864534,1,42280326,0.0004259980519584773,3642,3640,2,0,20.777717997000764,6.7673726081848145,0.14229070642492272,1.1924787248883928
28,5,1932238,0,42280327,0.0004259980519584773,3774,3771,3,0,21.99712245000046,6.770422458648682,0.09645827118138425,1.0758889541484353
28,6,3372587,1,42280328,0.0004259980519584773,6588,6584,4,0,37.078653691,6.836348533630371,0.07718965291687234,0.8254314436512759
28,7,1472203,0,42280329,0.0004259980519584773,2876,2874,2,0,16.28145017800034,6.749701023101807,0.16970446114749152,1.2591226533957462
28,8,2845626,1,42280330,0.0004259980519584773,5558,5555,3,0,31.67634862900013,6.811844348907471,0.08572557451057605,0.8744430693069307
28,9,1240841,0,42280331,0.0004259980519584773,2424,2422,2,0,13.780368294000255,6.739888668060303,0.0952443092150889,0.9218829632986685
28,10,2671366,0,42280332,0.0004259980519584773,5218,5216,2,0,30.13359288799984,6.803714275360107,0.11586910083981379,0.9627873707402703
28,11,1851046,0,42280333,0.0004259980519584773,3616,3614,2,0,20.429440878000605,6.7667646408081055,0.07103822557188624,0.7729067272023727
28,12,1495960,1,42280334,0.0004259980519584773,2922,2920,2,0,16.275334047999422,6.7507710456848145,0.11797076708649935,1.2361390832352313
28,13,1779645,0,42280335,0.0004259980519584773,3476,3474,2,0,19.670007233999968,6.763546943664551,0.0850904659080176,0.7785302987370466
28,14,3063594,0,42280336,0.0004259980519584773,5984,5982,2,0,34.216731495000204,6.821379661560059,0.03674490879866161,0.43628178644004934
28,15,1212957,1,42280337,0.0004259980519584773,2370,2368,2,0,13.457074002999434,6.738023281097412,0.11237929318402265,1.2851298564189189
28,16,870217,0,42280338,0.0004259980519584773,1700,1698,2,0,9.242784733000008,6.722666263580322,0.09698053186998491,0.9465510320045641
28,17,5890990,0,42280339,0.0004259980519584773,11506,11500,6,0,65.93712151300042,6.948785305023193,0.05143002186650815,0.6083373811141304
28,18,1063458,0,42280340,0.0004259980519584773,2078,2076,2,0,11.820670879999852,6.731289863586426,0.08925372878940119,0.7331572369114282
28,19,1173148,1,42280341,0.0004259980519584773,2292,2290,2,0,13.036403909,6.736326694488525,0.08278921868603302,0.7744941811374181
29,0,3352748,1,42290329,0.00039485213769162444,6549,6545,4,0,36.73085592999996,6.83604621887207,0.09244872487347211,0.9742374755299847
29,1,1783872,1,42290330,0.00039485213769162444,3485,3483,2,0,19.278291780000472,6.763737678527832,0.06829313529554264,0.7196336166289836
29,2,2652819,1,42290331,0.00039485213769162444,5182,5178,4,0,29.704362260999915,6.8028788566589355,0.05230124699374155,0.6559099099404935
29,3,1455566,1,42290332,0.00039485213769162444,2843,2841,2,0,15.877819497000019,6.748951435089111,0.10795562647464031,0.9960520716462073
29,4,1864534,1,42290333,0.00039485213769162444,3642,3639,3,0,20.337142942000355,6.7673726081848145,0.14244052334518412,1.2242763400831271
29,5,1932238,0,42290334,0.00039485213769162444,3774,3771,3,0,20.99792722700022,6.770422458648682,0.09536972187520718,1.0812271591587113
29,6,3372587,1,42290335,0.00039485213769162444,6588,6584,4,0,37.22483583600024,6.836348533630371,0.07706487106378863,0.8353818056794882
29,7,1472203,0,42290336,0.00039485213769162444,2876,2874,2,0,15.958643754999684,6.749701023101807,0.16905273989662165,1.27700302347012
29,8,2845626,1,42290337,0.00039485213769162444,5558,5554,4,0,31.14165625500027,6.811844348907471,0.08560776289822088,0.8916457838663576
29,9,1240841,0,42290338,0.00039485213769162444,2424,2421,3,0,13.63613799199993,6.739888668060303,0.09564397434516664,0.9396711473177406
29,10,2671366,0,42290339,0.00039485213769162444,5218,5216,2,0,29.79880692900042,6.803714275360107,0.11599421354890602,0.9708148979701878
29,11,1851046,0,42290340,0.00039485213769162444,3616,3614,2,0,20.65321225599928,6.7667646408081055,0.07103423987822963,0.7893477810900318
29,12,1495960,1,42290341,0.00039485213769162444,2922,2920,2,0,16.459576739000113,6.7507710456848145,0.12055013996281036,1.2741849716395548
29,13,1779645,0,42290342,0.00039485213769162444,3476,3473,3,0,19.524973202999718,6.763546943664551,0.08479727787069447,0.7936543542371509
29,14,3063594,0,42290343,0.00039485213769162444,5984,5981,3,0,33.632470113000636,6.821379661560059,0.03655871155468881,0.4494337455980396
29,15,1212957,1,42290344,0.00039485213769162444,2370,2367,3,0,13.328893527000218,6.738023281097412,0.11260648533217152,1.2988950651206697
29,16,870217,1,42290345,0.00039485213769162444,1700,1697,3,0,9.201827973000036,6.7225871086120605,0.09862414457268341,0.9574232848869328
29,17,5890990,0,42290346,0.00039485213769162444,11506,11500,6,0,65.30130784300036,6.948785305023193,0.05094639521059783,0.6150204228940217
29,18,1063458,1,42290347,0.00039485213769162444,2078,2076,2,0,11.898112584000046,6.731289863586426,0.08913799425540402,0.7453669729949421
29,19,1173148,0,42290348,0.00039485213769162444,2292,2291,1,0,13.208072090000314,6.736230373382568,0.0831180074650978,0.7927196540982376
30,0,3352748,1,42300336,0.00036415884461763896,6549,6546,3,0,36.12585815799957,6.83604621887207,0.09224013046791457,0.9869488075971967
30,1,1783872,1,42300337,0.00036415884461763896,3485,3484,1,0,19.44461430299998,6.763737678527832,0.06840484916958552,0.7350432333524685
30,2,2652819,1,42300338,0.00036415884461763896,5182,5178,4,0,28.689857645998927,6.8028788566589355,0.05239085480714682,0.675556959356291
30,3,1455566,1,42300339,0.00036415884461763896,2843,2840,3,0,15.689104950999536,6.748951435089111,0.10734501153650418,0.9984022543463908
30,4,1864534,1,42300340,0.00036415884461763896,3642,3640,2,0,20.68586824600061,6.7673726081848145,0.14381561279296876,1.2549991146548765
30,5,1932238,0,42300341,0.00036415884461763896,3774,3771,3,0,21.18708479399902,6.770422458648682,0.09556692483032518,1.1043617978901485
30,6,3372587,1,42300342,0.00036415884461763896,6588,6584,4,0,36.903293222000684,6.836348533630371,0.0769809060079359,0.848286773570398
30,7,1472203,0,42300343,0.00036415884461763896,2876,2874,2,0,15.926200469999458,6.749701023101807,0.1697150159396475,1.3029000236495303
30,8,2845626,1,42300344,0.00036415884461763896,5558,5554,4,0,31.307541842999854,6.811844348907471,0.0851941052039493,0.895268243467546
30,9,1240841,0,42300345,0.00036415884461763896,2424,2421,3,0,13.511432658000558,6.739888668060303,0.0960840526960547,0.9503716867061648
30,10,2671366,0,42300346,0.00036415884461763896,5218,5215,3,0,29.519670866000524,6.803714275360107,0.1153701738337428,0.981131464225791
30,11,1851046,0,42300347,0.00036415884461763896,3616,3614,2,0,20.52159772199957,6.7667646408081055,0.07111359064791437,0.7994898177011276
30,12,1495960,1,42300348,0.00036415884461763896,2922,2920,2,0,16.47026257700054,6.7507710456848145,0.12004348545858305,1.2982519698469606
30,13,1779645,0,42300349,0.00036415884461763896,3476,3474,2,0,19.69731847100047,6.763546943664551,0.08456030863760254,0.8055110002428757
30,14,3063594,0,42300350,0.00036415884461763896,5984,5982,2,0,33.736187685000914,6.821379661560059,0.03652565617180317,0.45632576440258277
30,15,1212957,1,42300351,0.00036415884461763896,2370,2367,3,0,13.175129223000113,6.738023281097412,0.11291765632838904,1.3226302372135086
30,16,870217,0,42300352,0.00036415884461763896,1700,1698,2,0,9.050050187999659,6.722666263580322,0.09789487301811874,0.9754969368834658
30,17,5890990,0,42300353,0.00036415884461763896,11506,11501,5,0,64.5720194100004,6.948785305023193,0.05116230976518346,0.6289849625847752
30,18,1063458,0,42300354,0.00036415884461763896,2078,2077,1,0,11.655936625998947,6.731289863586426,0.08903835482131305,0.7479627128972075
30,19,1173148,1,42300355,0.00036415884461763896,2292,2291,1,0,12.769954082999902,6.736326694488525,0.08414803899983972,0.806592883838935
31,0,3352748,1,42310343,0.00033404429806145283,6549,6546,3,0,36.40376049400038,6.83604621887207,0.0922487458795209,1.0157685901934388
31,1,1783872,1,42310344,0.00033404429806145283,3485,3483,2,0,19.996975441999894,6.763737678527832,0.06890578684778075,0.7426607108410493
31,2,2652819,1,42310345,0.00033404429806145283,5182,5179,3,0,29.157797533998746,6.8028788566589355,0.052615740051092756,0.6975711896903359
31,3,1455566,1,42310346,0.00033404429806145283,2843,2840,3,0,16.737368152000272,6.748951435089111,0.10766448974609374,1.015472326144366
31,4,1864534,1,42310347,0.00033404429806145283,3642,3640,2,0,20.56733434799935,6.7673726081848145,0.1426284454681061,1.2717432713770604
31,5,1932238,0,42310348,0.00033404429806145283,3774,3771,3,0,21.31706747700082,6.770422458648682,0.09541837519785037,1.1225027864790507
31,6,3372587,1,42310349,0.00033404429806145283,6588,6584,4,0,36.72982297899944,6.836348533630371,0.07673687662562652,0.8638679439502962
31,7,1472203,0,42310350,0.00033404429806145283,2876,2874,2,0,16.990455241000745,6.749701023101807,0.1704870129759808,1.322846499597686
31,8,2845626,1,42310351,0.00033404429806145283,5558,5555,3,0,31.008900643000743,6.811844348907471,0.0861593196673183,0.9265769155040504
31,9,1240841,0,42310352,0.00033404429806145283,2424,2422,2,0,14.688622791998569,6.739888668060303,0.09576346084758529,0.966702827434713
31,10,2671366,0,42310353,0.00033404429806145283,5218,5216,2,0,29.603056391999417,6.803714275360107,0.11548868425053321,1.0023180253666604
31,11,1851046,0,42310354,0.00033404429806145283,3616,3614,2,0,20.542583362001096,6.7667646408081055,0.0716404875273459,0.8161666355016948
31,12,1495960,1,42310355,0.00033404429806145283,2922,2920,2,0,16.473692868999933,6.7507710456848145,0.1210456325583262,1.3135458750267552
31,13,1779645,0,42310356,0.00033404429806145283,3476,3474,2,0,20.019476888999634,6.763546943664551,0.08475897157061835,0.8128860289156952
31,14,3063594,0,42310357,0.00033404429806145283,5984,5981,3,0,33.714255000000776,6.821379661560059,0.036505299414944195,0.4633558841278632
31,15,1212957,1,42310358,0.00033404429806145283,2370,2367,3,0,14.108121683000718,6.738023281097412,0.11297857544822032,1.3189774107520067
31,16,870217,1,42310359,0.00033404429806145283,1700,1697,3,0,9.520055643999513,6.7225871086120605,0.0980241603547851,0.9923162600821303
31,17,5890990,0,42310360,0.00033404429806145283,11506,11501,5,0,63.797670627000116,6.948785305023193,0.05072330879176267,0.6319503976556387
31,18,1063458,1,42310361,0.00033404429806145283,2078,2076,2,0,12.169741989999238,6.731289863586426,0.08931919605056675,0.7703711008060874
31,19,1173148,0,42310362,0.00033404429806145283,2292,2291,1,0,13.5651512179993,6.736230373382568,0.08417244240583056,0.8147433017445984
32,0,3352748,1,42320350,0.00030463224515441515,6549,6546,3,0,38.42119951800123,6.83604621887207,0.09258822479854109,1.045672124436679
32,1,1783872,1,42320351,0.00030463224515441515,3485,3483,2,0,20.570379959001002,6.763737678527832,0.06906007454034552,0.7679370110178008
32,2,2652819,1,42320352,0.00030463224515441515,5182,5179,3,0,31.732432563001566,6.8028788566589355,0.05315906372188164,0.7094863269936281
32,3,1455566,1,42320353,0.00030463224515441515,2843,2841,2,0,16.974934081001265,6.748951435089111,0.1080575128627134,1.022367354557154
32,4,1864534,1,42320354,0.00030463224515441515,3642,3639,3,0,22.180752980999387,6.7673726081848145,0.1436027239626271,1.2950571285037098
32,5,1932238,0,42320355,0.00030463224515441515,3774,3771,3,0,23.25121961699915,6.770422458648682,0.09620245278782567,1.1489402833714533
32,6,3372587,1,42320356,0.00030463224515441515,6588,6584,4,0,39.49624774400036,6.836348533630371,0.07654057035759038,0.8720205499363989
32,7,1472203,0,42320357,0.00030463224515441515,2876,2874,2,0,17.294436836000386,6.749701023101807,0.17046628565778313,1.332107448378784
32,8,2845626,1,42320358,0.00030463224515441515,5558,5554,4,0,34.204377426000065,6.811844348907471,0.08595623144109257,0.9372792448291771
32,9,1240841,1,42320359,0.00030463224515441515,2424,2422,2,0,15.01829694099979,6.7392802238464355,0.09650813007433487,0.9852910817506193
32,10,2671366,0,42320360,0.00030463224515441515,5218,5216,2,0,32.302399517000595,6.803714275360107,0.11532122372118242,1.010597556646616
32,11,1851046,0,42320361,0.00030463224515441515,3616,3614,2,0,21.660382973001106,6.7667646408081055,0.07206325815999845,0.8299513258984159
32,12,1495960,1,42320362,0.00030463224515441515,2922,2920,2,0,17.244053327000074,6.7507710456848145,0.1223891166791524,1.3272528661440497
32,13,1779645,0,42320363,0.00030463224515441515,3476,3474,2,0,20.62336040199989,6.763546943664551,0.08438879879439228,0.8184080766272669
32,14,3063594,0,42320364,0.00030463224515441515,5984,5982,2,0,37.147754253999665,6.821379661560059,0.03627140934114192,0.4686587023440112
32,15,1212957,0,42320365,0.00030463224515441515,2370,2366,4,0,14.693859282999256,6.738023281097412,0.11408705078537748,1.372141305209214
32,16,870217,1,42320366,0.00030463224515441515,1700,1698,2,0,10.094374677000815,6.7225871086120605,0.09908275806440481,1.0054488075355197
32,17,5890990,0,42320367,0.00030463224515441515,11506,11501,5,0,68.69302343100026,6.948785305023193,0.050352395902394355,0.6494820338312973
32,18,1063458,1,42320368,0.00030463224515441515,2078,2076,2,0,13.994572052000876,6.731289863586426,0.08988701998613244,0.7797963871891558
32,19,1173148,0,42320369,0.00030463224515441515,2292,2291,1,0,15.685865121999086,6.736230373382568,0.08487952176996945,0.8321804411283282
33,0,3352748,1,42330357,0.00027604354633078667,6549,6545,4,0,39.00762980900072,6.83604621887207,0.09237427037576394,1.055364901642475
33,1,1783872,1,42330358,0.00027604354633078667,3485,3483,2,0,22.303364020999652,6.763737678527832,0.0701455032212824,0.7771088619051464
33,2,2652819,1,42330359,0.00027604354633078667,5182,5178,4,0,32.76330723300089,6.8028788566589355,0.05320418539448749,0.7344213480560786
33,3,1455566,1,42330360,0.00027604354633078667,2843,2841,2,0,18.159948553000504,6.748951435089111,0.10822655725798025,1.056099579813446
33,4,1864534,1,42330361,0.00027604354633078667,3642,3639,3,0,23.311686476999967,6.7673726081848145,0.14455243367747836,1.3246579213468672
33,5,1932238,0,42330362,0.00027604354633078667,3774,3770,4,0,23.91734243999963,6.770422458648682,0.09718113097335046,1.184649577254642
33,6,3372587,1,42330363,0.00027604354633078667,6588,6584,4,0,40.461702144999435,6.836348533630371,0.07665292547511011,0.882680640330726
33,7,1472203,0,42330364,0.00027604354633078667,2876,2874,2,0,18.55455591700047,6.749701023101807,0.1714878387557357,1.3807372197394745
33,8,2845626,1,42330365,0.00027604354633078667,5558,5554,4,0,33.76877380800033,6.811844348907471,0.08614735368090565,0.9522971900882247
33,9,1240841,1,42330366,0.00027604354633078667,2424,2422,2,0,15.452362115000142,6.7392802238464355,0.0976586755300533,0.999161031204841
33,10,2671366,0,42330367,0.00027604354633078667,5218,5216,2,0,33.131785313000364,6.803714275360107,0.11556687384295317,1.0266555130847392
33,11,1851046,0,42330368,0.00027604354633078667,3616,3614,2,0,23.689591906000715,6.7667646408081055,0.07203247036535435,0.8487289420266672
33,12,1495960,1,42330369,0.00027604354633078667,2922,2919,3,0,18.762335012999756,6.7507710456848145,0.12442062602708012,1.3646427166302673
33,13,1779645,0,42330370,0.00027604354633078667,3476,3474,2,0,22.599701381999694,6.763546943664551,0.08439403439501475,0.8348943153605354
33,14,3063594,0,42330371,0.00027604354633078667,5984,5981,3,0,36.34506771500128,6.821379661560059,0.036311152307828956,0.4798368254028382
33,15,1212957,0,42330372,0.00027604354633078667,2370,2367,3,0,15.34979709199979,6.738023281097412,0.11547446724327999,1.3932120448484369
33,16,870217,1,42330373,0.00027604354633078667,1700,1698,2,0,10.273423688999173,6.7225871086120605,0.1004047730786219,1.0267092431813163
33,17,5890990,0,42330374,0.00027604354633078667,11506,11500,6,0,70.32490913699985,6.948785305023193,0.05025614066745924,0.6616487347146739
33,18,1063458,1,42330375,0.00027604354633078667,2078,2076,2,0,13.175375826000163,6.731289863586426,0.09054485313694831,0.7950228358509454
33,19,1173148,0,42330376,0.00027604354633078667,2292,2290,2,0,14.704917884999304,6.736230373382568,0.08555521069655772,0.8512763543941048
34,0,3352748,1,42340364,0.0002483956786862901,6549,6545,4,0,40.857380499999636,6.83604621887207,0.09268056521259072,1.0907725661287242
34,1,1783872,1,42340365,0.0002483956786862901,3485,3483,2,0,22.769769836000705,6.763737678527832,0.07052909770026962,0.7927211046287325
34,2,2652819,1,42340366,0.0002483956786862901,5182,5178,4,0,33.3656707049995,6.8028788566589355,0.05375957820534292,0.7529340252631325
34,3,1455566,0,42340367,0.0002483956786862901,2843,2841,2,0,17.762056935000146,6.748951435089111,0.10895182506503542,1.0645187791490673
34,4,1864534,1,42340368,0.0002483956786862901,3642,3640,2,0,22.984984777000136,6.7673726081848145,0.14526615352421016,1.3575650057949862
34,5,1932238,0,42340369,0.0002483956786862901,3774,3770,4,0,24.4679818730001,6.770422458648682,0.09758809947208637,1.2085182412549735
34,6,3372587,1,42340370,0.0002483956786862901,6588,6584,4,0,41.720528473999366,6.836348533630371,0.07728496472716766,0.9155408411964611
34,7,1472203,1,42340371,0.0002483956786862901,2876,2874,2,0,17.824648162000813,6.749701023101807,0.17321214563081724,1.4063939869030533
34,8,2845626,1,42340372,0.0002483956786862901,5558,5554,4,0,35.254407465999975,6.811844348907471,0.08690454018043021,0.9770492866908984
34,9,1240841,1,42340373,0.0002483956786862901,2424,2421,3,0,15.71633248299986,6.7392802238464355,0.09925575051510546,1.0209977072361627
34,10,2671366,0,42340374,0.0002483956786862901,5218,5215,3,0,33.70954494600119,6.803714275360107,0.11603782705012584,1.0416441642197987
34,11,1851046,0,42340375,0.0002483956786862901,3616,3613,3,0,23.730910930999016,6.7667646408081055,0.07243121221327498,0.8624909182120122
34,12,1495960,1,42340376,0.0002483956786862901,2922,2919,3,0,18.916220996999982,6.7507710456848145,0.1259138441200165,1.4049693281089415
34,13,1779645,0,42340377,0.0002483956786862901,3476,3474,2,0,22.85130122299961,6.763546943664551,0.08483039886703007,0.8410314934378598
34,14,3063594,0,42340378,0.0002483956786862901,5984,5981,3,0,38.20714093700008,6.821379661560059,0.03659334423509734,0.48185028142503344
34,15,1212957,0,42340379,0.0002483956786862901,2370,2368,2,0,15.565925035998589,6.738023281097412,0.11588533504589184,1.4151752575023755
34,16,870217,1,42340380,0.0002483956786862901,1700,1698,2,0,10.587678528001561,6.7225871086120605,0.10146693936225523,1.0561577355482552
34,17,5890990,0,42340381,0.0002483956786862901,11506,11500,6,0,73.00698667999859,6.948785305023193,0.05021826171875,0.669857082201087
34,18,1063458,1,42340382,0.0002483956786862901,2078,2076,2,0,12.849075046000507,6.731289863586426,0.09054782257374082,0.8045118034230492
34,19,1173148,0,42340383,0.0002483956786862901,2292,2291,1,0,14.300867863999883,6.736230373382568,0.08663552799166575,0.8662512191046486
35,0,3352748,1,42350371,0.00022180225323952595,6549,6545,4,0,41.49821860600059,6.83604621887207,0.09316373610879011,1.1105288955070665
35,1,1783872,1,42350372,0.00022180225323952595,3485,3483,2,0,22.82210471599865,6.763737678527832,0.0716383367511619,0.815737404222294
35,2,2652819,1,42350373,0.00022180225323952595,5182,5178,4,0,33.501573793000716,6.8028788566589355,0.05438822381235817,0.777050526642164
35,3,1455566,0,42350374,0.00022180225323952595,2843,2841,2,0,18.3041238299993,6.748951435089111,0.10901413850069298,1.0904400512308605
35,4,1864534,1,42350375,0.00022180225323952595,3642,3640,2,0,24.405377995999515,6.7673726081848145,0.14659640134035887,1.4037244859632554
35,5,1932238,0,42350376,0.00022180225323952595,3774,3770,4,0,25.520823294000365,6.770422458648682,0.09918313266744032,1.241276084839191
35,6,3372587,1,42350377,0.00022180225323952595,6588,6585,3,0,41.80106118299955,6.836348533630371,0.07716132578925826,0.9223348815964313
35,7,1472203,1,42350378,0.00022180225323952595,2876,2874,2,0,18.313685384000564,6.749701023101807,0.17463651164671407,1.441930209420668
35,8,2845626,1,42350379,0.00022180225323952595,5558,5554,4,0,35.705598041000485,6.811844348907471,0.08776592821966714,1.004131400932886
35,9,1240841,1,42350380,0.00022180225323952595,2424,2422,2,0,15.552129972998955,6.7392802238464355,0.1002821666361575,1.033491315770799
35,10,2671366,0,42350381,0.00022180225323952595,5218,5216,2,0,34.02582543200151,6.803714275360107,0.11669813050814201,1.0620823023509394
35,11,1851046,0,42350382,0.00022180225323952595,3616,3613,3,0,24.11315311600083,6.7667646408081055,0.07267152652692967,0.8857232671083587
35,12,1495960,1,42350383,0.00022180225323952595,2922,2920,2,0,18.797031640999194,6.7507710456848145,0.12870897266962758,1.4342694844285102
35,13,1779645,0,42350384,0.00022180225323952595,3476,3473,3,0,22.76501007799925,6.763546943664551,0.0852789600129571,0.868357659759214
35,14,3063594,0,42350385,0.00022180225323952595,5984,5981,3,0,38.796619034001196,6.821379661560059,0.036708508421198376,0.49215043601613445
35,15,1212957,0,42350386,0.00022180225323952595,2370,2368,2,0,15.299465861999124,6.738023281097412,0.11688878085162188,1.4491122477763407
35,16,870217,0,42350387,0.00022180225323952595,1700,1698,2,0,10.365851137999925,6.722666263580322,0.10305685485911735,1.0813279438355787
35,17,5890990,0,42350388,0.00022180225323952595,11506,11501,5,0,73.6093330650001,6.948785305023193,0.050246304796525844,0.691546438217329
35,18,1063458,0,42350389,0.00022180225323952595,2078,2076,2,0,13.636133876998429,6.731289863586426,0.09190828768044768,0.8256476077041185
35,19,1173148,1,42350390,0.00022180225323952595,2292,2290,2,0,15.000545203998627,6.736326694488525,0.08772206535505936,0.8887044981577511
36,0,3352748,1,42360378,0.00019637254807992693,6549,6545,4,0,42.768479915999706,6.83604621887207,0.09415742948457792,1.1346450654125286
36,1,1783872,1,42360379,0.00019637254807992693,3485,3483,2,0,22.301226657998996,6.763737678527832,0.07293097479330408,0.8253916483859102
36,2,2652819,1,42360380,0.00019637254807992693,5182,5178,4,0,34.19631063899942,6.8028788566589355,0.05530738756895157,0.8010801784593472
36,3,1455566,1,42360381,0.00019637254807992693,2843,2840,3,0,18.190017451999665,6.748951435089111,0.11055058224100463,1.12114042899978
36,4,1864534,1,42360382,0.00019637254807992693,3642,3640,2,0,23.539085894999516,6.7673726081848145,0.14773814442393543,1.4421244526957417
36,5,1932238,0,42360383,0.00019637254807992693,3774,3770,4,0,24.9597148619996,6.770422458648682,0.09998732346754807,1.2747982116213528
36,6,3372587,1,42360384,0.00019637254807992693,6588,6584,4,0,43.06980780599952,6.836348533630371,0.07770146663104922,0.9515597411812727
36,7,1472203,0,42360385,0.00019637254807992693,2876,2874,2,0,18.684571379000772,6.749701023101807,0.17685924044232776,1.4868814764374565
36,8,2845626,1,42360386,0.00019637254807992693,5558,5554,4,0,35.60106068400091,6.811844348907471,0.08862829431596315,1.029154628139629
36,9,1240841,1,42360387,0.00019637254807992693,2424,2422,2,0,15.508021571999052,6.7392802238464355,0.1020876115063416,1.0623730912275495
36,10,2671366,0,42360388,0.00019637254807992693,5218,5216,2,0,34.603279273000226,6.803714275360107,0.11703748644495303,1.074955197199722
36,11,1851046,0,42360389,0.00019637254807992693,3616,3613,3,0,23.30333038400022,6.7667646408081055,0.07376516739681359,0.9017755976681429
36,12,1495960,1,42360390,0.00019637254807992693,2922,2919,3,0,18.36264714200115,6.7507710456848145,0.13148624515566118,1.471984967829308
36,13,1779645,0,42360391,0.00019637254807992693,3476,3473,3,0,22.337265531999947,6.763546943664551,0.08579424400340574,0.8819498182407141
36,14,3063594,0,42360392,0.00019637254807992693,5984,5981,3,0,38.61474985700079,6.821379661560059,0.03683493364975417,0.4991500999911177
36,15,1212957,0,42360393,0.00019637254807992693,2370,2368,2,0,15.406934583001203,6.738023281097412,0.12031859320563239,1.4962827321645376
36,16,870217,0,42360394,0.00019637254807992693,1700,1698,2,0,10.252685528001166,6.722666263580322,0.10484606919215621,1.116470031378828
36,17,5890990,0,42360395,0.00019637254807992693,11506,11500,6,0,75.91610389999914,6.948785305023193,0.05042481530230978,0.7068779721467391
36,18,1063458,0,42360396,0.00019637254807992693,2078,2077,1,0,13.948614168000859,6.731289863586426,0.09268809260229222,0.8367797675245245
36,19,1173148,1,42360397,0.00019637254807992693,2292,2290,2,0,15.149606234999737,6.736326694488525,0.0890833492362343,0.9022285028316048
37,0,3352748,1,42370385,0.00017221105932064813,6549,6545,4,0,41.93067086799965,6.83604621887207,0.09516178186473453,1.1709913937165775
37,1,1783872,1,42370386,0.00017221105932064813,3485,3484,1,0,22.6069686310002,6.763737678527832,0.07444937494674314,0.8497491041636768
37,2,2652819,1,42370387,0.00017221105932064813,5182,5178,4,0,33.94106523799928,6.8028788566589355,0.05625243645554208,0.8300169248201525
37,3,1455566,0,42370388,0.00017221105932064813,2843,2841,2,0,19.007127667000532,6.748951435089111,0.11148112108068792,1.1448334825160595
37,4,1864534,1,42370389,0.00017221105932064813,3642,3639,3,0,23.152105937999295,6.7673726081848145,0.14951152754340993,1.490407198921407
37,5,1932238,0,42370390,0.00017221105932064813,3774,3770,4,0,24.30427263999991,6.770422458648682,0.10154575175884864,1.329741120275199
37,6,3372587,1,42370391,0.00017221105932064813,6588,6584,4,0,42.41574641999978,6.836348533630371,0.07857851790918324,0.973964167394441
37,7,1472203,1,42370392,0.00017221105932064813,2876,2873,3,0,18.761357608000253,6.749701023101807,0.179914772572768,1.5124881371280021
37,8,2845626,1,42370393,0.00017221105932064813,5558,5554,4,0,36.59315975900063,6.811844348907471,0.08980478706401074,1.054581737964755
37,9,1240841,1,42370394,0.00017221105932064813,2424,2422,2,0,15.910625159998744,6.7392802238464355,0.10418325057214789,1.1084474269069984
37,10,2671366,0,42370395,0.00017221105932064813,5218,5215,3,0,34.96767497699875,6.803714275360107,0.11842496292245926,1.090616666916347
37,11,1851046,0,42370396,0.00017221105932064813,3616,3613,3,0,23.978016584000216,6.7667646408081055,0.07458453016072603,0.9204490781985193
37,12,1495960,1,42370397,0.00017221105932064813,2922,2919,3,0,19.08597927899973,6.7507710456848145,0.13565272572678463,1.5403861620525008
37,13,1779645,0,42370398,0.00017221105932064813,3476,3473,3,0,23.049686438998833,6.763546943664551,0.08689224414512399,0.9131503996229845
37,14,3063594,0,42370399,0.00017221105932064813,5984,5981,3,0,39.8177787730001,6.821379661560059,0.03717639274450473,0.5160035179761955
37,15,1212957,0,42370400,0.00017221105932064813,2370,2367,3,0,15.740408182000465,6.738023281097412,0.12172216456501506,1.5383334818599492
37,16,870217,1,42370401,0.00017221105932064813,1700,1698,2,0,10.034977149998667,6.7225871086120605,0.10747305215177323,1.1302350766526796
37,17,5890990,0,42370402,0.00017221105932064813,11506,11499,7,0,74.93253189200004,6.948785305023193,0.05076673829313962,0.7188831637533699
37,18,1063458,0,42370403,0.00017221105932064813,2078,2077,1,0,13.193999004000943,6.731289863586426,0.09380249111596127,0.8496011468614588
37,19,1173148,1,42370404,0.00017221105932064813,2292,2289,3,0,14.470355519000805,6.736326694488525,0.09057827837449486,0.9236560853197356
38,0,3352748,1,42380392,0.00014941707170162489,6549,6545,4,0,41.30312889599918,6.83604621887207,0.09642683689242743,1.2053335680863255
38,1,1783872,1,42380393,0.00014941707170162489,3485,3483,2,0,21.743795652999324,6.763737678527832,0.07617218166529842,0.8703555102461958
38,2,2652819,1,42380394,0.00014941707170162489,5182,5178,4,0,32.23113758799991,6.8028788566589355,0.057317775757260284,0.8527398254936752
38,3,1455566,0,42380395,0.00014941707170162489,2843,2841,2,0,17.8521174339985,6.748951435089111,0.1140086876594949,1.1620854851394755
38,4,1864534,1,42380396,0.00014941707170162489,3642,3640,2,0,22.127470671999617,6.7673726081848145,0.1523215828361092,1.5235138274811126
38,5,1932238,0,42380397,0.00014941707170162489,3774,3770,4,0,23.20712431999891,6.770422458648682,0.10460920662715517,1.3759595956979442
38,6,3372587,1,42380398,0.00014941707170162489,6588,6585,3,0,41.86339275099999,6.836348533630371,0.07926335895975703,0.9931929812072893
38,7,1472203,1,42380399,0.00014941707170162489,2876,2873,3,0,17.8314682679993,6.749701023101807,0.18257038609059564,1.5585974890140968
38,8,2845626,1,42380400,0.00014941707170162489,5558,5554,4,0,34.57124711799952,6.811844348907471,0.09157231749499235,1.0918749437342457
38,9,1240841,1,42380401,0.00014941707170162489,2424,2421,3,0,15.333930554999824,6.7392802238464355,0.1066095477438623,1.1367050353676167
38,10,2671366,0,42380402,0.00014941707170162489,5218,5216,2,0,33.09896964899963,6.803714275360107,0.11991664675847152,1.108589593618194
38,11,1851046,0,42380403,0.00014941707170162489,3616,3613,3,0,22.735261456000444,6.7667646408081055,0.07555425935856629,0.9506204807293108
38,12,1495960,1,42380404,0.00014941707170162489,2922,2919,3,0,18.088117225999667,6.7507710456848145,0.13984776882734884,1.591692159665125
38,13,1779645,0,42380405,0.00014941707170162489,3476,3474,2,0,21.87437206100003,6.763546943664551,0.08774173541115698,0.9301778192690342
38,14,3063594,0,42380406,0.00014941707170162489,5984,5982,2,0,38.075063513000714,6.821379661560059,0.03774177043663543,0.5194396666562187
38,15,1212957,0,42380407,0.00014941707170162489,2370,2367,3,0,15.255023658000937,6.738023281097412,0.12532278753102555,1.5950692051515631
38,16,870217,0,42380408,0.00014941707170162489,1700,1698,2,0,9.874703396000768,6.722666263580322,0.11042585249362762,1.187441984250773
38,17,5890990,0,42380409,0.00014941707170162489,11506,11500,6,0,73.86395140099921,6.948785305023193,0.050962625254755436,0.7379035326086957
38,18,1063458,0,42380410,0.00014941707170162489,2078,2076,2,0,12.854500460998679,6.731289863586426,0.09490239872868121,0.8688546182562621
38,19,1173148,1,42380411,0.00014941707170162489,2292,2291,1,0,13.993755339999552,6.736326694488525,0.09252554045551888,0.9551482448303142
39,0,3352748,1,42390399,0.00012808425060727857,6549,6545,4,0,39.83868802500001,6.83604621887207,0.09810773297245035,1.2491478764801376
39,1,1783872,1,42390400,0.00012808425060727857,3485,3483,2,0,21.789257410000573,6.763737678527832,0.07802254750473281,0.8938220295452914
39,2,2652819,1,42390401,0.00012808425060727857,5182,5178,4,0,30.95636499200009,6.8028788566589355,0.05892370878936426,0.8905816223686752
39,3,1455566,0,42390402,0.00012808425060727857,2843,2840,3,0,17.653291764998357,6.748951435089111,0.1160737158546985,1.2008782185299296
39,4,1864534,1,42390403,0.00012808425060727857,3642,3639,3,0,22.672181675998218,6.7673726081848145,0.1543097898310834,1.5713298532392141
39,5,1932238,0,42390404,0.00012808425060727857,3774,3770,4,0,23.699952901999495,6.770422458648682,0.10683875450721154,1.4187387319711537
39,6,3372587,1,42390405,0.00012808425060727857,6588,6584,4,0,40.49913730600019,6.836348533630371,0.08032095852338529,1.0191602185459068
39,7,1472203,1,42390406,0.00012808425060727857,2876,2874,2,0,17.62223440100024,6.749701023101807,0.18619651502424756,1.6040005083289839
39,8,2845626,1,42390407,0.00012808425060727857,5558,5554,4,0,33.76638110100066,6.811844348907471,0.09343229629686937,1.127905334978169
39,9,1240841,1,42390408,0.00012808425060727857,2424,2421,3,0,14.730723247999777,6.7392802238464355,0.1093972358561803,1.1716733142296571
39,10,2671366,0,42390409,0.00012808425060727857,5218,5215,3,0,31.463464840000597,6.803714275360107,0.12098298552852349,1.1323663523190317
39,11,1851046,0,42390410,0.00012808425060727857,3616,3614,2,0,22.64510364400121,6.7667646408081055,0.07701145461335258,0.9821397013999378
39,12,1495960,1,42390411,0.00012808425060727857,2922,2919,3,0,17.95481964300052,6.7507710456848145,0.1447871313719114,1.6599013200154162
39,13,1779645,0,42390412,0.00012808425060727857,3476,3474,2,0,21.88604628900066,6.763546943664551,0.0891465366607297,0.9550218335087435
39,14,3063594,0,42390413,0.00012808425060727857,5984,5981,3,0,36.67443410099986,6.821379661560059,0.038316709782801786,0.5284081965939015
39,15,1212957,0,42390414,0.00012808425060727857,2370,2367,3,0,14.600674709001396,6.738023281097412,0.12803800105041324,1.6363007094621356
39,16,870217,0,42390415,0.00012808425060727857,1700,1698,2,0,9.95170458100074,6.722666263580322,0.1140184256437951,1.2238595555892962
39,17,5890990,0,42390416,0.00012808425060727857,11506,11500,6,0,71.24254584899973,6.948785305023193,0.05150033436650815,0.7514211956521739
39,18,1063458,0,42390417,0.00012808425060727857,2078,2076,2,0,12.701623013999779,6.731289863586426,0.0967472642373028,0.9008678517130299
39,19,1173148,1,42390418,0.00012808425060727857,2292,2290,2,0,13.780599744999563,6.736326694488525,0.09455669019940639,0.996759113161845
40,0,3352748,1,42400406,0.00010830025717536152,6549,6545,4,0,38.80636942199999,6.83604621887207,0.10035163523861249,1.2855024111917495
40,1,1783872,1,42400407,0.00010830025717536152,3485,3483,2,0,20.35954886699983,6.763737678527832,0.08086685062378876,0.9109184622182744
40,2,2652819,1,42400408,0.00010830025717536152,5182,5178,4,0,29.82319607700083,6.8028788566589355,0.060507646533410585,0.9263911772161066
40,3,1455566,1,42400409,0.00010830025717536152,2843,2841,2,0,16.93439233100071,6.748951435089111,0.11863117157594708,1.2283502006060807
40,4,1864534,1,42400410,0.00010830025717536152,3642,3639,3,0,21.78421610999976,6.7673726081848145,0.15818153878233202,1.6171744845338691
40,5,1932238,0,42400411,0.00010830025717536152,3774,3770,4,0,22.20262280499992,6.770422458648682,0.1097753145334259,1.4841824073690317
40,6,3372587,1,42400412,0.00010830025717536152,6588,6583,5,0,39.9367385359983,6.836348533630371,0.08228479206027838,1.0592776256076257
40,7,1472203,0,42400413,0.00010830025717536152,2876,2874,2,0,17.399785951998638,6.749701023101807,0.1918050597422473,1.6470375565414057
40,8,2845626,1,42400414,0.00010830025717536152,5558,5554,4,0,32.652255454000624,6.811844348907471,0.09664807098135915,1.169243345167897
40,9,1240841,0,42400415,0.00010830025717536152,2424,2422,2,0,14.162208697000096,6.739888668060303,0.11303029269053855,1.222196193099711
40,10,2671366,0,42400416,0.00010830025717536152,5218,5215,3,0,30.366237927999464,6.803714275360107,0.12306691185282838,1.1476210450623203
40,11,1851046,0,42400417,0.00010830025717536152,3616,3613,3,0,21.456890409999687,6.7667646408081055,0.07866086941361922,1.0059319482165099
40,12,1495960,1,42400418,0.00010830025717536152,2922,2919,3,0,17.505257320000965,6.7507710456848145,0.15123642924388167,1.7331065393221137
40,13,1779645,0,42400419,0.00010830025717536152,3476,3474,2,0,20.83545716899971,6.763546943664551,0.0905297718037115,0.9810952651617372
40,14,3063594,0,42400420,0.00010830025717536152,5984,5981,3,0,35.342594009000095,6.821379661560059,0.03897148301979707,0.5489542976587318
40,15,1212957,1,42400421,0.00010830025717536152,2370,2367,3,0,13.810750765000193,6.738023281097412,0.13313094261179104,1.7002201700794783
40,16,870217,1,42400422,0.00010830025717536152,1700,1698,2,0,9.490427626999008,6.7225871086120605,0.11694153514992363,1.2539311241626179
40,17,5890990,0,42400423,0.00010830025717536152,11506,11500,6,0,69.70198678700035,6.948785305023193,0.052435557489809784,0.7698936820652174
40,18,1063458,1,42400424,0.00010830025717536152,2078,2076,2,0,12.482336401000794,6.731289863586426,0.097993192874857,0.9097499957663475
40,19,1173148,0,42400425,0.00010830025717536152,2292,2290,2,0,13.814329326000006,6.736230373382568,0.09872251285736217,1.0336295715065502
41,0,3352748,1,42410413,9.01463880785389e-05,6549,6546,3,0,39.00047127799917,6.83604621887207,0.1023312203570167,1.3302710207092117
41,1,1783872,1,42410414,9.01463880785389e-05,3485,3483,2,0,21.097092328000144,6.763737678527832,0.08407093347094369,0.9344114073042277
41,2,2652819,1,42410415,9.01463880785389e-05,5182,5178,4,0,31.612325813999632,6.8028788566589355,0.06279898739634632,0.9789335590478949
41,3,1455566,1,42410416,9.01463880785389e-05,2843,2841,2,0,17.296674917000928,6.748951435089111,0.12138932257292767,1.283421828938974
41,4,1864534,1,42410417,9.01463880785389e-05,3642,3639,3,0,21.71411162500044,6.7673726081848145,0.16200744846948853,1.6656721240381973
41,5,1932238,0,42410418,9.01463880785389e-05,3774,3770,4,0,22.472766568000225,6.770422458648682,0.11281983555153763,1.518375564696618
41,6,3372587,1,42410419,9.01463880785389e-05,6588,6584,4,0,39.36708004200045,6.836348533630371,0.0839804722356043,1.087177262705992
41,7,1472203,0,42410420,9.01463880785389e-05,2876,2873,3,0,17.635064969999803,6.749701023101807,0.19685352616222154,1.7112442691111207
41,8,2845626,1,42410421,9.01463880785389e-05,5558,5554,4,0,34.353060986000855,6.811844348907471,0.09903906882989737,1.2113257337054375
41,9,1240841,1,42410422,9.01463880785389e-05,2424,2421,3,0,15.790212050998889,6.7392802238464355,0.11769819358122935,1.263467063100217
41,10,2671366,0,42410423,9.01463880785389e-05,5218,5215,3,0,32.43884300500031,6.803714275360107,0.12559233946173898,1.16929605105465
41,11,1851046,0,42410424,9.01463880785389e-05,3616,3613,3,0,22.095388718998947,6.7667646408081055,0.08067271520053453,1.0427794785107598
41,12,1495960,1,42410425,9.01463880785389e-05,2922,2919,3,0,17.53949922100037,6.7507710456848145,0.1585910923883661,1.8090840385727132
41,13,1779645,0,42410426,9.01463880785389e-05,3476,3474,2,0,21.19830876100059,6.763546943664551,0.0927320270615195,1.0053073529477907
41,14,3063594,0,42410427,9.01463880785389e-05,5984,5981,3,0,37.167567434000375,6.821379661560059,0.03985691118391835,0.5572116471038497
41,15,1212957,0,42410428,9.01463880785389e-05,2370,2367,3,0,15.674404707000576,6.738023281097412,0.13706395834571056,1.7547062308565695
41,16,870217,0,42410429,9.01463880785389e-05,1700,1698,2,0,9.778866263000964,6.722666263580322,0.12200734528270851,1.315691081879417
41,17,5890990,0,42410430,9.01463880785389e-05,11506,11501,5,0,69.14370813999994,6.948785305023193,0.053515217426745504,0.7866930559027476
41,18,1063458,0,42410431,9.01463880785389e-05,2078,2076,2,0,12.576848323000377,6.731289863586426,0.10077734122156867,0.9361047175118918
41,19,1173148,1,42410432,9.01463880785389e-05,2292,2291,1,0,13.711532830999204,6.736326694488525,0.10138598824629665,1.0566654546663574
42,0,3352748,1,42420420,7.369724145892235e-05,6549,6545,4,0,39.06013539699961,6.83604621887207,0.1057571492730615,1.3917668843105424
42,1,1783872,1,42420421,7.369724145892235e-05,3485,3483,2,0,20.127148379000573,6.763737678527832,0.08811911693291523,0.9694112054308427
42,2,2652819,1,42420422,7.369724145892235e-05,5182,5178,4,0,30.014338799001052,6.8028788566589355,0.06571508402435786,1.0175860461326767
42,3,1455566,1,42420423,7.369724145892235e-05,2843,2841,2,0,16.470790039998974,6.748951435089111,0.12479060923956684,1.3023470670813535
42,4,1864534,1,42420424,7.369724145892235e-05,3642,3639,3,0,21.231434552000792,6.7673726081848145,0.16770337537999794,1.7459473595510442
42,5,1932238,0,42420425,7.369724145892235e-05,3774,3770,4,0,22.13127500400151,6.770422458648682,0.11872986811225547,1.599888355852122
42,6,3372587,1,42420426,7.369724145892235e-05,6588,6585,3,0,39.83766959100103,6.836348533630371,0.08627934321908219,1.1233478520074032
42,7,1472203,0,42420427,7.369724145892235e-05,2876,2873,3,0,16.677155019000566,6.749701023101807,0.20422240063739994,1.775488009321702
42,8,2845626,1,42420428,7.369724145892235e-05,5558,5554,4,0,33.48979434300054,6.811844348907471,0.10336399318762378,1.2733879158039252
42,9,1240841,0,42420429,7.369724145892235e-05,2424,2421,3,0,13.725001894999878,6.739888668060303,0.1237378378438339,1.3280694355702705
42,10,2671366,0,42420430,7.369724145892235e-05,5218,5216,2,0,30.68909970599998,6.803714275360107,0.1282499933535336,1.1936221444533646
42,11,1851046,0,42420431,7.369724145892235e-05,3616,3613,3,0,21.043630665999444,6.7667646408081055,0.08361063813886054,1.0695883895827567
42,12,1495960,1,42420432,7.369724145892235e-05,2922,2919,3,0,16.707448746999944,6.7507710456848145,0.16741860766409195,1.887758877719253
42,13,1779645,0,42420433,7.369724145892235e-05,3476,3474,2,0,20.039418080999894,6.763546943664551,0.09483907520599454,1.0326819543393781
42,14,3063594,0,42420434,7.369724145892235e-05,5984,5982,2,0,36.23558141399917,6.821379661560059,0.04108363399932872,0.5681042558012579
42,15,1212957,1,42420435,7.369724145892235e-05,2370,2367,3,0,13.356536231000064,6.738023281097412,0.1444241741713865,1.8355137865705535
42,16,870217,0,42420436,7.369724145892235e-05,1700,1698,2,0,9.36998869799936,6.722666263580322,0.12751654994501804,1.3956932903599824
42,17,5890990,0,42420437,7.369724145892235e-05,11506,11501,5,0,69.97751388500001,6.948785305023193,0.05458513967535432,0.8030774158225372
42,18,1063458,0,42420438,7.369724145892235e-05,2078,2076,2,0,12.13517008099916,6.731289863586426,0.10284792067687636,0.9581339988634995
42,19,1173148,1,42420439,7.369724145892235e-05,2292,2291,1,0,13.293566496000494,6.736326694488525,0.10600090942649225,1.1056544929547687
43,0,3352748,1,42430427,5.902041038830258e-05,6549,6545,4,0,37.55804197600082,6.83604621887207,0.10995075409425134,1.46401848381398
43,1,1783872,1,42430428,5.902041038830258e-05,3485,3483,2,0,20.49384691999876,6.763737678527832,0.092967950917851,0.9991714078874174
43,2,2652819,1,42430429,5.902041038830258e-05,5182,5178,4,0,30.486609051000414,6.8028788566589355,0.06883765464125567,1.0750747038250772
43,3,1455566,1,42430430,5.902041038830258e-05,2843,2841,2,0,16.09756040299908,6.748951435089111,0.12973968817372844,1.355651361343937
43,4,1864534,1,42430431,5.902041038830258e-05,3642,3639,3,0,21.50479427999926,6.7673726081848145,0.17454575352303173,1.8349547652170926
43,5,1932238,0,42430432,5.902041038830258e-05,3774,3770,4,0,22.712331466998876,6.770422458648682,0.12301464131403349,1.6765119881465518
43,6,3372587,1,42430433,5.902041038830258e-05,6588,6583,5,0,37.940524501000255,6.836348533630371,0.08920989484930408,1.1664906292723682
43,7,1472203,0,42430434,5.902041038830258e-05,2876,2874,2,0,16.412224088000585,6.749701023101807,0.21305854600920973,1.8470979715770703
43,8,2845626,1,42430435,5.902041038830258e-05,5558,5554,4,0,32.58611116300017,6.811844348907471,0.10795124563588743,1.332480760628601
43,9,1240841,0,42430436,5.902041038830258e-05,2424,2421,3,0,14.14022990400008,6.739888668060303,0.13048914295245378,1.3869341504027262
43,10,2671366,0,42430437,5.902041038830258e-05,5218,5215,3,0,30.740074400000594,6.803714275360107,0.13170769930114454,1.2136272134168264
43,11,1851046,0,42430438,5.902041038830258e-05,3616,3613,3,0,21.069781503998456,6.7667646408081055,0.08679584383865555,1.1127718184550581
43,12,1495960,1,42430439,5.902041038830258e-05,2922,2919,3,0,16.635334830998545,6.7507710456848145,0.17936726929840058,2.011171252729959
43,13,1779645,0,42430440,5.902041038830258e-05,3476,3474,2,0,20.16995380300068,6.763546943664551,0.09742229947017127,1.063139446041127
43,14,3063594,0,42430441,5.902041038830258e-05,5984,5981,3,0,35.10587497300003,6.821379661560059,0.04229963130724508,0.5962083054673132
43,15,1212957,1,42430442,5.902041038830258e-05,2370,2367,3,0,13.768547988000137,6.738023281097412,0.15165593768153254,1.927024747834812
43,16,870217,1,42430443,5.902041038830258e-05,1700,1698,2,0,9.222854825000468,6.7225871086120605,0.1354776748639254,1.4746333864748968
43,17,5890990,0,42430444,5.902041038830258e-05,11506,11500,6,0,66.60472786500031,6.948785305023193,0.056011203931725546,0.8274493036684782
43,18,1063458,1,42430445,5.902041038830258e-05,2078,2075,3,0,11.968295115000728,6.731289863586426,0.1062100182958396,0.978626164815512
43,19,1173148,0,42430446,5.902041038830258e-05,2292,2290,2,0,13.284975419999682,6.736230373382568,0.11105766462967386,1.1472735142603712
44,0,3352748,1,42440434,4.617620511371929e-05,6549,6545,4,0,37.07190025700038,6.83604621887207,0.1150053229743602,1.529001295120321
44,1,1783872,1,42440435,4.617620511371929e-05,3485,3483,2,0,19.72965693000151,6.763737678527832,0.09946830896272969,1.0396978404033879
44,2,2652819,1,42440436,4.617620511371929e-05,5182,5178,4,0,29.826077869000073,6.8028788566589355,0.07352303408802868,1.1606716894191773
44,3,1455566,1,42440437,4.617620511371929e-05,2843,2841,2,0,15.973359016001268,6.748951435089111,0.13596097737372403,1.434734361937918
44,4,1864534,1,42440438,4.617620511371929e-05,3642,3639,3,0,20.673140261998924,6.7673726081848145,0.1820770959730953,1.9141309318322342
44,5,1932238,0,42440439,4.617620511371929e-05,3774,3770,4,0,21.839573241000835,6.770422458648682,0.13087052160612153,1.7840583295341512
44,6,3372587,1,42440440,4.617620511371929e-05,6588,6584,4,0,38.58548020300077,6.836348533630371,0.09313679320844091,1.2219421460880544
44,7,1472203,0,42440441,4.617620511371929e-05,2876,2874,2,0,16.189054755999678,6.749701023101807,0.22303917446149749,1.9313312442914927
44,8,2845626,1,42440442,4.617620511371929e-05,5558,5554,4,0,31.189022601000033,6.811844348907471,0.11358259047884971,1.4082943810204358
44,9,1240841,0,42440443,4.617620511371929e-05,2424,2421,3,0,13.966126727998926,6.739888668060303,0.13885733767119088,1.4748342546339324
44,10,2671366,0,42440444,4.617620511371929e-05,5218,5216,2,0,29.92369292299918,6.803714275360107,0.13618585083382262,1.2376303643536715
44,11,1851046,0,42440445,4.617620511371929e-05,3616,3613,3,0,20.31225472799997,6.7667646408081055,0.09141185347670305,1.1621296468481872
44,12,1495960,1,42440446,4.617620511371929e-05,2922,2919,3,0,16.432163296,6.7507710456848145,0.19253518083970322,2.1407083038926
44,13,1779645,0,42440447,4.617620511371929e-05,3476,3474,2,0,19.905837054000585,6.763546943664551,0.1008829875588074,1.1099074851800879
44,14,3063594,0,42440448,4.617620511371929e-05,5984,5981,3,0,33.90022309100095,6.821379661560059,0.04415768035138616,0.6116741915806303
44,15,1212957,1,42440449,4.617620511371929e-05,2370,2367,3,0,13.64160179800092,6.738023281097412,0.16167512804232018,2.0230187374577526
44,16,870217,1,42440450,4.617620511371929e-05,1700,1698,2,0,9.47999054399952,6.7225871086120605,0.14276194937518405,1.5585025926641638
44,17,5890990,0,42440451,4.617620511371929e-05,11506,11500,6,0,66.71718794200024,6.948785305023193,0.05800439453125,0.8567633322010869
44,18,1063458,1,42440452,4.617620511371929e-05,2078,2077,1,0,11.907225495999228,6.731289863586426,0.10951130793079712,1.008158434453238
44,19,1173148,0,42440453,4.617620511371929e-05,2292,2290,2,0,13.299594366000747,6.736230373382568,0.11895815920100983,1.219489778077238
45,0,3352748,1,42450441,3.521740522971908e-05,6549,6545,4,0,36.99703048600168,6.83604621887207,0.12135227981462471,1.614802867169595
45,1,1783872,1,42450442,3.521740522971908e-05,3485,3483,2,0,19.910246572000688,6.763737678527832,0.1065054451840861,1.0925398111138027
45,2,2652819,1,42450443,3.521740522971908e-05,5182,5178,4,0,29.15953673000149,6.8028788566589355,0.0789344348517013,1.2426637109525878
45,3,1455566,1,42450444,3.521740522971908e-05,2843,2841,2,0,16.49400464700011,6.748951435089111,0.1425628930655469,1.4811785710357268
45,4,1864534,1,42450445,3.521740522971908e-05,3642,3639,3,0,20.886947473001783,6.7673726081848145,0.1918880738344583,2.0139152776346525
45,5,1932238,0,42450446,3.521740522971908e-05,3774,3770,4,0,21.69398857699889,6.770422458648682,0.13805427045341512,1.9116016661140585
45,6,3372587,1,42450447,3.521740522971908e-05,6588,6583,5,0,37.767721747000905,6.836348533630371,0.09757281457981258,1.2758726015399513
45,7,1472203,0,42450448,3.521740522971908e-05,2876,2873,3,0,16.655264618999354,6.749701023101807,0.23533169898761094,2.041760538581187
45,8,2845626,1,42450449,3.521740522971908e-05,5558,5554,4,0,31.463335460999588,6.811844348907471,0.1207210333346462,1.5256621072650343
45,9,1240841,0,42450450,3.521740522971908e-05,2424,2421,3,0,13.57740943799945,6.739888668060303,0.1507799163528436,1.5959624929006608
45,10,2671366,0,42450451,3.521740522971908e-05,5218,5216,2,0,29.527159860999745,6.803714275360107,0.14100950042162935,1.2581664477389283
45,11,1851046,0,42450452,3.521740522971908e-05,3616,3613,3,0,20.72546205300023,6.7667646408081055,0.09571342985616178,1.2189382578968309
45,12,1495960,1,42450453,3.521740522971908e-05,2922,2919,3,0,16.476796382999964,6.7507710456848145,0.20841324986885493,2.285134169450154
45,13,1779645,0,42450454,3.521740522971908e-05,3476,3474,2,0,19.90576138600045,6.763546943664551,0.10485856534423126,1.1464922459700633
45,14,3063594,0,42450455,3.521740522971908e-05,5984,5981,3,0,34.00549537799998,6.821379661560059,0.046221522777859056,0.6354282457600109
45,15,1212957,1,42450456,3.521740522971908e-05,2370,2367,3,0,13.157360519000576,6.738023281097412,0.1716871241451468,2.139140352701204
45,16,870217,1,42450457,3.521740522971908e-05,1700,1697,3,0,9.27059079799983,6.7225871086120605,0.1549297775601245,1.7385663924388628
45,17,5890990,0,42450458,3.521740522971908e-05,11506,11500,6,0,66.15534580399981,6.948785305023193,0.06042965565557065,0.8759393682065217
45,18,1063458,1,42450459,3.521740522971908e-05,2078,2077,1,0,11.877489902999514,6.731289863586426,0.11416816252266264,1.0463297095043933
45,19,1173148,0,42450460,3.521740522971908e-05,2292,2290,2,0,13.25159899999926,6.736230373382568,0.1263448390377661,1.2759482038073144
46,0,3352748,1,42460448,2.618904279568042e-05,6549,6545,4,0,36.682390922000195,6.83604621887207,0.1294704871472737,1.7324702182009166
46,1,1783872,1,42460449,2.618904279568042e-05,3485,3483,2,0,19.533314082998913,6.763737678527832,0.11535677826339542,1.1458894793685401
46,2,2652819,1,42460450,2.618904279568042e-05,5182,5178,4,0,28.645967403999748,6.8028788566589355,0.08603194654102995,1.35173789650927
46,3,1455566,1,42460451,2.618904279568042e-05,2843,2841,2,0,15.939358468000137,6.748951435089111,0.15189981108104542,1.5749440392907428
46,4,1864534,1,42460452,2.618904279568042e-05,3642,3639,3,0,20.04059751299974,6.7673726081848145,0.20349986555157668,2.142795228342264
46,5,1932238,0,42460453,2.618904279568042e-05,3774,3770,4,0,20.92542268899888,6.770422458648682,0.1476231258807195,2.045324156581565
46,6,3372587,1,42460454,2.618904279568042e-05,6588,6584,4,0,36.68241957999999,6.836348533630371,0.1031870140919274,1.3433931334485116
46,7,1472203,0,42460455,2.618904279568042e-05,2876,2874,2,0,16.217457619000925,6.749701023101807,0.25164036760748304,2.16812369519833
46,8,2845626,1,42460456,2.618904279568042e-05,5558,5554,4,0,31.729854596998848,6.811844348907471,0.13049150466232107,1.6502534772236226
46,9,1240841,0,42460457,2.618904279568042e-05,2424,2421,3,0,13.354869230000986,6.739888668060303,0.16439453780478755,1.7404495737169559
46,10,2671366,0,42460458,2.618904279568042e-05,5218,5215,3,0,29.343336959000226,6.803714275360107,0.14755524647201582,1.2928108895613615
46,11,1851046,0,42460459,2.618904279568042e-05,3616,3613,3,0,20.450358219999544,6.7667646408081055,0.10237760567579314,1.2932293108220316
46,12,1495960,1,42460460,2.618904279568042e-05,2922,2919,3,0,16.39322030800031,6.7507710456848145,0.22931596129346524,2.4423649138724732
46,13,1779645,0,42460461,2.618904279568042e-05,3476,3473,3,0,19.5074493230004,6.763546943664551,0.10950886259290418,1.1953231851065362
46,14,3063594,0,42460462,2.618904279568042e-05,5984,5981,3,0,34.30559507699945,6.821379661560059,0.04878107557885126,0.6611336288873099
46,15,1212957,1,42460463,2.618904279568042e-05,2370,2366,4,0,12.869797589999507,6.738023281097412,0.18688937757142196,2.2782990559620666
46,16,870217,0,42460464,2.618904279568042e-05,1700,1698,2,0,9.210292171999754,6.722666263580322,0.16931749036090255,1.8954768995233362
46,17,5890990,0,42460465,2.618904279568042e-05,11506,11500,6,0,64.55288040999949,6.948785305023193,0.0633401462720788,0.9053543648097826
46,18,1063458,0,42460466,2.618904279568042e-05,2078,2076,2,0,11.643731308999122,6.731289863586426,0.11968070969186537,1.0803994121808767
46,19,1173148,1,42460467,2.618904279568042e-05,2292,2290,2,0,12.720149089000188,6.736326694488525,0.13661007277309634,1.3808734477347162
47,0,3352748,1,42470455,1.9128217289422665e-05,6549,6545,4,0,36.494436353999845,6.83604621887207,0.1381995496174322,1.8623591482047364
47,1,1783872,1,42470456,1.9128217289422665e-05,3485,3483,2,0,19.028390871000738,6.763737678527832,0.12618056501837047,1.2247781635802468
47,2,2652819,1,42470457,1.9128217289422665e-05,5182,5178,4,0,28.600250090999907,6.8028788566589355,0.09453020799385622,1.4760319727090576
47,3,1455566,1,42470458,1.9128217289422665e-05,2843,2841,2,0,15.99396649099981,6.748951435089111,0.16193846152391875,1.6757934527345124
47,4,1864534,1,42470459,1.9128217289422665e-05,3642,3639,3,0,19.941839043000073,6.7673726081848145,0.21706431263847384,2.279652452167491
47,5,1932238,0,42470460,1.9128217289422665e-05,3774,3770,4,0,21.047450578998905,6.770422458648682,0.15942034734022711,2.2296579699933687
47,6,3372587,1,42470461,1.9128217289422665e-05,6588,6584,4,0,36.665362138999626,6.836348533630371,0.10954505299305134,1.4168582513005012
47,7,1472203,0,42470462,1.9128217289422665e-05,2876,2874,2,0,16.063267785999415,6.749701023101807,0.27009609065789186,2.3254730925430587
47,8,2845626,1,42470463,1.9128217289422665e-05,5558,5554,4,0,30.43225004099986,6.811844348907471,0.14213108698755963,1.8048897050549153
47,9,1240841,0,42470464,1.9128217289422665e-05,2424,2421,3,0,13.594528808998803,6.739888668060303,0.1814064804259926,1.9178838402906857
47,10,2671366,0,42470465,1.9128217289422665e-05,5218,5215,3,0,28.940917161999096,6.803714275360107,0.15477126387598875,1.327504981124161
47,11,1851046,0,42470466,1.9128217289422665e-05,3616,3613,3,0,19.789559592998557,6.7667646408081055,0.10952263818102598,1.3728033425304456
47,12,1495960,1,42470467,1.9128217289422665e-05,2922,2919,3,0,16.271097370999996,6.7507710456848145,0.25527005850676604,2.662772126049161
47,13,1779645,0,42470468,1.9128217289422665e-05,3476,3474,2,0,19.297595901000022,6.763546943664551,0.11525684591676562,1.2639521377554692
47,14,3063594,0,42470469,1.9128217289422665e-05,5984,5981,3,0,33.10051633399962,6.821379661560059,0.051412046962190164,0.6881091882105835
47,15,1212957,1,42470470,1.9128217289422665e-05,2370,2367,3,0,13.072987018000276,6.738023281097412,0.20316509702913763,2.443739974453422
47,16,870217,1,42470471,1.9128217289422665e-05,1700,1697,3,0,8.962337671000569,6.7225871086120605,0.1838788205058559,2.0990553469818063
47,17,5890990,0,42470472,1.9128217289422665e-05,11506,11500,6,0,64.19504020099885,6.948785305023193,0.06664347507642664,0.9378312669836957
47,18,1063458,1,42470473,1.9128217289422665e-05,2078,2076,2,0,11.306794144000378,6.731289863586426,0.12516443623743076,1.1132496152080322
47,19,1173148,0,42470474,1.9128217289422665e-05,2292,2290,2,0,12.507910633001302,6.736230373382568,0.14794583383085425,1.4810141750818777
48,0,3352748,1,42480462,1.4063943157493203e-05,6549,6545,4,0,36.31706299100006,6.83604621887207,0.1482117771647011,1.9882658816367456
48,1,1783872,1,42480463,1.4063943157493203e-05,3485,3483,2,0,19.1429865730006,6.763737678527832,0.13902737017578687,1.3114135286570485
48,2,2652819,1,42480464,1.4063943157493203e-05,5182,5178,4,0,27.987631410000176,6.8028788566589355,0.10398827615784328,1.6055538078770761
48,3,1455566,1,42480465,1.4063943157493203e-05,2843,2840,3,0,15.400013612999828,6.748951435089111,0.17465017614230305,1.7819406428807218
48,4,1864534,1,42480466,1.4063943157493203e-05,3642,3639,3,0,19.858009763000155,6.7673726081848145,0.23274474577708504,2.437342204245672
48,5,1932238,0,42480467,1.4063943157493203e-05,3774,3770,4,0,20.544341087999783,6.770422458648682,0.17164591579285476,2.4201669222480104
48,6,3372587,1,42480468,1.4063943157493203e-05,6588,6584,4,0,36.168156072000784,6.836348533630371,0.1166258912764372,1.4972647647231927
48,7,1472203,0,42480469,1.4063943157493203e-05,2876,2874,2,0,15.584898859000532,6.749701023101807,0.2894152466754741,2.469016227111604
48,8,2845626,1,42480470,1.4063943157493203e-05,5558,5554,4,0,30.29913634299919,6.811844348907471,0.15431124914194724,2.0057842953839575
48,9,1240841,0,42480471,1.4063943157493203e-05,2424,2421,3,0,13.223658876000627,6.739888668060303,0.20103069496076,2.148458071948575
48,10,2671366,0,42480472,1.4063943157493203e-05,5218,5216,2,0,28.32575166100105,6.803714275360107,0.16251292550490679,1.3572158345415548
48,11,1851046,0,42480473,1.4063943157493203e-05,3616,3613,3,0,19.975077037999654,6.7667646408081055,0.11658366921533352,1.4523261540357737
48,12,1495960,1,42480474,1.4063943157493203e-05,2922,2919,3,0,16.07857844099999,6.7507710456848145,0.2820515072317146,2.857423547768928
48,13,1779645,0,42480475,1.4063943157493203e-05,3476,3474,2,0,19.066691979000097,6.763546943664551,0.12188655697345459,1.3285722397632411
48,14,3063594,0,42480476,1.4063943157493203e-05,5984,5981,3,0,32.81024035200062,6.821379661560059,0.05483066882203801,0.727560778402441
48,15,1212957,1,42480477,1.4063943157493203e-05,2370,2367,3,0,12.958473416998459,6.738023281097412,0.22473928421723172,2.651923543448986
48,16,870217,1,42480478,1.4063943157493203e-05,1700,1697,3,0,8.914778533000572,6.7225871086120605,0.203961616835316,2.370035327738288
48,17,5890990,0,42480479,1.4063943157493203e-05,11506,11499,7,0,63.83270608000021,6.948785305023193,0.07023731937967433,0.9777918867945039
48,18,1063458,1,42480480,1.4063943157493203e-05,2078,2075,3,0,11.576290239001537,6.731289863586426,0.13165956795933734,1.152378576807229
48,19,1173148,0,42480481,1.4063943157493203e-05,2292,2290,2,0,12.734222413999305,6.736230373382568,0.15978552139482124,1.5748236643695415
49,0,3352748,1,42490469,1.1017030588583515e-05,6549,6545,4,0,35.62622024399934,6.83604621887207,0.15661069026332125,2.089160230853705
49,1,1783872,1,42490470,1.1017030588583515e-05,3485,3483,2,0,19.060601712999414,6.763737678527832,0.14958397259905254,1.3931522024386305
49,2,2652819,1,42490471,1.1017030588583515e-05,5182,5178,4,0,28.720425673000136,6.8028788566589355,0.11175478172375918,1.7223631680909617
49,3,1455566,1,42490472,1.1017030588583515e-05,2843,2841,2,0,15.72422271799951,6.748951435089111,0.1840082992344245,1.8638283106190603
49,4,1864534,1,42490473,1.1017030588583515e-05,3642,3639,3,0,20.083795688000464,6.7673726081848145,0.24460346235551492,2.5728554805578456
49,5,1932238,0,42490474,1.1017030588583515e-05,3774,3770,4,0,21.07039836399963,6.770422458648682,0.1820576392054874,2.5771883289124666
49,6,3372587,1,42490475,1.1017030588583515e-05,6588,6584,4,0,36.062048258001596,6.836348533630371,0.12225213867780794,1.562558439493469
49,7,1472203,0,42490476,1.1017030588583515e-05,2876,2874,2,0,15.832132056999399,6.749701023101807,0.3046727827545994,2.6002182824460682
49,8,2845626,1,42490477,1.1017030588583515e-05,5558,5554,4,0,30.879344296001364,6.811844348907471,0.16293190999729926,2.1408875149104247
49,9,1240841,0,42490478,1.1017030588583515e-05,2424,2421,3,0,13.390768815001138,6.739888668060303,0.21604413328363795,2.3164653439307106
49,10,2671366,0,42490479,1.1017030588583515e-05,5218,5215,3,0,29.03881950200048,6.803714275360107,0.1690555151905561,1.389024018006951
49,11,1851046,0,42490480,1.1017030588583515e-05,3616,3613,3,0,19.718071930001315,6.7667646408081055,0.12257814763689714,1.5158843445111403
49,12,1495960,1,42490481,1.1017030588583515e-05,2922,2919,3,0,16.04437513799894,6.7507710456848145,0.3041807137437372,3.0212424926130526
49,13,1779645,0,42490482,1.1017030588583515e-05,3476,3474,2,0,19.1576986759992,6.763546943664551,0.12702579970461375,1.3910181268440558
49,14,3063594,0,42490483,1.1017030588583515e-05,5984,5981,3,0,33.39362742499907,6.821379661560059,0.05742514769262822,0.7519069174782645
49,15,1212957,1,42490484,1.1017030588583515e-05,2370,2366,4,0,12.902197593999517,6.738023281097412,0.2408399025666341,2.7635938655695265
49,16,870217,1,42490485,1.1017030588583515e-05,1700,1697,3,0,8.916239866999604,6.7225871086120605,0.21899002246036203,2.5993294117376253
49,17,5890990,0,42490486,1.1017030588583515e-05,11506,11500,6,0,62.815700868999556,6.948785305023193,0.07290402088994566,0.9969189028532609
49,18,1063458,1,42490487,1.1017030588583515e-05,2078,2075,3,0,11.541643135999038,6.731289863586426,0.1370494723032756,1.1784023202183735
49,19,1173148,0,42490488,1.1017030588583515e-05,2292,2290,2,0,12.677510507000989,6.736230373382568,0.16908782559190774,1.6591286205308406
50,0,3352748,1,42500476,1e-05,6549,6545,4,0,36.21868895599982,6.83604621887207,0.1586169704032181,2.0985568659281895
50,1,1783872,1,42500477,1e-05,3485,3483,2,0,19.56417758799944,6.763737678527832,0.1529465137868307,1.4096483421709016
50,2,2652819,1,42500478,1e-05,5182,5178,4,0,28.922005737998916,6.8028788566589355,0.11363928048202733,1.729638539856122
50,3,1455566,1,42500479,1e-05,2843,2841,2,0,15.733775496000817,6.748951435089111,0.18719095715499603,1.8526330751165963
50,4,1864534,1,42500480,1e-05,3642,3639,3,0,20.205861163998634,6.7673726081848145,0.24802029057497768,2.5854093672712284
50,5,1932238,0,42500481,1e-05,3774,3770,4,0,21.22754797199923,6.770422458648682,0.18352028115674734,2.5665893878481434
50,6,3372587,1,42500482,1e-05,6588,6583,5,0,35.960456135999266,6.836348533630371,0.12381793176731258,1.569462921777685
50,7,1472203,0,42500483,1e-05,2876,2874,2,0,15.78722907700103,6.749701023101807,0.30908481329783183,2.6108031462030272
50,8,2845626,1,42500484,1e-05,5558,5554,4,0,30.177322282001114,6.811844348907471,0.16489965090615996,2.15686241757067
50,9,1240841,0,42500485,1e-05,2424,2421,3,0,13.449006874001498,6.739888668060303,0.22231945997424876,2.3935444015257126
50,10,2671366,0,42500486,1e-05,5218,5215,3,0,28.879888244999165,6.803714275360107,0.1720984483610978,1.3985727955716682
50,11,1851046,0,42500487,1e-05,3616,3614,2,0,20.056986438999957,6.7667646408081055,0.12395434651377456,1.5188058537544964
50,12,1495960,1,42500488,1e-05,2922,2919,3,0,16.243978469001377,6.7507710456848145,0.31161060967074555,3.06148663658359
50,13,1779645,0,42500489,1e-05,3476,3474,2,0,19.548856067998713,6.763546943664551,0.12921563358779056,1.396662315144646
50,14,3063594,0,42500490,1e-05,5984,5981,3,0,33.15433389100144,6.821379661560059,0.05801695195593337,0.7602242713906537
50,15,1212957,1,42500491,1e-05,2370,2366,4,0,13.161717050999869,6.738023281097412,0.24476769286903,2.7747888379649197
50,16,870217,1,42500492,1e-05,1700,1697,3,0,8.951866658999279,6.7225871086120605,0.22554817267144225,2.69701501040439
50,17,5890990,0,42500493,1e-05,11506,11500,6,0,63.12852237900006,6.948785305023193,0.07360198178498642,0.9953228600543478
50,18,1063458,1,42500494,1e-05,2078,2076,2,0,11.246892873001343,6.731289863586426,0.1395422286840303,1.1904088720420882
50,19,1173148,0,42500495,1e-05,2292,2291,1,0,12.54708331099937,6.736230373382568,0.17103045832793404,1.6615514001800524
