round,cid,accuracy,precision_macro,precision_micro,precision_weighted,recall_macro,recall_micro,recall_weighted,f1_macro,f1_micro,f1_weighted
1,0,0.5762889446047765,0.5479382894447946,0.5762889446047765,0.6411978740708264,0.42638583784661716,0.5762889446047765,0.5762889446047766,0.42161802329381026,0.5762889446047765,0.5746824310438947
1,1,0.4917602756458929,0.467060597825936,0.4917602756458929,0.6188262698041549,0.3881915836319806,0.4917602756458929,0.4917602756458929,0.34067357512494856,0.4917602756458929,0.4958615174939236
1,2,0.3877111806583992,0.48655221072878607,0.3877111806583992,0.6002082493053718,0.48060489288295,0.3877111806583992,0.38771118065839927,0.4161272252852867,0.3877111806583992,0.375747342613992
1,3,0.44532843159074104,0.41486245341507383,0.44532843159074104,0.5872524713318916,0.4399853840861686,0.44532843159074104,0.44532843159074104,0.3500479017335523,0.44532843159074104,0.4099760261452674
1,4,0.3159388191603966,0.29130812235552284,0.3159388191603966,0.39426650801915186,0.29377302962452645,0.3159388191603966,0.31593881916039657,0.18926983799934477,0.3159388191603966,0.3006892569363012
1,5,0.3923037301199302,0.510558294350932,0.3923037301199302,0.6180387671707237,0.465467862241806,0.3923037301199302,0.39230373011993014,0.39075333282626556,0.3923037301199302,0.37950759130191286
1,6,0.35636137608475077,0.3992687478470718,0.35636137608475077,0.5472561320893148,0.3970848254371395,0.35636137608475077,0.3563613760847508,0.28856195901342707,0.35636137608475077,0.3568467444908542
1,7,0.4349801878817542,0.5026374449214741,0.4349801878817542,0.6432944568129666,0.5053484935850563,0.4349801878817542,0.4349801878817542,0.4239774475304595,0.4349801878817542,0.43518029251679735
1,8,0.5279991540089374,0.4902032357194853,0.5279991540089374,0.6376670236064903,0.4472715224607722,0.5279991540089374,0.5279991540089374,0.37555948217804935,0.5279991540089374,0.5231622724405582
1,9,0.5643487062906554,0.49577572581754725,0.5643487062906554,0.6474684739020153,0.37648246753995507,0.5643487062906554,0.5643487062906554,0.3397499883375399,0.5643487062906554,0.5541905611376012
1,10,0.5363563822842558,0.49317597893569376,0.5363563822842558,0.6070603478938601,0.39005479912076324,0.5363563822842558,0.5363563822842558,0.37291441477756937,0.5363563822842558,0.5360533332494293
1,11,0.4937132846708817,0.4675312661277271,0.4937132846708817,0.6138900504415313,0.4654229770962902,0.4937132846708817,0.4937132846708817,0.39441191247157004,0.4937132846708817,0.49618309436443203
1,12,0.3670736078201392,0.5869119491533505,0.3670736078201392,0.6645435267355033,0.3520458060663011,0.3670736078201392,0.3670736078201392,0.3520114149741959,0.3670736078201392,0.38008285515139983
1,13,0.4249096046840994,0.4742264763954158,0.4249096046840994,0.5958753550823439,0.433199085575513,0.4249096046840994,0.42490960468409933,0.3727220149378524,0.4249096046840994,0.4384485692453017
1,14,0.24763665650281755,0.28843794420358515,0.24763665650281755,0.30213872458768165,0.25193688226179833,0.24763665650281755,0.24763665650281752,0.17489183774625927,0.24763665650281755,0.19239288421763795
1,15,0.5090585812570049,0.4724146058517597,0.5090585812570049,0.623902775158884,0.39870818014778403,0.5090585812570049,0.5090585812570049,0.3306793709474995,0.5090585812570049,0.4832078974754189
1,16,0.6007766874450522,0.5055036834498968,0.6007766874450522,0.6135751949735249,0.4497867177341307,0.6007766874450522,0.6007766874450522,0.4442683532254108,0.6007766874450522,0.5910209955214623
1,17,0.35939556986521104,0.4330586884965582,0.35939556986521104,0.590341660438168,0.3851903230641772,0.35939556986521104,0.35939556986521104,0.3213762586048109,0.35939556986521104,0.3398544341458669
1,18,0.5475088936390189,0.3941295184388907,0.5475088936390189,0.5928071338878935,0.383761848174201,0.5475088936390189,0.5475088936390189,0.30757062182638345,0.5475088936390189,0.5316340966368488
1,19,0.5559549584099308,0.5840579051407773,0.5559549584099308,0.6810034048376091,0.5208541636030695,0.5559549584099308,0.5559549584099308,0.46462155358234025,0.5559549584099308,0.525941519816897
1,20,0.5771339134901656,0.5297034455302292,0.5771339134901656,0.6387369445265416,0.4826971657935033,0.5771339134901656,0.5771339134901657,0.4349155029064151,0.5771339134901656,0.5180146592402081
1,21,0.5443209086449526,0.4752139806168753,0.5443209086449526,0.6011644361692401,0.3651598445498069,0.5443209086449526,0.5443209086449526,0.3167066870213482,0.5443209086449526,0.5197350889229588
1,22,0.4666155516091254,0.49878926177840477,0.4666155516091254,0.641015394017461,0.4404804003435595,0.4666155516091254,0.4666155516091254,0.3652014207655563,0.4666155516091254,0.4533658986680439
1,23,0.5352457402389275,0.4750940102107092,0.5352457402389275,0.6078738059154171,0.4477075902994726,0.5352457402389275,0.5352457402389273,0.3929147589209267,0.5352457402389275,0.4943022938388858
1,24,0.4455713380755543,0.45186898491576366,0.4455713380755543,0.5923289331614472,0.48116790300752665,0.4455713380755543,0.4455713380755543,0.38863783613462394,0.4455713380755543,0.4343620368986228
1,25,0.37984506208936936,0.4516543889133753,0.37984506208936936,0.5928014040175746,0.48857471792027196,0.37984506208936936,0.3798450620893693,0.37196544348327765,0.37984506208936936,0.3627499071674231
1,26,0.58032347821271,0.4650882355483079,0.58032347821271,0.6083322230068755,0.4890800506865503,0.58032347821271,0.58032347821271,0.44228582685189743,0.58032347821271,0.5696559749581712
1,27,0.4956751215903071,0.4532086787806892,0.4956751215903071,0.628805500984478,0.4199714509038415,0.4956751215903071,0.49567512159030713,0.36260837562229553,0.4956751215903071,0.48899364071822504
1,28,0.37426490355339476,0.4710756531765108,0.37426490355339476,0.6129526318574465,0.46755372423364533,0.37426490355339476,0.37426490355339476,0.3688664479472018,0.37426490355339476,0.3491436513909291
1,29,0.3083765660103948,0.3561677541904841,0.3083765660103948,0.5176192816765528,0.4248100348032865,0.3083765660103948,0.30837656601039476,0.3132148199432192,0.3083765660103948,0.27619170998097003
1,30,0.46769543541173253,0.4055682874857756,0.46769543541173253,0.47406764244731037,0.5005502517536301,0.46769543541173253,0.4676954354117325,0.3900500923764203,0.46769543541173253,0.42730028337589476
1,31,0.5183034310866218,0.5361201130719906,0.5183034310866218,0.6527544505741216,0.5100824743494035,0.5183034310866218,0.5183034310866218,0.4467638201842642,0.5183034310866218,0.5325883425769212
1,32,0.4977921436014074,0.5018174404888458,0.4977921436014074,0.6387314358076704,0.3718364673341945,0.4977921436014074,0.49779214360140733,0.3070546020194318,0.4977921436014074,0.47619200040059995
1,33,0.28579694932128824,0.44925321873673185,0.28579694932128824,0.5769355011433992,0.352132679413677,0.28579694932128824,0.28579694932128824,0.26299125119241645,0.28579694932128824,0.25708635897609244
1,34,0.37202614952427404,0.3839530612973194,0.37202614952427404,0.5287783709878187,0.3875360822952181,0.37202614952427404,0.37202614952427404,0.32391481868751004,0.37202614952427404,0.3254663641941728
1,35,0.6166913367597334,0.48175636581649994,0.6166913367597334,0.655765215108302,0.4516711713204206,0.6166913367597334,0.6166913367597334,0.3831044862488706,0.6166913367597334,0.5953407819937679
1,36,0.44326000946164434,0.5031903896324855,0.44326000946164434,0.643697364081622,0.42699059369741665,0.44326000946164434,0.44326000946164434,0.35677675103250023,0.44326000946164434,0.4237338605573529
1,37,0.4876944262440106,0.39177939253719524,0.4876944262440106,0.5876234645686635,0.43280825799460954,0.4876944262440106,0.4876944262440106,0.33407300600322454,0.4876944262440106,0.43753104668172377
1,38,0.5947241900941175,0.576007434649551,0.5947241900941175,0.6656644795225206,0.46646530935611574,0.5947241900941175,0.5947241900941174,0.4259890791427793,0.5947241900941175,0.5866281496037931
1,39,0.47738604744779534,0.4851816449317124,0.47738604744779534,0.63665165113279,0.4132058537510983,0.47738604744779534,0.47738604744779534,0.30879564961485184,0.47738604744779534,0.43440884813439185
1,40,0.6121800968522237,0.5627663514879173,0.6121800968522237,0.6490575558287568,0.4848904864055922,0.6121800968522237,0.6121800968522237,0.46212777945235567,0.6121800968522237,0.6065095228343103
1,41,0.47473823666804416,0.4874124045399335,0.47473823666804416,0.6502943604550573,0.4185050449185884,0.47473823666804416,0.4747382366680441,0.3776465508307642,0.47473823666804416,0.46957539177203
1,42,0.2359920132645154,0.36032381180951556,0.2359920132645154,0.48062404293239275,0.41296923867572666,0.2359920132645154,0.2359920132645154,0.25757782039046534,0.2359920132645154,0.18187922148518093
1,43,0.5415345463851491,0.5448162941521606,0.5415345463851491,0.6655183981460602,0.5314442493304251,0.5415345463851491,0.5415345463851492,0.4706678138664357,0.5415345463851491,0.5334991718553966
1,44,0.5614277883345973,0.47203465845485143,0.5614277883345973,0.6224591457898718,0.4175048368476456,0.5614277883345973,0.5614277883345973,0.39537214002765275,0.5614277883345973,0.5602016095186563
1,45,0.48402750474545786,0.4298866068509135,0.48402750474545786,0.6139332080170403,0.4383155924667894,0.48402750474545786,0.48402750474545786,0.3640240831853282,0.48402750474545786,0.4881952120653692
1,46,0.5317778645286187,0.523366679919371,0.5317778645286187,0.6456346783182063,0.42938762021854937,0.5317778645286187,0.5317778645286187,0.3793566902709233,0.5317778645286187,0.518708419141472
1,47,0.38633690980763274,0.5238961116158605,0.38633690980763274,0.6251274252561091,0.45124315181643393,0.38633690980763274,0.3863369098076327,0.39769394903252997,0.38633690980763274,0.3962723529324741
1,48,0.2901060769088022,0.40865438263199105,0.2901060769088022,0.5779354179708456,0.4309791627804756,0.2901060769088022,0.2901060769088022,0.31958696860726066,0.2901060769088022,0.2707029348673542
1,49,0.31683201622697094,0.3910336876793617,0.31683201622697094,0.5651185312096569,0.3024584630696773,0.31683201622697094,0.3168320162269709,0.26218303407314403,0.31683201622697094,0.362327106001741
1,50,0.5328117503549511,0.4274402315056809,0.5328117503549511,0.5792890614203714,0.39358798161394626,0.5328117503549511,0.532811750354951,0.3551544824048165,0.5328117503549511,0.5304288852410772
1,51,0.5334325836468552,0.5310176571713124,0.5334325836468552,0.6679685256669834,0.5373519978560632,0.5334325836468552,0.5334325836468552,0.42936431083743404,0.5334325836468552,0.5065425142064679
1,52,0.2873246396848423,0.34873744503762605,0.2873246396848423,0.5353327321169832,0.29305157813579963,0.2873246396848423,0.28732463968484234,0.20299195598510747,0.2873246396848423,0.24138632779743513
1,53,0.4580880843589875,0.5152789799842677,0.4580880843589875,0.6108618757718732,0.446758888220554,0.4580880843589875,0.45808808435898757,0.37153584755756214,0.4580880843589875,0.3928984395422137
1,54,0.2640360966098748,0.3855144041603219,0.2640360966098748,0.5250626730739445,0.35454063863336827,0.2640360966098748,0.2640360966098748,0.255147498710307,0.2640360966098748,0.2424159053336869
1,55,0.31728790728071765,0.5128039997967009,0.31728790728071765,0.5932938823714475,0.3013351856893426,0.31728790728071765,0.31728790728071765,0.26891897864096176,0.31728790728071765,0.2951763810771201
1,56,0.4082903035429686,0.42930655663115264,0.4082903035429686,0.5086838890967442,0.4734276345906304,0.4082903035429686,0.4082903035429686,0.37506831889045833,0.4082903035429686,0.38671402987284714
1,57,0.5559375813966714,0.5404668023647965,0.5559375813966714,0.6516350868717549,0.5305227234441343,0.5559375813966714,0.5559375813966714,0.4629084823894069,0.5559375813966714,0.5211026638903069
1,58,0.5129329118122152,0.4681139251826426,0.5129329118122152,0.6427571445390732,0.4256503545894754,0.5129329118122152,0.5129329118122152,0.3676100050212049,0.5129329118122152,0.4996431373841649
1,59,0.37278451211897995,0.4308959783503075,0.37278451211897995,0.49599904620095914,0.40691163395781366,0.37278451211897995,0.37278451211897995,0.3413130080143938,0.37278451211897995,0.3421734321026639
1,60,0.3912968855281353,0.5353533216181604,0.3912968855281353,0.6389636304811845,0.41990805995872954,0.3912968855281353,0.39129688552813524,0.3945163763968218,0.3912968855281353,0.42198033101266896
1,61,0.5556758110953252,0.5746786731579712,0.5556758110953252,0.6585872485919972,0.46445124114815645,0.5556758110953252,0.5556758110953252,0.45139795433403895,0.5556758110953252,0.569029801367908
1,62,0.4748309760222307,0.5186766995358428,0.4748309760222307,0.6424233950773754,0.5191005458801188,0.4748309760222307,0.4748309760222307,0.43809395641377363,0.4748309760222307,0.4759606564191552
1,63,0.4826574155288982,0.4283427083506476,0.4826574155288982,0.6193670445507202,0.46834568559960954,0.4826574155288982,0.4826574155288982,0.3787450127854677,0.4826574155288982,0.47348315052865636
1,64,0.5250209012016437,0.515632742971321,0.5250209012016437,0.6152193365998694,0.43200540211641425,0.5250209012016437,0.5250209012016437,0.41778080771677917,0.5250209012016437,0.5262296087098851
1,65,0.4885329832902826,0.5964572399957364,0.4885329832902826,0.6689998749961026,0.47626923234535,0.4885329832902826,0.48853298329028266,0.43450843972069214,0.4885329832902826,0.4976436106254029
1,66,0.5544280114480135,0.43989253503171044,0.5544280114480135,0.5856993883805222,0.4769680258751184,0.5544280114480135,0.5544280114480135,0.3980675255360795,0.5544280114480135,0.5369060431042029
1,67,0.5379153884417586,0.42419124482866793,0.5379153884417586,0.5894930133708134,0.5247830936843845,0.5379153884417586,0.5379153884417586,0.4203093003704281,0.5379153884417586,0.49642134703388857
1,68,0.5186947391231745,0.5617358182422436,0.5186947391231745,0.674953012481001,0.4597312129847655,0.5186947391231745,0.5186947391231745,0.4167422593981398,0.5186947391231745,0.5088964476938858
1,69,0.1786738885657673,0.3445011514966595,0.1786738885657673,0.5527179773682286,0.28816212928613516,0.1786738885657673,0.1786738885657673,0.17859967689402323,0.1786738885657673,0.1298148180435373
1,70,0.2993566881011041,0.4110036914525581,0.2993566881011041,0.3724126563673653,0.3411834573900414,0.2993566881011041,0.2993566881011041,0.23213210065087153,0.2993566881011041,0.23490700750018226
1,71,0.529881632803638,0.48775626639017367,0.529881632803638,0.6212957956044335,0.48551300182357127,0.529881632803638,0.529881632803638,0.44284905661968754,0.529881632803638,0.5123661891410316
1,72,0.3644415013999647,0.45951670419795676,0.3644415013999647,0.5772478158054466,0.32609255810149956,0.3644415013999647,0.3644415013999647,0.2731453188279903,0.3644415013999647,0.33744191590476996
1,73,0.47013286352827893,0.5694565612864482,0.47013286352827893,0.6468418200101375,0.5429230192418948,0.47013286352827893,0.47013286352827893,0.4853720096762263,0.47013286352827893,0.4657469101912102
1,74,0.47960686691242904,0.5123209311472294,0.47960686691242904,0.6256766246818554,0.4640438800952622,0.47960686691242904,0.47960686691242904,0.4152042603876189,0.47960686691242904,0.49376647840896803
1,75,0.5538404453793546,0.4766816300593258,0.5538404453793546,0.6262618571324041,0.48954610991693526,0.5538404453793546,0.5538404453793546,0.3843884935678784,0.5538404453793546,0.5213179309205371
1,76,0.5281569410063409,0.5356555085541783,0.5281569410063409,0.6498271039826966,0.5168613992898428,0.5281569410063409,0.5281569410063409,0.46705129850190796,0.5281569410063409,0.5395585721024028
1,77,0.5312851750938521,0.5797440067972707,0.5312851750938521,0.6962595069389952,0.4554406961133153,0.5312851750938521,0.5312851750938521,0.4139353540835127,0.5312851750938521,0.5055982382564645
1,78,0.503990626448762,0.5227526602663835,0.503990626448762,0.6121720805508071,0.4232479943501477,0.503990626448762,0.5039906264487619,0.3998601117414954,0.503990626448762,0.507255482191222
1,79,0.35041620734512413,0.37355611169318403,0.35041620734512413,0.5829643304082326,0.4937743287098645,0.35041620734512413,0.35041620734512413,0.3352945406580307,0.35041620734512413,0.299424281420275
1,80,0.5780889987430008,0.508621526949649,0.5780889987430008,0.6392750530413459,0.3902830710548847,0.5780889987430008,0.5780889987430007,0.34772969384888164,0.5780889987430008,0.5585769829049478
1,81,0.43468793811330053,0.5361144063988066,0.43468793811330053,0.6206716824632242,0.38951646750032287,0.43468793811330053,0.43468793811330053,0.3594151725680176,0.43468793811330053,0.4403760878807681
1,82,0.49310072172218655,0.37066956739171697,0.49310072172218655,0.5885035856570862,0.36107603981776637,0.49310072172218655,0.49310072172218655,0.3233942742776226,0.49310072172218655,0.4990685230128906
1,83,0.49178285647060965,0.4045035551431498,0.49178285647060965,0.5965529531174953,0.36935468124625515,0.49178285647060965,0.4917828564706096,0.27236749614699146,0.49178285647060965,0.44171802133992394
1,84,0.5114949871963007,0.555212943302534,0.5114949871963007,0.6417894103516455,0.42506314079183427,0.5114949871963007,0.5114949871963006,0.39761487893552283,0.5114949871963007,0.5198559594210569
1,85,0.5232923065457536,0.5154944906122882,0.5232923065457536,0.5373480964781648,0.4576480014430956,0.5232923065457536,0.5232923065457536,0.4031968836982576,0.5232923065457536,0.49217678344215265
1,86,0.5131773980255067,0.5641114445445683,0.5131773980255067,0.6325217432746659,0.3640381137684694,0.5131773980255067,0.5131773980255067,0.35760754776175363,0.5131773980255067,0.5202089239985613
1,87,0.46629003461742646,0.5246363491915609,0.46629003461742646,0.6307074683508068,0.43158878957344327,0.46629003461742646,0.4662900346174265,0.39464663072736994,0.46629003461742646,0.4929259105803505
1,88,0.4199044673141633,0.4253772863964498,0.4199044673141633,0.5826279944981221,0.35601418623345116,0.4199044673141633,0.4199044673141633,0.3056179421280234,0.4199044673141633,0.4234682489750559
1,89,0.505380415808696,0.4889178262471018,0.505380415808696,0.6144945594654885,0.41925483732979707,0.505380415808696,0.505380415808696,0.37555292332716594,0.505380415808696,0.5038351545175592
1,90,0.5149105460164219,0.46288316650328687,0.5149105460164219,0.6156481875828033,0.44025963232206955,0.5149105460164219,0.5149105460164218,0.3962985732098286,0.5149105460164219,0.4992519932390008
1,91,0.44235454626806336,0.49717775425393285,0.44235454626806336,0.6208188212792607,0.502246861468403,0.44235454626806336,0.44235454626806336,0.4293787708080712,0.44235454626806336,0.4029526859511367
1,92,0.34088254597962353,0.4636297380768235,0.34088254597962353,0.623441775746451,0.44694739819003926,0.34088254597962353,0.34088254597962353,0.35310524309775904,0.34088254597962353,0.35849251358219253
1,93,0.34378367086710276,0.4680156993598594,0.34378367086710276,0.6143989583584658,0.46837368653602685,0.34378367086710276,0.3437836708671027,0.343051237759872,0.34378367086710276,0.29457862065023477
1,94,0.34280637649036927,0.4569062927271422,0.34280637649036927,0.5429651414743679,0.4101112955161,0.34280637649036927,0.34280637649036927,0.3212322185590939,0.34280637649036927,0.25046093452060253
1,95,0.43163357956344295,0.48126783137684886,0.43163357956344295,0.6075042719368833,0.4523416474547718,0.43163357956344295,0.43163357956344295,0.3872890550968096,0.43163357956344295,0.39608881293579057
1,96,0.5590750150794376,0.45194190194587636,0.5590750150794376,0.633410899716672,0.4572700817100324,0.5590750150794376,0.5590750150794376,0.39416002035866726,0.5590750150794376,0.5485269889088101
1,97,0.43498725019730344,0.36421039585086035,0.43498725019730344,0.4545002840951614,0.44420110062254137,0.43498725019730344,0.43498725019730344,0.34048266622233897,0.43498725019730344,0.3858246559388129
1,98,0.3704176142327217,0.47894024134962454,0.3704176142327217,0.614038419177688,0.356449968791664,0.3704176142327217,0.3704176142327217,0.3014804851889016,0.3704176142327217,0.3597789015765422
1,99,0.6259743788484393,0.534638592637365,0.6259743788484393,0.6534578633451456,0.4638816231218568,0.6259743788484393,0.6259743788484393,0.4512554923858264,0.6259743788484393,0.6200590254633876
2,0,0.5604561623953441,0.5645123397516617,0.5604561623953441,0.6461385291174275,0.4254946408561723,0.5604561623953441,0.5604561623953441,0.4175274282787018,0.5604561623953441,0.5629922541165092
2,1,0.47229198065706113,0.46299146396132207,0.47229198065706113,0.6104155961968628,0.38930456376257316,0.47229198065706113,0.4722919806570611,0.3415802185047504,0.47229198065706113,0.48377061386274045
2,2,0.37558918064408875,0.49591205046990305,0.37558918064408875,0.6042004397779184,0.4712430661818065,0.37558918064408875,0.37558918064408875,0.4088141273050456,0.37558918064408875,0.3642993971674978
2,3,0.44952419042864816,0.42930602511004984,0.44952419042864816,0.591464746115413,0.46253150542124544,0.44952419042864816,0.44952419042864816,0.370003864823328,0.44952419042864816,0.40659207247913837
2,4,0.29948306637935435,0.3108396903445113,0.29948306637935435,0.3906819687346064,0.2978679630640771,0.29948306637935435,0.29948306637935435,0.19203202699695945,0.29948306637935435,0.28520524698417254
2,5,0.3943905514395369,0.5197221435009791,0.3943905514395369,0.6222996249413266,0.47892555101914447,0.3943905514395369,0.3943905514395369,0.39220232442013314,0.3943905514395369,0.37557248245615665
2,6,0.35340988573638066,0.43074548231540316,0.35340988573638066,0.5579326469361741,0.42794633265872833,0.35340988573638066,0.35340988573638066,0.32218600872238745,0.35340988573638066,0.347045700199319
2,7,0.44890224203428886,0.558786472371409,0.44890224203428886,0.6536894316846957,0.5257850343895216,0.44890224203428886,0.44890224203428886,0.44763732207195694,0.44890224203428886,0.4481502622099882
2,8,0.5411076479952363,0.4885874249050881,0.5411076479952363,0.6385663631950442,0.462808821771696,0.5411076479952363,0.5411076479952364,0.3932632771740315,0.5411076479952363,0.53551639594374
2,9,0.5735572223652754,0.5356196192745407,0.5735572223652754,0.6541925347745499,0.38854991841751607,0.5735572223652754,0.5735572223652754,0.3649354114638121,0.5735572223652754,0.5691345711905405
2,10,0.5345834623057736,0.5083146322526926,0.5345834623057736,0.6199397284454851,0.4024394280451479,0.5345834623057736,0.5345834623057736,0.3953423087506441,0.5345834623057736,0.5430209474416656
2,11,0.4389397308495789,0.46877961421573616,0.4389397308495789,0.6080799030376882,0.4494980523866218,0.4389397308495789,0.43893973084957894,0.3752213791786018,0.4389397308495789,0.4380339192596141
2,12,0.36170020786439017,0.6037068378880721,0.36170020786439017,0.6699910707094445,0.3915214566955262,0.36170020786439017,0.36170020786439017,0.38049264923205767,0.36170020786439017,0.3796319410367318
2,13,0.4168298510697038,0.473556986279965,0.4168298510697038,0.5947687748993025,0.4535957004966811,0.4168298510697038,0.4168298510697038,0.3857307769646229,0.4168298510697038,0.41407812324026316
2,14,0.29901909083280775,0.31903616549314234,0.29901909083280775,0.3245950259474064,0.28813223727418596,0.29901909083280775,0.29901909083280775,0.20387869506016504,0.29901909083280775,0.2547301647950342
2,15,0.4916574074444054,0.48724549681916424,0.4916574074444054,0.6363625275323047,0.39656761782532635,0.4916574074444054,0.49165740744440545,0.32976633531316946,0.4916574074444054,0.46549790209212016
2,16,0.5946469692490983,0.5746376954297301,0.5946469692490983,0.6571515581655131,0.45358170629509653,0.5946469692490983,0.5946469692490983,0.44838887791696924,0.5946469692490983,0.5877135950928541
2,17,0.3691640532227251,0.4610640880163134,0.3691640532227251,0.6043637805646376,0.41413790186793126,0.3691640532227251,0.36916405322272505,0.3393143056982098,0.3691640532227251,0.3406034998852117
2,18,0.5287726634119924,0.3549751677715791,0.5287726634119924,0.5680938164871747,0.38179403701184544,0.5287726634119924,0.5287726634119924,0.29711341719139595,0.5287726634119924,0.5162166929397461
2,19,0.5564589847196582,0.5932817180601466,0.5564589847196582,0.6830527906868861,0.5326139663051419,0.5564589847196582,0.5564589847196582,0.47890316418023426,0.5564589847196582,0.5315875140011772
2,20,0.5610135277725095,0.5183082512669379,0.5610135277725095,0.6260798119356966,0.4796112651960851,0.5610135277725095,0.5610135277725095,0.429192749306088,0.5610135277725095,0.5085559118670876
2,21,0.5454416795375818,0.48565667864770545,0.5454416795375818,0.6011625026668982,0.37085696265083057,0.5454416795375818,0.5454416795375818,0.3241232346910945,0.5454416795375818,0.5237596663976498
2,22,0.4615513138090664,0.48178114917084125,0.4615513138090664,0.6298023968443004,0.45402210508974833,0.4615513138090664,0.46155131380906633,0.3727619619575141,0.4615513138090664,0.4506372659670086
2,23,0.5122763952417463,0.46036932710003164,0.5122763952417463,0.6067629841232065,0.44142607151543783,0.5122763952417463,0.5122763952417464,0.3767072571912532,0.5122763952417463,0.45395752688070984
2,24,0.4254984717056226,0.4482376525999542,0.4254984717056226,0.6013602990864102,0.4725666160548122,0.4254984717056226,0.4254984717056226,0.3700962884621766,0.4254984717056226,0.4092545526798288
2,25,0.38382170329483967,0.4698030385122335,0.38382170329483967,0.6098157646228273,0.5074957402680468,0.38382170329483967,0.38382170329483967,0.3803323702064138,0.38382170329483967,0.36035962334128213
2,26,0.5652248980447886,0.4812008699268543,0.5652248980447886,0.6121137116537825,0.4858286474950489,0.5652248980447886,0.5652248980447886,0.44948140258801506,0.5652248980447886,0.5628553488011063
2,27,0.4880137172470016,0.4900170992594954,0.4880137172470016,0.6297763041760744,0.42815155904033847,0.4880137172470016,0.4880137172470016,0.3689843763140649,0.4880137172470016,0.48446521810766785
2,28,0.39018401327789665,0.4972802074972049,0.39018401327789665,0.651660127622704,0.5041037548620225,0.39018401327789665,0.39018401327789665,0.4008008656211979,0.39018401327789665,0.36689509095774664
2,29,0.3182263589219301,0.41580952540985117,0.3182263589219301,0.5742807443505158,0.44730759625781163,0.3182263589219301,0.3182263589219301,0.3122387153854328,0.3182263589219301,0.27524540081369825
2,30,0.45753601571848423,0.4103607892688278,0.45753601571848423,0.47140747613298806,0.500481508601228,0.45753601571848423,0.4575360157184842,0.391504207864818,0.45753601571848423,0.4212732101288479
2,31,0.5311451368105263,0.5422256950146322,0.5311451368105263,0.6600004507119986,0.5263041690281312,0.5311451368105263,0.5311451368105263,0.4459444010725996,0.5311451368105263,0.5391527024635603
2,32,0.4966316936464157,0.5074249076663999,0.4966316936464157,0.6374822380354445,0.38506197207503745,0.4966316936464157,0.49663169364641574,0.319358481242205,0.4966316936464157,0.47456219712725983
2,33,0.33935968772670844,0.5038045803261219,0.33935968772670844,0.6135699724618648,0.4032681185062499,0.33935968772670844,0.33935968772670844,0.33042438067843066,0.33935968772670844,0.3404171666200966
2,34,0.3726788561613546,0.37533312896697096,0.3726788561613546,0.5316662776945074,0.39754506046382715,0.3726788561613546,0.3726788561613546,0.31653601362841843,0.3726788561613546,0.3230842373210647
2,35,0.6162640666690022,0.5091337682113882,0.6162640666690022,0.6520091058933257,0.4521347176257536,0.6162640666690022,0.6162640666690022,0.3896820172523434,0.6162640666690022,0.5945645639167911
2,36,0.4973289114564976,0.5345739743875035,0.4973289114564976,0.6656379018284477,0.47531986429094725,0.4973289114564976,0.4973289114564976,0.42444528462317227,0.4973289114564976,0.4858632301070761
2,37,0.46104580069606554,0.4654492143895502,0.46104580069606554,0.6158178040621933,0.4353614960678073,0.46104580069606554,0.46104580069606554,0.32591333705831693,0.46104580069606554,0.416297968017005
2,38,0.5660956072118508,0.5651418355123716,0.5660956072118508,0.6550346914756298,0.4774996410530978,0.5660956072118508,0.5660956072118508,0.43370083057810077,0.5660956072118508,0.5697478363504266
2,39,0.4803393963002573,0.48163375687398313,0.4803393963002573,0.6281393533247716,0.43004947572261665,0.4803393963002573,0.48033939630025735,0.3341787327479277,0.4803393963002573,0.44525785417890146
2,40,0.5667158829525274,0.5685497923743656,0.5667158829525274,0.6592820213738374,0.4964365934308238,0.5667158829525274,0.5667158829525274,0.45995985147083746,0.5667158829525274,0.5736103897434195
2,41,0.47978091582063687,0.48090306595241616,0.47978091582063687,0.6467186308887226,0.42200700453244744,0.47978091582063687,0.47978091582063687,0.38205865771991393,0.47978091582063687,0.47332141335227784
2,42,0.2843072653664138,0.38645972563735925,0.2843072653664138,0.5279335858991402,0.4492971884480076,0.2843072653664138,0.2843072653664138,0.2966555502906751,0.2843072653664138,0.2584913459566516
2,43,0.5534982947760331,0.5496617704875097,0.5534982947760331,0.6619161214615836,0.5513768155530746,0.5534982947760331,0.5534982947760331,0.4888013919987358,0.5534982947760331,0.5452994021652355
2,44,0.562527558130988,0.4489507812435897,0.562527558130988,0.6143553028879265,0.44613156509494395,0.562527558130988,0.5625275581309879,0.4073188427846567,0.562527558130988,0.5576706138563872
2,45,0.4950590274838373,0.4252084228413483,0.4950590274838373,0.6121596556941035,0.4361826581974887,0.4950590274838373,0.49505902748383723,0.36001319697571627,0.4950590274838373,0.4959489408985644
2,46,0.5344497429363603,0.5652820043723046,0.5344497429363603,0.6646841813670279,0.4193184320197783,0.5344497429363603,0.5344497429363603,0.39464461811786666,0.5344497429363603,0.5340263576513731
2,47,0.4021648599064262,0.5628424214047457,0.4021648599064262,0.64065414212809,0.4766300244348373,0.4021648599064262,0.40216485990642614,0.4386503268277806,0.4021648599064262,0.42065417028608787
2,48,0.30942652789712216,0.4402609922019478,0.30942652789712216,0.5884786589017417,0.4533607534852384,0.30942652789712216,0.3094265278971221,0.33653319855715713,0.30942652789712216,0.28947311102737017
2,49,0.36288240231725727,0.4542465472233877,0.36288240231725727,0.5900177012282125,0.35864561768567016,0.36288240231725727,0.3628824023172572,0.30412221782575277,0.36288240231725727,0.40143321175153146
2,50,0.5320086907368347,0.5124156771591661,0.5320086907368347,0.6040914345303937,0.4034833529053292,0.5320086907368347,0.5320086907368347,0.3663910431250566,0.5320086907368347,0.533890986957936
2,51,0.5246326596968427,0.5481517473483868,0.5246326596968427,0.6782824538924688,0.5401382992310051,0.5246326596968427,0.5246326596968427,0.4470952219656565,0.5246326596968427,0.5089754073118271
2,52,0.3013974185192313,0.46059218016029796,0.3013974185192313,0.5926169007945472,0.32917007836260437,0.3013974185192313,0.3013974185192313,0.2452686544148276,0.3013974185192313,0.2704234090452152
2,53,0.4582766295991123,0.5129504893142336,0.4582766295991123,0.613948563365788,0.4345050343826672,0.4582766295991123,0.4582766295991123,0.3482817159906218,0.4582766295991123,0.38777955431704725
2,54,0.3167372325182833,0.381850078358606,0.3167372325182833,0.5404328497435713,0.4212612212796611,0.3167372325182833,0.31673723251828323,0.2891949956832744,0.3167372325182833,0.28230805081615284
2,55,0.3387297477647539,0.5583060369844652,0.3387297477647539,0.6203129266577396,0.35222388260964077,0.3387297477647539,0.33872974776475384,0.31536598627665924,0.3387297477647539,0.3151574050258436
2,56,0.44811572310259046,0.46423967363631846,0.44811572310259046,0.5205716714640989,0.49525085239704847,0.44811572310259046,0.44811572310259046,0.4008414032057958,0.44811572310259046,0.4300147516559042
2,57,0.549795597073711,0.5243867396565289,0.549795597073711,0.6527537288586471,0.5348758554951554,0.549795597073711,0.549795597073711,0.4616391108090773,0.549795597073711,0.5177255468767414
2,58,0.4782991305081531,0.49202642658670237,0.4782991305081531,0.648979578833077,0.4108561686052578,0.4782991305081531,0.4782991305081531,0.3587255960894799,0.4782991305081531,0.4743527161971861
2,59,0.38634601647768313,0.44819856263500624,0.38634601647768313,0.5108471931516416,0.453609955816375,0.38634601647768313,0.38634601647768313,0.3637459736589767,0.38634601647768313,0.3511683493631317
2,60,0.42221226477029866,0.5403462572767306,0.42221226477029866,0.6479326206571525,0.4642499939407673,0.42221226477029866,0.4222122647702986,0.4224497205185624,0.42221226477029866,0.45380476884597565
2,61,0.5395267114894489,0.5845071579897112,0.5395267114894489,0.6628136546844821,0.46715504017910825,0.5395267114894489,0.5395267114894489,0.46016919752634877,0.5395267114894489,0.5608202495855488
2,62,0.4368540246324274,0.5171297417503794,0.4368540246324274,0.637254242706135,0.513132544043521,0.4368540246324274,0.43685402463242734,0.42573555548986153,0.4368540246324274,0.43699202067319753
2,63,0.4962967912090526,0.42791998467081815,0.4962967912090526,0.6126184584189142,0.4832168815437177,0.4962967912090526,0.4962967912090527,0.39849169058173073,0.4962967912090526,0.48366917774682255
2,64,0.5124858486529051,0.5137548407562353,0.5124858486529051,0.6141325708124089,0.46166577204238174,0.5124858486529051,0.5124858486529051,0.4344928182730849,0.5124858486529051,0.5159724040586176
2,65,0.47162923809788426,0.6121852793510814,0.47162923809788426,0.6581540039814227,0.4767107114006206,0.47162923809788426,0.47162923809788426,0.4327667808462502,0.47162923809788426,0.48452371121549176
2,66,0.5411331095012956,0.4406691790619526,0.5411331095012956,0.5872632154950275,0.4929666058041907,0.5411331095012956,0.5411331095012955,0.39992980709636755,0.5411331095012956,0.5197874128054505
2,67,0.5151962910205539,0.4115127376697003,0.5151962910205539,0.587947319565366,0.5204065421202575,0.5151962910205539,0.5151962910205539,0.4124207810646259,0.5151962910205539,0.4767795500642218
2,68,0.5108216511638,0.567045827087112,0.5108216511638,0.6785565135027998,0.45495104174433365,0.5108216511638,0.5108216511638,0.40765315667655444,0.5108216511638,0.5054335696731629
2,69,0.2478628364508036,0.3989803837912082,0.2478628364508036,0.6054561232828312,0.3542141700593252,0.2478628364508036,0.2478628364508036,0.24588439959805736,0.2478628364508036,0.21199904119380497
2,70,0.3112473972811758,0.440601589453058,0.3112473972811758,0.39385327638979767,0.35833387196030486,0.3112473972811758,0.3112473972811758,0.2607638640760557,0.3112473972811758,0.24794501517490228
2,71,0.529732673700671,0.4861232763035051,0.529732673700671,0.6365766480431037,0.4963302611423542,0.529732673700671,0.529732673700671,0.4431140379317726,0.529732673700671,0.5148828116826104
2,72,0.427552025801984,0.4871951062304104,0.427552025801984,0.6025224981525232,0.37014834628159754,0.427552025801984,0.42755202580198404,0.33380827546886915,0.427552025801984,0.40773112778811726
2,73,0.45801811167992695,0.5358600504579091,0.45801811167992695,0.6359651366861381,0.5449201788908786,0.45801811167992695,0.45801811167992695,0.4599949062083872,0.45801811167992695,0.44216160129971177
2,74,0.5043182807201666,0.5301278269228777,0.5043182807201666,0.6316929964545919,0.4748252019442432,0.5043182807201666,0.5043182807201665,0.4354338012518146,0.5043182807201666,0.5167197919486889
2,75,0.5492369307436813,0.4784612429296276,0.5492369307436813,0.6255402620598556,0.5010059865460035,0.5492369307436813,0.5492369307436813,0.3925167294380283,0.5492369307436813,0.5158316043952228
2,76,0.49496517302719556,0.53500831419654,0.49496517302719556,0.646454005549396,0.5032372490895534,0.49496517302719556,0.49496517302719556,0.4480027231056521,0.49496517302719556,0.5128546035060628
2,77,0.5249548313811762,0.6231406955357655,0.5249548313811762,0.6907116221104581,0.4496979300200299,0.5249548313811762,0.5249548313811762,0.42053589353465853,0.5249548313811762,0.5059588445586234
2,78,0.4985059020979073,0.6033399017224843,0.4985059020979073,0.6501596843713364,0.42643194711674876,0.4985059020979073,0.49850590209790735,0.39654938906917825,0.4985059020979073,0.48921561679947656
2,79,0.36929591408804646,0.39095343093320917,0.36929591408804646,0.577327854188572,0.502565736033416,0.36929591408804646,0.3692959140880464,0.36157553648335644,0.36929591408804646,0.3175739785692335
2,80,0.5687973146102675,0.5132271993138444,0.5687973146102675,0.6342034334498716,0.3945194214024408,0.5687973146102675,0.5687973146102675,0.35323739287332423,0.5687973146102675,0.5541579152891758
2,81,0.44998147536046385,0.5724942780398361,0.44998147536046385,0.6420808921165059,0.42155861676397255,0.44998147536046385,0.44998147536046385,0.3838861236352637,0.44998147536046385,0.4487492439888896
2,82,0.4974094776088821,0.3521095791890998,0.4974094776088821,0.5744731016451392,0.3638513168499424,0.4974094776088821,0.49740947760888204,0.31486293756790107,0.4974094776088821,0.49938059708700855
2,83,0.4905147062034915,0.45836030649816906,0.4905147062034915,0.6294177930191837,0.37638279469900193,0.4905147062034915,0.4905147062034915,0.2787391655459186,0.4905147062034915,0.4419508607490049
2,84,0.5008155580581346,0.5517671406451656,0.5008155580581346,0.6387972687560992,0.4296555225678873,0.5008155580581346,0.5008155580581346,0.4011040064460516,0.5008155580581346,0.5185897700700283
2,85,0.5267900112467375,0.5559680123553742,0.5267900112467375,0.5562322653764756,0.4667030526369462,0.5267900112467375,0.5267900112467375,0.4207669689867275,0.5267900112467375,0.5004937190247296
2,86,0.5229489479147723,0.5597605588777985,0.5229489479147723,0.6402694656274196,0.35813769553926006,0.5229489479147723,0.5229489479147724,0.3497419425685895,0.5229489479147723,0.5242227051283235
2,87,0.4726947184937791,0.6038142053310845,0.4726947184937791,0.655988200265199,0.4437929643773853,0.4726947184937791,0.47269471849377903,0.4083027401459809,0.4726947184937791,0.4997470533744457
2,88,0.41079194297589067,0.4222559047253003,0.41079194297589067,0.5697850179284982,0.36082483736945253,0.41079194297589067,0.4107919429758906,0.2992108394123709,0.41079194297589067,0.4033448432352374
2,89,0.49027440162440694,0.5037737692148708,0.49027440162440694,0.6133639856952595,0.4136562506075072,0.49027440162440694,0.4902744016244069,0.39206756476587284,0.49027440162440694,0.4980937764203754
2,90,0.5097385149790319,0.4660414099726508,0.5097385149790319,0.614146303554833,0.43697289227775354,0.5097385149790319,0.5097385149790319,0.39214866909996693,0.5097385149790319,0.49591662459598673
2,91,0.4381092582961067,0.4896494069648524,0.4381092582961067,0.6193660996470373,0.5046527435151871,0.4381092582961067,0.4381092582961067,0.4281002228718222,0.4381092582961067,0.39742828539183306
2,92,0.3641735980351151,0.4748469104179678,0.3641735980351151,0.6378076565191195,0.47154202382914673,0.3641735980351151,0.3641735980351152,0.3820734100431201,0.3641735980351151,0.37762037925832775
2,93,0.35915535821133104,0.5067367715168178,0.35915535821133104,0.6387706798984968,0.4874916794617034,0.35915535821133104,0.35915535821133104,0.38031365949615986,0.35915535821133104,0.31754670219331116
2,94,0.35408247836724466,0.46625198246455296,0.35408247836724466,0.5626286233310933,0.4195819899829489,0.35408247836724466,0.3540824783672447,0.33031865170386104,0.35408247836724466,0.2726717513873459
2,95,0.4779068002943499,0.5241334055704262,0.4779068002943499,0.6151265796623491,0.49085087559309265,0.4779068002943499,0.4779068002943499,0.42735845570301356,0.4779068002943499,0.4388618330284987
2,96,0.5622838153193332,0.42898645478351605,0.5622838153193332,0.6248671646828282,0.4763439198159007,0.5622838153193332,0.5622838153193334,0.40348432566396764,0.5622838153193332,0.5488704321433943
2,97,0.44110776879800223,0.3982524663008403,0.44110776879800223,0.4730771342210166,0.4596636914014166,0.44110776879800223,0.4411077687980023,0.363215002434402,0.44110776879800223,0.39969661987001726
2,98,0.36647730678224827,0.5166555769846671,0.36647730678224827,0.6267732617771185,0.36697547341497366,0.36647730678224827,0.3664773067822483,0.31556237908687385,0.36647730678224827,0.36607412264991374
2,99,0.6151039884148289,0.5288909558011823,0.6151039884148289,0.6501498133680095,0.45985941072700104,0.6151039884148289,0.6151039884148288,0.44909349382854474,0.6151039884148289,0.6124469502572536
3,0,0.5350198390665551,0.6306217988655795,0.5350198390665551,0.6453951509198664,0.406108770340454,0.5350198390665551,0.5350198390665551,0.3948555722860209,0.5350198390665551,0.5386212699976733
3,1,0.4622020690168504,0.45203671905420073,0.4622020690168504,0.60237873273462,0.390984252645662,0.4622020690168504,0.46220206901685035,0.3527211016860983,0.4622020690168504,0.46757829327942735
3,2,0.39977770432556603,0.49013846019993046,0.39977770432556603,0.6086452159613539,0.4896198158878333,0.39977770432556603,0.39977770432556603,0.42075074891009434,0.39977770432556603,0.3826473030401954
3,3,0.481334346465864,0.5254363117668073,0.481334346465864,0.6193610858330149,0.49352488165725794,0.481334346465864,0.48133434646586404,0.41855758189914205,0.481334346465864,0.45846700143447794
3,4,0.3031748918327387,0.3342497570195296,0.3031748918327387,0.39906204624681313,0.31838254356460616,0.3031748918327387,0.3031748918327387,0.2186445252629005,0.3031748918327387,0.29348357490932864
3,5,0.3988896181452445,0.5276446601466629,0.3988896181452445,0.6306647929478849,0.49880460006808985,0.3988896181452445,0.3988896181452445,0.40752281457083195,0.3988896181452445,0.37638091505306004
3,6,0.3580351448699293,0.4985817673313961,0.3580351448699293,0.6011991261228639,0.44196482833374184,0.3580351448699293,0.35803514486992927,0.3324874802519435,0.3580351448699293,0.34980269061244496
3,7,0.43187602142223325,0.5392858032768714,0.43187602142223325,0.6393650352661615,0.5177725911054428,0.43187602142223325,0.43187602142223325,0.42887881100545366,0.43187602142223325,0.42543230768010215
3,8,0.5227361491962481,0.4917726526327714,0.5227361491962481,0.63644183066781,0.4612676067291461,0.5227361491962481,0.5227361491962481,0.38996844109421913,0.5227361491962481,0.5199775151579046
3,9,0.5665543789469399,0.5188505827190812,0.5665543789469399,0.6394535071423246,0.38606966567678025,0.5665543789469399,0.56655437894694,0.3544383632535043,0.5665543789469399,0.5583632161096012
3,10,0.5160196083332722,0.5321524500260919,0.5160196083332722,0.6306139102584821,0.40376345783031453,0.5160196083332722,0.5160196083332722,0.40304821565320953,0.5160196083332722,0.5342829077616346
3,11,0.4669632777247226,0.5017526658677632,0.4669632777247226,0.6227147114605242,0.5106659483800717,0.4669632777247226,0.46696327772472257,0.4340438518726196,0.4669632777247226,0.46966374532408006
3,12,0.40578801363361433,0.6059042144616522,0.40578801363361433,0.6691066131111763,0.45891259318293665,0.40578801363361433,0.4057880136336143,0.45133686471526624,0.40578801363361433,0.4215220224869863
3,13,0.433532506119357,0.4914080400875902,0.433532506119357,0.6039842283403999,0.4822257925349447,0.433532506119357,0.433532506119357,0.40079207507850145,0.433532506119357,0.4276993602923093
3,14,0.3437097953294491,0.3516272811846126,0.3437097953294491,0.33868659935769985,0.31713422888654286,0.3437097953294491,0.3437097953294491,0.23942237827810214,0.3437097953294491,0.29516147897512407
3,15,0.49533705969598774,0.491799431368961,0.49533705969598774,0.6322686538435158,0.40514516498872566,0.49533705969598774,0.4953370596959878,0.34148446913136643,0.49533705969598774,0.4708681475246582
3,16,0.5919122734030502,0.5804157289192378,0.5919122734030502,0.6576850239479022,0.4576100455007175,0.5919122734030502,0.5919122734030502,0.4585381667760856,0.5919122734030502,0.5885198668662498
3,17,0.36157550223982265,0.46616681408738936,0.36157550223982265,0.6051023001257649,0.4255289168669045,0.36157550223982265,0.3615755022398227,0.3436129253157025,0.36157550223982265,0.32251229357065575
3,18,0.5147209785990466,0.4474754032434569,0.5147209785990466,0.589933984313065,0.38656562312122444,0.5147209785990466,0.5147209785990465,0.29904278919576466,0.5147209785990466,0.5070181223306223
3,19,0.5360668273467354,0.5784376402007805,0.5360668273467354,0.6729437429150178,0.5107736810187031,0.5360668273467354,0.5360668273467354,0.45988079103045476,0.5360668273467354,0.515125535145092
3,20,0.5724040205762422,0.5111092014384971,0.5724040205762422,0.627919040253727,0.4865799378825434,0.5724040205762422,0.5724040205762422,0.42639932552865467,0.5724040205762422,0.516129925825022
3,21,0.5326788673123791,0.4794915249348425,0.5326788673123791,0.5979377715316295,0.3753624666096346,0.5326788673123791,0.532678867312379,0.33319202587263397,0.5326788673123791,0.5196077887449833
3,22,0.47206672996112103,0.5161891469770878,0.47206672996112103,0.651625822889391,0.4883796532161061,0.47206672996112103,0.47206672996112103,0.3958548076728295,0.47206672996112103,0.4590377536393336
3,23,0.4968766444857301,0.4488675457397372,0.4968766444857301,0.592728619057753,0.4403323388724274,0.4968766444857301,0.49687664448573005,0.3698086535626983,0.4968766444857301,0.4374321949478887
3,24,0.44226598854808363,0.484040324532063,0.44226598854808363,0.6201890656124108,0.49816272206198237,0.44226598854808363,0.44226598854808363,0.38321619668062923,0.44226598854808363,0.4200103608767051
3,25,0.3994163182048932,0.4763422111187004,0.3994163182048932,0.6224648618199099,0.5271489054153611,0.3994163182048932,0.3994163182048932,0.39174390501044426,0.3994163182048932,0.3711992070293034
3,26,0.5592275053401792,0.47500659388461375,0.5592275053401792,0.6088133540548757,0.4950707564863257,0.5592275053401792,0.5592275053401792,0.4507187643226338,0.5592275053401792,0.5556290663298038
3,27,0.5051803478432013,0.493862670934993,0.5051803478432013,0.6323618671073437,0.4301050883767328,0.5051803478432013,0.5051803478432014,0.38206872555127297,0.5051803478432013,0.5023173667782632
3,28,0.3872556613054709,0.4791694233707756,0.3872556613054709,0.6416303958788127,0.5039105706220428,0.3872556613054709,0.3872556613054709,0.3845803171266916,0.3872556613054709,0.3480904259587343
3,29,0.3206048724587628,0.418954957383486,0.3206048724587628,0.582855973395696,0.4531556395888371,0.3206048724587628,0.3206048724587628,0.31165221437105517,0.3206048724587628,0.27312245093141563
3,30,0.46702367910770987,0.4666018631387909,0.46702367910770987,0.4831428638341351,0.508999468648252,0.46702367910770987,0.4670236791077099,0.4370521280932327,0.46702367910770987,0.4350029248803994
3,31,0.48943695968059003,0.5618898034125452,0.48943695968059003,0.6584269483266718,0.510985991413128,0.48943695968059003,0.4894369596805901,0.45027183885130345,0.48943695968059003,0.5121231126159339
3,32,0.49255432151916356,0.5020671040462475,0.49255432151916356,0.6352070881679379,0.38311777299489036,0.49255432151916356,0.49255432151916356,0.31388470133470303,0.49255432151916356,0.468364240471688
3,33,0.36016917219347067,0.5779510082195929,0.36016917219347067,0.6334620563218621,0.4227881895316228,0.36016917219347067,0.36016917219347067,0.3628058042509527,0.36016917219347067,0.3639755279163349
3,34,0.37627506157921,0.36958055922872834,0.37627506157921,0.5276216180972344,0.4253222555432834,0.37627506157921,0.37627506157921,0.3292967118950054,0.37627506157921,0.32343835472756916
3,35,0.6176111104348221,0.5168625816073166,0.6176111104348221,0.6534524201959848,0.45968337557505623,0.6176111104348221,0.6176111104348221,0.40334625087721243,0.6176111104348221,0.5992791965019442
3,36,0.46715033616157386,0.5285280766507141,0.46715033616157386,0.659585669983011,0.43989487270466066,0.46715033616157386,0.46715033616157386,0.38707985312518456,0.46715033616157386,0.45708342378973416
3,37,0.5478377559380831,0.5556289636568066,0.5478377559380831,0.6672832566050583,0.47989190539757465,0.5478377559380831,0.5478377559380831,0.41234535133595795,0.5478377559380831,0.546947056734156
3,38,0.5507600677722102,0.5415577827307567,0.5507600677722102,0.6452218177574538,0.4775158909593429,0.5507600677722102,0.5507600677722102,0.4221642701041877,0.5507600677722102,0.5575253153818893
3,39,0.46611579985880947,0.4856896154772486,0.46611579985880947,0.6344807093505941,0.4226121572600313,0.46611579985880947,0.46611579985880947,0.32737906018822993,0.46611579985880947,0.43730507787908934
3,40,0.5846960737149629,0.5901759861726246,0.5846960737149629,0.6690252816709802,0.5069870236862699,0.5846960737149629,0.5846960737149629,0.48023366243074217,0.5846960737149629,0.593433695032181
3,41,0.46288925090483596,0.48427313284703094,0.46288925090483596,0.6439719920120869,0.4198599162192852,0.46288925090483596,0.4628892509048359,0.37793633941120824,0.46288925090483596,0.4618174014684591
3,42,0.323383707776994,0.4042043954889457,0.323383707776994,0.5701717635435715,0.4789708968072676,0.323383707776994,0.323383707776994,0.32141036168760895,0.323383707776994,0.29988236077895014
3,43,0.5464175800362464,0.5556761697867243,0.5464175800362464,0.6624418234188614,0.5503076562759759,0.5464175800362464,0.5464175800362464,0.4959437843444384,0.5464175800362464,0.5417960242744619
3,44,0.5536032073320216,0.4626820592994251,0.5536032073320216,0.613292128653532,0.41465925277436627,0.5536032073320216,0.5536032073320216,0.3912658446105558,0.5536032073320216,0.5499740740314699
3,45,0.4803346571148229,0.43063316907581967,0.4803346571148229,0.6082622891306866,0.4337261857559185,0.4803346571148229,0.4803346571148229,0.35508056405748184,0.4803346571148229,0.4795991961430612
3,46,0.5198378120649068,0.5489532518805389,0.5198378120649068,0.6616901310028156,0.42054256029817044,0.5198378120649068,0.5198378120649068,0.3833867846849845,0.5198378120649068,0.5207205374375594
3,47,0.4123783620687492,0.5432114062317541,0.4123783620687492,0.6330489955593295,0.49671315699225693,0.4123783620687492,0.4123783620687492,0.42908821905463396,0.4123783620687492,0.4222417943048005
3,48,0.3399521788312109,0.5150686355669344,0.3399521788312109,0.6297179439821341,0.46583842612111265,0.3399521788312109,0.3399521788312109,0.35542417396646747,0.3399521788312109,0.3221760730436207
3,49,0.4151274613215098,0.4791191402346007,0.4151274613215098,0.6046066959100709,0.4177026055074004,0.4151274613215098,0.4151274613215098,0.36941749859464557,0.4151274613215098,0.4439278910942999
3,50,0.5143460253985027,0.4961127222663688,0.5143460253985027,0.5969602681962347,0.39910981114360766,0.5143460253985027,0.5143460253985028,0.3636245037263356,0.5143460253985027,0.5229275236343416
3,51,0.527802245500399,0.5444679041274326,0.527802245500399,0.6672458914665589,0.5571588723692663,0.527802245500399,0.527802245500399,0.46803342765223377,0.527802245500399,0.514221351045598
3,52,0.311531005005602,0.5008797289112519,0.311531005005602,0.614726697344882,0.3474242860849863,0.311531005005602,0.311531005005602,0.27248613627597895,0.311531005005602,0.2865642907221172
3,53,0.4670450519047669,0.5179774020975341,0.4670450519047669,0.6114197349818744,0.4613733610864015,0.4670450519047669,0.4670450519047669,0.37963759085609755,0.4670450519047669,0.3994552384572039
3,54,0.3313111569810571,0.36577793961349114,0.3313111569810571,0.5427640404884193,0.4616676037224705,0.3313111569810571,0.3313111569810571,0.2999482555368058,0.3313111569810571,0.28862654207850663
3,55,0.3571749362509865,0.5816479984875458,0.3571749362509865,0.627130163821483,0.3821885680306794,0.3571749362509865,0.3571749362509865,0.3507672536626007,0.3571749362509865,0.3300635664378871
3,56,0.42725801045464307,0.4376437236506122,0.42725801045464307,0.4984711302657567,0.4901476201742106,0.42725801045464307,0.427258010454643,0.3765980205562459,0.42725801045464307,0.39455818416219285
3,57,0.5459378072049186,0.6027157080607486,0.5459378072049186,0.6927823877928112,0.539401311505868,0.5459378072049186,0.5459378072049186,0.4688355464837809,0.5459378072049186,0.5192024720268975
3,58,0.4370566945036507,0.47793671842659907,0.4370566945036507,0.6400745076409133,0.3931806085494174,0.4370566945036507,0.43705669450365076,0.3374493994160403,0.4370566945036507,0.4444485502315336
3,59,0.3953920063694652,0.44547324756487633,0.3953920063694652,0.5011771254454641,0.46504475102593756,0.3953920063694652,0.39539200636946525,0.37516986481584524,0.3953920063694652,0.3587906935243299
3,60,0.4146843010207927,0.5658269331555145,0.4146843010207927,0.6601701045185159,0.49698621880939486,0.4146843010207927,0.4146843010207927,0.45985362134000446,0.4146843010207927,0.4488620005764026
3,61,0.5269805079161588,0.5735100289210646,0.5269805079161588,0.6540920808473919,0.452973217717205,0.5269805079161588,0.5269805079161588,0.42673152200826137,0.5269805079161588,0.5400593120937167
3,62,0.43101562695288126,0.4990544484896044,0.43101562695288126,0.6299043944991721,0.5187239927272783,0.43101562695288126,0.4310156269528812,0.40814007466410285,0.43101562695288126,0.42348091953144623
3,63,0.5031523481781038,0.43427751329200287,0.5031523481781038,0.6190307081174705,0.48087975761956764,0.5031523481781038,0.5031523481781037,0.4018395234637773,0.5031523481781038,0.4919264392875007
3,64,0.49742815557500586,0.5858354642693182,0.49742815557500586,0.6691995945205074,0.4460181993118791,0.49742815557500586,0.4974281555750058,0.4245162938103142,0.49742815557500586,0.5050450502316606
3,65,0.4559790539154825,0.596552271208916,0.4559790539154825,0.657405191530994,0.4907757124629798,0.4559790539154825,0.45597905391548244,0.4306005140829461,0.4559790539154825,0.46487221133100853
3,66,0.5289463406193818,0.44415972593957065,0.5289463406193818,0.5870867166283776,0.4816000708640368,0.5289463406193818,0.5289463406193818,0.39640958599435017,0.5289463406193818,0.5135824316828235
3,67,0.524316063524785,0.426618733222748,0.524316063524785,0.5937696720203162,0.5227058334427614,0.524316063524785,0.524316063524785,0.41899602126430907,0.524316063524785,0.48873323645859396
3,68,0.5213223851335284,0.5703952410258868,0.5213223851335284,0.6706117799220097,0.46564826684118243,0.5213223851335284,0.5213223851335285,0.4290419458253949,0.5213223851335284,0.5207921986125302
3,69,0.3099390104004677,0.42578693990137734,0.3099390104004677,0.6112031821258003,0.40278348293998406,0.3099390104004677,0.3099390104004677,0.2982869960459838,0.3099390104004677,0.26785567181103304
3,70,0.32166598537004165,0.48368255086128736,0.32166598537004165,0.4148674860672275,0.37959156021510493,0.32166598537004165,0.32166598537004165,0.2951211716204105,0.32166598537004165,0.26377068310816504
3,71,0.49493924689511337,0.4797404557171827,0.49493924689511337,0.625573659704064,0.4854888772304923,0.49493924689511337,0.49493924689511337,0.4341152218101465,0.49493924689511337,0.4935237933263254
3,72,0.42630970874174345,0.4890243393058644,0.42630970874174345,0.6146311373759568,0.41397330885323974,0.42630970874174345,0.4263097087417435,0.35478983271033093,0.42630970874174345,0.3966956401001241
3,73,0.48364985671398075,0.5473622628038439,0.48364985671398075,0.6498742374894053,0.5645324990398357,0.48364985671398075,0.48364985671398075,0.4773382236865003,0.48364985671398075,0.46517531060056316
3,74,0.48283304416558415,0.5125713922172433,0.48283304416558415,0.6187207805380639,0.4821804775582851,0.48283304416558415,0.48283304416558415,0.4303476530155465,0.48283304416558415,0.49350372378955626
3,75,0.5304767258138692,0.5214429792997985,0.5304767258138692,0.6577765312060364,0.49553210389035773,0.5304767258138692,0.5304767258138692,0.3844756363164066,0.5304767258138692,0.5033342102429279
3,76,0.4942906289670351,0.5250171146578744,0.4942906289670351,0.6421674154398598,0.5091343805378206,0.4942906289670351,0.494290628967035,0.4482073770757041,0.4942906289670351,0.5090193011157982
3,77,0.5348353825354326,0.6030527448023116,0.5348353825354326,0.6860349974927409,0.46605184125395077,0.5348353825354326,0.5348353825354326,0.4341164929903,0.5348353825354326,0.5149305800483814
3,78,0.4950173969921784,0.6070442984476223,0.4950173969921784,0.6517532437293404,0.44097784198535583,0.4950173969921784,0.4950173969921784,0.419537232361191,0.4950173969921784,0.4909144472320496
3,79,0.36268577258433266,0.37150104906745074,0.36268577258433266,0.5655736066572961,0.5195729251626195,0.36268577258433266,0.36268577258433254,0.3503950233411065,0.36268577258433266,0.30992685736865677
3,80,0.5678109135634837,0.5067673718360506,0.5678109135634837,0.630461513645544,0.3948068515508014,0.5678109135634837,0.5678109135634837,0.3574603652977639,0.5678109135634837,0.5563838197255141
3,81,0.4479159339127096,0.5641815272187612,0.4479159339127096,0.6369912465662279,0.42891690758159595,0.4479159339127096,0.44791593391270956,0.3878669808070224,0.4479159339127096,0.44645915148860393
3,82,0.48552490149231375,0.3589600913347376,0.48552490149231375,0.5699841605451569,0.3468512118997654,0.48552490149231375,0.48552490149231375,0.3100282222056954,0.48552490149231375,0.4874078137703757
3,83,0.49650066910793567,0.5115098036072641,0.49650066910793567,0.6426711727601735,0.38690058129278626,0.49650066910793567,0.4965006691079357,0.3028719381664321,0.49650066910793567,0.4523639330188614
3,84,0.499207766168219,0.542879741022095,0.499207766168219,0.636637851583397,0.4377842722041875,0.499207766168219,0.499207766168219,0.3937600060097162,0.499207766168219,0.5125379120882828
3,85,0.5167559476544888,0.5748260585354954,0.5167559476544888,0.6766078282217951,0.47023680711703136,0.5167559476544888,0.5167559476544888,0.41672828569012815,0.5167559476544888,0.49228682471149565
3,86,0.5361635624847196,0.562815352253659,0.5361635624847196,0.6425889548175328,0.35586366156124805,0.5361635624847196,0.5361635624847196,0.3504446219102485,0.5361635624847196,0.5314444884700373
3,87,0.47133169159276866,0.6235257219676531,0.47133169159276866,0.6628921927875254,0.45040275319879297,0.47133169159276866,0.47133169159276866,0.42087757592416564,0.47133169159276866,0.5013375865710025
3,88,0.417268179259782,0.4139774531406849,0.417268179259782,0.569430464695688,0.38097912563150693,0.417268179259782,0.417268179259782,0.30871559149018424,0.417268179259782,0.4095554531034421
3,89,0.45016286535983474,0.5111200669147967,0.45016286535983474,0.6140185600489789,0.4062688183648139,0.45016286535983474,0.45016286535983474,0.3761330729885458,0.45016286535983474,0.467309391170572
3,90,0.509607211664938,0.4463649127430852,0.509607211664938,0.6054638837588691,0.44879699326113914,0.509607211664938,0.509607211664938,0.3978959592984555,0.509607211664938,0.497409760906908
3,91,0.43840606139958554,0.47491897482865897,0.43840606139958554,0.6181039129922866,0.5257273409887318,0.43840606139958554,0.4384060613995855,0.4348142825052149,0.43840606139958554,0.3983117349343479
3,92,0.3759793735781863,0.48527733607800416,0.3759793735781863,0.6397789472865884,0.49168130607722726,0.3759793735781863,0.3759793735781862,0.4052210998171495,0.3759793735781863,0.3896438269556653
3,93,0.3662885756917143,0.5332877534320792,0.3662885756917143,0.6635714475020914,0.5048821073575751,0.3662885756917143,0.3662885756917143,0.38202794538674995,0.3662885756917143,0.3115784504142918
3,94,0.3513387687763507,0.47436993043371345,0.3513387687763507,0.5584721586785435,0.4262780494067833,0.3513387687763507,0.3513387687763507,0.3341885400323184,0.3513387687763507,0.2575813824345078
3,95,0.47710550625512077,0.5110299526132769,0.47710550625512077,0.6105087364850298,0.49949608144560464,0.47710550625512077,0.47710550625512077,0.43319978505793455,0.47710550625512077,0.4336010051399722
3,96,0.5605180505816049,0.4355803398030737,0.5605180505816049,0.6209695868449221,0.4674282404419295,0.5605180505816049,0.560518050581605,0.39755269702853896,0.5605180505816049,0.545465079750087
3,97,0.4403355603478116,0.41937688768016557,0.4403355603478116,0.48107943954145127,0.46874218622090547,0.4403355603478116,0.4403355603478116,0.3678847956733622,0.4403355603478116,0.39548346052162464
3,98,0.416707747350865,0.5496258608720368,0.416707747350865,0.6460951840185445,0.4348596611885207,0.416707747350865,0.416707747350865,0.39108042876264215,0.416707747350865,0.43019272511250745
3,99,0.5973743240039835,0.5034034462919691,0.5973743240039835,0.6335220547253892,0.46782062938203917,0.5973743240039835,0.5973743240039835,0.4590032006795671,0.5973743240039835,0.5994727685577559
4,0,0.5360652476182574,0.5764891663310686,0.5360652476182574,0.6402409474731958,0.41261882288105506,0.5360652476182574,0.5360652476182572,0.4057994669693017,0.5360652476182574,0.5425153446575234
4,1,0.48635899812876515,0.5339919586881158,0.48635899812876515,0.6298268081681377,0.44635299777029647,0.48635899812876515,0.48635899812876515,0.38847805809525926,0.48635899812876515,0.4914159103799648
4,2,0.38813835782392586,0.5641083902917876,0.38813835782392586,0.6276442886284919,0.4940504703323069,0.38813835782392586,0.3881383578239259,0.42586611005645925,0.38813835782392586,0.36999062885308154
4,3,0.4771157280276263,0.5109983268637088,0.4771157280276263,0.6112311862434775,0.491070510043486,0.4771157280276263,0.4771157280276263,0.416412478900833,0.4771157280276263,0.45148346276130036
4,4,0.29650945983229043,0.3983516786881408,0.29650945983229043,0.4450874846706587,0.32878977732254666,0.29650945983229043,0.29650945983229043,0.22548223045197152,0.29650945983229043,0.28301603374829365
4,5,0.40156911641976284,0.5153085325794249,0.40156911641976284,0.6100596774552989,0.5128651504502061,0.40156911641976284,0.40156911641976284,0.41479321419206877,0.40156911641976284,0.37060838340366664
4,6,0.3601785576391348,0.4985586349488765,0.3601785576391348,0.604641866345361,0.4634259357932242,0.3601785576391348,0.3601785576391348,0.34808061115491906,0.3601785576391348,0.34587063343663327
4,7,0.4153259495585263,0.5530421955613372,0.4153259495585263,0.6515360084719886,0.5241934838537089,0.4153259495585263,0.41532594955852625,0.4380771765743995,0.4153259495585263,0.40212557838051904
4,8,0.5229508064188643,0.48229986142315434,0.5229508064188643,0.6212076282647196,0.4508479686032748,0.5229508064188643,0.5229508064188643,0.38461696606327744,0.5229508064188643,0.5175029447540382
4,9,0.5448727914350467,0.4597014144497884,0.5448727914350467,0.6114015805456215,0.36923999307719313,0.5448727914350467,0.5448727914350467,0.32351363314027826,0.5448727914350467,0.5332765789951359
4,10,0.5065862132635304,0.5330757426060808,0.5065862132635304,0.6159976857833982,0.38735636919572575,0.5065862132635304,0.5065862132635304,0.39001264814797254,0.5065862132635304,0.5185948484498191
4,11,0.43615364736538925,0.47588203568140164,0.43615364736538925,0.6160194380537963,0.504909376557596,0.43615364736538925,0.4361536473653892,0.40354323172038903,0.43615364736538925,0.43427381547097
4,12,0.40461343904752406,0.5945608873799166,0.40461343904752406,0.6628273001738356,0.4679993232829799,0.40461343904752406,0.40461343904752406,0.4544820739839612,0.40461343904752406,0.4184406532598687
4,13,0.45042649416527286,0.4989439642626773,0.45042649416527286,0.6039021163031297,0.49724762703233966,0.45042649416527286,0.45042649416527286,0.4178768555222349,0.45042649416527286,0.4485490167218508
4,14,0.33414751300093304,0.3585426405611978,0.33414751300093304,0.342966519186489,0.35390101109704963,0.33414751300093304,0.33414751300093304,0.2723646634687559,0.33414751300093304,0.29560435692354603
4,15,0.471626078640928,0.47150638857597604,0.471626078640928,0.6190476574708221,0.3907860313494602,0.471626078640928,0.471626078640928,0.31557797221347483,0.471626078640928,0.44728339428478336
4,16,0.57837650932602,0.5805478353906991,0.57837650932602,0.6541260304453138,0.43311976573726474,0.57837650932602,0.57837650932602,0.4387967053862414,0.57837650932602,0.5774135963930236
4,17,0.38824912466780404,0.46762153468225753,0.38824912466780404,0.5852341294396345,0.45955433591100653,0.38824912466780404,0.38824912466780404,0.37726814090535676,0.38824912466780404,0.35496749957214324
4,18,0.517875603444663,0.42115154737612404,0.517875603444663,0.5831573261466574,0.37802829678912175,0.517875603444663,0.517875603444663,0.3001668044582128,0.517875603444663,0.5084259081623187
4,19,0.5462398141198548,0.5704004180292105,0.5462398141198548,0.672073220156919,0.5170910746588673,0.5462398141198548,0.5462398141198548,0.4601804235753666,0.5462398141198548,0.5195180414112242
4,20,0.5636184071077374,0.5015797400570123,0.5636184071077374,0.6268964295687592,0.4813427772441715,0.5636184071077374,0.5636184071077375,0.4210373835390675,0.5636184071077374,0.5102999744147038
4,21,0.5323160873136373,0.483709455249433,0.5323160873136373,0.5968094019012328,0.36773862832506427,0.5323160873136373,0.5323160873136374,0.32616274435945314,0.5323160873136373,0.5145163757157591
4,22,0.4527876306888462,0.49266952690004917,0.4527876306888462,0.6287065620341794,0.46520842098848564,0.4527876306888462,0.4527876306888462,0.3746288728343402,0.4527876306888462,0.4433998362027166
4,23,0.4929775958260972,0.44168504247744844,0.4929775958260972,0.5958605728311618,0.4362401708192275,0.4929775958260972,0.4929775958260972,0.36360042797718684,0.4929775958260972,0.43201501571466594
4,24,0.4302082927753534,0.5232431119321509,0.4302082927753534,0.6302653710133973,0.4867308405406488,0.4302082927753534,0.43020829277535344,0.38985328211356285,0.4302082927753534,0.419352706480703
4,25,0.37995099682260847,0.48312304265790673,0.37995099682260847,0.6190777408474337,0.5237087128678851,0.37995099682260847,0.37995099682260847,0.38775463073950045,0.37995099682260847,0.34025584319170565
4,26,0.5329057906620019,0.45409601451840437,0.5329057906620019,0.5969149852034942,0.4965673331041369,0.5329057906620019,0.5329057906620019,0.4392365737065944,0.5329057906620019,0.5324447598158479
4,27,0.4906771394611249,0.47869319492552187,0.4906771394611249,0.6206490214962753,0.4232820055643254,0.4906771394611249,0.4906771394611249,0.3674027746223242,0.4906771394611249,0.4843070819024754
4,28,0.383014554967721,0.4879093929663719,0.383014554967721,0.6576237756432459,0.5234301605079388,0.383014554967721,0.383014554967721,0.39970194335315706,0.383014554967721,0.3417797548301237
4,29,0.3389310237579083,0.5012883097004678,0.3389310237579083,0.6188461248832122,0.4615712234222559,0.3389310237579083,0.33893102375790823,0.339452570847252,0.3389310237579083,0.2970950336014195
4,30,0.4600857904073869,0.4562413327667402,0.4600857904073869,0.4890273667340296,0.5058800123403914,0.4600857904073869,0.46008579040738684,0.42601547110085425,0.4600857904073869,0.43099851801015565
4,31,0.47131765988687474,0.5317728965818835,0.47131765988687474,0.6431773606307292,0.5120923544211299,0.47131765988687474,0.4713176598868747,0.43537687091983396,0.47131765988687474,0.49221881157877434
4,32,0.4850883388811229,0.5043769978783207,0.4850883388811229,0.6282548199788356,0.3787524903873819,0.4850883388811229,0.4850883388811229,0.31431678356633663,0.4850883388811229,0.4689630550389245
4,33,0.3614394597402945,0.5739476449750457,0.3614394597402945,0.629308254126453,0.42747070903363377,0.3614394597402945,0.3614394597402945,0.3682270447151274,0.3614394597402945,0.3644943352115586
4,34,0.3678937656759012,0.44519810080016836,0.3678937656759012,0.539463398749926,0.41601495170386793,0.3678937656759012,0.36789376567590126,0.32535369862914426,0.3678937656759012,0.3170101862541874
4,35,0.5948878313794106,0.4941208504016048,0.5948878313794106,0.6479872023501698,0.46243543145675814,0.5948878313794106,0.5948878313794106,0.39395169851974843,0.5948878313794106,0.5852051870698753
4,36,0.4718201064681239,0.5442735788074425,0.4718201064681239,0.6671571305727191,0.45255585095376943,0.4718201064681239,0.47182010646812395,0.4035500540387963,0.4718201064681239,0.4610344569524467
4,37,0.5216683456702383,0.508378005892062,0.5216683456702383,0.6481430292246131,0.47698857313570275,0.5216683456702383,0.5216683456702383,0.3827237241723277,0.5216683456702383,0.5194195202884692
4,38,0.5101135611047803,0.5294041358518999,0.5101135611047803,0.6345148258387502,0.46223247884400137,0.5101135611047803,0.5101135611047803,0.39873689830733305,0.5101135611047803,0.5219214757861645
4,39,0.4500243138797825,0.474494749277271,0.4500243138797825,0.628151614177141,0.4061275863649124,0.4500243138797825,0.4500243138797825,0.3056029898782372,0.4500243138797825,0.42281305817544174
4,40,0.5570948718947069,0.5752128395976992,0.5570948718947069,0.6559950188986177,0.4855264875684312,0.5570948718947069,0.5570948718947067,0.4503164158230887,0.5570948718947069,0.5665076234325053
4,41,0.5049521235407142,0.609727338806785,0.5049521235407142,0.6750116826116559,0.46842516772074766,0.5049521235407142,0.5049521235407142,0.4261821133047893,0.5049521235407142,0.49621470863082073
4,42,0.33651097265462127,0.409179807064619,0.33651097265462127,0.5720397562732034,0.4932821784010377,0.33651097265462127,0.33651097265462127,0.34083660468301025,0.33651097265462127,0.31050533239959166
4,43,0.5375434088477619,0.5656210829965902,0.5375434088477619,0.6665265478561233,0.5423428274483675,0.5375434088477619,0.5375434088477619,0.48997673427030364,0.5375434088477619,0.5391651360018217
4,44,0.5527003460441694,0.4410541248872455,0.5527003460441694,0.6022400493531332,0.43852314588926233,0.5527003460441694,0.5527003460441694,0.39829849277831886,0.5527003460441694,0.5461009352591063
4,45,0.4614593178565166,0.41577126599890213,0.4614593178565166,0.5969312136240743,0.42604945232147723,0.4614593178565166,0.46145931785651656,0.3467248354688079,0.4614593178565166,0.45994758671226327
4,46,0.5250353975335607,0.5330942672364455,0.5250353975335607,0.6449127458941444,0.4221230643303547,0.5250353975335607,0.5250353975335605,0.389433080557393,0.5250353975335607,0.5238902867650526
4,47,0.405056413497832,0.5259137841954376,0.405056413497832,0.6237260285267843,0.5139553652559755,0.405056413497832,0.40505641349783206,0.4347073812538841,0.405056413497832,0.40799015011259376
4,48,0.3379690620399331,0.5291369363236802,0.3379690620399331,0.6326946170753017,0.47046292419964025,0.3379690620399331,0.3379690620399331,0.36477078578173405,0.3379690620399331,0.32237795909419303
4,49,0.41543123381533326,0.5489104989671059,0.41543123381533326,0.6472727050519327,0.43944176700631227,0.41543123381533326,0.41543123381533337,0.38239519666767696,0.41543123381533326,0.44299708690047734
4,50,0.4632744258778853,0.4824377450120757,0.4632744258778853,0.5770990068389898,0.3873736614500469,0.4632744258778853,0.46327442587788537,0.3510690885802128,0.4632744258778853,0.47562068926261647
4,51,0.5204579948803788,0.5244420594861667,0.5204579948803788,0.6580495888988354,0.5453472204568446,0.5204579948803788,0.5204579948803788,0.4468965134387326,0.5204579948803788,0.5005818174549715
4,52,0.33134730488564484,0.5261838485494129,0.33134730488564484,0.6323875559518697,0.3804989947243106,0.33134730488564484,0.33134730488564484,0.30850484512415094,0.33134730488564484,0.30765579230462003
4,53,0.45103803493671746,0.515500118576305,0.45103803493671746,0.6109610407518926,0.45159293760673247,0.45103803493671746,0.45103803493671746,0.3654963654647957,0.45103803493671746,0.38965790144466605
4,54,0.3285328792140535,0.39058938944642846,0.3285328792140535,0.5572640480235731,0.47331641837388716,0.3285328792140535,0.3285328792140535,0.320022826451122,0.3285328792140535,0.2871964804123789
4,55,0.37185600347465925,0.5796825156586416,0.37185600347465925,0.6241225767107709,0.4240552235440254,0.37185600347465925,0.37185600347465925,0.3860749641212746,0.37185600347465925,0.339474034562101
4,56,0.42199844387452384,0.5088871586011718,0.42199844387452384,0.5244581235920226,0.4988931072851737,0.42199844387452384,0.42199844387452384,0.39194923111680063,0.42199844387452384,0.3915855341008003
4,57,0.5520093542227954,0.610679023241908,0.5520093542227954,0.6718231657214696,0.5421911177735467,0.5520093542227954,0.5520093542227955,0.48401795963484706,0.5520093542227954,0.5223438533960824
4,58,0.5107017776498713,0.5398214720145779,0.5107017776498713,0.6620695799269829,0.4780348896898208,0.5107017776498713,0.5107017776498713,0.4226148193354863,0.5107017776498713,0.5090508947429557
4,59,0.38974233978045303,0.5046177816822276,0.38974233978045303,0.5175226468758694,0.4834730304242587,0.38974233978045303,0.38974233978045303,0.3835356948538229,0.38974233978045303,0.34298154089943983
4,60,0.43042164904510527,0.5642426206981145,0.43042164904510527,0.6624678120755662,0.5097882282959514,0.43042164904510527,0.43042164904510527,0.47241284731901717,0.43042164904510527,0.46512012476307896
4,61,0.5022124097336178,0.5628768181854746,0.5022124097336178,0.6495522458041525,0.4452252182163461,0.5022124097336178,0.5022124097336178,0.423009470686702,0.5022124097336178,0.5220379724963841
4,62,0.41364493260738927,0.5671290817501071,0.41364493260738927,0.649225913290591,0.5199732687679018,0.41364493260738927,0.4136449326073892,0.4186578575242847,0.41364493260738927,0.40149870520754566
4,63,0.498503207266974,0.4580942643877156,0.498503207266974,0.6172224628024763,0.48869987402753984,0.498503207266974,0.498503207266974,0.40159901893386674,0.498503207266974,0.49076998602500455
4,64,0.5041511082770989,0.5547056774491697,0.5041511082770989,0.658825890015643,0.47570003566783714,0.5041511082770989,0.5041511082770989,0.43202631283105236,0.5041511082770989,0.5080472075097526
4,65,0.45831119777522195,0.6090183670247779,0.45831119777522195,0.6512204775325325,0.49537175067206163,0.45831119777522195,0.45831119777522195,0.4473447779353598,0.45831119777522195,0.46821251637075534
4,66,0.5241467538020115,0.4541196715409474,0.5241467538020115,0.5886628535757437,0.4840275552321722,0.5241467538020115,0.5241467538020116,0.40274141003153546,0.5241467538020115,0.5119565510306637
4,67,0.5241851319115095,0.40599359314018085,0.5241851319115095,0.5811786543382219,0.521517946661348,0.5241851319115095,0.5241851319115096,0.40594559046175466,0.5241851319115095,0.4770850670082951
4,68,0.49847347120150337,0.5537828040871939,0.49847347120150337,0.6650068399626266,0.4534968573027989,0.49847347120150337,0.49847347120150337,0.4113913023445157,0.49847347120150337,0.5016088312058619
4,69,0.327341113465113,0.4419438236457051,0.327341113465113,0.6126708896416215,0.43620381598420993,0.327341113465113,0.327341113465113,0.32443004696348215,0.327341113465113,0.28204825801629796
4,70,0.33368474548204624,0.5154745288580486,0.33368474548204624,0.42282992013428766,0.40490787192402355,0.33368474548204624,0.33368474548204624,0.3392583775552394,0.33368474548204624,0.2838251126526994
4,71,0.5030609097767815,0.4786784997370646,0.5030609097767815,0.6368774574389633,0.48818069987002854,0.5030609097767815,0.5030609097767816,0.4355050381640669,0.5030609097767815,0.4972862195173879
4,72,0.4383082111591462,0.4690430276220734,0.4383082111591462,0.6027867479645712,0.43737234829649896,0.4383082111591462,0.4383082111591462,0.3738151129741685,0.4383082111591462,0.41353084176428684
4,73,0.45543609194502954,0.5264587506718075,0.45543609194502954,0.636449924149748,0.5361768047777318,0.45543609194502954,0.45543609194502954,0.4479457536747355,0.45543609194502954,0.43644736774056136
4,74,0.4910304410889979,0.5146856576739698,0.4910304410889979,0.6233049856773104,0.482449493765132,0.4910304410889979,0.4910304410889979,0.4274480279174935,0.4910304410889979,0.49887975426732956
4,75,0.5194776339718936,0.5043127488771837,0.5194776339718936,0.6428944658067275,0.47831900110529857,0.5194776339718936,0.5194776339718937,0.36961109071872705,0.5194776339718936,0.4941861629949225
4,76,0.48409199483744736,0.5261059174632375,0.48409199483744736,0.6422603611258497,0.5078752406629135,0.48409199483744736,0.48409199483744736,0.4508867508831121,0.48409199483744736,0.5076608470298719
4,77,0.5248798407410673,0.5701210303679569,0.5248798407410673,0.65869313518597,0.45137474742976036,0.5248798407410673,0.5248798407410673,0.41579358794407884,0.5248798407410673,0.5027048556439759
4,78,0.4739878656409335,0.5991413145278206,0.4739878656409335,0.6434171288890954,0.4213201749918808,0.4739878656409335,0.4739878656409334,0.40023516774001033,0.4739878656409335,0.4681246419813776
4,79,0.3727640685739689,0.44790847488359065,0.3727640685739689,0.6203893742606686,0.5363110571536607,0.3727640685739689,0.3727640685739688,0.3688728741694474,0.3727640685739689,0.32046591475963404
4,80,0.5666025142029206,0.5169204058528881,0.5666025142029206,0.6281498582119134,0.39777170648950233,0.5666025142029206,0.5666025142029206,0.3669140243733634,0.5666025142029206,0.5569633158808045
4,81,0.4488459293603038,0.5901895386776994,0.4488459293603038,0.6455924464155691,0.449121677964507,0.4488459293603038,0.4488459293603039,0.41131229760037435,0.4488459293603038,0.45167929979157057
4,82,0.47567139157259464,0.3445208022494924,0.47567139157259464,0.5748302989135149,0.35105384364290027,0.47567139157259464,0.4756713915725946,0.2998614279214684,0.47567139157259464,0.4793259230628186
4,83,0.4929395894174175,0.5147778253903139,0.4929395894174175,0.6421126705603127,0.3851265347940751,0.4929395894174175,0.4929395894174175,0.3068199671373501,0.4929395894174175,0.44947820644800773
4,84,0.4827119626239959,0.5277486916155614,0.4827119626239959,0.632060348783887,0.42718194842557333,0.4827119626239959,0.48271196262399596,0.38234348966227905,0.4827119626239959,0.4992166136217082
4,85,0.5154446800924383,0.58108011856155,0.5154446800924383,0.6869712946761409,0.47962737208463724,0.5154446800924383,0.5154446800924383,0.4235056357180445,0.5154446800924383,0.4943099146915124
4,86,0.5011357783131715,0.5419451939065788,0.5011357783131715,0.6259790905655045,0.33666446531856664,0.5011357783131715,0.5011357783131716,0.32994441423964394,0.5011357783131715,0.5006410329083993
4,87,0.44995285439744837,0.6057060030419785,0.44995285439744837,0.6529141459684822,0.44589691143275023,0.44995285439744837,0.4499528543974483,0.4078486317270851,0.44995285439744837,0.4728128158574666
4,88,0.4348484199416374,0.425913165870947,0.4348484199416374,0.5773035085044006,0.40890132381439026,0.4348484199416374,0.43484841994163737,0.3366196881308042,0.4348484199416374,0.4285836879939915
4,89,0.5476053500013892,0.5778914081893531,0.5476053500013892,0.6594479751080686,0.49023229588598266,0.5476053500013892,0.5476053500013892,0.4736182461364946,0.5476053500013892,0.568938328984065
4,90,0.4971780009242341,0.5020258633382999,0.4971780009242341,0.6399435751580671,0.4307264382151093,0.4971780009242341,0.4971780009242341,0.38786076455704727,0.4971780009242341,0.4904422973008726
4,91,0.438343429811688,0.48217175537515955,0.438343429811688,0.6176670287045918,0.5443522436627604,0.438343429811688,0.438343429811688,0.446316547524933,0.438343429811688,0.39557689825587167
4,92,0.3770079626678566,0.4982856895055291,0.3770079626678566,0.6378872059699141,0.5031503899718116,0.3770079626678566,0.3770079626678566,0.42493897955763876,0.3770079626678566,0.39135838049605864
4,93,0.3755405807620852,0.559400930994151,0.3755405807620852,0.6668992340622364,0.5190959724482029,0.3755405807620852,0.3755405807620852,0.4107663870700341,0.3755405807620852,0.3272766929699408
4,94,0.34820895496036136,0.4773393261240307,0.34820895496036136,0.5785965390879362,0.3985461079767321,0.34820895496036136,0.3482089549603614,0.30775872365008006,0.34820895496036136,0.27271627068930665
4,95,0.4620799652980116,0.4971317699302596,0.4620799652980116,0.6070032408241786,0.49245276323663395,0.4620799652980116,0.46207996529801154,0.4220011541600158,0.4620799652980116,0.42593579146159327
4,96,0.5314938851033741,0.4564619040360012,0.5314938851033741,0.6209807471910374,0.45333913787252955,0.5314938851033741,0.5314938851033741,0.3862682775978117,0.5314938851033741,0.5276127474937158
4,97,0.4300517138056096,0.4126579539305244,0.4300517138056096,0.48590932760232475,0.47751639084461545,0.4300517138056096,0.4300517138056096,0.3679591218674312,0.4300517138056096,0.38053370434840694
4,98,0.4468478516110861,0.5550405542432202,0.4468478516110861,0.6448033965392734,0.44869619041639236,0.4468478516110861,0.44684785161108603,0.4163302822945133,0.4468478516110861,0.4666676678573929
4,99,0.5478279058663961,0.5016963321552347,0.5478279058663961,0.6308833066452462,0.43576210467204163,0.5478279058663961,0.5478279058663961,0.42160530906884797,0.5478279058663961,0.5587851436971311
5,0,0.4993484549279769,0.55162487266494,0.4993484549279769,0.6262513319723542,0.39550367703899647,0.4993484549279769,0.49934845492797697,0.3887371312637922,0.4993484549279769,0.5149193424814833
5,1,0.43835820491921873,0.5165724581302626,0.43835820491921873,0.6174115805841246,0.41628608551601043,0.43835820491921873,0.43835820491921873,0.3454640277969152,0.43835820491921873,0.440903053524659
5,2,0.3838825693038499,0.5585659998830115,0.3838825693038499,0.6229683264538234,0.48229374786303625,0.3838825693038499,0.3838825693038499,0.4145880488898423,0.3838825693038499,0.3670921870668319
5,3,0.45066317466137823,0.5036335734895689,0.45066317466137823,0.6185773190944032,0.47566611326105435,0.45066317466137823,0.45066317466137823,0.3981115458062501,0.45066317466137823,0.4352827476407688
5,4,0.29556552560400684,0.413188556475227,0.29556552560400684,0.4379376001484797,0.34643444228008446,0.29556552560400684,0.2955655256040069,0.2562195619141135,0.29556552560400684,0.2905876803873475
5,5,0.40997438702585726,0.5169485241833658,0.40997438702585726,0.6065564508371749,0.5298691310627719,0.40997438702585726,0.40997438702585726,0.4313479433948326,0.40997438702585726,0.3812412120575963
5,6,0.3641732263342968,0.507143490679842,0.3641732263342968,0.6001416065212698,0.45036903506552556,0.3641732263342968,0.3641732263342968,0.35440123887119357,0.3641732263342968,0.35948400814204284
5,7,0.43923281694487387,0.5598913797107842,0.43923281694487387,0.6542892251310479,0.5299658063054915,0.43923281694487387,0.43923281694487387,0.4491840484495986,0.43923281694487387,0.4340939964833783
5,8,0.4991634408456268,0.542924871664626,0.4991634408456268,0.6389143058784621,0.4507433434974543,0.4991634408456268,0.4991634408456268,0.37960588861039246,0.4991634408456268,0.49569487871221807
5,9,0.5157530059212869,0.4630160019186239,0.5157530059212869,0.6037597321813057,0.3594698877713705,0.5157530059212869,0.5157530059212869,0.30900689850375385,0.5157530059212869,0.5043156462918186
5,10,0.5162083394238062,0.5064389105130027,0.5162083394238062,0.6084406288970141,0.4105773297620299,0.5162083394238062,0.5162083394238061,0.39755644839618315,0.5162083394238062,0.5245554252147677
5,11,0.4583598905824301,0.49531975605189743,0.4583598905824301,0.6300532633926172,0.5548672780300605,0.4583598905824301,0.4583598905824301,0.44819138503684,0.4583598905824301,0.4557374144512524
5,12,0.4497854031787668,0.5816341531064062,0.4497854031787668,0.6571122641204218,0.5075479628367405,0.4497854031787668,0.4497854031787668,0.4815826408786834,0.4497854031787668,0.47003495391679195
5,13,0.42819079365837515,0.547467305478281,0.42819079365837515,0.6219904225394146,0.4849247041878645,0.42819079365837515,0.42819079365837515,0.3896071007383865,0.42819079365837515,0.4163686249768638
5,14,0.33318127672354647,0.42255900147791786,0.33318127672354647,0.37073763204973575,0.3483258917403236,0.33318127672354647,0.33318127672354647,0.26799541337355287,0.33318127672354647,0.29594796038547405
5,15,0.46037292928958773,0.48048852628203487,0.46037292928958773,0.6183192344342301,0.38692788510449266,0.46037292928958773,0.46037292928958773,0.31865549143738675,0.46037292928958773,0.44109167643797
5,16,0.5769599575071624,0.5660626826447859,0.5769599575071624,0.6475349703208907,0.45396088593500983,0.5769599575071624,0.5769599575071624,0.4486560862445623,0.5769599575071624,0.5769583792892228
5,17,0.3699461117446029,0.45282579866422024,0.3699461117446029,0.5792640582622213,0.44394496896317037,0.3699461117446029,0.36994611174460285,0.3524797120237504,0.3699461117446029,0.3257430871325713
5,18,0.5161833425437699,0.38320770587605635,0.5161833425437699,0.5710833872015197,0.3879285416609536,0.5161833425437699,0.5161833425437699,0.30647104472040043,0.5161833425437699,0.5065240459349094
5,19,0.5447351692070405,0.5709149484209441,0.5447351692070405,0.6670170383412821,0.5279523038185863,0.5447351692070405,0.5447351692070405,0.48026702802044496,0.5447351692070405,0.5252636370280434
5,20,0.5454055316329941,0.5015170430390796,0.5454055316329941,0.6155754203387627,0.47461743043342375,0.5454055316329941,0.5454055316329941,0.4262073942157405,0.5454055316329941,0.5018913944759569
5,21,0.5195785507440847,0.47719521777253104,0.5195785507440847,0.5957189849512383,0.3656489728493545,0.5195785507440847,0.5195785507440847,0.32398054483087796,0.5195785507440847,0.5067417236425088
5,22,0.4483249906633401,0.5474150110042224,0.4483249906633401,0.6448298555163834,0.498617925523697,0.4483249906633401,0.4483249906633401,0.3924041629051106,0.4483249906633401,0.4352063975234261
5,23,0.47894003564425,0.5037886017695696,0.47894003564425,0.5997928610517732,0.4376361517290017,0.47894003564425,0.47894003564425003,0.3620269626679997,0.47894003564425,0.41888151385257366
5,24,0.3834396877787466,0.46932153347147076,0.3834396877787466,0.5783397918123759,0.3997001974610077,0.3834396877787466,0.3834396877787466,0.33075803956617117,0.3834396877787466,0.3723625514306945
5,25,0.39208600636556235,0.4688710589201459,0.39208600636556235,0.600060106144055,0.5379070990875805,0.39208600636556235,0.39208600636556235,0.39228984797115396,0.39208600636556235,0.3477874497787731
5,26,0.4923114150343503,0.44644718062169947,0.4923114150343503,0.5899081943050726,0.4715698146642105,0.4923114150343503,0.4923114150343503,0.413698168150083,0.4923114150343503,0.5013066454519619
5,27,0.48898636536350526,0.46620270146345216,0.48898636536350526,0.6111003996071642,0.42913144957504346,0.48898636536350526,0.48898636536350526,0.3661701995589042,0.48898636536350526,0.47969865482036866
5,28,0.40480374986653617,0.5485599652167091,0.40480374986653617,0.6592681457143964,0.533914652920169,0.40480374986653617,0.4048037498665361,0.41410278811193857,0.40480374986653617,0.3656093696910069
5,29,0.34694851748522465,0.47358280889169524,0.34694851748522465,0.6036519412285734,0.4778287657602991,0.34694851748522465,0.34694851748522465,0.3352480155009605,0.34694851748522465,0.30875494920056923
5,30,0.4651636882125214,0.4713831520286642,0.4651636882125214,0.48604208030679913,0.5107790093436266,0.4651636882125214,0.4651636882125214,0.44675760084819494,0.4651636882125214,0.44160145577325405
5,31,0.46082231557901276,0.5179310904049644,0.46082231557901276,0.6322220973164896,0.49725671995824594,0.46082231557901276,0.46082231557901276,0.4159912744175633,0.46082231557901276,0.478664628007915
5,32,0.48018783529156167,0.46498810888624875,0.48018783529156167,0.6183309973973079,0.3776900212953541,0.48018783529156167,0.48018783529156167,0.30296788417071113,0.48018783529156167,0.456530098443628
5,33,0.3707816022591232,0.5951212309390191,0.3707816022591232,0.6373584816798367,0.4416923814827719,0.3707816022591232,0.37078160225912327,0.38861578016776155,0.3707816022591232,0.37185190260243695
5,34,0.36146640804962726,0.48859889447974636,0.36146640804962726,0.5512420602016603,0.41580597675104014,0.36146640804962726,0.36146640804962726,0.32309228679346425,0.36146640804962726,0.30506855192110965
5,35,0.5786064062821898,0.48155637603472695,0.5786064062821898,0.6323609337789146,0.4480784552355822,0.5786064062821898,0.5786064062821898,0.3761182004543182,0.5786064062821898,0.5670299604550314
5,36,0.47863208151621967,0.52928459060083,0.47863208151621967,0.6561004393462442,0.44730410136097687,0.47863208151621967,0.47863208151621967,0.391999925755121,0.47863208151621967,0.46625609797717993
5,37,0.4997470111304881,0.4973104489230709,0.4997470111304881,0.6382483775699608,0.45954179165484366,0.4997470111304881,0.4997470111304881,0.3757873951569842,0.4997470111304881,0.4996555284816184
5,38,0.5229528507733654,0.5358938158876388,0.5229528507733654,0.6340888766979864,0.46726780356162256,0.5229528507733654,0.5229528507733654,0.40821218313166496,0.5229528507733654,0.5315425117769855
5,39,0.4846558649789343,0.5855469050755278,0.4846558649789343,0.6906296915703747,0.49117295042374093,0.4846558649789343,0.48465586497893437,0.4093075708573555,0.4846558649789343,0.471447588076394
5,40,0.5693176028307991,0.5588329233233578,0.5693176028307991,0.6551013601792466,0.5094023688772393,0.5693176028307991,0.5693176028307991,0.4733066715017588,0.5693176028307991,0.5802897309580364
5,41,0.4871271178699536,0.6013434884534767,0.4871271178699536,0.6685259482452683,0.4558711985284714,0.4871271178699536,0.4871271178699536,0.41837684739215986,0.4871271178699536,0.48199251927453884
5,42,0.35947371996227606,0.41667986111371536,0.35947371996227606,0.5863753862182984,0.5112310521511627,0.35947371996227606,0.35947371996227606,0.3556034804627053,0.35947371996227606,0.32715761562918005
5,43,0.5206956046285302,0.5392548235264212,0.5206956046285302,0.6569843743057254,0.5364758749351521,0.5206956046285302,0.52069560462853,0.4683770130661118,0.5206956046285302,0.5190876017049498
5,44,0.5525368906092855,0.44540616245085296,0.5525368906092855,0.5979507099511667,0.42983096350482825,0.5525368906092855,0.5525368906092855,0.39900108875879586,0.5525368906092855,0.5531451922262358
5,45,0.4800027282840069,0.4187327237449859,0.4800027282840069,0.6029066699395432,0.4354718695336421,0.4800027282840069,0.4800027282840069,0.35472645424759247,0.4800027282840069,0.48233661332053673
5,46,0.5050089937659268,0.5287557292009041,0.5050089937659268,0.6461791834768374,0.4136689185023351,0.5050089937659268,0.5050089937659268,0.38102588519428093,0.5050089937659268,0.5064502488836177
5,47,0.40389122435740593,0.51383594519842,0.40389122435740593,0.6256461938570668,0.5116246004950956,0.40389122435740593,0.403891224357406,0.42017733680810304,0.40389122435740593,0.4075290822620762
5,48,0.3714708285016099,0.5213757301774767,0.3714708285016099,0.6283111887775377,0.5022961814999992,0.3714708285016099,0.37147082850160984,0.39517765157189877,0.3714708285016099,0.35060695642961265
5,49,0.41758143012447424,0.5633149217166704,0.41758143012447424,0.6563029675257017,0.4696604177879439,0.41758143012447424,0.41758143012447424,0.42867266231227236,0.41758143012447424,0.45465487837088425
5,50,0.45745284766037103,0.47619063833139064,0.45745284766037103,0.5733139825533733,0.38645798208663995,0.45745284766037103,0.45745284766037103,0.3527978392992079,0.45745284766037103,0.47180848270223685
5,51,0.507163743410093,0.5113286071183977,0.507163743410093,0.650476137839287,0.5360418824039223,0.507163743410093,0.507163743410093,0.43042133061370386,0.507163743410093,0.4887747326677825
5,52,0.3319183302678857,0.5037060230940573,0.3319183302678857,0.607835479048654,0.4037255846264348,0.3319183302678857,0.33191833026788564,0.33422649443346264,0.3319183302678857,0.3026767643982184
5,53,0.4500939148580247,0.4963046725914382,0.4500939148580247,0.6039103449780852,0.4841468436119484,0.4500939148580247,0.45009391485802464,0.3887571793398092,0.4500939148580247,0.3960111511139539
5,54,0.32880403496106386,0.4835630962171683,0.32880403496106386,0.6123918712478263,0.4733513341660948,0.32880403496106386,0.3288040349610639,0.33398717027851926,0.32880403496106386,0.28648328168950754
5,55,0.3759570715290833,0.5854122031605145,0.3759570715290833,0.6181857764539458,0.4430531452157962,0.3759570715290833,0.3759570715290833,0.41571899948665775,0.3759570715290833,0.3519813907501739
5,56,0.43937582883474674,0.5198302362539917,0.43937582883474674,0.5261441045802515,0.5091594469787446,0.43937582883474674,0.4393758288347468,0.4068197772423,0.43937582883474674,0.4084494984334334
5,57,0.5380772641481644,0.5991776275596132,0.5380772641481644,0.6842992059414751,0.5343825880221575,0.5380772641481644,0.5380772641481645,0.4693558935197043,0.5380772641481644,0.5126026217453137
5,58,0.507105572232016,0.5931784652623454,0.507105572232016,0.6720287554826934,0.4772073812690869,0.507105572232016,0.507105572232016,0.4243286086496189,0.507105572232016,0.5096237293168242
5,59,0.41199160736722173,0.4999538686213798,0.41199160736722173,0.518726342207523,0.5029163172592319,0.41199160736722173,0.41199160736722173,0.3986292599071034,0.41199160736722173,0.374874658760566
5,60,0.458695071795407,0.5820502115866586,0.458695071795407,0.6697788542644589,0.539512659332664,0.458695071795407,0.4586950717954069,0.5075523749895474,0.458695071795407,0.49134626488381794
5,61,0.508388032980642,0.5544243326548112,0.508388032980642,0.6498633011987981,0.46264235465739023,0.508388032980642,0.508388032980642,0.43377291191360035,0.508388032980642,0.5261994280949526
5,62,0.43025122421987666,0.5816488534336272,0.43025122421987666,0.6601021228408003,0.5332141762248215,0.43025122421987666,0.43025122421987666,0.4448824672593497,0.43025122421987666,0.4234894119923171
5,63,0.47282379160296256,0.4894987592408011,0.47282379160296256,0.6329436710800358,0.47317996096089066,0.47282379160296256,0.4728237916029626,0.3818444849416136,0.47282379160296256,0.46538465985292
5,64,0.5106255789821029,0.5656521855362938,0.5106255789821029,0.6546279693057907,0.4741870572889534,0.5106255789821029,0.5106255789821029,0.4482511779296047,0.5106255789821029,0.5103582614459535
5,65,0.4586841995464693,0.5932700296748564,0.4586841995464693,0.6485300445585858,0.50483370430179,0.4586841995464693,0.4586841995464693,0.44452909181502875,0.4586841995464693,0.4663297969794771
5,66,0.5167905158305984,0.42679619422671344,0.5167905158305984,0.5775511303777651,0.4869745422854528,0.5167905158305984,0.5167905158305984,0.3885922187495534,0.5167905158305984,0.49813045385367866
5,67,0.512995729250522,0.4031081675365993,0.512995729250522,0.5766766738729427,0.5142529930469635,0.512995729250522,0.5129957292505221,0.39907265703135436,0.512995729250522,0.46646140170775413
5,68,0.4964131335652065,0.5395596191496668,0.4964131335652065,0.6613276373434136,0.46270453431431546,0.4964131335652065,0.49641313356520644,0.4099105003924143,0.4964131335652065,0.4957006766228529
5,69,0.3269412563097375,0.4610115667447852,0.3269412563097375,0.6191868708225835,0.43405721882558024,0.3269412563097375,0.3269412563097375,0.326369649081129,0.3269412563097375,0.28542072115540934
5,70,0.3315251637272411,0.501296991422735,0.3315251637272411,0.42173195532153185,0.4044911082807414,0.3315251637272411,0.3315251637272411,0.32578858729277654,0.3315251637272411,0.27309412881908834
5,71,0.48522382382942353,0.46337752706660573,0.48522382382942353,0.6289296809316164,0.47834158545666683,0.48522382382942353,0.4852238238294236,0.41932419835059137,0.48522382382942353,0.48282636940822055
5,72,0.4269518219055001,0.46001171144823044,0.4269518219055001,0.5883053979033142,0.4599312813155917,0.4269518219055001,0.4269518219055001,0.38057458272421724,0.4269518219055001,0.38995675274720987
5,73,0.4290831543981081,0.5199223216116684,0.4290831543981081,0.626934287830945,0.5464545966094247,0.4290831543981081,0.4290831543981082,0.4439894212547081,0.4290831543981081,0.4007392291594576
5,74,0.46034012669236546,0.5179726777202384,0.46034012669236546,0.6204663740264859,0.47899033921776557,0.46034012669236546,0.4603401266923654,0.424605175991885,0.46034012669236546,0.47145910688886794
5,75,0.5164405595100909,0.46784302522628723,0.5164405595100909,0.628681168570856,0.48100859409000285,0.5164405595100909,0.5164405595100908,0.3646513804646524,0.5164405595100909,0.4942940195576939
5,76,0.4424481219490913,0.5199023349646215,0.4424481219490913,0.639826960510137,0.48120129874764217,0.4424481219490913,0.44244812194909133,0.42288820522952186,0.4424481219490913,0.4676018621746688
5,77,0.5238675135622013,0.5692222545868859,0.5238675135622013,0.6773430806319993,0.4621871603531381,0.5238675135622013,0.5238675135622013,0.41843537145350734,0.5238675135622013,0.5003215856162986
5,78,0.4641245985747318,0.5888186974288523,0.4641245985747318,0.6339152436571212,0.4208393637799639,0.4641245985747318,0.4641245985747318,0.3948337132945404,0.4641245985747318,0.4545367661460957
5,79,0.3658823066972217,0.44879510975887615,0.3658823066972217,0.6142720265118681,0.5299275132130934,0.3658823066972217,0.36588230669722166,0.3638669522170139,0.3658823066972217,0.31148132415475804
5,80,0.5645160645841323,0.5120215656791938,0.5645160645841323,0.6262452686334556,0.39533132786611647,0.5645160645841323,0.5645160645841323,0.36040002329366394,0.5645160645841323,0.5540945188130164
5,81,0.46744416565850566,0.5920129086243222,0.46744416565850566,0.6433093062954884,0.47469214153487294,0.46744416565850566,0.46744416565850566,0.44387456476944775,0.46744416565850566,0.4724092787428744
5,82,0.45671576493751753,0.35813156746854713,0.45671576493751753,0.5765183192474155,0.33169017864795863,0.45671576493751753,0.45671576493751753,0.2892061624939373,0.45671576493751753,0.4640075380832173
5,83,0.48655618541291734,0.5120675013784467,0.48655618541291734,0.6423758177251984,0.38168438448643915,0.48655618541291734,0.48655618541291734,0.29211275858976593,0.48655618541291734,0.441055591864459
5,84,0.4570934129689947,0.5250433585684756,0.4570934129689947,0.6253109211511028,0.42034081862184414,0.4570934129689947,0.45709341296899464,0.3747017075092002,0.4570934129689947,0.4702158381870552
5,85,0.48164165011746213,0.5671701055375721,0.48164165011746213,0.6768315051864072,0.4510358258689534,0.48164165011746213,0.48164165011746213,0.37728433976164955,0.48164165011746213,0.4608391112229114
5,86,0.49618546681394693,0.5300046828026901,0.49618546681394693,0.6135038773195035,0.3485592105227277,0.49618546681394693,0.49618546681394693,0.3347610583443223,0.49618546681394693,0.4950534841328813
5,87,0.49543091415262946,0.6292788015696561,0.49543091415262946,0.6743250012058803,0.4912973888248434,0.49543091415262946,0.49543091415262946,0.4589065716612603,0.49543091415262946,0.5236404226576449
5,88,0.4327139279920731,0.41259859480459515,0.4327139279920731,0.5716518817804629,0.4049632363073273,0.4327139279920731,0.4327139279920731,0.32334537074224484,0.4327139279920731,0.4232816175368532
5,89,0.49798096761714594,0.5663644097948803,0.49798096761714594,0.6382211639121228,0.4576847999007552,0.49798096761714594,0.49798096761714594,0.4342747226173522,0.49798096761714594,0.5233575577809015
5,90,0.5038144402608484,0.49530513742421656,0.5038144402608484,0.6222421557293045,0.438566482787191,0.5038144402608484,0.5038144402608484,0.404911778640533,0.5038144402608484,0.4944599655581673
5,91,0.4329621312135484,0.4712896602234206,0.4329621312135484,0.6148112602170056,0.5499985144023187,0.4329621312135484,0.4329621312135483,0.4385786667343825,0.4329621312135484,0.39062052060794267
5,92,0.37493015509309574,0.5015213630451227,0.37493015509309574,0.6384439520090207,0.5155711379772454,0.37493015509309574,0.37493015509309574,0.4351184022191679,0.37493015509309574,0.3769518509688866
5,93,0.37412588744731956,0.5458720470609542,0.37412588744731956,0.6653158546082398,0.5153310776210261,0.37412588744731956,0.37412588744731956,0.3848144423048114,0.37412588744731956,0.3112237007919643
5,94,0.34057654328088977,0.4525065505386783,0.34057654328088977,0.5570025562324371,0.4070240097261333,0.34057654328088977,0.34057654328088977,0.3035421541810116,0.34057654328088977,0.2560711518047958
5,95,0.4406477890352533,0.47072161633758647,0.4406477890352533,0.6032100100130844,0.4846933100762686,0.4406477890352533,0.44064778903525326,0.40012456869407353,0.4406477890352533,0.4046315717427127
5,96,0.5214938321360075,0.4663196034131917,0.5214938321360075,0.6181899928301046,0.4476056025001936,0.5214938321360075,0.5214938321360076,0.3733112475361389,0.5214938321360075,0.5117722190885965
5,97,0.43931254677041703,0.4980068023128037,0.43931254677041703,0.4907149029643345,0.4839592540641354,0.43931254677041703,0.43931254677041703,0.3841315340097561,0.43931254677041703,0.38512187182454527
5,98,0.4444028036277628,0.5668258045507724,0.4444028036277628,0.6502589572965787,0.479381937924899,0.4444028036277628,0.4444028036277628,0.4503734623715871,0.4444028036277628,0.46453756127630574
5,99,0.5673969317770097,0.4966498080399295,0.5673969317770097,0.6282747205089877,0.4680811421831068,0.5673969317770097,0.5673969317770096,0.4487416311907786,0.5673969317770097,0.5768680978347683
6,0,0.5138187677876265,0.5556438041886893,0.5138187677876265,0.632256164923477,0.41454387057537134,0.5138187677876265,0.5138187677876265,0.40303711200907755,0.5138187677876265,0.5263863064189145
6,1,0.4987388655858288,0.5292603453505579,0.4987388655858288,0.6265068493324207,0.4798733604323311,0.4987388655858288,0.4987388655858288,0.41203911418887335,0.4987388655858288,0.49812235657604864
6,2,0.38568773432832687,0.5537553670263511,0.38568773432832687,0.6157041827999692,0.49803186579430675,0.38568773432832687,0.38568773432832687,0.42515745699351615,0.38568773432832687,0.3625392105532022
6,3,0.520811946984684,0.569196546726056,0.520811946984684,0.6438077725004474,0.536077174537271,0.520811946984684,0.5208119469846839,0.48464904032421974,0.520811946984684,0.5141271381060344
6,4,0.303964198520575,0.5498066406297026,0.303964198520575,0.6382814314779843,0.36775606594963073,0.303964198520575,0.303964198520575,0.2818325562612821,0.303964198520575,0.3016493197937011
6,5,0.4082603816270887,0.5460350929599783,0.4082603816270887,0.6215477448832066,0.5242746347740126,0.4082603816270887,0.4082603816270888,0.43785497128110584,0.4082603816270887,0.3802167680545804
6,6,0.36948325130051146,0.49463924711815505,0.36948325130051146,0.5961495940659187,0.468305497650641,0.36948325130051146,0.36948325130051146,0.35616808033441005,0.36948325130051146,0.3557336001691983
6,7,0.4332064315764306,0.5557598803439306,0.4332064315764306,0.6538826994371154,0.5330902042155541,0.4332064315764306,0.4332064315764306,0.4471004813805083,0.4332064315764306,0.4265418669361745
6,8,0.46532890922629266,0.4683375473164045,0.46532890922629266,0.6071095664155807,0.4324026191421537,0.46532890922629266,0.46532890922629266,0.355239006744399,0.46532890922629266,0.4655250386355526
6,9,0.5248022481952299,0.46892673707417987,0.5248022481952299,0.6156756717566642,0.3660488290431998,0.5248022481952299,0.5248022481952299,0.3231170401960393,0.5248022481952299,0.5170891476809097
6,10,0.4495850564376584,0.5075592017603677,0.4495850564376584,0.6060327783180708,0.3712103338869689,0.4495850564376584,0.4495850564376584,0.35909869889907886,0.4495850564376584,0.47703210350222697
6,11,0.45435862419774187,0.48512094423923113,0.45435862419774187,0.625993776273694,0.543312145684744,0.45435862419774187,0.45435862419774187,0.43682183277312653,0.45435862419774187,0.4500419093883187
6,12,0.42694633931842896,0.5870210821427782,0.42694633931842896,0.6476732266043297,0.5103657628150818,0.42694633931842896,0.42694633931842896,0.48292520230480274,0.42694633931842896,0.4431035552136457
6,13,0.446360087212163,0.5600870507925284,0.446360087212163,0.6315068134835017,0.48413869327227743,0.446360087212163,0.446360087212163,0.4036329813955208,0.446360087212163,0.4444070445684777
6,14,0.32633584860179626,0.4217046136519991,0.32633584860179626,0.373691454056317,0.36458153014065803,0.32633584860179626,0.32633584860179626,0.27831668324572734,0.32633584860179626,0.29351461448197824
6,15,0.44846140486368663,0.47535554770641025,0.44846140486368663,0.6048078809370294,0.378158967602245,0.44846140486368663,0.44846140486368663,0.3162053106423938,0.44846140486368663,0.43427222256259623
6,16,0.5894728938572072,0.5615219960200633,0.5894728938572072,0.6422998478652633,0.47838865969330563,0.5894728938572072,0.5894728938572071,0.47012141444511835,0.5894728938572072,0.5912186997228089
6,17,0.3744348637526004,0.506220038582936,0.3744348637526004,0.5804476433324116,0.45845360628142307,0.3744348637526004,0.3744348637526004,0.3695469469189189,0.3744348637526004,0.3278993944764492
6,18,0.5074333194286252,0.4036998900318441,0.5074333194286252,0.5715287648070961,0.38411790017692976,0.5074333194286252,0.5074333194286252,0.30604748888774663,0.5074333194286252,0.5009995995555893
6,19,0.5152866143194209,0.5650815914151701,0.5152866143194209,0.6630122839465286,0.48837436160257053,0.5152866143194209,0.5152866143194209,0.4248645765689051,0.5152866143194209,0.4889371482750215
6,20,0.547680340641498,0.49357019218251147,0.547680340641498,0.6140770737801038,0.4695268757779346,0.547680340641498,0.547680340641498,0.4245820374011534,0.547680340641498,0.5069559384448669
6,21,0.5160855852285351,0.4501135284606196,0.5160855852285351,0.5885988007609985,0.36919023368521664,0.5160855852285351,0.5160855852285351,0.31544239304857785,0.5160855852285351,0.5051888041605181
6,22,0.4616209147873086,0.5555344755351641,0.4616209147873086,0.6468125841396652,0.5001263664971397,0.4616209147873086,0.4616209147873086,0.39849734380619395,0.4616209147873086,0.44887578993960375
6,23,0.4788246225401421,0.5130295206113035,0.4788246225401421,0.5924431302078427,0.4295547259015713,0.4788246225401421,0.47882462254014213,0.3699027883895789,0.4788246225401421,0.4120702224151188
6,24,0.4174413918411485,0.5222250994836786,0.4174413918411485,0.6169931990938697,0.4727972660633994,0.4174413918411485,0.4174413918411485,0.3816691840810008,0.4174413918411485,0.3928518608907008
6,25,0.4205312478191616,0.47762660597039674,0.4205312478191616,0.6061716342812808,0.5393297084305104,0.4205312478191616,0.4205312478191616,0.411543857713159,0.4205312478191616,0.39135329537305874
6,26,0.47521429249118813,0.4793761267481072,0.47521429249118813,0.5940749030680255,0.48358160343316436,0.47521429249118813,0.47521429249118813,0.41652905580595734,0.47521429249118813,0.48860880338353085
6,27,0.47986055272097544,0.4772673621893051,0.47986055272097544,0.6162992549675184,0.4245695567748494,0.47986055272097544,0.4798605527209755,0.37358413925264267,0.47986055272097544,0.47306300714164373
6,28,0.40104390316338767,0.5403466467914979,0.40104390316338767,0.650721772439609,0.5407783396640959,0.40104390316338767,0.4010439031633877,0.4202530433125947,0.40104390316338767,0.3574558760750811
6,29,0.357466070916985,0.472972803877033,0.357466070916985,0.6022820125343762,0.475341458223921,0.357466070916985,0.35746607091698496,0.3372200507949706,0.357466070916985,0.31760753121213137
6,30,0.450083042609087,0.46753744552326015,0.450083042609087,0.48303237473435745,0.509935199993274,0.450083042609087,0.45008304260908705,0.4387423939299345,0.450083042609087,0.4271378931000457
6,31,0.46335740808558934,0.4991309830435662,0.46335740808558934,0.6268938627952549,0.5049813844295901,0.46335740808558934,0.46335740808558934,0.4175466771128198,0.46335740808558934,0.4815724454941144
6,32,0.47071383190741156,0.4584351915143296,0.47071383190741156,0.6116082405236722,0.3700913906336497,0.47071383190741156,0.47071383190741156,0.30020331550536233,0.47071383190741156,0.449415530569235
6,33,0.3867350013841209,0.5838306763390468,0.3867350013841209,0.6369595523561061,0.45473997529462984,0.3867350013841209,0.38673500138412087,0.39457572081770775,0.3867350013841209,0.3738020304937398
6,34,0.35732222270027075,0.5569646630927063,0.35732222270027075,0.6010636576019635,0.4043700968103525,0.35732222270027075,0.3573222227002708,0.3156548046682047,0.35732222270027075,0.3047727236000466
6,35,0.5763926491331054,0.4839257229013354,0.5763926491331054,0.6387776109226849,0.4557457107532009,0.5763926491331054,0.5763926491331055,0.37216042597484317,0.5763926491331054,0.5631285582485298
6,36,0.4697019693545685,0.5518520066009903,0.4697019693545685,0.6540715377735937,0.44158275564818383,0.4697019693545685,0.4697019693545685,0.3798565605095624,0.4697019693545685,0.4553974906521581
6,37,0.4851153801156603,0.476781927132753,0.4851153801156603,0.6223412440696451,0.4473817709322311,0.4851153801156603,0.48511538011566036,0.3532954421911386,0.4851153801156603,0.47435042174119235
6,38,0.5321277279239217,0.517859902161098,0.5321277279239217,0.635551944305873,0.47431264782464133,0.5321277279239217,0.5321277279239217,0.4150557955323081,0.5321277279239217,0.5388276630558977
6,39,0.5062546561335328,0.5831484703084001,0.5062546561335328,0.6853605785734481,0.501884128639408,0.5062546561335328,0.5062546561335328,0.42350530330763386,0.5062546561335328,0.4881183772007991
6,40,0.546011961518186,0.5536940405616888,0.546011961518186,0.6440409163085025,0.48916415915086203,0.546011961518186,0.546011961518186,0.44486110276407187,0.546011961518186,0.5557015613330386
6,41,0.45476582244428043,0.5647765364013919,0.45476582244428043,0.6600694608696636,0.4362356922517091,0.45476582244428043,0.45476582244428043,0.4026074915734896,0.45476582244428043,0.4595282525533275
6,42,0.3509188397767825,0.40760395477579403,0.3509188397767825,0.5771705910993316,0.5052978844969791,0.3509188397767825,0.3509188397767825,0.3487166867491359,0.3509188397767825,0.31795074739506746
6,43,0.5065945765319441,0.5360403001736249,0.5065945765319441,0.6586950024974034,0.5366893384553746,0.5065945765319441,0.506594576531944,0.46305269477111044,0.5065945765319441,0.5080785611762405
6,44,0.5416211526758323,0.501219639316451,0.5416211526758323,0.6235176441755782,0.4284569515920175,0.5416211526758323,0.5416211526758323,0.392413404753391,0.5416211526758323,0.5403389193015432
6,45,0.4488393316707775,0.39484631083131694,0.4488393316707775,0.590379655613535,0.42624982725871574,0.4488393316707775,0.44883933167077755,0.3338392218258709,0.4488393316707775,0.4386754042950207
6,46,0.4907523159516428,0.5129651418946559,0.4907523159516428,0.6325116769079601,0.3978267702610861,0.4907523159516428,0.4907523159516428,0.36502897784921073,0.4907523159516428,0.4968021504632574
6,47,0.39020315587004334,0.5278167204180054,0.39020315587004334,0.6243674978008311,0.49763290725881215,0.39020315587004334,0.3902031558700434,0.4168779940914631,0.39020315587004334,0.3934150328887486
6,48,0.3753360523867699,0.5315385062319591,0.3753360523867699,0.6333147765495961,0.4941003834541655,0.3753360523867699,0.3753360523867699,0.385696905966752,0.3753360523867699,0.3544571428693174
6,49,0.4530864781468261,0.5771891397267224,0.4530864781468261,0.6725145247868592,0.49700895676927026,0.4530864781468261,0.4530864781468261,0.4558427198261747,0.4530864781468261,0.48758217420971095
6,50,0.4612853618735134,0.46238030598704666,0.4612853618735134,0.5715750690441639,0.39090247141025214,0.4612853618735134,0.4612853618735134,0.34832149041863636,0.4612853618735134,0.4752921978215703
6,51,0.5093709957948557,0.5200638913066327,0.5093709957948557,0.6549951437792632,0.5401632105786016,0.5093709957948557,0.5093709957948558,0.44446675142438374,0.5093709957948557,0.49702845494696246
6,52,0.33553432875432,0.4946426390647236,0.33553432875432,0.6015356549719926,0.4085456544419573,0.33553432875432,0.33553432875432,0.3433443752884666,0.33553432875432,0.30884982488033963
6,53,0.4520053863165592,0.5177668264054391,0.4520053863165592,0.600350421612754,0.47732980159912175,0.4520053863165592,0.4520053863165592,0.3989862795664221,0.4520053863165592,0.39466064275926815
6,54,0.33614456857290026,0.4609820299644023,0.33614456857290026,0.6058870367324796,0.4846506888629154,0.33614456857290026,0.3361445685729002,0.3317693035590428,0.33614456857290026,0.28960602210191794
6,55,0.36702138385515637,0.5759425203028454,0.36702138385515637,0.6168882138020951,0.4448237595981759,0.36702138385515637,0.36702138385515637,0.40172106034339994,0.36702138385515637,0.3305237256935625
6,56,0.43893257560882504,0.5139308556817543,0.43893257560882504,0.528308413179794,0.5215900234681066,0.43893257560882504,0.43893257560882504,0.4225064707760073,0.43893257560882504,0.4127359661348079
6,57,0.530213561634454,0.5866849151358633,0.530213561634454,0.6788481687400776,0.5287057605497306,0.530213561634454,0.5302135616344541,0.4587253996621944,0.530213561634454,0.5075127754374131
6,58,0.49976513154538427,0.5905268302569967,0.49976513154538427,0.6727286383403268,0.4732385519764487,0.49976513154538427,0.49976513154538427,0.4256282634090334,0.49976513154538427,0.5044604481354461
6,59,0.39086255312185475,0.4947797237320425,0.39086255312185475,0.5062492254996495,0.4743598334511309,0.39086255312185475,0.3908625531218548,0.37813465586828515,0.39086255312185475,0.3465817221283809
6,60,0.4280864386536141,0.5482537719516712,0.4280864386536141,0.6599414948099023,0.5159323299681909,0.4280864386536141,0.4280864386536142,0.4746178072273499,0.4280864386536141,0.46386295315835324
6,61,0.49355456842143214,0.5349803629974792,0.49355456842143214,0.6436978147356687,0.4612460491088146,0.49355456842143214,0.49355456842143214,0.429717385036102,0.49355456842143214,0.5140854219228944
6,62,0.41435896987950294,0.5536299634250075,0.41435896987950294,0.6473533976705158,0.5239874310782371,0.41435896987950294,0.41435896987950294,0.4232362447175281,0.41435896987950294,0.4010960177447539
6,63,0.44918845166444377,0.4719344749926858,0.44918845166444377,0.6252245537552069,0.4492954822896788,0.44918845166444377,0.4491884516644437,0.37008307305385324,0.44918845166444377,0.4425508150084342
6,64,0.5034503593092423,0.5739344651973131,0.5034503593092423,0.6602719280620771,0.4836614788073688,0.5034503593092423,0.5034503593092423,0.4524676112310096,0.5034503593092423,0.5064730183119472
6,65,0.4316029142459264,0.5862253442876572,0.4316029142459264,0.640382812219735,0.4661107763745644,0.4316029142459264,0.4316029142459264,0.41483647045378497,0.4316029142459264,0.43962359020017
6,66,0.5235441338502081,0.4358108406719498,0.5235441338502081,0.5776443656336604,0.4775213839949749,0.5235441338502081,0.523544133850208,0.3935611991141194,0.5235441338502081,0.5078535602691718
6,67,0.5153742427873547,0.3839687759456236,0.5153742427873547,0.5604397756073688,0.5190150458205267,0.5153742427873547,0.5153742427873547,0.39014325900565094,0.5153742427873547,0.4691785030728366
6,68,0.4746770918834201,0.534234112893174,0.4746770918834201,0.6550428468620264,0.45103603294132777,0.4746770918834201,0.4746770918834201,0.39806559141114006,0.4746770918834201,0.48124280203741704
6,69,0.33422287534186024,0.5332770468930907,0.33422287534186024,0.6385721582883975,0.4334505462627134,0.33422287534186024,0.33422287534186024,0.33253307966148143,0.33422287534186024,0.29094087311881156
6,70,0.3533308993124743,0.5088660865184691,0.3533308993124743,0.42960445545888115,0.44478188156229326,0.3533308993124743,0.35333089931247424,0.37076310960040804,0.3533308993124743,0.2968893396501063
6,71,0.48260593496555215,0.45983913367419954,0.48260593496555215,0.6208684821949881,0.4731378550277788,0.48260593496555215,0.4826059349655521,0.41637743505085834,0.48260593496555215,0.4781951078178639
6,72,0.4514561983573983,0.47324519017684996,0.4514561983573983,0.5985384787171749,0.4631644775203895,0.4514561983573983,0.4514561983573983,0.39718181302731803,0.4514561983573983,0.42658137607648944
6,73,0.4447113153070207,0.4921937891085515,0.4447113153070207,0.6149103045971416,0.5479016493465438,0.4447113153070207,0.4447113153070207,0.43282271372123127,0.4447113153070207,0.4173912182490275
6,74,0.4433475450043735,0.4964561796062436,0.4433475450043735,0.6017029058288501,0.4754986195672425,0.4433475450043735,0.44334754500437357,0.4182542348589603,0.4433475450043735,0.4542399638519289
6,75,0.5208776451043332,0.463745507857277,0.5208776451043332,0.6227300303817425,0.4907462209683107,0.5208776451043332,0.5208776451043331,0.37770317599142755,0.5208776451043332,0.49203793744755564
6,76,0.5704912481648433,0.5624143215801465,0.5704912481648433,0.672202447324295,0.586598738755199,0.5704912481648433,0.5704912481648433,0.5289314530580085,0.5704912481648433,0.5863944729830101
6,77,0.5077135818456859,0.5814829822330818,0.5077135818456859,0.6894001240656191,0.44465968151104107,0.5077135818456859,0.5077135818456859,0.4101105478857753,0.5077135818456859,0.4907110962153812
6,78,0.4755377651283859,0.5719946990834017,0.4755377651283859,0.619338360016046,0.44596632572091227,0.4755377651283859,0.4755377651283859,0.41267095738888493,0.4755377651283859,0.4581255531502546
6,79,0.36847733596076254,0.45621588859050793,0.36847733596076254,0.6151096745955404,0.5333483730320825,0.36847733596076254,0.3684773359607625,0.3749001126224324,0.36847733596076254,0.3141029980786412
6,80,0.5597022602104589,0.49766537663564603,0.5597022602104589,0.6210879517141157,0.39862311395431893,0.5597022602104589,0.5597022602104589,0.36465266115069256,0.5597022602104589,0.5506789095243191
6,81,0.45229763608501283,0.5616875617266228,0.45229763608501283,0.6357712390864269,0.4670626204801117,0.45229763608501283,0.4522976360850128,0.42438024620797254,0.45229763608501283,0.4511022740221653
6,82,0.4381218031987271,0.3904157606483498,0.4381218031987271,0.5885883290754679,0.3376080875686454,0.4381218031987271,0.4381218031987272,0.28651511720870104,0.4381218031987271,0.44703021373974877
6,83,0.4864052748806538,0.49400880666214253,0.4864052748806538,0.6348557899523004,0.38484037619345113,0.4864052748806538,0.48640527488065377,0.29377848808746615,0.4864052748806538,0.44420962673716036
6,84,0.4379400414985379,0.5079778307838834,0.4379400414985379,0.6205270571050527,0.41517685608281985,0.4379400414985379,0.4379400414985379,0.3601710474519194,0.4379400414985379,0.44904404805914916
6,85,0.4670026780114712,0.5465783636381332,0.4670026780114712,0.6642333219569638,0.45093500679101517,0.4670026780114712,0.4670026780114712,0.3813443165982357,0.4670026780114712,0.4557976629418788
6,86,0.4897967660727848,0.4880516022449308,0.4897967660727848,0.5923041176487188,0.33956316892583127,0.4897967660727848,0.4897967660727848,0.3211690223438763,0.4897967660727848,0.4882577569561113
6,87,0.4880295145317829,0.6037350659181187,0.4880295145317829,0.6638053937658246,0.4793348784985467,0.4880295145317829,0.4880295145317829,0.4340093137116837,0.4880295145317829,0.5143262258423982
6,88,0.4005900564641421,0.41131970125295464,0.4005900564641421,0.5640776022471696,0.39622052052771367,0.4005900564641421,0.40059005646414203,0.30232503182148535,0.4005900564641421,0.37988212773952523
6,89,0.5127526369152995,0.5428797887764083,0.5127526369152995,0.6385351038782466,0.4865810145683696,0.5127526369152995,0.5127526369152995,0.4574214597582572,0.5127526369152995,0.5394788465547558
6,90,0.49048840837059093,0.5114096983776186,0.49048840837059093,0.6300121826771331,0.4261255521128103,0.49048840837059093,0.4904884083705909,0.3949407556948297,0.49048840837059093,0.48904612168641237
6,91,0.43432469348853575,0.4893296172796341,0.43432469348853575,0.6250881068077005,0.5409504822817013,0.43432469348853575,0.43432469348853575,0.44661646180509906,0.43432469348853575,0.395541065554449
6,92,0.43225227557564144,0.4973330452027511,0.43225227557564144,0.6362978961923947,0.5545081308154394,0.43225227557564144,0.43225227557564144,0.4631651378886896,0.43225227557564144,0.4331483829406082
6,93,0.38438074132568767,0.5315365575019041,0.38438074132568767,0.6619017953087143,0.5452800963658897,0.38438074132568767,0.38438074132568767,0.4109520921283578,0.38438074132568767,0.3255602603044886
6,94,0.34255352700866426,0.4662878443351353,0.34255352700866426,0.5697137990243579,0.4042659880284296,0.34255352700866426,0.34255352700866426,0.31365636286564935,0.34255352700866426,0.255491015829701
6,95,0.47101518834591555,0.5125687892258028,0.47101518834591555,0.6149445621161964,0.5477437684598639,0.47101518834591555,0.47101518834591555,0.4560832823581639,0.47101518834591555,0.4283753006662828
6,96,0.5272172813374687,0.45900478303543557,0.5272172813374687,0.6166049715272792,0.4339666512921493,0.5272172813374687,0.5272172813374687,0.3701790103436356,0.5272172813374687,0.5142227001844277
6,97,0.4427708511846523,0.5144520210261345,0.4427708511846523,0.4736045058905577,0.48982332984304555,0.4427708511846523,0.4427708511846523,0.41247437869541687,0.4427708511846523,0.38701895214588433
6,98,0.4470098202426965,0.5720811448536525,0.4470098202426965,0.6554656103358357,0.48069473827410103,0.4470098202426965,0.4470098202426965,0.44311194754689,0.4470098202426965,0.4599769487358054
6,99,0.5466708012187698,0.4902922207754169,0.5466708012187698,0.6218743853133069,0.44246299860109456,0.5466708012187698,0.5466708012187698,0.4191548071428056,0.5466708012187698,0.5560236823238159
7,0,0.5081471708503298,0.5565152530434018,0.5081471708503298,0.6287875052610439,0.40694523940971467,0.5081471708503298,0.5081471708503298,0.3936697853927643,0.5081471708503298,0.5201920177528275
7,1,0.4788476679908818,0.5031073409944309,0.4788476679908818,0.6175478424596785,0.48456813443815194,0.4788476679908818,0.4788476679908818,0.40725411898656955,0.4788476679908818,0.4799774947859605
7,2,0.35383269541729134,0.5242630930956289,0.35383269541729134,0.5916670635009855,0.4760284958853632,0.35383269541729134,0.35383269541729134,0.39245401989549034,0.35383269541729134,0.3303268911428621
7,3,0.49288652912559333,0.5466808828238153,0.49288652912559333,0.6195000329317035,0.5263558605249636,0.49288652912559333,0.49288652912559333,0.4667052240651821,0.49288652912559333,0.4920963816169528
7,4,0.32433451847041767,0.5600577063226688,0.32433451847041767,0.6516929652933384,0.3859816287173731,0.32433451847041767,0.3243345184704177,0.3009422776541144,0.32433451847041767,0.3284505884336856
7,5,0.3984367006980448,0.5264657795347674,0.3984367006980448,0.6042048942841349,0.5228169769656666,0.3984367006980448,0.3984367006980448,0.42610630660622384,0.3984367006980448,0.36492775550266277
7,6,0.3758832889166343,0.5003956165422294,0.3758832889166343,0.6007055975684504,0.4887390839023793,0.3758832889166343,0.3758832889166343,0.37170915298032986,0.3758832889166343,0.35304200750261333
7,7,0.43359132777386616,0.5538263716470495,0.43359132777386616,0.640798769474284,0.5431653773748008,0.43359132777386616,0.4335913277738661,0.4621561696604498,0.43359132777386616,0.4231496132905651
7,8,0.4823320843876085,0.5116748419458932,0.4823320843876085,0.6210027492209204,0.4436393000197396,0.4823320843876085,0.48233208438760855,0.3763878678486985,0.4823320843876085,0.4817191302024883
7,9,0.5174833661560644,0.479410483723971,0.5174833661560644,0.6085639783222863,0.3653095915898713,0.5174833661560644,0.5174833661560644,0.33031980511746295,0.5174833661560644,0.5130973990670011
7,10,0.5468475449579109,0.6010943970869242,0.5468475449579109,0.6417664948930681,0.48200797661370187,0.5468475449579109,0.546847544957911,0.46698531831142676,0.5468475449579109,0.5567174273236428
7,11,0.4509519861972618,0.49519519136834106,0.4509519861972618,0.622891153914427,0.5615468575317046,0.4509519861972618,0.45095198619726184,0.4560298854439837,0.4509519861972618,0.44051644651581556
7,12,0.43072570031454255,0.6040229414982982,0.43072570031454255,0.6570743970183093,0.5145750697399173,0.43072570031454255,0.43072570031454255,0.4919223174973486,0.43072570031454255,0.4389293441323903
7,13,0.420868380461435,0.5571408237434726,0.420868380461435,0.6342131543316408,0.49771599154046764,0.420868380461435,0.42086838046143493,0.39392952070131004,0.420868380461435,0.4094096101944682
7,14,0.33827441426223476,0.36198921338391754,0.33827441426223476,0.3514579969795698,0.3678101491159769,0.33827441426223476,0.3382744142622347,0.2843217182406421,0.33827441426223476,0.3005098469067622
7,15,0.4941476170771622,0.5901090664300889,0.4941476170771622,0.6457718386264474,0.47698325322938456,0.4941476170771622,0.4941476170771622,0.4222009739823341,0.4941476170771622,0.4805907183933398
7,16,0.57585024471388,0.5480849421086563,0.57585024471388,0.6437221850470731,0.47331676535435496,0.57585024471388,0.57585024471388,0.4730519730495424,0.57585024471388,0.5887929437358257
7,17,0.39336502888161823,0.548648383334583,0.39336502888161823,0.5989159202108508,0.4859814061911968,0.39336502888161823,0.39336502888161823,0.40729250117189725,0.39336502888161823,0.3490267518401752
7,18,0.5143345026731329,0.4036002606128419,0.5143345026731329,0.5761732473559085,0.3759945047027654,0.5143345026731329,0.514334502673133,0.2967665232898542,0.5143345026731329,0.5072178503260976
7,19,0.5247489091277919,0.5547834970532293,0.5247489091277919,0.6623713262066597,0.5000107522076089,0.5247489091277919,0.5247489091277919,0.444677271875682,0.5247489091277919,0.5025697620475158
7,20,0.5369498026408043,0.48174261619317577,0.5369498026408043,0.5970410856094679,0.4708716737755839,0.5369498026408043,0.5369498026408042,0.42139060805297257,0.5369498026408043,0.4947206369161072
7,21,0.5197603124442739,0.4380431514421814,0.5197603124442739,0.5773300409160821,0.3745352764351213,0.5197603124442739,0.5197603124442739,0.3276525348351932,0.5197603124442739,0.5076710880367369
7,22,0.4353617387718243,0.5260290844820732,0.4353617387718243,0.6283044559671511,0.4751821614625739,0.4353617387718243,0.43536173877182427,0.3758791954085897,0.4353617387718243,0.41824111962830685
7,23,0.4732374016886182,0.48198781178968986,0.4732374016886182,0.5873625938847572,0.439581463288897,0.4732374016886182,0.47323740168861816,0.36048355966840034,0.4732374016886182,0.40757148041524843
7,24,0.4213634859515211,0.5047768077161614,0.4213634859515211,0.6044659014139778,0.5037297199494475,0.4213634859515211,0.4213634859515211,0.3991152767358319,0.4213634859515211,0.3982741885264323
7,25,0.4154810417249966,0.477170959020121,0.4154810417249966,0.615095807804589,0.5567421533384689,0.4154810417249966,0.4154810417249966,0.41773463773132957,0.4154810417249966,0.3781692117162109
7,26,0.4760059223091393,0.47823801415975653,0.4760059223091393,0.5886284507021736,0.4683634499244136,0.4760059223091393,0.47600592230913935,0.4100141810253465,0.4760059223091393,0.4864648456270056
7,27,0.4649682665072566,0.4603471070404993,0.4649682665072566,0.6055192213974367,0.4151275318167574,0.4649682665072566,0.46496826650725653,0.36137009927623664,0.4649682665072566,0.46205590671760266
7,28,0.4023631622930335,0.5485683465154891,0.4023631622930335,0.6596306970572432,0.5431093382692949,0.4023631622930335,0.4023631622930335,0.423368043170252,0.4023631622930335,0.3558917387555327
7,29,0.36349096948215476,0.48554455578983,0.36349096948215476,0.6037048858439938,0.4772370814336524,0.36349096948215476,0.36349096948215476,0.3558134739645058,0.36349096948215476,0.3200160137348178
7,30,0.47118347589143844,0.5526460369504378,0.47118347589143844,0.6147492631077733,0.5245888300640166,0.47118347589143844,0.4711834758914385,0.47097566866237317,0.47118347589143844,0.4427346292437222
7,31,0.40371838347685784,0.4725759271708754,0.40371838347685784,0.6043264198264064,0.46640862944751865,0.40371838347685784,0.40371838347685784,0.3804339109585516,0.40371838347685784,0.4237219716348131
7,32,0.4777508718010382,0.47451371318299784,0.4777508718010382,0.625121479870852,0.3718877330640726,0.4777508718010382,0.47775087180103826,0.3022525007119041,0.4777508718010382,0.4580544149946695
7,33,0.3943588639447697,0.5730321456939416,0.3943588639447697,0.6302699833187144,0.457757244881549,0.3943588639447697,0.3943588639447697,0.3961356997526011,0.3943588639447697,0.3873746478483621
7,34,0.364660711957606,0.5670782923103008,0.364660711957606,0.6049714680483398,0.4209644439806134,0.364660711957606,0.364660711957606,0.33467409675882054,0.364660711957606,0.31323101149017774
7,35,0.5647454039890746,0.48522226987728123,0.5647454039890746,0.6373220151248284,0.4533530653479602,0.5647454039890746,0.5647454039890747,0.36989071625100106,0.5647454039890746,0.5547691541351016
7,36,0.45500547654693285,0.546904795100561,0.45500547654693285,0.6518665571066906,0.438784976160258,0.45500547654693285,0.45500547654693285,0.38822174145544275,0.45500547654693285,0.4497127188396053
7,37,0.4669669947329065,0.46130084251391845,0.4669669947329065,0.6170064352151735,0.43898576076064655,0.4669669947329065,0.4669669947329065,0.3448969428536231,0.4669669947329065,0.46203027754945514
7,38,0.535272038071828,0.5301912404123738,0.535272038071828,0.6415578648354607,0.48470304277244886,0.535272038071828,0.535272038071828,0.42709771955371567,0.535272038071828,0.5448487540667605
7,39,0.4610420836878817,0.535455853919026,0.4610420836878817,0.6568466269072437,0.47856163657182527,0.4610420836878817,0.4610420836878817,0.388940095798915,0.4610420836878817,0.4520226513196601
7,40,0.5317366986629829,0.5300010316715646,0.5317366986629829,0.6293549849964655,0.493573669315832,0.5317366986629829,0.5317366986629829,0.44655990770228804,0.5317366986629829,0.5423578670093526
7,41,0.49649342094197724,0.6255376399203365,0.49649342094197724,0.6874839020146633,0.47847884119525064,0.49649342094197724,0.4964934209419773,0.4477826180600298,0.49649342094197724,0.49417057183269175
7,42,0.35624614883105205,0.42397571706529136,0.35624614883105205,0.5779541008010987,0.5085885693316081,0.35624614883105205,0.35624614883105205,0.36569780871886415,0.35624614883105205,0.3269968254643615
7,43,0.5032738014205105,0.5149647316670302,0.5032738014205105,0.6399066013238908,0.5271426138932207,0.5032738014205105,0.5032738014205105,0.4453088142672774,0.5032738014205105,0.5007214407105977
7,44,0.5343440869787349,0.48447359535912954,0.5343440869787349,0.6137060464411942,0.424223542957202,0.5343440869787349,0.5343440869787348,0.38721641345835944,0.5343440869787349,0.5333404346385887
7,45,0.532690390037749,0.4991934940875329,0.532690390037749,0.6349624352586409,0.49943730840875555,0.532690390037749,0.5326903900377491,0.41531222833761383,0.532690390037749,0.5234404801657075
7,46,0.49369516425598553,0.5003063344763663,0.49369516425598553,0.6339745356956359,0.3954319904859043,0.49369516425598553,0.49369516425598553,0.36014865919854144,0.49369516425598553,0.4993688957474273
7,47,0.3786770851928054,0.5150819202939161,0.3786770851928054,0.6138150498721885,0.5004496700885699,0.3786770851928054,0.3786770851928054,0.4205977021895837,0.3786770851928054,0.37935599823723837
7,48,0.38502750074967407,0.5060425372028348,0.38502750074967407,0.6151061646113949,0.5194147740842325,0.38502750074967407,0.3850275007496741,0.4059505309875535,0.38502750074967407,0.3524291373317786
7,49,0.422379065512548,0.5711795484836846,0.422379065512548,0.6711024486817714,0.5044105395324503,0.422379065512548,0.42237906551254806,0.4486063441423145,0.422379065512548,0.45541692601703476
7,50,0.45104333167337946,0.4419138667082112,0.45104333167337946,0.566223666621724,0.38788880841250467,0.45104333167337946,0.45104333167337946,0.3458465732870415,0.45104333167337946,0.46820956944854397
7,51,0.5055654298910461,0.5029878674763554,0.5055654298910461,0.6428209364183102,0.5389062648000018,0.5055654298910461,0.5055654298910461,0.4313960754961481,0.5055654298910461,0.49048144384827025
7,52,0.353608652749011,0.49275330281714913,0.353608652749011,0.619745182642488,0.4630642983031028,0.353608652749011,0.353608652749011,0.3735408508191167,0.353608652749011,0.3233534939620085
7,53,0.44780972040385664,0.5091019987794718,0.44780972040385664,0.603519738561542,0.48823389998958433,0.44780972040385664,0.44780972040385664,0.3977864725726632,0.44780972040385664,0.3945018650116523
7,54,0.33260829991200913,0.45813190150676897,0.33260829991200913,0.6081906001067472,0.4841063092197073,0.33260829991200913,0.33260829991200913,0.3238691173712789,0.33260829991200913,0.28098115421042164
7,55,0.3823479095499512,0.6378842813162191,0.3823479095499512,0.6649208482594506,0.47564676652114346,0.3823479095499512,0.3823479095499511,0.4354029543634752,0.3823479095499512,0.35058369511448917
7,56,0.4385074427977995,0.5220935383419505,0.4385074427977995,0.5306625368624289,0.5134468313015524,0.4385074427977995,0.43850744279779946,0.4182589587118665,0.4385074427977995,0.4159347460018481
7,57,0.5261794926525435,0.5888028248187863,0.5261794926525435,0.6634675317415142,0.5198352994455756,0.5261794926525435,0.5261794926525434,0.456230024296621,0.5261794926525435,0.50347478352198
7,58,0.4789051886925266,0.5640573818451663,0.4789051886925266,0.6562269799324432,0.4526698836774393,0.4789051886925266,0.47890518869252663,0.3890115293687045,0.4789051886925266,0.47735815062357034
7,59,0.4201935576256607,0.49023129164308005,0.4201935576256607,0.5093205069486095,0.5138476521755913,0.4201935576256607,0.4201935576256607,0.4120773000790728,0.4201935576256607,0.38609300877989583
7,60,0.4202383475742758,0.5611641297716432,0.4202383475742758,0.6509930452503647,0.5205356064200627,0.4202383475742758,0.4202383475742758,0.4850573607016074,0.4202383475742758,0.44321472750324803
7,61,0.5020268381000401,0.5406171932505379,0.5020268381000401,0.645043538710488,0.46592980640351833,0.5020268381000401,0.5020268381000401,0.4377613795123932,0.5020268381000401,0.5213189088615068
7,62,0.41935035431915885,0.5474803025192836,0.41935035431915885,0.635341893125889,0.5224062288965572,0.41935035431915885,0.4193503543191589,0.4267858531516928,0.41935035431915885,0.40860371522004674
7,63,0.4899942321325507,0.5629122922440026,0.4899942321325507,0.6557867407156694,0.5182081322288474,0.4899942321325507,0.4899942321325508,0.43370004686041935,0.4899942321325507,0.47317694645268393
7,64,0.5014953059297524,0.5700725898044398,0.5014953059297524,0.6538800880715885,0.4709023863683247,0.5014953059297524,0.5014953059297524,0.4423687302195115,0.5014953059297524,0.5068000870970234
7,65,0.4685891900295344,0.5924665404410049,0.4685891900295344,0.6525877297655538,0.5069618194856964,0.4685891900295344,0.4685891900295344,0.4659573458110855,0.4685891900295344,0.4867092695027066
7,66,0.5001576476095967,0.4231535039659303,0.5001576476095967,0.570956816404089,0.48598941712835925,0.5001576476095967,0.5001576476095966,0.39424198257657445,0.5001576476095967,0.48481126507309313
7,67,0.49559344033546743,0.37878980062533607,0.49559344033546743,0.5674321548951952,0.5059525142339025,0.49559344033546743,0.4955934403354674,0.3745589970504711,0.49559344033546743,0.4560628636996951
7,68,0.5018812243044386,0.5185093128773341,0.5018812243044386,0.6456228639513304,0.47106084520527947,0.5018812243044386,0.5018812243044386,0.4228400283575011,0.5018812243044386,0.5047452148011277
7,69,0.33897507030488666,0.5213197810483328,0.33897507030488666,0.6274730529215771,0.45027871479631404,0.33897507030488666,0.3389750703048866,0.3384597903359233,0.33897507030488666,0.29278988564322367
7,70,0.35176724689474165,0.5839330131557433,0.35176724689474165,0.6514896108666561,0.43787643139278715,0.35176724689474165,0.3517672468947417,0.3698515538498234,0.35176724689474165,0.2967011131038862
7,71,0.4740570949183573,0.46331479721791796,0.4740570949183573,0.6237039538090725,0.4652870675208583,0.4740570949183573,0.47405709491835735,0.4106673507295857,0.4740570949183573,0.4746984407693293
7,72,0.39865962826387,0.4307098530056998,0.39865962826387,0.5657964024659827,0.46297791532239946,0.39865962826387,0.39865962826387,0.3691851747687983,0.39865962826387,0.36077956437406866
7,73,0.449243091684746,0.5169275920620766,0.449243091684746,0.6310731081901704,0.5541588781949971,0.449243091684746,0.4492430916847461,0.45804730246288883,0.449243091684746,0.42882783884583564
7,74,0.4940799675282165,0.599348728119264,0.4940799675282165,0.6601781521642389,0.5348650520393987,0.4940799675282165,0.4940799675282165,0.4970269981962465,0.4940799675282165,0.5102308079937792
7,75,0.5186823800709632,0.47341548626270213,0.5186823800709632,0.618912912780268,0.4778088243273064,0.5186823800709632,0.5186823800709632,0.3646695698504437,0.5186823800709632,0.4843313163264188
7,76,0.5384623461960092,0.5537099790633555,0.5384623461960092,0.6632919283998142,0.5662957424527032,0.5384623461960092,0.5384623461960092,0.5079394587878971,0.5384623461960092,0.5609307505784216
7,77,0.5082517117055,0.5460072329159822,0.5082517117055,0.6576955974548064,0.44479602831333587,0.5082517117055,0.5082517117054999,0.4004902051374219,0.5082517117055,0.4865312642487266
7,78,0.46442930032060126,0.5501476596439948,0.46442930032060126,0.6055446267980289,0.4405040752325904,0.46442930032060126,0.46442930032060126,0.4057863003795409,0.46442930032060126,0.43941294222658406
7,79,0.3666915923040461,0.441548650286254,0.3666915923040461,0.6107610231544978,0.5360805675717244,0.3666915923040461,0.366691592304046,0.36893473766787044,0.3666915923040461,0.31010913053382305
7,80,0.5475247838490047,0.5069942118643171,0.5475247838490047,0.6223219665917998,0.39145892502369184,0.5475247838490047,0.5475247838490047,0.35102343247975576,0.5475247838490047,0.5354534775151065
7,81,0.4641309174886443,0.5894905395297958,0.4641309174886443,0.6479208097928286,0.4805186672943922,0.4641309174886443,0.4641309174886443,0.44908248961471403,0.4641309174886443,0.46368354935614303
7,82,0.5158161021352075,0.5249460581522973,0.5158161021352075,0.6128803032730581,0.4197506169562065,0.5158161021352075,0.5158161021352075,0.368289965290671,0.5158161021352075,0.5041966861808712
7,83,0.48030575737619363,0.4861496999072342,0.48030575737619363,0.6389890968865468,0.37743464225547324,0.48030575737619363,0.4803057573761937,0.28865840255399006,0.48030575737619363,0.43903377114529185
7,84,0.43315011890244554,0.5507521520585992,0.43315011890244554,0.6213333727435975,0.45838041816583147,0.43315011890244554,0.4331501189024456,0.40729855676573024,0.43315011890244554,0.4315326947870477
7,85,0.46597111531525387,0.5435282358380951,0.46597111531525387,0.6564323193293478,0.4502665815277146,0.46597111531525387,0.4659711153152539,0.39069890995194,0.46597111531525387,0.4585269506363263
7,86,0.5016931436903368,0.5136373715775586,0.5016931436903368,0.6141477301518448,0.35224058967749505,0.5016931436903368,0.5016931436903368,0.33945429840399893,0.5016931436903368,0.5037369074989919
7,87,0.4573300005398954,0.6071511951057768,0.4573300005398954,0.6625431311928517,0.4674424678895165,0.4573300005398954,0.4573300005398954,0.418940187099485,0.4573300005398954,0.48259750200652896
7,88,0.4585042034251673,0.43320737550098654,0.4585042034251673,0.5826680199837391,0.41576638289929446,0.4585042034251673,0.4585042034251673,0.3454087979598097,0.4585042034251673,0.456313415088146
7,89,0.49029530979544095,0.5362002052542292,0.49029530979544095,0.625738991793154,0.4667722161740454,0.49029530979544095,0.49029530979544095,0.43344039574235405,0.49029530979544095,0.514989094487583
7,90,0.5013465326771946,0.49457221303929566,0.5013465326771946,0.6169143635957756,0.4368217174088085,0.5013465326771946,0.5013465326771946,0.40663566390644856,0.5013465326771946,0.5002366316008519
7,91,0.43368694780939515,0.5323480584491691,0.43368694780939515,0.6284090288792819,0.5349874224481771,0.43368694780939515,0.4336869478093952,0.43319465991067424,0.43368694780939515,0.3877052678615202
7,92,0.4092016210244391,0.5510141592290029,0.4092016210244391,0.6377690988470432,0.5369711815760816,0.4092016210244391,0.4092016210244391,0.44666558641753024,0.4092016210244391,0.4026412549398258
7,93,0.3655244517343235,0.5182220171972303,0.3655244517343235,0.6435473273948071,0.5006110952385917,0.3655244517343235,0.36552445173432346,0.371431303382295,0.3655244517343235,0.30476417784954324
7,94,0.3348929589922001,0.4634929871387068,0.3348929589922001,0.5473445974115778,0.4237443507677131,0.3348929589922001,0.3348929589922001,0.333762336823498,0.3348929589922001,0.22938631553707503
7,95,0.44747091510790055,0.5049778396161954,0.44747091510790055,0.6122426447497401,0.522097210295426,0.44747091510790055,0.4474709151079005,0.42887206411330303,0.44747091510790055,0.4102048047686011
7,96,0.5207278496745248,0.4522393788246277,0.5207278496745248,0.6067443877492242,0.439672632828829,0.5207278496745248,0.5207278496745248,0.3658317870004648,0.5207278496745248,0.504661537154476
7,97,0.4469547155963712,0.5728342830694462,0.4469547155963712,0.6049078827446375,0.49753129599922635,0.4469547155963712,0.4469547155963712,0.41732150884811686,0.4469547155963712,0.38646945637372243
7,98,0.4504481457379437,0.5609070024396225,0.4504481457379437,0.6424777371864014,0.493904068589901,0.4504481457379437,0.4504481457379437,0.45626192889143025,0.4504481457379437,0.4623289897022026
7,99,0.5465012127203825,0.48290952084240624,0.5465012127203825,0.6163369610707001,0.46225009824975016,0.5465012127203825,0.5465012127203825,0.43824717165051486,0.5465012127203825,0.5572223899858836
8,0,0.49915414832516725,0.537789441398776,0.49915414832516725,0.6190713746064558,0.4119221406997008,0.49915414832516725,0.49915414832516725,0.39970766233983124,0.49915414832516725,0.5167362010757783
8,1,0.4729000831959357,0.5006258430631733,0.4729000831959357,0.6112838935187599,0.44667705422126597,0.4729000831959357,0.4729000831959357,0.38098945743529516,0.4729000831959357,0.48384027962817566
8,2,0.3800814638098609,0.5414328430565902,0.3800814638098609,0.6123781217927885,0.48491504144163916,0.3800814638098609,0.3800814638098609,0.40283330614312807,0.3800814638098609,0.35406103566317637
8,3,0.49419398675425547,0.5331102651800128,0.49419398675425547,0.6145466316889752,0.5253779049095827,0.49419398675425547,0.4941939867542555,0.45973364395427585,0.49419398675425547,0.4863840135147076
8,4,0.3186765815381965,0.5515140886628908,0.3186765815381965,0.6427920706685832,0.4008538442069531,0.3186765815381965,0.3186765815381965,0.30885828580341196,0.3186765815381965,0.31863504349378313
8,5,0.41838514021902284,0.548950629235946,0.41838514021902284,0.6143801716506132,0.5367671065052511,0.41838514021902284,0.41838514021902284,0.4535212068750327,0.41838514021902284,0.39778528832368737
8,6,0.37751812204108726,0.5035947174134598,0.37751812204108726,0.6029660466086298,0.48019535959203896,0.37751812204108726,0.37751812204108726,0.36863479185686876,0.37751812204108726,0.3663583802849517
8,7,0.4324234438025068,0.529908155942786,0.4324234438025068,0.624353299222124,0.5410436754360655,0.4324234438025068,0.4324234438025068,0.4457025552080234,0.4324234438025068,0.4191785571056127
8,8,0.47601019686855073,0.5030522457515795,0.47601019686855073,0.6150678303133834,0.43598371117127444,0.47601019686855073,0.47601019686855073,0.3609599206678626,0.47601019686855073,0.47460758544770054
8,9,0.5075412055911609,0.47724461194926954,0.5075412055911609,0.6133795045091007,0.36426929290687704,0.5075412055911609,0.5075412055911608,0.3202240267320443,0.5075412055911609,0.5037466350056994
8,10,0.5353150624415558,0.6245041497947266,0.5353150624415558,0.6529047383210974,0.4530471713376921,0.5353150624415558,0.5353150624415559,0.4483749921322985,0.5353150624415558,0.5471522129163444
8,11,0.4402457016749675,0.49033082988048815,0.4402457016749675,0.6157439969921441,0.5580634132702039,0.4402457016749675,0.44024570167496746,0.44657020053380486,0.4402457016749675,0.43135420724188184
8,12,0.41767268267538726,0.5829964479986998,0.41767268267538726,0.6516722383736917,0.5044151858540786,0.41767268267538726,0.41767268267538726,0.4691219617072076,0.41767268267538726,0.42568665759699276
8,13,0.43967077343413363,0.5527166278247541,0.43967077343413363,0.6295173268109657,0.5098948005522914,0.43967077343413363,0.43967077343413363,0.41104999204887593,0.43967077343413363,0.4323978608751544
8,14,0.3341856123348173,0.40524347950741835,0.3341856123348173,0.3588967321724993,0.3812332967152897,0.3341856123348173,0.33418561233481736,0.2864356131739755,0.3341856123348173,0.29310064636237765
8,15,0.47704361806886,0.5509277491411857,0.47704361806886,0.6230430060483231,0.4353167916467844,0.47704361806886,0.47704361806886,0.38569184560218456,0.47704361806886,0.4662786191496987
8,16,0.5628859706451137,0.5410163333656279,0.5628859706451137,0.6361836391064083,0.45772172667847755,0.5628859706451137,0.5628859706451137,0.4567678871473512,0.5628859706451137,0.5737173653094103
8,17,0.4061202212400441,0.5478909940778904,0.4061202212400441,0.6179303785545847,0.4856889896362021,0.4061202212400441,0.4061202212400441,0.41675863300157545,0.4061202212400441,0.3797473362623044
8,18,0.501807348766785,0.3910539330061066,0.501807348766785,0.5672672472932514,0.37896018353983885,0.501807348766785,0.5018073487667849,0.2980643935823043,0.501807348766785,0.49216800557019064
8,19,0.5161300964015365,0.5359155759455454,0.5161300964015365,0.6515610412445341,0.48278241575808833,0.5161300964015365,0.5161300964015365,0.41863879793607434,0.5161300964015365,0.492796772062536
8,20,0.5270783581565981,0.45990752443684335,0.5270783581565981,0.5944761476409735,0.462763034957109,0.5270783581565981,0.5270783581565981,0.40149276613121976,0.5270783581565981,0.48532455717902384
8,21,0.49239895057707944,0.4304994725919011,0.49239895057707944,0.5690132795589291,0.36122463983554587,0.49239895057707944,0.4923989505770795,0.3174426585963282,0.49239895057707944,0.48713864956508557
8,22,0.43633141328178093,0.5459726373050058,0.43633141328178093,0.6408448048530364,0.4882887484156206,0.43633141328178093,0.43633141328178093,0.3930057740566315,0.43633141328178093,0.42710794012091485
8,23,0.4761854538044183,0.4729229502170359,0.4761854538044183,0.5906848137062043,0.430634612027211,0.4761854538044183,0.47618545380441824,0.35746143863978264,0.4761854538044183,0.4201379525600505
8,24,0.4298827757836545,0.5179389094330229,0.4298827757836545,0.6225851010176261,0.5058217280290327,0.4298827757836545,0.4298827757836545,0.4085375484930245,0.4298827757836545,0.40686592737154914
8,25,0.4041839387518825,0.4490048786293708,0.4041839387518825,0.5940992216354001,0.5362341504488375,0.4041839387518825,0.4041839387518825,0.40059023946805333,0.4041839387518825,0.36783292272845564
8,26,0.4621974227566206,0.4360483138097706,0.4621974227566206,0.5753694934902649,0.46966643802807834,0.4621974227566206,0.4621974227566207,0.3968268643656663,0.4621974227566206,0.47289981556886385
8,27,0.45132117803512073,0.44727492977504624,0.45132117803512073,0.5947705654224252,0.40006767550805655,0.45132117803512073,0.45132117803512073,0.34040644807177334,0.45132117803512073,0.44907428722295406
8,28,0.40118319804507674,0.5360460759503717,0.40118319804507674,0.6531989638883801,0.5370304290335525,0.40118319804507674,0.4011831980450767,0.41093618169605006,0.40118319804507674,0.3518865872193233
8,29,0.3756279304544052,0.47391849656284357,0.3756279304544052,0.5893047260321147,0.5038652410304854,0.3756279304544052,0.3756279304544051,0.3741290783737455,0.3756279304544052,0.3323980977383916
8,30,0.4549346675410309,0.439314424646683,0.4549346675410309,0.4603969008960982,0.512678768149978,0.4549346675410309,0.4549346675410309,0.43011088863858865,0.4549346675410309,0.4256482016506048
8,31,0.5221110413449325,0.5207955510957021,0.5221110413449325,0.6457239313644294,0.5471482967920495,0.5221110413449325,0.5221110413449325,0.4425187310918197,0.5221110413449325,0.5224024217718267
8,32,0.4824500993974451,0.4702432857588317,0.4824500993974451,0.614973828901532,0.3756481585245169,0.4824500993974451,0.4824500993974451,0.3142767429364228,0.4824500993974451,0.4675136590930725
8,33,0.39703483106151344,0.5511607147015565,0.39703483106151344,0.6177573250939683,0.4756676830629051,0.39703483106151344,0.39703483106151344,0.4016904554364378,0.39703483106151344,0.3851004997735919
8,34,0.36936969670049546,0.5609850797301394,0.36936969670049546,0.6070249063432112,0.4168994405841543,0.36936969670049546,0.36936969670049546,0.33204406892260846,0.36936969670049546,0.31847347507955126
8,35,0.5533245246434391,0.4747799273833508,0.5533245246434391,0.6368981913092274,0.4466493014837965,0.5533245246434391,0.5533245246434391,0.36564945557063117,0.5533245246434391,0.5515238103916589
8,36,0.5070949787586921,0.6019198590379498,0.5070949787586921,0.6583263164324733,0.4914253215527048,0.5070949787586921,0.507094978758692,0.4427524529952823,0.5070949787586921,0.488616986432867
8,37,0.4340960045600256,0.42465026819174334,0.4340960045600256,0.598260360952906,0.42452544446229723,0.4340960045600256,0.4340960045600256,0.3189106411438547,0.4340960045600256,0.42243956647605174
8,38,0.49940653318084927,0.4824798650920973,0.49940653318084927,0.613007766558079,0.46173341745663093,0.49940653318084927,0.4994065331808493,0.38966325353034237,0.49940653318084927,0.5082979064753315
8,39,0.4382164010570056,0.5036212046575086,0.4382164010570056,0.6431879469249921,0.46816682254236863,0.4382164010570056,0.4382164010570056,0.3624586883510078,0.4382164010570056,0.4303358696265621
8,40,0.5442339306534509,0.5368742764709407,0.5442339306534509,0.6432759136815702,0.5134436341515661,0.5442339306534509,0.5442339306534509,0.46615361160286406,0.5442339306534509,0.5599207741618644
8,41,0.4789351106084064,0.5905964450879033,0.4789351106084064,0.6594584320852288,0.4674527827341448,0.4789351106084064,0.47893511060840643,0.4289992928708291,0.4789351106084064,0.4732761761451794
8,42,0.35788869474748647,0.4981142070888416,0.35788869474748647,0.6356624550763432,0.5122962062108551,0.35788869474748647,0.3578886947474864,0.3647548506845011,0.35788869474748647,0.32940636933370915
8,43,0.49599989518036924,0.5156941575933633,0.49599989518036924,0.6405139895302693,0.5251387615365346,0.49599989518036924,0.49599989518036924,0.4456212534596271,0.49599989518036924,0.4971701031816594
8,44,0.5335401910337771,0.49835839963186435,0.5335401910337771,0.617213059202137,0.41504039444842883,0.5335401910337771,0.5335401910337771,0.384896641727077,0.5335401910337771,0.5298088359119935
8,45,0.5200506107834311,0.4847149252129597,0.5200506107834311,0.6252450589782865,0.4910782479380196,0.5200506107834311,0.5200506107834311,0.406781587771487,0.5200506107834311,0.5111499694311982
8,46,0.4808095049103072,0.4947869873420902,0.4808095049103072,0.6297756577160056,0.39918193003192437,0.4808095049103072,0.48080950491030716,0.36724349958428115,0.4808095049103072,0.4888385681365297
8,47,0.3987646337450632,0.5209404077464124,0.3987646337450632,0.6173346444025709,0.5337225770183072,0.3987646337450632,0.3987646337450632,0.43551620501611,0.3987646337450632,0.38940320607734774
8,48,0.38973583501613135,0.5170369914974845,0.38973583501613135,0.6283294574862341,0.5149611752302272,0.38973583501613135,0.38973583501613135,0.39902872517338134,0.38973583501613135,0.36186006551581185
8,49,0.46200683316199476,0.5818352298996183,0.46200683316199476,0.6776875471198389,0.5306490296489356,0.46200683316199476,0.46200683316199476,0.47567728198857157,0.46200683316199476,0.49136010492220106
8,50,0.4953010047166046,0.4993156953915522,0.4953010047166046,0.5933489030013499,0.46935586009551516,0.4953010047166046,0.49530100471660454,0.42502251255181,0.4953010047166046,0.5103830676814278
8,51,0.5050961576078377,0.5094948665155741,0.5050961576078377,0.6480720417179267,0.5301372732235237,0.5050961576078377,0.5050961576078377,0.4336513768637258,0.5050961576078377,0.49240399490455705
8,52,0.3592830374424456,0.5667638342050909,0.3592830374424456,0.6398388304447464,0.45714083164925423,0.3592830374424456,0.3592830374424456,0.3900410483404592,0.3592830374424456,0.33522426797767957
8,53,0.4586566007607043,0.5014141617092089,0.4586566007607043,0.6033798166682836,0.508646832950999,0.4586566007607043,0.4586566007607043,0.410073935501003,0.4586566007607043,0.40216210766881777
8,54,0.3092257165299907,0.40519333387322115,0.3092257165299907,0.5797499451444184,0.43625091757373435,0.3092257165299907,0.30922571652999076,0.287577794985449,0.3092257165299907,0.2683892706027945
8,55,0.3776762807393092,0.6206366144779836,0.3776762807393092,0.6589714063148948,0.47640898790255737,0.3776762807393092,0.3776762807393092,0.42148302280999606,0.3776762807393092,0.3506093410106409
8,56,0.3838527403131747,0.4671138454499419,0.3838527403131747,0.4992985169330521,0.45921637586258124,0.3838527403131747,0.3838527403131747,0.33657996510396165,0.3838527403131747,0.34396324844740045
8,57,0.5387080404369603,0.5883039226882996,0.5387080404369603,0.6700837963375303,0.5297590170845697,0.5387080404369603,0.5387080404369604,0.46160549165182274,0.5387080404369603,0.5116115652631265
8,58,0.4772699838672552,0.5381986064194301,0.4772699838672552,0.6410216417756687,0.4392560548141572,0.4772699838672552,0.47726998386725517,0.37842074795374026,0.4772699838672552,0.4783786645254934
8,59,0.4106755076945322,0.47973054325807013,0.4106755076945322,0.5051856776581494,0.5084951823912229,0.4106755076945322,0.41067550769453215,0.4141604813833898,0.4106755076945322,0.37517502779369793
8,60,0.42617533889589804,0.5568659053105884,0.42617533889589804,0.6546218514995996,0.5165346145112168,0.42617533889589804,0.42617533889589804,0.4718337776183456,0.42617533889589804,0.44856591138706786
8,61,0.5144396010795307,0.5242598075168685,0.5144396010795307,0.6352744813801112,0.47776791930041695,0.5144396010795307,0.5144396010795307,0.44605263707393306,0.5144396010795307,0.5319648624870517
8,62,0.43538850123074785,0.551404440945748,0.43538850123074785,0.6457321208749012,0.5411444192578021,0.43538850123074785,0.43538850123074785,0.44741102161693624,0.43538850123074785,0.4278274609855513
8,63,0.498836065349836,0.5485226958975221,0.498836065349836,0.6503035851716736,0.5179348361645467,0.498836065349836,0.49883606534983593,0.4251291871330589,0.498836065349836,0.4799840236503087
8,64,0.49128933070900166,0.5574801710271329,0.49128933070900166,0.6473085460969026,0.47601389112769105,0.49128933070900166,0.4912893307090016,0.4341704325335367,0.49128933070900166,0.4905064841832205
8,65,0.45271226834791906,0.5644427111574042,0.45271226834791906,0.6413968639152001,0.5024801040881575,0.45271226834791906,0.4527122683479191,0.4410074754763986,0.45271226834791906,0.4643784389877816
8,66,0.4683886574380168,0.4731868007679168,0.4683886574380168,0.6109704148554858,0.472463216618187,0.4683886574380168,0.46838865743801683,0.370497149501934,0.4683886574380168,0.46091024349835835
8,67,0.49867660569874966,0.38937094496793334,0.49867660569874966,0.5666074108171445,0.517428435948105,0.49867660569874966,0.4986766056987497,0.3924480536730017,0.49867660569874966,0.46671655165326126
8,68,0.47719982533778543,0.4937564503058264,0.47719982533778543,0.6218037846272578,0.45896454075437554,0.47719982533778543,0.4771998253377855,0.3952091995388511,0.47719982533778543,0.4796433689339167
8,69,0.340759234233125,0.5148066308675603,0.340759234233125,0.6418420407726745,0.4610119568317632,0.340759234233125,0.340759234233125,0.3496648119910075,0.340759234233125,0.29175304611355535
8,70,0.3558319811941688,0.5680312548627553,0.3558319811941688,0.6338342189878874,0.4515659158280957,0.3558319811941688,0.3558319811941688,0.3831724236934122,0.3558319811941688,0.2998494403666274
8,71,0.4684721971969484,0.46306217247923476,0.4684721971969484,0.6227778854341934,0.46361019674610493,0.4684721971969484,0.46847219719694844,0.4101005089784756,0.4684721971969484,0.47125410447394367
8,72,0.4044892909741842,0.4391196180248407,0.4044892909741842,0.5708709708190243,0.46648832999562617,0.4044892909741842,0.4044892909741842,0.3730941780041188,0.4044892909741842,0.3707559252872048
8,73,0.45441809632868313,0.5105588569355042,0.45441809632868313,0.6227414284960844,0.5630217200630947,0.45441809632868313,0.45441809632868313,0.46206536647726454,0.45441809632868313,0.42966474021488993
8,74,0.4622896045595796,0.5499050011948934,0.4622896045595796,0.6289023140888936,0.5289279175904775,0.4622896045595796,0.46228960455957957,0.4699335969106738,0.4622896045595796,0.46980381780967095
8,75,0.5150336719125113,0.43396911121476156,0.5150336719125113,0.5845683231436353,0.48626480881272305,0.5150336719125113,0.5150336719125113,0.3692919846127567,0.5150336719125113,0.4723127637541672
8,76,0.4813980931562167,0.529609758450726,0.4813980931562167,0.646602134377505,0.5208940132992319,0.4813980931562167,0.4813980931562167,0.4628068097118808,0.4813980931562167,0.5078263920036721
8,77,0.5177573096592126,0.5750058777648133,0.5177573096592126,0.6815804776123839,0.45506856098758836,0.5177573096592126,0.5177573096592126,0.42522898401150255,0.5177573096592126,0.4997112018570543
8,78,0.4576124002366619,0.5412457653566127,0.4576124002366619,0.6050395751331588,0.4363527797237365,0.4576124002366619,0.4576124002366619,0.4000799980995684,0.4576124002366619,0.43445635021523415
8,79,0.3676965783917491,0.4334326757696606,0.3676965783917491,0.5981407349137176,0.5396913707562377,0.3676965783917491,0.3676965783917491,0.3669156917943121,0.3676965783917491,0.3051220689324769
8,80,0.5353857785222532,0.4902420720930742,0.5353857785222532,0.6118568671453792,0.3823521514365496,0.5353857785222532,0.5353857785222532,0.34015897393905287,0.5353857785222532,0.5239955631705551
8,81,0.45020942088733723,0.5676395995072707,0.45020942088733723,0.6371050796747977,0.47207256747073795,0.45020942088733723,0.4502094208873372,0.43512136061264484,0.45020942088733723,0.4442654290707293
8,82,0.5199469062551022,0.5287583658447375,0.5199469062551022,0.6261874178167924,0.41851425465932274,0.5199469062551022,0.5199469062551022,0.3744197958631845,0.5199469062551022,0.5168034067975713
8,83,0.48497822251367695,0.4956165682162682,0.48497822251367695,0.6364103885652996,0.3910622559137576,0.48497822251367695,0.48497822251367695,0.3162040211001854,0.48497822251367695,0.44819012290725674
8,84,0.4846695249840099,0.5597321314310836,0.4846695249840099,0.6323703818364332,0.5126735414388791,0.4846695249840099,0.4846695249840099,0.4665810454824958,0.4846695249840099,0.4967366451766877
8,85,0.45159354180979083,0.5296793228537933,0.45159354180979083,0.6348068722556792,0.4361169562263958,0.45159354180979083,0.4515935418097909,0.384229488357788,0.45159354180979083,0.44592808669404355
8,86,0.4875266962497153,0.4954485507681977,0.4875266962497153,0.610110333149866,0.34796875156349827,0.4875266962497153,0.48752669624971534,0.32432533795100804,0.4875266962497153,0.4913448495548305
8,87,0.43999536117378657,0.5371279796561317,0.43999536117378657,0.6333624560442409,0.4503441026630265,0.43999536117378657,0.43999536117378657,0.37919782635365934,0.43999536117378657,0.45329997504945563
8,88,0.42883076954242605,0.3911624589101139,0.42883076954242605,0.5564578974955714,0.4068800505386756,0.42883076954242605,0.42883076954242605,0.32195692307873425,0.42883076954242605,0.41697693820179815
8,89,0.49353514705367163,0.5179874826580672,0.49353514705367163,0.6204667703561015,0.47160623007276964,0.49353514705367163,0.49353514705367163,0.43471442965970347,0.49353514705367163,0.5166466237521607
8,90,0.48995464599539296,0.46254165112202233,0.48995464599539296,0.6056717452454353,0.44467423204951484,0.48995464599539296,0.48995464599539296,0.3912602774391085,0.48995464599539296,0.48476158356900695
8,91,0.43225868741475854,0.5403374914882688,0.43225868741475854,0.6290290719439147,0.5517206260226746,0.43225868741475854,0.4322586874147586,0.4461263510289213,0.43225868741475854,0.3852991074136584
8,92,0.3923104207346611,0.544563948990783,0.3923104207346611,0.6466326193852382,0.5364943902626317,0.3923104207346611,0.39231042073466105,0.43815243630180334,0.3923104207346611,0.38053223424346083
8,93,0.3912787651132391,0.5420674654480861,0.3912787651132391,0.662949710807472,0.5421361612840216,0.3912787651132391,0.3912787651132391,0.42551489763673156,0.3912787651132391,0.3443216446033007
8,94,0.3451125942180265,0.44356250229489114,0.3451125942180265,0.5516061857291479,0.44082467603370223,0.3451125942180265,0.3451125942180265,0.34847976109411183,0.3451125942180265,0.25929906627220367
8,95,0.4634977251445289,0.5263581303996876,0.4634977251445289,0.6120658246706681,0.5550560518908851,0.4634977251445289,0.4634977251445288,0.4665598790643154,0.4634977251445289,0.4340718452313611
8,96,0.5147009996800586,0.5076055839828941,0.5147009996800586,0.6351248693355156,0.4293716414779479,0.5147009996800586,0.5147009996800586,0.36331578461392783,0.5147009996800586,0.5044283583991838
8,97,0.4490133805789854,0.5674830587907568,0.4490133805789854,0.6211899751867171,0.5041731479864157,0.4490133805789854,0.44901338057898543,0.42774275101297704,0.4490133805789854,0.40693929063766804
8,98,0.45947861712055826,0.5784615174339036,0.45947861712055826,0.657033316716,0.5111563083296455,0.45947861712055826,0.45947861712055826,0.4723824678949121,0.45947861712055826,0.46571919719836613
8,99,0.49280354691788936,0.5254201907540818,0.49280354691788936,0.6256099309942713,0.4304086096811299,0.49280354691788936,0.4928035469178893,0.3990102276322467,0.49280354691788936,0.5042838484399592
9,0,0.5058043405920618,0.5244448167275835,0.5058043405920618,0.6103307988469501,0.4099183894396614,0.5058043405920618,0.5058043405920618,0.39082867329477833,0.5058043405920618,0.5156820820557828
9,1,0.45735183796297546,0.5044626312279897,0.45735183796297546,0.6058446794185331,0.43954744866533796,0.45735183796297546,0.4573518379629754,0.3711036373083506,0.45735183796297546,0.4640731938480553
9,2,0.3869906386219638,0.5461673893164769,0.3869906386219638,0.6206520316330613,0.49578971618230866,0.3869906386219638,0.3869906386219638,0.41357306057422394,0.3869906386219638,0.3642900951016177
9,3,0.4556512137936687,0.4994010310099249,0.4556512137936687,0.5932490116200058,0.4833925192684866,0.4556512137936687,0.4556512137936687,0.41019753675264903,0.4556512137936687,0.4349120571386426
9,4,0.32329923876601646,0.5721294121162812,0.32329923876601646,0.6564124764121256,0.41904210156318533,0.32329923876601646,0.32329923876601646,0.3374937675961345,0.32329923876601646,0.33241095662394804
9,5,0.4290625250026879,0.5354021712699852,0.4290625250026879,0.6029862133273156,0.5400027686983258,0.4290625250026879,0.4290625250026879,0.4601446734626218,0.4290625250026879,0.41076415548593526
9,6,0.38798400905909236,0.4884907110611394,0.38798400905909236,0.5859017914572989,0.49069584090637003,0.38798400905909236,0.3879840090590924,0.3870699882599516,0.38798400905909236,0.3778626651125264
9,7,0.42688036242316596,0.5194227982193698,0.42688036242316596,0.6359211694740371,0.547502813795061,0.42688036242316596,0.426880362423166,0.44797258931236617,0.42688036242316596,0.40969285285303136
9,8,0.5000400043005785,0.5340144127624138,0.5000400043005785,0.6341379550220368,0.4409704025500404,0.5000400043005785,0.5000400043005784,0.38023306945583424,0.5000400043005785,0.5004985029764247
9,9,0.4924062916682425,0.4657829942096669,0.4924062916682425,0.6059222277830385,0.36582083926925735,0.4924062916682425,0.4924062916682425,0.3227087499906762,0.4924062916682425,0.4918056966131653
9,10,0.5434956399029378,0.6250556205663456,0.5434956399029378,0.6526977436825303,0.44052310326842925,0.5434956399029378,0.5434956399029378,0.4348534581696929,0.5434956399029378,0.5515298695193912
9,11,0.4593192503946766,0.5005226390537393,0.4593192503946766,0.6071159003494667,0.5735220940397001,0.4593192503946766,0.4593192503946766,0.4687915594963458,0.4593192503946766,0.4386812282906777
9,12,0.42809935525705295,0.5828587272115484,0.42809935525705295,0.6463674628636713,0.5195810467753486,0.42809935525705295,0.4280993552570529,0.4805006369949317,0.42809935525705295,0.43475844524113916
9,13,0.4609814964544853,0.5858770404795626,0.4609814964544853,0.6473995192010606,0.5253726980230969,0.4609814964544853,0.4609814964544853,0.4406740666498186,0.4609814964544853,0.45365915023565095
9,14,0.35499695530567144,0.4205014425904655,0.35499695530567144,0.36786256786152616,0.4068541908826889,0.35499695530567144,0.35499695530567144,0.3200934498612534,0.35499695530567144,0.3144366923993389
9,15,0.4561616519425131,0.5307256544404704,0.4561616519425131,0.6051082896110318,0.41238584737277506,0.4561616519425131,0.4561616519425131,0.3538052599757333,0.4561616519425131,0.44325082322361026
9,16,0.5628195291238277,0.5489512073329492,0.5628195291238277,0.638031336820635,0.4600057549870684,0.5628195291238277,0.5628195291238277,0.45059456222330807,0.5628195291238277,0.5693702884523244
9,17,0.38777000231290837,0.5206954150415506,0.38777000231290837,0.6088543054197771,0.4727504764442103,0.38777000231290837,0.3877700023129083,0.387239719554807,0.38777000231290837,0.34921935812744215
9,18,0.5081222668954981,0.40069566392971,0.5081222668954981,0.5736080011026332,0.3822306170682961,0.5081222668954981,0.5081222668954981,0.305128422976571,0.5081222668954981,0.5009977543691736
9,19,0.5164691804731064,0.5452040327547221,0.5164691804731064,0.652746972169886,0.49647521281458423,0.5164691804731064,0.5164691804731064,0.44544138060848976,0.5164691804731064,0.5017107905672751
9,20,0.5273085338883817,0.47082280271850896,0.5273085338883817,0.6026468741470011,0.4626912953978598,0.5273085338883817,0.5273085338883818,0.41272309506449234,0.5273085338883817,0.49637447331465545
9,21,0.5067840510241147,0.4412392839278513,0.5067840510241147,0.5687991130176808,0.35461565863736066,0.5067840510241147,0.5067840510241147,0.3112579648101726,0.5067840510241147,0.4903206512842103
9,22,0.44777032011710804,0.5482369535026705,0.44777032011710804,0.6415395543896942,0.5008655577491139,0.44777032011710804,0.44777032011710804,0.4017936978232044,0.44777032011710804,0.43456371565337265
9,23,0.45734756340356403,0.4767824814552033,0.45734756340356403,0.5956193808500723,0.41890443789004406,0.45734756340356403,0.4573475634035641,0.34361499087847314,0.45734756340356403,0.40678755863257887
9,24,0.4395975483729122,0.537930917421485,0.4395975483729122,0.6373870478074581,0.5367411861999367,0.4395975483729122,0.4395975483729122,0.44213391160489973,0.4395975483729122,0.4237322643152531
9,25,0.42520027472407484,0.46229428363767716,0.42520027472407484,0.6111066511094786,0.5613654693016399,0.42520027472407484,0.42520027472407484,0.4235367778807979,0.42520027472407484,0.39120422742616234
9,26,0.42435753604359605,0.4243844242241174,0.42435753604359605,0.5465652246755572,0.4273356321851898,0.42435753604359605,0.42435753604359605,0.3540338707366134,0.42435753604359605,0.43344680411381215
9,27,0.5148201297923503,0.5527331178919679,0.5148201297923503,0.6386285252672401,0.5134281972188666,0.5148201297923503,0.5148201297923503,0.460814968492145,0.5148201297923503,0.5104568502130624
9,28,0.4010758694337686,0.4974132668301584,0.4010758694337686,0.6059913900433617,0.5028261203684505,0.4010758694337686,0.4010758694337686,0.37872378372306675,0.4010758694337686,0.35434153667371837
9,29,0.3819121832656017,0.484537746208483,0.3819121832656017,0.5992433020194048,0.5040428055739345,0.3819121832656017,0.3819121832656017,0.38355888574590613,0.3819121832656017,0.3436026625601213
9,30,0.43946169172379324,0.4271462802480605,0.43946169172379324,0.4511961546703896,0.5046610692763072,0.43946169172379324,0.43946169172379324,0.40781977637400524,0.43946169172379324,0.4055115635965858
9,31,0.47297888376943287,0.5270147681731937,0.47297888376943287,0.6465813094222195,0.522815732917457,0.47297888376943287,0.47297888376943287,0.4286507286765096,0.47297888376943287,0.48466936651364834
9,32,0.4698762970383901,0.49584552009793514,0.4698762970383901,0.6301984241930876,0.3506739491868347,0.4698762970383901,0.4698762970383901,0.2805837519074379,0.4698762970383901,0.4442491445625548
9,33,0.39892223489205764,0.5495403501861578,0.39892223489205764,0.6251044587371135,0.4755246387133205,0.39892223489205764,0.3989222348920576,0.4065074756337266,0.39892223489205764,0.3937017371381228
9,34,0.36624034751052914,0.5636038554542551,0.36624034751052914,0.5959893313285243,0.42728101052876477,0.36624034751052914,0.36624034751052914,0.3424629916248505,0.36624034751052914,0.31315936928123433
9,35,0.5838545430621438,0.4925081407414711,0.5838545430621438,0.6419996512373143,0.4575197359692491,0.5838545430621438,0.5838545430621438,0.3923386863173183,0.5838545430621438,0.5777550380864434
9,36,0.5002262264105883,0.6085476358220172,0.5002262264105883,0.6595490730669724,0.4918517658116419,0.5002262264105883,0.5002262264105883,0.44267999121209245,0.5002262264105883,0.48376491136012256
9,37,0.559117203122324,0.5716844906734113,0.559117203122324,0.6627547054721312,0.4987197397252184,0.559117203122324,0.559117203122324,0.4163924061537374,0.559117203122324,0.5488430641855856
9,38,0.49552746344020443,0.48873278831531924,0.49552746344020443,0.6168504339776312,0.45205457419532324,0.49552746344020443,0.49552746344020443,0.39347556649851784,0.49552746344020443,0.5118556971247867
9,39,0.5092806724959886,0.5855573448054551,0.5092806724959886,0.6989962682499473,0.5393048022030896,0.5092806724959886,0.5092806724959886,0.45778680145983897,0.5092806724959886,0.4978077593558664
9,40,0.5178127860063563,0.5199867108255588,0.5178127860063563,0.6214020094213673,0.4860359373346615,0.5178127860063563,0.5178127860063564,0.43046544154507643,0.5178127860063563,0.5287120884413292
9,41,0.46378300552263785,0.5925360306005283,0.46378300552263785,0.6667254823127529,0.44566036024105615,0.46378300552263785,0.46378300552263785,0.4144730448045713,0.46378300552263785,0.46532208594505486
9,42,0.3543806753487924,0.47796491781831096,0.3543806753487924,0.6227815289211788,0.5146035729625222,0.3543806753487924,0.3543806753487924,0.35216743144498436,0.3543806753487924,0.3178060284070118
9,43,0.4480775308435016,0.4910549133828198,0.4480775308435016,0.6185374027386995,0.4998446842920817,0.4480775308435016,0.44807753084350166,0.418173276398639,0.4480775308435016,0.4541216019840142
9,44,0.5353254700644706,0.5855558909103007,0.5353254700644706,0.6551733495260847,0.40002787216500085,0.5353254700644706,0.5353254700644705,0.3763975322176123,0.5353254700644706,0.5386214234655229
9,45,0.4975995096522804,0.455623819401877,0.4975995096522804,0.6051349178517803,0.47320649579599,0.4975995096522804,0.4975995096522804,0.3843204073657589,0.4975995096522804,0.4867760510769087
9,46,0.4897866372254838,0.5002165393675095,0.4897866372254838,0.6281379939577647,0.3964771409291642,0.4897866372254838,0.48978663722548377,0.3713168314602983,0.4897866372254838,0.49834730457668064
9,47,0.41928093919132586,0.5186770705659542,0.41928093919132586,0.6222719234616937,0.5379295814460879,0.41928093919132586,0.4192809391913258,0.4457867490217646,0.41928093919132586,0.42619390157102277
9,48,0.39198824905032764,0.5291259910342937,0.39198824905032764,0.6367219614802252,0.519133393663795,0.39198824905032764,0.39198824905032764,0.4080091998226328,0.39198824905032764,0.3596354163433239
9,49,0.4144493861035746,0.5647331462578249,0.4144493861035746,0.6594060149233472,0.5026074415945563,0.4144493861035746,0.4144493861035746,0.4494397582540122,0.4144493861035746,0.44688230127209266
9,50,0.47444245574181587,0.48372896006191235,0.47444245574181587,0.5813513908504007,0.4474563657802296,0.47444245574181587,0.47444245574181587,0.3899703216197661,0.47444245574181587,0.48513201159982666
9,51,0.5174911718732504,0.5033882087942984,0.5174911718732504,0.6511106290461978,0.5434775101952242,0.5174911718732504,0.5174911718732504,0.4363673368118615,0.5174911718732504,0.4981877589709322
9,52,0.34716707756643383,0.5706071156342543,0.34716707756643383,0.6374618566012211,0.43411800955128355,0.34716707756643383,0.34716707756643383,0.3650518375189792,0.34716707756643383,0.31695037946640625
9,53,0.45196384875010487,0.49942574026595965,0.45196384875010487,0.5996618206147197,0.4907890854663352,0.45196384875010487,0.45196384875010487,0.3998710741832753,0.45196384875010487,0.39410593351770595
9,54,0.33805873486236804,0.440816844192605,0.33805873486236804,0.606742679300434,0.47891158641106524,0.33805873486236804,0.338058734862368,0.3249557651123952,0.33805873486236804,0.29262185920406114
9,55,0.39732847470803595,0.6258611039214925,0.39732847470803595,0.6570345817023464,0.49375900385685006,0.39732847470803595,0.39732847470803595,0.4496050299354205,0.39732847470803595,0.3692179791147796
9,56,0.39320687018339623,0.47740260344920016,0.39320687018339623,0.5145239004973285,0.5010103893920943,0.39320687018339623,0.39320687018339623,0.3765555989361935,0.39320687018339623,0.35483143006833384
9,57,0.5324052025848447,0.5848934309979337,0.5324052025848447,0.6617103728384178,0.5383616972022769,0.5324052025848447,0.5324052025848447,0.4773603322150405,0.5324052025848447,0.5103000697016296
9,58,0.46310966949013704,0.520451740276212,0.46310966949013704,0.6334704283801722,0.4275642141412025,0.46310966949013704,0.46310966949013704,0.3705381236366102,0.46310966949013704,0.4580613948789195
9,59,0.41605030152835015,0.47364168945764146,0.41605030152835015,0.4986296291434871,0.5199957324811773,0.41605030152835015,0.41605030152835015,0.40982826049045257,0.41605030152835015,0.3789464587249911
9,60,0.45211587438482354,0.5721269873835735,0.45211587438482354,0.6605633184225086,0.537608356380235,0.45211587438482354,0.4521158743848236,0.4947969960552797,0.45211587438482354,0.4796382721546213
9,61,0.48702081143589604,0.5191365896626345,0.48702081143589604,0.6311657988894211,0.4620546495916476,0.48702081143589604,0.4870208114358961,0.4239509416252054,0.48702081143589604,0.5054906860428557
9,62,0.43233042567270646,0.5609199723014224,0.43233042567270646,0.6379136896176834,0.5343467610886803,0.43233042567270646,0.4323304256727064,0.4548197254703468,0.43233042567270646,0.43106305896270247
9,63,0.476854886978326,0.529666692871211,0.476854886978326,0.6413850846986868,0.5093362669003114,0.476854886978326,0.476854886978326,0.4051137904795564,0.476854886978326,0.4602327885013924
9,64,0.47675610748584074,0.5377253493662902,0.47675610748584074,0.6393714716766568,0.4689658652738938,0.47675610748584074,0.47675610748584074,0.4259908591012186,0.47675610748584074,0.4849683095080557
9,65,0.481242164662905,0.5815506557398444,0.481242164662905,0.6537307288548415,0.5295855046913029,0.481242164662905,0.481242164662905,0.4625406177126982,0.481242164662905,0.49335773465226834
9,66,0.490024061123226,0.4788392410564168,0.490024061123226,0.6133582087535866,0.46107858297925275,0.490024061123226,0.490024061123226,0.3755397629529366,0.490024061123226,0.48372593260525004
9,67,0.5016654519793673,0.4010611323006718,0.5016654519793673,0.5743360758960958,0.5061343427713649,0.5016654519793673,0.5016654519793673,0.3877875260422816,0.5016654519793673,0.46862673073225786
9,68,0.47152451139230483,0.4813176415770841,0.47152451139230483,0.6215626040264917,0.45058120216454756,0.47152451139230483,0.47152451139230483,0.38664000184257896,0.47152451139230483,0.4747964215866011
9,69,0.34385345769575415,0.532058061942593,0.34385345769575415,0.6460799161451137,0.4503309532189553,0.34385345769575415,0.34385345769575415,0.3441072158199341,0.34385345769575415,0.29703162923853293
9,70,0.36156909040070556,0.5366375284443633,0.36156909040070556,0.632434012574309,0.4733698529065574,0.36156909040070556,0.3615690904007055,0.3797011114094009,0.36156909040070556,0.30000397567091436
9,71,0.4697981469413251,0.44486833432876466,0.4697981469413251,0.6112807598114286,0.464503214311494,0.4697981469413251,0.4697981469413251,0.4041289426877408,0.4697981469413251,0.46754446774312597
9,72,0.40501376082892254,0.45670101080350495,0.40501376082892254,0.5837864175421583,0.4611187893534453,0.40501376082892254,0.4050137608289226,0.3764717045676587,0.40501376082892254,0.3705308276123396
9,73,0.4393958077537348,0.5083995609645573,0.4393958077537348,0.6170725775526515,0.5526322167594642,0.4393958077537348,0.43939580775373477,0.4555295403791877,0.4393958077537348,0.4131750722123322
9,74,0.4415723018957764,0.5211348654624344,0.4415723018957764,0.6147476368370599,0.5082893929860378,0.4415723018957764,0.44157230189577634,0.43605578300016395,0.4415723018957764,0.4427143174498256
9,75,0.5143948111309156,0.43544119984554847,0.5143948111309156,0.5958018193446716,0.48406108024682953,0.5143948111309156,0.5143948111309156,0.36504275569936206,0.5143948111309156,0.4807909622959691
9,76,0.47261173628607506,0.5172501538396864,0.47261173628607506,0.6469038971376098,0.5219044189713037,0.47261173628607506,0.4726117362860751,0.45050869567720764,0.47261173628607506,0.5003590718287261
9,77,0.5081607379302007,0.5564594840831057,0.5081607379302007,0.6543750902017842,0.4506943707761387,0.5081607379302007,0.5081607379302007,0.41602767349640013,0.5081607379302007,0.4911611676073951
9,78,0.42972294443174985,0.5476370256155874,0.42972294443174985,0.5980044680965397,0.39977634593305267,0.42972294443174985,0.42972294443174985,0.3651709058837232,0.42972294443174985,0.41234700496447674
9,79,0.35768937018362856,0.4317458049750661,0.35768937018362856,0.5871099993220933,0.5274861856786434,0.35768937018362856,0.35768937018362856,0.3566200515096509,0.35768937018362856,0.2941518072029605
9,80,0.5414625293515875,0.47767102490577446,0.5414625293515875,0.609803373841202,0.39924324874011863,0.5414625293515875,0.5414625293515875,0.3560068549249664,0.5414625293515875,0.532034892823015
9,81,0.4532970466604401,0.5763471170918909,0.4532970466604401,0.6488804493658707,0.4916009925028001,0.4532970466604401,0.4532970466604401,0.4523873388726022,0.4532970466604401,0.4435501692947126
9,82,0.46944289388415555,0.5115116043718858,0.46944289388415555,0.6110243128932638,0.3791009784895919,0.46944289388415555,0.4694428938841555,0.3388913159080571,0.46944289388415555,0.4704239630911248
9,83,0.47956755955088504,0.48738811592912795,0.47956755955088504,0.6300910882980033,0.3818732033266349,0.47956755955088504,0.47956755955088504,0.2947889068926535,0.47956755955088504,0.43656114884392444
9,84,0.44398733503801524,0.5353395457641813,0.44398733503801524,0.6181049357223432,0.4827036524791428,0.44398733503801524,0.44398733503801524,0.41510193305713194,0.44398733503801524,0.44872184444276486
9,85,0.5100526950957701,0.6269038401475704,0.5100526950957701,0.7067510055061467,0.5274284710545852,0.5100526950957701,0.5100526950957701,0.48143926459543873,0.5100526950957701,0.499804969839381
9,86,0.48237036957190194,0.49563280445836916,0.48237036957190194,0.6046654620491646,0.3390377276329631,0.48237036957190194,0.482370369571902,0.32442459614716057,0.48237036957190194,0.48792876015873077
9,87,0.46820810376548727,0.591782924529402,0.46820810376548727,0.6680389006779665,0.49295129398231985,0.46820810376548727,0.46820810376548727,0.4370700148821808,0.46820810376548727,0.49144155921901317
9,88,0.41487619156828287,0.40968629341352414,0.41487619156828287,0.5574369422301474,0.4138667892374961,0.41487619156828287,0.41487619156828287,0.3358659063353509,0.41487619156828287,0.40120167231600007
9,89,0.44309776205442014,0.4863476866568508,0.44309776205442014,0.5981311969733096,0.43249696242216745,0.44309776205442014,0.44309776205442014,0.39733030066652825,0.44309776205442014,0.46882338372043886
9,90,0.4904434325715666,0.4729013084939917,0.4904434325715666,0.6129578497659515,0.4252734444440577,0.4904434325715666,0.49044343257156664,0.37849092958876596,0.4904434325715666,0.48978908992495873
9,91,0.4271215962542965,0.5323906873659896,0.4271215962542965,0.6275359041641171,0.5473574652998965,0.4271215962542965,0.4271215962542965,0.435833772845881,0.4271215962542965,0.3821634754374123
9,92,0.4167506787953883,0.5386483779086317,0.4167506787953883,0.6356259151179826,0.5545684244463549,0.4167506787953883,0.4167506787953883,0.4518805391333952,0.4167506787953883,0.40652528311778674
9,93,0.39320529045491814,0.551708606916737,0.39320529045491814,0.6662741455015719,0.5420559661381958,0.39320529045491814,0.39320529045491814,0.4287728662439124,0.39320529045491814,0.3436830075483668
9,94,0.3605570419974533,0.44827208014021946,0.3605570419974533,0.5308418813268979,0.42833897857353576,0.3605570419974533,0.3605570419974533,0.3393980915666955,0.3605570419974533,0.28232674098387656
9,95,0.45556897498760146,0.5131448777435401,0.45556897498760146,0.6103304166696857,0.5557204268198873,0.45556897498760146,0.45556897498760146,0.4588957577491625,0.45556897498760146,0.4236367415058087
9,96,0.5185315624639044,0.49061073688850937,0.5185315624639044,0.6195418906319932,0.43440207855091495,0.5185315624639044,0.5185315624639044,0.3638652735196781,0.5185315624639044,0.5010983956948404
9,97,0.49649026148502096,0.5492509336266647,0.49649026148502096,0.6444407336101281,0.5443199091954308,0.49649026148502096,0.49649026148502096,0.4645839967615074,0.49649026148502096,0.48183192408687997
9,98,0.41410593454738875,0.5467830389977713,0.41410593454738875,0.6347086910876686,0.46011406469363825,0.41410593454738875,0.41410593454738875,0.4234860440566586,0.41410593454738875,0.42714935339940285
9,99,0.5273146669518851,0.4924613619822673,0.5273146669518851,0.6209279827132915,0.44185951801286233,0.5273146669518851,0.5273146669518851,0.4103224992978904,0.5273146669518851,0.5374525381271087
10,0,0.48953982788207756,0.5339382218147234,0.48953982788207756,0.6169598563153579,0.4026533199345933,0.48953982788207756,0.48953982788207756,0.3908038097931662,0.48953982788207756,0.5067158034430952
10,1,0.42474828652892116,0.49833524012093,0.42474828652892116,0.5999016279624485,0.4093765162105569,0.42474828652892116,0.42474828652892116,0.3366513638334476,0.42474828652892116,0.4299587504924802
10,2,0.3978225580208716,0.5471197906534219,0.3978225580208716,0.6221470454223416,0.5272851323618092,0.3978225580208716,0.3978225580208716,0.4405944589000087,0.3978225580208716,0.3734598780340941
10,3,0.4437383884149032,0.48390408818043923,0.4437383884149032,0.580282812609723,0.46969676063713206,0.4437383884149032,0.4437383884149032,0.39124246647895267,0.4437383884149032,0.42287172163033576
10,4,0.3340811644048517,0.5488357878934031,0.3340811644048517,0.6379072617585938,0.4071714822360882,0.3340811644048517,0.3340811644048517,0.33218886338937564,0.3340811644048517,0.3558970881009279
10,5,0.41913411736806455,0.5212094792874096,0.41913411736806455,0.5896459452064974,0.5388105475481971,0.41913411736806455,0.4191341173680646,0.4488599872058032,0.41913411736806455,0.3924845001698361
10,6,0.38380125974982865,0.501241043468612,0.38380125974982865,0.5905711588562463,0.5048223876164455,0.38380125974982865,0.3838012597498286,0.4018759232651685,0.38380125974982865,0.361373813989038
10,7,0.4237879974646287,0.533398586907713,0.4237879974646287,0.6285395487026433,0.5464442411991773,0.4237879974646287,0.42378799746462875,0.463561450226885,0.4237879974646287,0.40398716231791587
10,8,0.4802994384622811,0.4938604729750265,0.4802994384622811,0.621070592086074,0.4530109751210422,0.4802994384622811,0.48029943846228107,0.3664652886944475,0.4802994384622811,0.4765809091145391
10,9,0.48067058172943655,0.45903852812570417,0.48067058172943655,0.5930349229632472,0.3598391815799216,0.48067058172943655,0.4806705817294366,0.32436293943795,0.48067058172943655,0.48273219819093827
10,10,0.5265560255815654,0.5935751639996103,0.5265560255815654,0.6451258593259681,0.4432219006029286,0.5265560255815654,0.5265560255815656,0.44309945953943,0.5265560255815654,0.5427057391597356
10,11,0.4372296283094034,0.4881997023708297,0.4372296283094034,0.5965118254462384,0.5492625947231559,0.4372296283094034,0.4372296283094034,0.446990776437114,0.4372296283094034,0.41677238903346553
10,12,0.4427805154059303,0.6073879959064508,0.4427805154059303,0.6479291311769244,0.537540234987258,0.4427805154059303,0.4427805154059302,0.518092489354685,0.4427805154059303,0.4629736619169611
10,13,0.40462477592248475,0.5622211785093401,0.40462477592248475,0.6358477662472278,0.4791477618670623,0.40462477592248475,0.4046247759224848,0.38742536665273514,0.40462477592248475,0.3984976284373596
10,14,0.3637874938100198,0.4792431361457134,0.3637874938100198,0.40855792150786086,0.4186706289046332,0.3637874938100198,0.3637874938100198,0.3307924946262204,0.3637874938100198,0.3215161781271798
10,15,0.46655970356116333,0.5234980027226368,0.46655970356116333,0.617706166582912,0.4349607676856919,0.46655970356116333,0.4665597035611633,0.3768747121154899,0.46655970356116333,0.45290526627879724
10,16,0.5672122893954779,0.5370519257775368,0.5672122893954779,0.634755518958752,0.4673598400389514,0.5672122893954779,0.5672122893954779,0.4499760984551092,0.5672122893954779,0.5727555369383821
10,17,0.39491808782602694,0.5289062343058163,0.39491808782602694,0.6023895873776607,0.48569118950205703,0.39491808782602694,0.3949180878260269,0.40075036684743837,0.39491808782602694,0.35460871560709895
10,18,0.4826418970197307,0.3918728885169992,0.4826418970197307,0.5628576160027687,0.37490396280780786,0.4826418970197307,0.48264189701973076,0.2899706137778376,0.4826418970197307,0.47714110473309984
10,19,0.49964488633063736,0.5346288975642481,0.49964488633063736,0.6449820698864724,0.4707156216688654,0.49964488633063736,0.49964488633063736,0.4117218599489936,0.49964488633063736,0.4779935745137313
10,20,0.5316908865371172,0.47540069833374854,0.5316908865371172,0.6006997628273909,0.4662106789935486,0.5316908865371172,0.5316908865371172,0.4099287265475293,0.5316908865371172,0.49070192877979163
10,21,0.4876061472996447,0.4556343460427327,0.4876061472996447,0.5788250293889672,0.3543446972764475,0.4876061472996447,0.4876061472996447,0.31089972702534485,0.4876061472996447,0.48085730321104136
10,22,0.4756819850459185,0.5620559381901302,0.4756819850459185,0.6537875885181961,0.5159709646377788,0.4756819850459185,0.4756819850459185,0.41610870257995586,0.4756819850459185,0.46168603098100136
10,23,0.4599026348291287,0.4707156360545231,0.4599026348291287,0.5908205327080513,0.4307088662517813,0.4599026348291287,0.4599026348291287,0.34849814471019835,0.4599026348291287,0.40406149996299157
10,24,0.44331204757621795,0.5211394449339164,0.44331204757621795,0.6267254532184259,0.5357663306964087,0.44331204757621795,0.44331204757621795,0.43179505410974406,0.44331204757621795,0.4219942227025688
10,25,0.4083551653357764,0.47352310842776335,0.4083551653357764,0.6022864610299683,0.5482228679929377,0.4083551653357764,0.40835516533577637,0.41970886204935653,0.4083551653357764,0.3671889176047135
10,26,0.5459591800019756,0.519455427585054,0.5459591800019756,0.6084865665122665,0.511772023306947,0.5459591800019756,0.5459591800019756,0.4514240928756832,0.5459591800019756,0.5464807593860652
10,27,0.48855444901254425,0.5026134341647461,0.48855444901254425,0.6232604888113122,0.493008115515572,0.48855444901254425,0.48855444901254425,0.43219267128458094,0.48855444901254425,0.4848583648452628
10,28,0.3956714324596846,0.5122004000732422,0.3956714324596846,0.6123637932466344,0.54435842415294,0.3956714324596846,0.3956714324596845,0.40571855843786286,0.3956714324596846,0.3382215946248731
10,29,0.3688571212719453,0.5448884243755968,0.3688571212719453,0.6435761208346175,0.5062483263773617,0.3688571212719453,0.3688571212719453,0.3772052518227256,0.3688571212719453,0.32471724123373114
10,30,0.44879426294654856,0.4867697982833856,0.44879426294654856,0.5958399270912687,0.521850064819373,0.44879426294654856,0.44879426294654856,0.4159193558845587,0.44879426294654856,0.4045683684095496
10,31,0.4755579298977832,0.5212460862183594,0.4755579298977832,0.6442827938225306,0.5280504828785149,0.4755579298977832,0.4755579298977831,0.43586005263633915,0.4755579298977832,0.4887077350225011
10,32,0.4788780545327846,0.47764043540310075,0.4788780545327846,0.6164003569207847,0.36854311770287396,0.4788780545327846,0.47887805453278465,0.3034156892336559,0.4788780545327846,0.4566889885772448
10,33,0.39758346146944673,0.5469919816725873,0.39758346146944673,0.6279873548199189,0.48287210745656706,0.39758346146944673,0.3975834614694467,0.41319453340354695,0.39758346146944673,0.39561323552310856
10,34,0.37644093306941334,0.5463641707859632,0.37644093306941334,0.5917747010559105,0.4535762067003235,0.37644093306941334,0.3764409330694134,0.3608627237756764,0.37644093306941334,0.3257742349635264
10,35,0.573413188298152,0.4709420513234869,0.573413188298152,0.627289195517095,0.4613025663388638,0.573413188298152,0.5734131882981519,0.3903727829626508,0.573413188298152,0.5685612582466167
10,36,0.48522298750258214,0.6076938193226651,0.48522298750258214,0.6593129943755017,0.47331888899222885,0.48522298750258214,0.4852229875025821,0.43304159457168384,0.48522298750258214,0.47590676363550827
10,37,0.5313960348629349,0.5754566842806512,0.5313960348629349,0.6637811862772949,0.485000770942308,0.5313960348629349,0.5313960348629349,0.39671249169536243,0.5313960348629349,0.5310110368702808
10,38,0.4763921194594392,0.4754401241928894,0.4763921194594392,0.6055765091902531,0.44111395479940296,0.4763921194594392,0.4763921194594392,0.3754723965833151,0.4763921194594392,0.48926610787488534
10,39,0.48400622487360545,0.5695369813327024,0.48400622487360545,0.6783174482930315,0.5107616906904913,0.48400622487360545,0.48400622487360545,0.4402154157779823,0.48400622487360545,0.4748618467730838
10,40,0.5138183031616035,0.521412868004548,0.5138183031616035,0.6227491371618505,0.4812447640996884,0.5138183031616035,0.5138183031616035,0.4375310801953862,0.5138183031616035,0.5287725617636836
10,41,0.4525005847318499,0.5780427563171764,0.4525005847318499,0.6609580732472391,0.4448531182020664,0.4525005847318499,0.45250058473184995,0.40505766228311335,0.4525005847318499,0.45445177647073265
10,42,0.38682764781310286,0.4820262305312508,0.38682764781310286,0.6395119437105943,0.5360880211094804,0.38682764781310286,0.38682764781310286,0.3708730758236502,0.38682764781310286,0.3471746389010373
10,43,0.5137344846270582,0.5416536264074092,0.5137344846270582,0.6544202518532989,0.5801652067120578,0.5137344846270582,0.5137344846270582,0.49408162260372906,0.5137344846270582,0.5114508464455292
10,44,0.5124568559890712,0.49772906720030813,0.5124568559890712,0.6164507600628808,0.4022367693683327,0.5124568559890712,0.5124568559890712,0.36805829373852705,0.5124568559890712,0.5133646967953073
10,45,0.4838633059089372,0.42842181867878965,0.4838633059089372,0.6079587743237799,0.46556655546822423,0.4838633059089372,0.4838633059089372,0.3638861888739611,0.4838633059089372,0.47622541319978967
10,46,0.48188901701209597,0.48379125103476717,0.48188901701209597,0.6131974842556795,0.39573877584505773,0.48188901701209597,0.48188901701209597,0.3592495276381614,0.48188901701209597,0.485467295426795
10,47,0.4129213240392022,0.49627627212247727,0.4129213240392022,0.6098714024869729,0.5405839596634898,0.4129213240392022,0.41292132403920223,0.44062826815779366,0.4129213240392022,0.4134708687744147
10,48,0.39436183755131676,0.5243052196831643,0.39436183755131676,0.6329649935195423,0.5249679667428633,0.39436183755131676,0.39436183755131676,0.4130160325233329,0.39436183755131676,0.3671425142486424
10,49,0.4716544208283297,0.5884757539177727,0.4716544208283297,0.6777056896959996,0.5540822329459834,0.4716544208283297,0.4716544208283297,0.5043027635539967,0.4716544208283297,0.502861009442727
10,50,0.4914184967433897,0.48725172472678,0.4914184967433897,0.5897470503033075,0.4508477335612344,0.4914184967433897,0.49141849674338967,0.3981901846755046,0.4914184967433897,0.5023066319443596
10,51,0.5063293679980277,0.5034061580037396,0.5063293679980277,0.6432725790487355,0.5285591741548026,0.5063293679980277,0.5063293679980279,0.4305700018719032,0.5063293679980277,0.4903211444338359
10,52,0.3638076585794171,0.5576365529866896,0.3638076585794171,0.6342097518896396,0.4675058701360168,0.3638076585794171,0.3638076585794171,0.39352906331471244,0.3638076585794171,0.3366458548916479
10,53,0.4452041905921965,0.5024710419554668,0.4452041905921965,0.603711071124097,0.4983945671580053,0.4452041905921965,0.4452041905921965,0.4062718945553214,0.4452041905921965,0.3927732023906817
10,54,0.3470048301592097,0.44637078223495125,0.3470048301592097,0.6181445279733675,0.48581073184539597,0.3470048301592097,0.3470048301592097,0.32550959484028485,0.3470048301592097,0.300100360036211
10,55,0.39745550346271835,0.6245264319739313,0.39745550346271835,0.6497393401407124,0.49876946091735064,0.39745550346271835,0.3974555034627184,0.4596360446656289,0.39745550346271835,0.37206376212725595
10,56,0.40647408041914473,0.48112287994572955,0.40647408041914473,0.5031376265405265,0.5280550966922234,0.40647408041914473,0.4064740804191447,0.41157531316657664,0.40647408041914473,0.3613487523157115
10,57,0.5219030747370472,0.5789858248984876,0.5219030747370472,0.6674324677685229,0.5286121322981561,0.5219030747370472,0.5219030747370471,0.46596039014231483,0.5219030747370472,0.5025675635856497
10,58,0.45049702439556105,0.5194950587764429,0.45049702439556105,0.6320720432609795,0.41802257752998534,0.45049702439556105,0.45049702439556105,0.3536434204169694,0.45049702439556105,0.4501179089751635
10,59,0.40303937900687675,0.46919235648631047,0.40303937900687675,0.48248642197845476,0.4865808501210067,0.40303937900687675,0.4030393790068768,0.38153694044995956,0.40303937900687675,0.35386794848714126
10,60,0.4449299683134345,0.5631679050496474,0.4449299683134345,0.660625136431009,0.541940419436143,0.4449299683134345,0.4449299683134345,0.4946775576850081,0.4449299683134345,0.46851449277094404
10,61,0.4819847299728296,0.5240365292813027,0.4819847299728296,0.6266179684156651,0.43362322136291276,0.4819847299728296,0.4819847299728296,0.3974425952338044,0.4819847299728296,0.49536276363273946
10,62,0.43340296838415054,0.5560842430304829,0.43340296838415054,0.6431274010316563,0.5414407745318772,0.43340296838415054,0.43340296838415054,0.46015708612209616,0.43340296838415054,0.42947689318276216
10,63,0.4872253398112113,0.5109266178152272,0.4872253398112113,0.6205993847270604,0.510121460724974,0.4872253398112113,0.4872253398112113,0.4099259610888729,0.4872253398112113,0.46248363844471063
10,64,0.4637221395136276,0.5405699648308568,0.4637221395136276,0.6389382308425686,0.4550820921194475,0.4637221395136276,0.4637221395136276,0.41674329085316075,0.4637221395136276,0.47922733197576767
10,65,0.4526655269700074,0.5403621454136206,0.4526655269700074,0.6430287153977418,0.5213669005731394,0.4526655269700074,0.4526655269700073,0.43368800330376894,0.4526655269700074,0.46438832172506567
10,66,0.4644114586813189,0.4790626759574149,0.4644114586813189,0.6107996322645775,0.4482795012396761,0.4644114586813189,0.46441145868131883,0.3641084195337213,0.4644114586813189,0.457823908446266
10,67,0.5056564036663453,0.4054642165268571,0.5056564036663453,0.5681821019509399,0.5001454290297278,0.5056564036663453,0.5056564036663453,0.3901856859456423,0.5056564036663453,0.46783358417172227
10,68,0.4771807756708433,0.4788707137386653,0.4771807756708433,0.6160595316077584,0.44176284940256727,0.4771807756708433,0.4771807756708433,0.3773410211753283,0.4771807756708433,0.4726044914290366
10,69,0.3527519752878428,0.518524535545778,0.3527519752878428,0.6315083824858236,0.4622971905889198,0.3527519752878428,0.3527519752878428,0.35649401254908075,0.3527519752878428,0.3067927029394917
10,70,0.3514277911223534,0.5491249696408548,0.3514277911223534,0.6317192475422022,0.451597801761407,0.3514277911223534,0.35142779112235345,0.37323740233898584,0.3514277911223534,0.2881627714075218
10,71,0.4367684405189947,0.43510972611262466,0.4367684405189947,0.6024694696445388,0.43853628964378033,0.4367684405189947,0.4367684405189947,0.3764959435588707,0.4367684405189947,0.435671908835221
10,72,0.4193318622034443,0.47651169521851644,0.4193318622034443,0.5979005583209585,0.4817166760287399,0.4193318622034443,0.4193318622034443,0.39341334652488913,0.4193318622034443,0.386358693311341
10,73,0.44081496147832105,0.5567453228412559,0.44081496147832105,0.6542647132470523,0.5627016329926413,0.44081496147832105,0.440814961478321,0.4520922347085931,0.44081496147832105,0.41263938945076295
10,74,0.4661716479067715,0.5559396158228541,0.4661716479067715,0.633070661994682,0.5454266432978793,0.4661716479067715,0.4661716479067715,0.48561535363249797,0.4661716479067715,0.47959264887504094
10,75,0.5159904298190291,0.43190747121962325,0.5159904298190291,0.6016511502863933,0.4815374209108701,0.5159904298190291,0.5159904298190292,0.3647557304664163,0.5159904298190291,0.48748341097491144
10,76,0.4696314391242803,0.50065934817997,0.4696314391242803,0.6358162891437333,0.5166290442717616,0.4696314391242803,0.46963143912428035,0.43986261075462396,0.4696314391242803,0.4969545279574997
10,77,0.507958160984182,0.5502002277096161,0.507958160984182,0.6601603104815204,0.45398894833332704,0.507958160984182,0.507958160984182,0.4172185237043926,0.507958160984182,0.4920850157290443
10,78,0.48002623836076963,0.582647531191374,0.48002623836076963,0.6192286203486987,0.46080737145061784,0.48002623836076963,0.48002623836076963,0.43775621653901686,0.48002623836076963,0.47722086355007765
10,79,0.37143254331731645,0.43147403498665204,0.37143254331731645,0.5856028738525474,0.5493616044724443,0.37143254331731645,0.3714325433173164,0.36898159184560947,0.37143254331731645,0.30791473109574086
10,80,0.533819059572769,0.5070711644754133,0.533819059572769,0.6257757613270544,0.3886595118375785,0.533819059572769,0.533819059572769,0.34623393453706497,0.533819059572769,0.5222273755706379
10,81,0.4522256190514511,0.5643559486201049,0.4522256190514511,0.6351788552955785,0.47797476655744886,0.4522256190514511,0.4522256190514511,0.43246922445368496,0.4522256190514511,0.4436452771405429
10,82,0.5040861535590865,0.4873286424023079,0.5040861535590865,0.602493479510898,0.41709597162545164,0.5040861535590865,0.5040861535590864,0.3570335830348441,0.5040861535590865,0.4969316271811432
10,83,0.48073256284090193,0.4894930217970982,0.48073256284090193,0.6333954677465291,0.38256431796252405,0.48073256284090193,0.480732562840902,0.2949490401398701,0.48073256284090193,0.43826931858253243
10,84,0.47647389363948345,0.5545210129463719,0.47647389363948345,0.6337815744711777,0.5109810819362548,0.47647389363948345,0.47647389363948345,0.4620850776453347,0.47647389363948345,0.4898182197772776
10,85,0.5120226165079953,0.600880902509018,0.5120226165079953,0.6964587941301766,0.5196879052046763,0.5120226165079953,0.5120226165079953,0.4681736840342812,0.5120226165079953,0.4993828073903565
10,86,0.4932218961889794,0.4697533547362548,0.4932218961889794,0.6023635827527316,0.3422877661378884,0.4932218961889794,0.4932218961889794,0.32046086628436,0.4932218961889794,0.49539531061285
10,87,0.44580894782370567,0.6081616245114824,0.44580894782370567,0.6680295421735667,0.4809539334960818,0.44580894782370567,0.4458089478237056,0.4352240899774744,0.44580894782370567,0.4727312647832358
10,88,0.44583979899163145,0.541445048750295,0.44583979899163145,0.6100556795391456,0.43520677265253926,0.44583979899163145,0.44583979899163145,0.3656103896171161,0.44583979899163145,0.4424231140527375
10,89,0.5583373748053565,0.5429128568612336,0.5583373748053565,0.638648303550654,0.559050506741218,0.5583373748053565,0.5583373748053565,0.5164464636251707,0.5583373748053565,0.5701337936192157
10,90,0.4666828294572527,0.49719390975580646,0.4666828294572527,0.614320989843312,0.4138220120939642,0.4666828294572527,0.4666828294572527,0.3800483616867951,0.4666828294572527,0.4705255376951831
10,91,0.4348237947624195,0.5337492215674514,0.4348237947624195,0.6289846312156196,0.5543052352038971,0.4348237947624195,0.4348237947624195,0.4471443988725967,0.4348237947624195,0.38985499920724664
10,92,0.44564456313677575,0.5247613060580721,0.44564456313677575,0.6441825814889072,0.5830171505257102,0.44564456313677575,0.44564456313677575,0.48134776151809167,0.44564456313677575,0.4322593590113677
10,93,0.40713673005311696,0.512038947493104,0.40713673005311696,0.6459817964643286,0.5492062718753039,0.40713673005311696,0.40713673005311696,0.4254816821064747,0.40713673005311696,0.3654732219247376
10,94,0.345683712525472,0.4324325690691263,0.345683712525472,0.5138209312299394,0.438292259428255,0.345683712525472,0.345683712525472,0.3379514020819766,0.345683712525472,0.2516490229735815
10,95,0.44768938226390514,0.47808214455911413,0.44768938226390514,0.593981061560276,0.5266976500270233,0.44768938226390514,0.4476893822639052,0.42451198003291196,0.44768938226390514,0.4066925881494971
10,96,0.5092425731621044,0.4982075846051254,0.5092425731621044,0.6224940756108144,0.42838313773413106,0.5092425731621044,0.5092425731621044,0.3615368046585205,0.5092425731621044,0.4957853337639305
10,97,0.4376384062844201,0.5310340050464691,0.4376384062844201,0.6222605541797959,0.4921715080850713,0.4376384062844201,0.4376384062844201,0.3986359720374123,0.4376384062844201,0.4011995561220523
10,98,0.4641766366893054,0.5556463459917458,0.4641766366893054,0.648880731160805,0.5072266583147007,0.4641766366893054,0.4641766366893054,0.4657522387356763,0.4641766366893054,0.4722944667061132
10,99,0.5547236994490372,0.472214331336411,0.5547236994490372,0.6187829364055866,0.44469749832331373,0.5547236994490372,0.5547236994490372,0.4151775018451056,0.5547236994490372,0.5613570347090643
11,0,0.49664126494248906,0.5218524481361699,0.49664126494248906,0.6093515105922288,0.40244421641365413,0.49664126494248906,0.49664126494248906,0.38865552877984416,0.49664126494248906,0.5104638534634109
11,1,0.5171244890159156,0.5293849349802542,0.5171244890159156,0.6310577160476446,0.5236014868155802,0.5171244890159156,0.5171244890159155,0.4565824598623714,0.5171244890159156,0.5246709714621294
11,2,0.394908423604749,0.5385382196040891,0.394908423604749,0.6058428156691184,0.5180268779521293,0.394908423604749,0.394908423604749,0.4283395536185519,0.394908423604749,0.36508946743335546
11,3,0.5405090238272305,0.5709834996969101,0.5405090238272305,0.6416582138763991,0.5665695524848874,0.5405090238272305,0.5405090238272305,0.5059987325114623,0.5405090238272305,0.5370058444188788
11,4,0.3669836562220905,0.5696704804970474,0.3669836562220905,0.6664936500115864,0.4432627188550985,0.3669836562220905,0.36698365622209045,0.36837961172776545,0.3669836562220905,0.39785522297839354
11,5,0.4110594746399218,0.5230706543101269,0.4110594746399218,0.5909161459341701,0.5466589714730572,0.4110594746399218,0.4110594746399218,0.4520440281506278,0.4110594746399218,0.37286855991492335
11,6,0.2987895655774563,0.44859101126342005,0.2987895655774563,0.5391843984967105,0.3876349555378208,0.2987895655774563,0.2987895655774563,0.29990737052016325,0.2987895655774563,0.27292182919769703
11,7,0.4272027199579086,0.5224936264346322,0.4272027199579086,0.6281549369485309,0.5509155697811833,0.4272027199579086,0.4272027199579086,0.4537359487847399,0.4272027199579086,0.4038245705314832
11,8,0.4465175025087482,0.47861178626458356,0.4465175025087482,0.6028018298562473,0.4385698554418388,0.4465175025087482,0.4465175025087482,0.34193226655568126,0.4465175025087482,0.43767199076354296
11,9,0.477056720522708,0.4525012877903368,0.477056720522708,0.5859854733118618,0.35011147979646395,0.477056720522708,0.47705672052270803,0.3004339344942405,0.477056720522708,0.4706631318941049
11,10,0.4931770133151596,0.573225518282537,0.4931770133151596,0.6278519641379646,0.403905448884888,0.4931770133151596,0.4931770133151597,0.40220662446003064,0.4931770133151596,0.5125823585031795
11,11,0.48932368385618785,0.49909154439667824,0.48932368385618785,0.6196964243838882,0.5854041999338635,0.48932368385618785,0.48932368385618785,0.481156859030906,0.48932368385618785,0.4817672681078494
11,12,0.43587877461019503,0.5852342716223345,0.43587877461019503,0.6431292269864273,0.5415992089972991,0.43587877461019503,0.43587877461019503,0.49710253511610714,0.43587877461019503,0.44847915699059404
11,13,0.4259266710483998,0.5498041972714804,0.4259266710483998,0.6261789395237978,0.5167664208404512,0.4259266710483998,0.4259266710483998,0.4068141357038602,0.4259266710483998,0.4080716343898079
11,14,0.35803728214963504,0.4526357559799268,0.35803728214963504,0.3932946654709697,0.4121409782973904,0.35803728214963504,0.35803728214963504,0.312997290670866,0.35803728214963504,0.316170995594873
11,15,0.46483315325977437,0.507350131603441,0.46483315325977437,0.6054560531937973,0.42275553638902114,0.46483315325977437,0.46483315325977437,0.36510219190909565,0.46483315325977437,0.44491432828002786
11,16,0.5428360568007171,0.517806593495409,0.5428360568007171,0.62067314939497,0.4638519278911447,0.5428360568007171,0.5428360568007171,0.44934783735834394,0.5428360568007171,0.5575148813840698
11,17,0.3891294051309395,0.5293411495534008,0.3891294051309395,0.5990184245302811,0.5036747994411223,0.3891294051309395,0.3891294051309395,0.4194909152151473,0.3891294051309395,0.3356094506399876
11,18,0.5014815529994723,0.3714180258398022,0.5014815529994723,0.5519092347931986,0.37470174557344044,0.5014815529994723,0.5014815529994723,0.2907158853654455,0.5014815529994723,0.4909000123294782
11,19,0.49410719461316305,0.5181447700713576,0.49410719461316305,0.6393287018845776,0.4875604957813218,0.49410719461316305,0.49410719461316305,0.41558902414818266,0.49410719461316305,0.4767430927371106
11,20,0.4984886180098525,0.46317785101290787,0.4984886180098525,0.5944340475739436,0.45817311281224465,0.4984886180098525,0.4984886180098525,0.3919868236394929,0.4984886180098525,0.46233240286410177
11,21,0.48568854277760687,0.4559008603508404,0.48568854277760687,0.5814392831850616,0.3573922424872737,0.48568854277760687,0.48568854277760687,0.31032507197924764,0.48568854277760687,0.4772929379504183
11,22,0.44949482606399593,0.539157407585544,0.44949482606399593,0.6393338009616094,0.4860456296295988,0.44949482606399593,0.44949482606399593,0.381172531613478,0.44949482606399593,0.4344159064494939
11,23,0.45673518630527804,0.46743538675401874,0.45673518630527804,0.5863323778351681,0.43686567261857484,0.45673518630527804,0.45673518630527804,0.36002772499294716,0.45673518630527804,0.4056048168578993
11,24,0.4340307710663994,0.5221736839694062,0.4340307710663994,0.6256560960856741,0.537090962380925,0.4340307710663994,0.4340307710663994,0.4390159519982439,0.4340307710663994,0.4141938419626356
11,25,0.4042815102167081,0.46288344734788867,0.4042815102167081,0.6168017472684479,0.5472103821261965,0.4042815102167081,0.4042815102167081,0.4053719506568684,0.4042815102167081,0.3605688066686208
11,26,0.5406002763781436,0.5403699095778511,0.5406002763781436,0.6155151362113636,0.504441366235773,0.5406002763781436,0.5406002763781435,0.45629567648358216,0.5406002763781436,0.5454485033205061
11,27,0.4949826429656596,0.509822314960441,0.4949826429656596,0.6288388236371014,0.4760153762821985,0.4949826429656596,0.4949826429656596,0.41551006205754115,0.4949826429656596,0.4847563385818756
11,28,0.41326672702468453,0.5338919278467544,0.41326672702468453,0.654075524063256,0.5435136655045771,0.41326672702468453,0.4132667270246846,0.4238088813119032,0.41326672702468453,0.37317665474376
11,29,0.3730475833731905,0.49734226903021994,0.3730475833731905,0.601820434442248,0.5087574892956491,0.3730475833731905,0.3730475833731905,0.39105515842471567,0.3730475833731905,0.3313852211048089
11,30,0.44000911410406673,0.4954813181749372,0.44000911410406673,0.5929899742524174,0.5156064417789941,0.44000911410406673,0.44000911410406673,0.4166795670600217,0.44000911410406673,0.4033160895323291
11,31,0.4628022729133343,0.5251516942478021,0.4628022729133343,0.6384785378133713,0.5099791675007164,0.4628022729133343,0.4628022729133343,0.4355171654429899,0.4628022729133343,0.48074389275361135
11,32,0.4653741638009308,0.48604187216219785,0.4653741638009308,0.6264496813511014,0.3565866181618016,0.4653741638009308,0.46537416380093083,0.28653273583495753,0.4653741638009308,0.44194913154036497
11,33,0.40697569067355255,0.5440321102739885,0.40697569067355255,0.6176408413044923,0.46301618895061974,0.40697569067355255,0.40697569067355255,0.39659887091384605,0.40697569067355255,0.39829446545400427
11,34,0.3907682340391901,0.5366171250125626,0.3907682340391901,0.5966446211847356,0.46754053507963655,0.3907682340391901,0.3907682340391901,0.3711322096888957,0.3907682340391901,0.3416610076487986
11,35,0.5458264828098128,0.4506461645559371,0.5458264828098128,0.6189574321257423,0.44726250213390983,0.5458264828098128,0.5458264828098128,0.364807733362394,0.5458264828098128,0.5452534907637656
11,36,0.4551528559214217,0.5662419388565387,0.4551528559214217,0.6374764937126522,0.45698491724430923,0.4551528559214217,0.45515285592142174,0.4012569975305822,0.4551528559214217,0.4372294521604179
11,37,0.5041103141122814,0.5902318734080148,0.5041103141122814,0.6605686701578264,0.487300970817815,0.5041103141122814,0.5041103141122814,0.41182406326641463,0.5041103141122814,0.516878903827829
11,38,0.4971795806527122,0.4894895644481807,0.4971795806527122,0.6126819637672423,0.4534134969482353,0.4971795806527122,0.4971795806527123,0.39313567366606383,0.4971795806527122,0.5107247472610477
11,39,0.48699665088270117,0.5529185178774569,0.48699665088270117,0.6711885962548154,0.5121442726957736,0.48699665088270117,0.48699665088270117,0.4231621348286338,0.48699665088270117,0.47395258460682255
11,40,0.49400218913196986,0.5103515767953637,0.49400218913196986,0.6143178382672734,0.4512070772497674,0.49400218913196986,0.49400218913196986,0.4096776166158329,0.49400218913196986,0.5095699509525491
11,41,0.529705074914906,0.6383948452792401,0.529705074914906,0.686771146482813,0.5272035945038693,0.529705074914906,0.529705074914906,0.4976630391714898,0.529705074914906,0.5173698287877873
11,42,0.3727671351057205,0.4942809566155939,0.3727671351057205,0.6400991193010445,0.5222157159989795,0.3727671351057205,0.3727671351057205,0.3744280189821916,0.3727671351057205,0.337240637694644
11,43,0.49410394223100224,0.5128466249374921,0.49410394223100224,0.6537529056336095,0.568061738058849,0.49410394223100224,0.49410394223100224,0.4615792297558745,0.49410394223100224,0.4935395160620327
11,44,0.5090892465745214,0.5377519033915218,0.5090892465745214,0.6296774902329612,0.39397371154413374,0.5090892465745214,0.5090892465745214,0.3625003613440054,0.5090892465745214,0.5091350588245784
11,45,0.4642825714225446,0.4290272130727599,0.4642825714225446,0.6014804509125046,0.43984061145511955,0.4642825714225446,0.46428257142254453,0.3418471397928947,0.4642825714225446,0.45643556314847
11,46,0.49341016265349036,0.4648122972390994,0.49341016265349036,0.6124821483793519,0.3973576274494246,0.49341016265349036,0.49341016265349036,0.36180621466347207,0.49341016265349036,0.4948752308479751
11,47,0.41050118001071056,0.5089084275985574,0.41050118001071056,0.6172313218026536,0.5373701212333424,0.41050118001071056,0.41050118001071056,0.44513769660141034,0.41050118001071056,0.4094961740866708
11,48,0.3953004750429384,0.5040239059305015,0.3953004750429384,0.623525986652822,0.5318330447683334,0.3953004750429384,0.3953004750429384,0.41830918080007745,0.3953004750429384,0.36400050552561325
11,49,0.44991317533508596,0.5751432188928309,0.44991317533508596,0.6677384164454945,0.5267894860716871,0.44991317533508596,0.44991317533508596,0.4801914052119705,0.44991317533508596,0.4815665021841068
11,50,0.45613498240879413,0.4525604307601862,0.45613498240879413,0.5639031116685643,0.41632183787442356,0.45613498240879413,0.4561349824087942,0.3600262902902257,0.45613498240879413,0.4649325524676262
11,51,0.493802399942089,0.4924848270201396,0.493802399942089,0.6391848696062405,0.5229942514048233,0.493802399942089,0.4938023999420891,0.4253231534991717,0.493802399942089,0.48083562527598844
11,52,0.3508442208374921,0.5594028395587354,0.3508442208374921,0.6364570621599365,0.4620521166685436,0.3508442208374921,0.3508442208374921,0.388988982071323,0.3508442208374921,0.3243492881673761
11,53,0.4251153410870743,0.4745202806005014,0.4251153410870743,0.5942998796261887,0.49304664410579235,0.4251153410870743,0.4251153410870744,0.38721685518006965,0.4251153410870743,0.3753981528211918
11,54,0.3442893698305128,0.45537439207214886,0.3442893698305128,0.6181681453090435,0.4979532740213997,0.3442893698305128,0.3442893698305128,0.34299882352651767,0.3442893698305128,0.2997512093595886
11,55,0.39765938136160145,0.6370581465985148,0.39765938136160145,0.6638045695195043,0.4939600010994005,0.39765938136160145,0.3976593813616014,0.45457758023555095,0.39765938136160145,0.37102308236749015
11,56,0.41019638533963654,0.5082394403703991,0.41019638533963654,0.5221916595984619,0.51366023890393,0.41019638533963654,0.4101963853396365,0.4055702093732574,0.41019638533963654,0.3719490547942077
11,57,0.4948817261934686,0.5594768604569706,0.4948817261934686,0.6575675443440305,0.5001219073758681,0.4948817261934686,0.4948817261934686,0.42641235651214016,0.4948817261934686,0.4766752242198362
11,58,0.5167588283358313,0.592041536728592,0.5167588283358313,0.6680896809786412,0.5047484989045445,0.5167588283358313,0.5167588283358313,0.4465853441731491,0.5167588283358313,0.5029974741124708
11,59,0.39222808900338924,0.4847664656069232,0.39222808900338924,0.4957781940945503,0.5177483446208592,0.39222808900338924,0.39222808900338924,0.4027003947439243,0.39222808900338924,0.3383079316007933
11,60,0.43874802615249786,0.5853015400264228,0.43874802615249786,0.6680419747935872,0.5451289265849575,0.43874802615249786,0.43874802615249786,0.5088105117864659,0.43874802615249786,0.46563152843418254
11,61,0.4833904095427495,0.5245789921306063,0.4833904095427495,0.6292862158927676,0.45270864402641975,0.4833904095427495,0.4833904095427495,0.4285779045867815,0.4833904095427495,0.5060690338047024
11,62,0.41319508169194125,0.5391034374780072,0.41319508169194125,0.6316265063895479,0.5206364948468936,0.41319508169194125,0.4131950816919412,0.43403706591045116,0.41319508169194125,0.3981982583917999
11,63,0.46978801809402415,0.49968480523502723,0.46978801809402415,0.6205633907464837,0.4973569986632004,0.46978801809402415,0.46978801809402415,0.3935293247623499,0.46978801809402415,0.45416881608628346
11,64,0.45719851137539247,0.5265983141961453,0.45719851137539247,0.6208600203990713,0.4524457801472713,0.45719851137539247,0.45719851137539247,0.4133432200528744,0.45719851137539247,0.4699945819438845
11,65,0.46967186158827945,0.5843154518731553,0.46967186158827945,0.660030137158959,0.5321527708267311,0.46967186158827945,0.4696718615882795,0.4631336932384072,0.46967186158827945,0.482850216522296
11,66,0.46000355160131967,0.4491343852655701,0.46000355160131967,0.6001639274430934,0.4479738531622881,0.46000355160131967,0.46000355160131967,0.348998406516981,0.46000355160131967,0.45521954526292274
11,67,0.5082589598714584,0.3805283887981541,0.5082589598714584,0.5514807692646135,0.4998001374616218,0.5082589598714584,0.5082589598714584,0.3864726753639003,0.5082589598714584,0.46291895248115317
11,68,0.46806657867888796,0.47633327354287713,0.46806657867888796,0.616523408818523,0.4519175230775956,0.46806657867888796,0.4680665786788879,0.395380816332323,0.46806657867888796,0.47339923661437244
11,69,0.35526922615513695,0.5459161132834673,0.35526922615513695,0.6536977671869713,0.46298715822507636,0.35526922615513695,0.3552692261551369,0.3616411971062347,0.35526922615513695,0.3156647909920446
11,70,0.3466018135468779,0.5500883339229027,0.3466018135468779,0.6425620862505342,0.4410492102655922,0.3466018135468779,0.3466018135468779,0.3624941144283115,0.3466018135468779,0.2838775812931329
11,71,0.5346075299337638,0.6258731866825866,0.5346075299337638,0.6827798278748631,0.5609381686418302,0.5346075299337638,0.5346075299337638,0.48438831451424996,0.5346075299337638,0.5197181566911278
11,72,0.4156313017808279,0.4595393562915524,0.4156313017808279,0.5758710938003088,0.5051068409609587,0.4156313017808279,0.41563130178082786,0.40451811924325065,0.4156313017808279,0.3816825868763241
11,73,0.44773538024018006,0.5771539156369319,0.44773538024018006,0.6640287728898074,0.5648539068243912,0.44773538024018006,0.44773538024018006,0.47088403807334067,0.44773538024018006,0.4253066872123574
11,74,0.4606226193143365,0.5583938003655633,0.4606226193143365,0.6383792249421292,0.537883804606716,0.4606226193143365,0.4606226193143365,0.4729802112037866,0.4606226193143365,0.47308371265350424
11,75,0.5136723176651836,0.4666856719482296,0.5136723176651836,0.6174954882537825,0.46887089336498206,0.5136723176651836,0.5136723176651836,0.3576524112641176,0.5136723176651836,0.4838473794658493
11,76,0.44439072335116536,0.49270697698717764,0.44439072335116536,0.631078623713673,0.5226838278137453,0.44439072335116536,0.44439072335116536,0.43374858579690784,0.44439072335116536,0.47715770376438327
11,77,0.5076373831779175,0.5256643996994923,0.5076373831779175,0.6369597584703983,0.44861348774910415,0.5076373831779175,0.5076373831779175,0.4102565778601505,0.5076373831779175,0.48638808572001946
11,78,0.4672825687277136,0.5525040781633304,0.4672825687277136,0.6013350429357385,0.4488082650168139,0.4672825687277136,0.4672825687277137,0.4158336247064106,0.4672825687277136,0.45280161689594867
11,79,0.3810900739805431,0.45270580929718585,0.3810900739805431,0.6019153970579422,0.5518844685399442,0.3810900739805431,0.3810900739805431,0.3956062509270789,0.3810900739805431,0.3290143635836023
11,80,0.5366412909615463,0.5028939134841128,0.5366412909615463,0.6318720300058973,0.3985396376308563,0.5366412909615463,0.5366412909615463,0.3560603304720086,0.5366412909615463,0.526567995074315
11,81,0.430187012903501,0.5409745535296999,0.430187012903501,0.6152261857901927,0.46442771903337265,0.430187012903501,0.430187012903501,0.40937381411695917,0.430187012903501,0.4212347211067196
11,82,0.45444244273228723,0.47689722236422605,0.45444244273228723,0.5913648578216562,0.37552641117421726,0.45444244273228723,0.4544424427322872,0.3309141023410996,0.45444244273228723,0.4566739426020497
11,83,0.4595597408241704,0.4522659878352753,0.4595597408241704,0.5924969218974998,0.3689246643761024,0.4595597408241704,0.4595597408241704,0.2685334752384741,0.4595597408241704,0.4096513905381999
11,84,0.4808766898332299,0.5536952819857544,0.4808766898332299,0.6286320112746032,0.48939917297493596,0.4808766898332299,0.48087668983322995,0.4473743760511392,0.4808766898332299,0.4927697501342434
11,85,0.4738588854569546,0.5395913339823657,0.4738588854569546,0.656913651046745,0.48373813848936703,0.4738588854569546,0.47385888545695454,0.419471856030347,0.4738588854569546,0.4613360191216672
11,86,0.4663463472914115,0.47380350958371653,0.4663463472914115,0.6009544751018289,0.3419544947266646,0.4663463472914115,0.46634634729141144,0.32238071729063716,0.4663463472914115,0.4764438090193108
11,87,0.49660418778585536,0.6058839933712734,0.49660418778585536,0.6766616475831042,0.5116771542560811,0.49660418778585536,0.49660418778585536,0.4667992590181176,0.49660418778585536,0.522580220713689
11,88,0.4391516932412618,0.5498376248142973,0.4391516932412618,0.5995941434857929,0.43415661225858293,0.4391516932412618,0.4391516932412618,0.3612697145504143,0.4391516932412618,0.43387422157135697
11,89,0.5451653199791141,0.5527290718096057,0.5451653199791141,0.6418588265412941,0.5335581458263221,0.5451653199791141,0.5451653199791141,0.5057963025616603,0.5451653199791141,0.5637590110692869
11,90,0.4767023037923798,0.4758442818586982,0.4767023037923798,0.6147680574452822,0.43666416206916125,0.4767023037923798,0.4767023037923799,0.39168284405635667,0.4767023037923798,0.4733025193883722
11,91,0.42769996272770044,0.5567786499591323,0.42769996272770044,0.6329379714280448,0.5475106156214246,0.42769996272770044,0.42769996272770044,0.45320664319736537,0.42769996272770044,0.38702757628593276
11,92,0.4212888670122307,0.5409629138162853,0.4212888670122307,0.6394318477142529,0.5623221434042603,0.4212888670122307,0.42128886701223067,0.4741757492084152,0.4212888670122307,0.41132279183388126
11,93,0.3984788887409313,0.5128942031255312,0.3984788887409313,0.6415603263731782,0.5573724256690356,0.3984788887409313,0.3984788887409313,0.4321563603665748,0.3984788887409313,0.34549666601511836
11,94,0.361581170677303,0.46550995106993986,0.361581170677303,0.5342135985602735,0.4368878824306722,0.361581170677303,0.361581170677303,0.347744679801571,0.361581170677303,0.27995789565949203
11,95,0.4719583791725624,0.46997627485845767,0.4719583791725624,0.6103421907940458,0.554319056264063,0.4719583791725624,0.4719583791725624,0.43997036324270167,0.4719583791725624,0.4347224188276432
11,96,0.4975650344013754,0.4860052100056591,0.4975650344013754,0.60855729754733,0.4145438227537879,0.4975650344013754,0.49756503440137534,0.34407836239349143,0.4975650344013754,0.4882083862847583
11,97,0.5556391056395099,0.5737371557326502,0.5556391056395099,0.6672468664656115,0.5718041378866572,0.5556391056395099,0.5556391056395099,0.5112394419535237,0.5556391056395099,0.5524350782064958
11,98,0.43829390067763846,0.5550829211061213,0.43829390067763846,0.6442818931920492,0.4898386423202208,0.43829390067763846,0.4382939006776385,0.44734495480322334,0.43829390067763846,0.45127659622155303
11,99,0.5423570273710261,0.5064915523971545,0.5423570273710261,0.6247707559313748,0.43657111500344986,0.5423570273710261,0.5423570273710261,0.41209109743257255,0.5423570273710261,0.5518268630803076
12,0,0.4824429441566912,0.5207813310160183,0.4824429441566912,0.606025409814662,0.37850970408209583,0.4824429441566912,0.4824429441566912,0.3509086667233283,0.4824429441566912,0.49091671107497237
12,1,0.48514511618113093,0.5267764217905895,0.48514511618113093,0.6273179868878898,0.4840477193695397,0.48514511618113093,0.4851451161811309,0.41809376326786624,0.48514511618113093,0.49484771413403716
12,2,0.40148176672744285,0.5484747811339995,0.40148176672744285,0.6219850979375914,0.5235563109593375,0.40148176672744285,0.40148176672744285,0.4388281696857712,0.40148176672744285,0.3805902362916048
12,3,0.5013049021855358,0.5704305711540203,0.5013049021855358,0.6331492578872784,0.5454554835476775,0.5013049021855358,0.5013049021855358,0.49405128600143405,0.5013049021855358,0.502597222382427
12,4,0.4237540797649513,0.5865302775342025,0.4237540797649513,0.678131851541572,0.4644620185991014,0.4237540797649513,0.4237540797649513,0.39808878899502476,0.4237540797649513,0.4511400562942265
12,5,0.41016795022703023,0.5300053908070258,0.41016795022703023,0.5894456827936881,0.5448793737420587,0.41016795022703023,0.41016795022703023,0.45106854664279994,0.41016795022703023,0.3706547937514636
12,6,0.36035790328400463,0.4829782357777956,0.36035790328400463,0.5849730783201412,0.45281879972855926,0.36035790328400463,0.3603579032840046,0.3629049602348801,0.36035790328400463,0.35631561404031803
12,7,0.4105898306558949,0.50974158560958,0.4105898306558949,0.610135609585767,0.5289914393708863,0.4105898306558949,0.41058983065589494,0.4335925548563696,0.4105898306558949,0.37975989342110406
12,8,0.4654567743078164,0.5168737228213175,0.4654567743078164,0.6136748338638833,0.4758366752471391,0.4654567743078164,0.4654567743078164,0.3856512030161369,0.4654567743078164,0.46354425930297816
12,9,0.46696550792963293,0.4504442354972267,0.46696550792963293,0.5917171415082336,0.3437200071086516,0.46696550792963293,0.4669655079296329,0.2924742252359336,0.46696550792963293,0.46505660078091815
12,10,0.48694228963801267,0.5593904457909944,0.48694228963801267,0.617098710500732,0.4081942120520937,0.48694228963801267,0.48694228963801267,0.40807389526748555,0.48694228963801267,0.5084080760293602
12,11,0.4364057534454575,0.484538227654681,0.4364057534454575,0.609241041312671,0.5529860815610299,0.4364057534454575,0.4364057534454575,0.43954169236811025,0.4364057534454575,0.4184362973020925
12,12,0.46001368044862057,0.5563017441405775,0.46001368044862057,0.634507955279171,0.5559545289520256,0.46001368044862057,0.46001368044862057,0.5056336243386552,0.46001368044862057,0.4653030383649853
12,13,0.4594519475868393,0.5727676281260612,0.4594519475868393,0.6448410337935979,0.5161519060458689,0.4594519475868393,0.45945194758683927,0.43100763670060394,0.4594519475868393,0.4543412053218676
12,14,0.36102334067411473,0.5325253166793902,0.36102334067411473,0.6207823605045766,0.3936236150970221,0.36102334067411473,0.36102334067411473,0.303526484201437,0.36102334067411473,0.3177644548769121
12,15,0.45312522795714255,0.4900820994331496,0.45312522795714255,0.600571436271242,0.4057213078203751,0.45312522795714255,0.45312522795714255,0.3560321466771972,0.45312522795714255,0.44196825618764823
12,16,0.5475180932342738,0.5445678914300001,0.5475180932342738,0.6338238623897127,0.4472277673475589,0.5475180932342738,0.5475180932342738,0.4367260242701496,0.5475180932342738,0.5600590922010693
12,17,0.38452616927088,0.5204533719024922,0.38452616927088,0.6127282383533652,0.5058884622661213,0.38452616927088,0.38452616927088,0.41846587320712614,0.38452616927088,0.33237711689926913
12,18,0.5050288797597103,0.38377152265574677,0.5050288797597103,0.5626573221413882,0.3793323290993225,0.5050288797597103,0.5050288797597103,0.3031744684769036,0.5050288797597103,0.4939915036900763
12,19,0.5075303333422232,0.5349297177595289,0.5075303333422232,0.6446143427311868,0.4960199803227103,0.5075303333422232,0.5075303333422232,0.43419593120615196,0.5075303333422232,0.4876751064859868
12,20,0.529496364905384,0.47499725363901235,0.529496364905384,0.6055213775603008,0.47032000485962094,0.529496364905384,0.5294963649053841,0.41026674009513453,0.529496364905384,0.4965704596747005
12,21,0.48591156326863666,0.43226864916911695,0.48591156326863666,0.574196384674234,0.36362468675490867,0.48591156326863666,0.48591156326863666,0.30842825760513565,0.48591156326863666,0.4790238430101797
12,22,0.44367873043355277,0.5520090799279909,0.44367873043355277,0.6546663925940033,0.5130656126660149,0.44367873043355277,0.44367873043355277,0.40616962121018874,0.44367873043355277,0.42684157914337467
12,23,0.45541527669920007,0.48050834511115803,0.45541527669920007,0.5912241278477082,0.4272142575277837,0.45541527669920007,0.4554152766992001,0.35206065185446167,0.45541527669920007,0.39492020953231444
12,24,0.43247650409433097,0.5220561325400314,0.43247650409433097,0.6262800462873687,0.5310632801136446,0.43247650409433097,0.43247650409433097,0.4319223142441009,0.43247650409433097,0.41279304640962555
12,25,0.4385373647136793,0.4774559524784309,0.4385373647136793,0.6138069850954009,0.5642875511046356,0.4385373647136793,0.4385373647136793,0.43258181205136126,0.4385373647136793,0.4092554230362303
12,26,0.5053658265515745,0.5023401424787561,0.5053658265515745,0.5882390667143066,0.4925794295104184,0.5053658265515745,0.5053658265515745,0.42980462971963956,0.5053658265515745,0.5127456641557451
12,27,0.4754248610048021,0.5074665596921416,0.4754248610048021,0.6174917593166285,0.46862065925154817,0.4754248610048021,0.4754248610048021,0.40004909849936515,0.4754248610048021,0.46348053978819787
12,28,0.40308509820753785,0.5469312923590021,0.40308509820753785,0.6583963102204596,0.5510974604171083,0.40308509820753785,0.40308509820753785,0.43210945069704987,0.40308509820753785,0.3526897272539459
12,29,0.3840088546568955,0.5204176228579507,0.3840088546568955,0.6210450675635771,0.5098155587844996,0.3840088546568955,0.3840088546568955,0.3827415933654982,0.3840088546568955,0.3439847254687577
12,30,0.4513390196744031,0.48896793115486226,0.4513390196744031,0.5845435593276211,0.5225907507095373,0.4513390196744031,0.45133901967440315,0.42886892178478403,0.4513390196744031,0.40937151192998933
12,31,0.45382541937377147,0.4997859377617309,0.45382541937377147,0.6273348601428224,0.503970104857061,0.45382541937377147,0.45382541937377147,0.41583761454937235,0.45382541937377147,0.47043858050530574
12,32,0.4778043037936808,0.46075184366071514,0.4778043037936808,0.5992752644176562,0.361174914000337,0.4778043037936808,0.4778043037936808,0.2978959791597533,0.4778043037936808,0.44944687012971063
12,33,0.40564992677958506,0.5277497887859262,0.40564992677958506,0.6036179265568451,0.48359060903979256,0.40564992677958506,0.405649926779585,0.4116026750041915,0.40564992677958506,0.39806693698937445
12,34,0.39614739535762405,0.5552729923296748,0.39614739535762405,0.6046179343734182,0.4712286165272402,0.39614739535762405,0.39614739535762405,0.39005884749463177,0.39614739535762405,0.3540859794464294
12,35,0.5561879218978524,0.4493521641249206,0.5561879218978524,0.6190270655002335,0.4565737414147627,0.5561879218978524,0.5561879218978523,0.3730367472827274,0.5561879218978524,0.5495393912434919
12,36,0.47775384540758525,0.6078342770891175,0.47775384540758525,0.6541758622454114,0.4647958215194312,0.47775384540758525,0.47775384540758525,0.4159406366136044,0.47775384540758525,0.45862076249092293
12,37,0.447960445085711,0.5174565795494761,0.447960445085711,0.6152152841551262,0.4345581259629224,0.447960445085711,0.447960445085711,0.3390816954607846,0.447960445085711,0.4519835218114795
12,38,0.4630430421184419,0.4832347882204949,0.4630430421184419,0.6144971263316715,0.43627298328830433,0.4630430421184419,0.46304304211844194,0.37182468363426724,0.4630430421184419,0.48008428847180085
12,39,0.46579846028511496,0.5534364462049122,0.46579846028511496,0.660574124455205,0.4892630077119723,0.46579846028511496,0.46579846028511496,0.4053524937714935,0.46579846028511496,0.45718905925685993
12,40,0.5389967590476393,0.5120896476462644,0.5389967590476393,0.6266689683196968,0.49848462987133413,0.5389967590476393,0.5389967590476392,0.4456144543617172,0.5389967590476393,0.5501506914637659
12,41,0.5073277563962044,0.6218285341123513,0.5073277563962044,0.6746075585771767,0.5139621052812677,0.5073277563962044,0.5073277563962044,0.48771810474227495,0.5073277563962044,0.5028855047826578
12,42,0.38454540478823135,0.4886442083139902,0.38454540478823135,0.6317705702698138,0.5302351513500895,0.38454540478823135,0.3845454047882313,0.37645380437765047,0.38454540478823135,0.3454111964233534
12,43,0.5076862618355349,0.5261885051375945,0.5076862618355349,0.6565846552000165,0.560531992326293,0.5076862618355349,0.5076862618355349,0.47000145872331256,0.5076862618355349,0.5108459013522781
12,44,0.5080709721825613,0.5365731505282434,0.5080709721825613,0.631392825751837,0.403650396566713,0.5080709721825613,0.5080709721825613,0.37538800000143857,0.5080709721825613,0.5106815639271725
12,45,0.4611183752808548,0.42736614775475257,0.4611183752808548,0.5922658165196908,0.4371220378340522,0.4611183752808548,0.46111837528085486,0.34038896993182094,0.4611183752808548,0.4503392285437015
12,46,0.44842516403389426,0.4602397709604751,0.44842516403389426,0.6025187748051253,0.3584219467051715,0.44842516403389426,0.4484251640338943,0.3239417028371182,0.44842516403389426,0.45701730519547573
12,47,0.41304221973038124,0.536553659780526,0.41304221973038124,0.6263000595022776,0.5486936089748455,0.41304221973038124,0.41304221973038124,0.45983403044966387,0.41304221973038124,0.40355999666184256
12,48,0.3948848206027816,0.5134479772509045,0.3948848206027816,0.6333207493989719,0.5330788758270366,0.3948848206027816,0.3948848206027816,0.4265732798747225,0.3948848206027816,0.3695040454106731
12,49,0.47772392349170545,0.5960290729188533,0.47772392349170545,0.6827412503739532,0.580467634829649,0.47772392349170545,0.47772392349170545,0.53142949678804,0.47772392349170545,0.5055749724196301
12,50,0.46861939072102804,0.4453967417021284,0.46861939072102804,0.5586644255989099,0.41399829295578,0.46861939072102804,0.468619390721028,0.3554779402757441,0.46861939072102804,0.47535786443439587
12,51,0.4843744874594184,0.4930759884714737,0.4843744874594184,0.6298396569354783,0.5188117763311066,0.4843744874594184,0.4843744874594184,0.4180823146746169,0.4843744874594184,0.4745565552836182
12,52,0.3561871413261337,0.5797742479592718,0.3561871413261337,0.6430134960652474,0.47895775974580046,0.3561871413261337,0.3561871413261337,0.4027339079848781,0.3561871413261337,0.3238099825726616
12,53,0.45297831320867665,0.47458656882147454,0.45297831320867665,0.5992769821270382,0.5185726725166987,0.45297831320867665,0.45297831320867665,0.40854278924918686,0.45297831320867665,0.3969378120427889
12,54,0.3502305427863418,0.45612077629547665,0.3502305427863418,0.6191080917755598,0.5044412787065926,0.3502305427863418,0.3502305427863418,0.3529642665416486,0.3502305427863418,0.3025353546745403
12,55,0.3920625892140042,0.6384593539554586,0.3920625892140042,0.6666651221730092,0.5068152200521567,0.3920625892140042,0.3920625892140043,0.4590031823553876,0.3920625892140042,0.3623811495736249
12,56,0.4344935385852862,0.5515650336836184,0.4344935385852862,0.6361814972523029,0.5362030143943592,0.4344935385852862,0.4344935385852863,0.43404523743466966,0.4344935385852862,0.4012561205616636
12,57,0.5000426062063071,0.583413782032535,0.5000426062063071,0.6764619874802549,0.5071103186282839,0.5000426062063071,0.5000426062063071,0.4423563236334523,0.5000426062063071,0.48440769252174026
12,58,0.5149040412521002,0.5854797520219002,0.5149040412521002,0.6651962018203821,0.5038715479566451,0.5149040412521002,0.5149040412521002,0.43856009750358527,0.5149040412521002,0.5032105900786139
12,59,0.39379452917725977,0.47000157204979187,0.39379452917725977,0.49890019601831237,0.5224250885671199,0.39379452917725977,0.3937945291772597,0.4073327082011474,0.39379452917725977,0.3433338686356771
12,60,0.44884119017486945,0.6034427626506967,0.44884119017486945,0.6823336621770202,0.5421898362564511,0.44884119017486945,0.4488411901748694,0.5235054550325392,0.44884119017486945,0.48517425682260823
12,61,0.4999685448182443,0.5200635335559771,0.4999685448182443,0.6310795917897594,0.46220693785523104,0.4999685448182443,0.4999685448182443,0.43751687372758596,0.4999685448182443,0.5180237427183854
12,62,0.42120765038341407,0.5576094338055935,0.42120765038341407,0.6500583956929908,0.5390712749166879,0.42120765038341407,0.42120765038341407,0.44781746686399143,0.42120765038341407,0.41237560647874916
12,63,0.44613613746908726,0.4996436672403613,0.44613613746908726,0.6205041527986475,0.476650647669386,0.44613613746908726,0.4461361374690873,0.3749625948662856,0.44613613746908726,0.4331537695556119
12,64,0.4646156153558157,0.5381831786640017,0.4646156153558157,0.6323444375653986,0.4598128625966503,0.4646156153558157,0.46461561535581575,0.42619631738203645,0.4646156153558157,0.47695146079269274
12,65,0.4672045115558532,0.5708720887135538,0.4672045115558532,0.6552237601642479,0.5081348763211364,0.4672045115558532,0.46720451155585324,0.43706317827225893,0.4672045115558532,0.4777383581613662
12,66,0.4874542145901306,0.4706625325289226,0.4874542145901306,0.6053599809208766,0.47292919150385304,0.4874542145901306,0.4874542145901306,0.36697734863396947,0.4874542145901306,0.4727121878189141
12,67,0.49342140660324646,0.3819877518741132,0.49342140660324646,0.5591421964524512,0.5031144915851977,0.49342140660324646,0.49342140660324646,0.38211653660448736,0.49342140660324646,0.45705151305991987
12,68,0.4754414946164247,0.4916567320198038,0.4754414946164247,0.6148429829927697,0.4423146510668323,0.4754414946164247,0.4754414946164248,0.3857208655427132,0.4754414946164247,0.4691080550125904
12,69,0.36639320947208914,0.5277789294693005,0.36639320947208914,0.6510318064343091,0.48840944641593903,0.36639320947208914,0.36639320947208914,0.3765047978132476,0.36639320947208914,0.32729829805139665
12,70,0.35216756867614013,0.5536854638022035,0.35216756867614013,0.6472007382810996,0.44538441793127104,0.35216756867614013,0.3521675686761401,0.3638997516129929,0.35216756867614013,0.2881549141540941
12,71,0.5176850138500371,0.48672163375383315,0.5176850138500371,0.6381408824983249,0.5510277481778515,0.5176850138500371,0.5176850138500371,0.46885787066509005,0.5176850138500371,0.5035780365506749
12,72,0.4203607300687284,0.45790323377613057,0.4203607300687284,0.5980370734269664,0.5075323817085121,0.4203607300687284,0.4203607300687284,0.39856180876771935,0.4203607300687284,0.38594326409833085
12,73,0.4313930891339492,0.5677433687051102,0.4313930891339492,0.6618553033504864,0.5611979890784458,0.4313930891339492,0.4313930891339492,0.45338153827668015,0.4313930891339492,0.4010373565046321
12,74,0.4528038925996504,0.5286509581704895,0.4528038925996504,0.6176366567510503,0.5055403775324167,0.4528038925996504,0.4528038925996505,0.44226898780543944,0.4528038925996504,0.45800174065401034
12,75,0.50986424278085,0.45562706845650214,0.50986424278085,0.61193772482066,0.48632286921278584,0.50986424278085,0.50986424278085,0.36549547370633095,0.50986424278085,0.47976710396751543
12,76,0.573277796275056,0.5729678335704103,0.573277796275056,0.6783158480955285,0.5984293557738636,0.573277796275056,0.5732777962750559,0.5379742987100605,0.573277796275056,0.5910465456078963
12,77,0.5048447949294061,0.5219147885378232,0.5048447949294061,0.6256928385858364,0.44491215481392477,0.5048447949294061,0.5048447949294061,0.4037590226377141,0.5048447949294061,0.48337559437347405
12,78,0.47598928869751667,0.5534364920024457,0.47598928869751667,0.6108779868534131,0.467613494287198,0.47598928869751667,0.47598928869751667,0.43477930703029194,0.47598928869751667,0.4713742803414742
12,79,0.3799697677139368,0.45907351588368706,0.3799697677139368,0.6080504050307958,0.5536069811433884,0.3799697677139368,0.37996976771393687,0.3968005879703481,0.3799697677139368,0.323276154321654
12,80,0.5291616483184302,0.48003107677074797,0.5291616483184302,0.6192019243626656,0.38455186414848286,0.5291616483184302,0.5291616483184302,0.34054821143851954,0.5291616483184302,0.5201210196430901
12,81,0.4135567465882279,0.5389066965400722,0.4135567465882279,0.6108421876503073,0.4432026015077185,0.4135567465882279,0.41355674658822783,0.37733528387429666,0.4135567465882279,0.398944438793299
12,82,0.5633329408792193,0.5773789751232755,0.5633329408792193,0.6375553595052937,0.49762529020132285,0.5633329408792193,0.5633329408792193,0.46123900295999176,0.5633329408792193,0.5485249149675246
12,83,0.47864397594240793,0.4840347243034955,0.47864397594240793,0.6149158457693455,0.37920524865260785,0.47864397594240793,0.47864397594240793,0.29353064031157305,0.47864397594240793,0.4324177284861477
12,84,0.4594213751945273,0.5263003847357849,0.4594213751945273,0.6172586543717075,0.47179064912659807,0.4594213751945273,0.4594213751945272,0.41625154783408047,0.4594213751945273,0.4690652007051303
12,85,0.47525620175846084,0.559393383673155,0.47525620175846084,0.6630079125542336,0.47527676209021474,0.47525620175846084,0.47525620175846084,0.4251627841634281,0.47525620175846084,0.4622744992077294
12,86,0.47141681108017836,0.4841708144315163,0.47141681108017836,0.5961205465323045,0.3385119878353004,0.47141681108017836,0.4714168110801784,0.32624989153967576,0.47141681108017836,0.47669966421492027
12,87,0.4843203120651391,0.599471340317376,0.4843203120651391,0.6662558418164222,0.49830644623347164,0.4843203120651391,0.48432031206513915,0.44678087387382126,0.4843203120651391,0.5056428007635215
12,88,0.41657690866279423,0.5408094219666684,0.41657690866279423,0.6007961573868743,0.4305081565068173,0.41657690866279423,0.4165769086627943,0.344121707538907,0.41657690866279423,0.4001079709611841
12,89,0.5334210609214853,0.5376839509122873,0.5334210609214853,0.6333509320150255,0.5261217823137795,0.5334210609214853,0.5334210609214853,0.48485182963472817,0.5334210609214853,0.5505428147328264
12,90,0.4660581862319601,0.45511805995407395,0.4660581862319601,0.6047931618182507,0.42313836623262874,0.4660581862319601,0.4660581862319601,0.3624037544699678,0.4660581862319601,0.46280234573832213
12,91,0.4321706872460064,0.5179615528767936,0.4321706872460064,0.6302290334683901,0.545258100878218,0.4321706872460064,0.4321706872460064,0.4374983686989619,0.4321706872460064,0.3894523977291287
12,92,0.4120158608456212,0.5925002901451387,0.4120158608456212,0.6687420737602947,0.567404493267718,0.4120158608456212,0.41201586084562125,0.482058868455587,0.4120158608456212,0.3990339172899919
12,93,0.39850927528283414,0.507772706715651,0.39850927528283414,0.6410860473729924,0.5567671089589421,0.39850927528283414,0.3985092752828341,0.42641100343213145,0.39850927528283414,0.347396557834948
12,94,0.3600196555392761,0.4554034690788388,0.3600196555392761,0.5630933881202281,0.4479716337639759,0.3600196555392761,0.3600196555392761,0.35123860433138904,0.3600196555392761,0.2882683829988012
12,95,0.46872978586408776,0.474798966948515,0.46872978586408776,0.6040060664893632,0.5417536434256573,0.46872978586408776,0.46872978586408776,0.4429584444289853,0.46872978586408776,0.4383706840781373
12,96,0.48520746899341466,0.4968579581040542,0.48520746899341466,0.6157381706529998,0.41119304994063993,0.48520746899341466,0.4852074689934147,0.35259697655457395,0.48520746899341466,0.4891867104651235
12,97,0.45869256281488285,0.5423949256767435,0.45869256281488285,0.6288911009375747,0.5021811885058692,0.45869256281488285,0.4586925628148828,0.425869409070528,0.45869256281488285,0.44282698019838695
12,98,0.49083037312350325,0.6013330938315444,0.49083037312350325,0.666748803886833,0.5424859949596309,0.49083037312350325,0.4908303731235033,0.504550490093048,0.49083037312350325,0.49597686445952094
12,99,0.5205746160121464,0.4891951309693059,0.5205746160121464,0.6174627212647794,0.436336543069641,0.5205746160121464,0.5205746160121464,0.40105909202831647,0.5205746160121464,0.5318739027276241
13,0,0.49483684331964883,0.5181102817022991,0.49483684331964883,0.6096996859149036,0.3860994767625829,0.49483684331964883,0.49483684331964883,0.3675020433847629,0.49483684331964883,0.5067546974447177
13,1,0.46055599194264135,0.5105485664241419,0.46055599194264135,0.612937865569764,0.4781941041327255,0.46055599194264135,0.46055599194264135,0.40412538904880435,0.46055599194264135,0.46852927607601286
13,2,0.4044819498830211,0.538959797722099,0.4044819498830211,0.6295181654987658,0.5277525853541466,0.4044819498830211,0.4044819498830211,0.42814692604725424,0.4044819498830211,0.3767276608257017
13,3,0.4977550664447737,0.5581284974387659,0.4977550664447737,0.6263835178566922,0.5204124193612774,0.4977550664447737,0.49775506644477363,0.47366119181608746,0.4977550664447737,0.49461810320905264
13,4,0.4388876927350053,0.585464108837499,0.4388876927350053,0.6744447986454652,0.46835498044194623,0.4388876927350053,0.4388876927350054,0.3968866597842067,0.4388876927350053,0.4606985168905233
13,5,0.4264356223939707,0.5268959827475603,0.4264356223939707,0.5963203953081327,0.553801106403347,0.4264356223939707,0.4264356223939707,0.46084981954423404,0.4264356223939707,0.3911516079095191
13,6,0.3558335609226469,0.4617969215526471,0.3558335609226469,0.5784826300718673,0.45342054286822175,0.3558335609226469,0.35583356092264695,0.3607918142304307,0.3558335609226469,0.3563393440267381
13,7,0.44046212447647104,0.5291476923683154,0.44046212447647104,0.6260508666356261,0.5636634653672873,0.44046212447647104,0.440462124476471,0.4743396124027081,0.44046212447647104,0.4209994756755157
13,8,0.43791588094534295,0.4909410839339033,0.43791588094534295,0.5898859380773729,0.4628189651241577,0.43791588094534295,0.43791588094534295,0.3625453123505425,0.43791588094534295,0.42948563456931305
13,9,0.4715517384772514,0.4943521398912691,0.4715517384772514,0.5993274770854331,0.3509278770318379,0.4715517384772514,0.47155173847725135,0.30025448494631557,0.4715517384772514,0.4652256234166917
13,10,0.48296825033827095,0.5490242030207253,0.48296825033827095,0.6069281260774424,0.3871314168969948,0.48296825033827095,0.48296825033827095,0.37772334539514285,0.48296825033827095,0.49983706098995806
13,11,0.42280670730409764,0.4803699666907437,0.42280670730409764,0.6086089332057651,0.5542121487405642,0.42280670730409764,0.42280670730409764,0.43287632277406296,0.42280670730409764,0.4024028955480413
13,12,0.43795546708250077,0.545699179161504,0.43795546708250077,0.6219031158895982,0.5288591152845628,0.43795546708250077,0.43795546708250077,0.48096626788795543,0.43795546708250077,0.4380774259697532
13,13,0.419225741619796,0.522403830673928,0.419225741619796,0.6186726540020543,0.5024568204597493,0.419225741619796,0.419225741619796,0.3912636687724996,0.419225741619796,0.40399866563794845
13,14,0.36512403702772045,0.523271166381283,0.36512403702772045,0.6202779924951254,0.39754859665429554,0.36512403702772045,0.36512403702772045,0.3080621471054645,0.36512403702772045,0.32051765974183444
13,15,0.4789874274985938,0.5960980922857682,0.4789874274985938,0.6398266404149868,0.4703468656699966,0.4789874274985938,0.4789874274985938,0.43160885619428135,0.4789874274985938,0.473877477272992
13,16,0.5422412425660997,0.5224362087714783,0.5422412425660997,0.6240109536566922,0.44028312794016944,0.5422412425660997,0.5422412425660997,0.42518957362119514,0.5422412425660997,0.5523955703051344
13,17,0.37981839255565036,0.4969079308404676,0.37981839255565036,0.585917968357231,0.47537235621013024,0.37981839255565036,0.37981839255565036,0.37889138127579225,0.37981839255565036,0.3344557292812376
13,18,0.5084777987282814,0.3817101712215715,0.5084777987282814,0.5596622339209134,0.3807189914204163,0.5084777987282814,0.5084777987282814,0.3043448436352021,0.5084777987282814,0.4995797943813357
13,19,0.503764911126799,0.5299922468860574,0.503764911126799,0.6350653385826265,0.5021097102295642,0.503764911126799,0.503764911126799,0.43906362470022803,0.503764911126799,0.48546789379337246
13,20,0.5171999442820473,0.45805406453812847,0.5171999442820473,0.5919882054538126,0.46387389081266783,0.5171999442820473,0.5171999442820473,0.397420058794701,0.5171999442820473,0.474870056056172
13,21,0.48482090014229634,0.42221734090844293,0.48482090014229634,0.5631395856854182,0.36141808025312766,0.48482090014229634,0.4848209001422964,0.30301195226629796,0.48482090014229634,0.47262805404738906
13,22,0.4356998006661436,0.5476611814210823,0.4356998006661436,0.6519094107525617,0.5116595505326759,0.4356998006661436,0.4356998006661436,0.39036730640663453,0.4356998006661436,0.4134052351428221
13,23,0.5146578823851261,0.5342220981502022,0.5146578823851261,0.6260596418321172,0.5254536645589516,0.5146578823851261,0.514657882385126,0.45910787925890273,0.5146578823851261,0.4843673652919255
13,24,0.43061223863973114,0.5097183608275752,0.43061223863973114,0.6134379636660685,0.5181744729563673,0.43061223863973114,0.4306122386397311,0.412522763412313,0.43061223863973114,0.39368383860070866
13,25,0.4314348125508127,0.4770491587355675,0.4314348125508127,0.6108015506234223,0.5606495249204644,0.4314348125508127,0.4314348125508126,0.4243618701622351,0.4314348125508127,0.39450541205879364
13,26,0.487301259703366,0.49406936843301263,0.487301259703366,0.5865106767507947,0.47286375971713246,0.487301259703366,0.487301259703366,0.4187392473653676,0.487301259703366,0.49784443880649043
13,27,0.4959164483466422,0.5053393200755871,0.4959164483466422,0.6240913518722713,0.47623986735535484,0.4959164483466422,0.4959164483466422,0.4051624469440832,0.4959164483466422,0.48880785173388197
13,28,0.406624805100999,0.528215867723411,0.406624805100999,0.6440342620191095,0.5569714417921942,0.406624805100999,0.40662480510099897,0.4300431083599291,0.406624805100999,0.35627335439092206
13,29,0.37682703729450867,0.5386953758832437,0.37682703729450867,0.6316232111535073,0.49994532723485874,0.37682703729450867,0.3768270372945087,0.38992936953032886,0.37682703729450867,0.34632246917242687
13,30,0.4430072529051439,0.4988174787293536,0.4430072529051439,0.5924084305420905,0.5262254676314548,0.4430072529051439,0.4430072529051439,0.4246042920093054,0.4430072529051439,0.41025431246502614
13,31,0.5259760793796834,0.5448465515572183,0.5259760793796834,0.6583288113821149,0.5763350681436071,0.5259760793796834,0.5259760793796834,0.4953243774293926,0.5259760793796834,0.5368667720044569
13,32,0.4801587497025232,0.4679069649734312,0.4801587497025232,0.6098456730483783,0.36437170525621293,0.4801587497025232,0.48015874970252326,0.2996247138724539,0.4801587497025232,0.4605028118080713
13,33,0.4141183865248046,0.5516941803000304,0.4141183865248046,0.6175519484542685,0.4839833829390313,0.4141183865248046,0.41411838652480454,0.42127336105297375,0.4141183865248046,0.40494468331269745
13,34,0.39961471351670513,0.5752011334945892,0.39961471351670513,0.618979767934479,0.48304804505088794,0.39961471351670513,0.39961471351670513,0.4058681271209549,0.39961471351670513,0.3596439223277575
13,35,0.5457555808787063,0.44896590831498845,0.5457555808787063,0.605995763774319,0.45329754290383467,0.5457555808787063,0.5457555808787063,0.3700768375679362,0.5457555808787063,0.5345794943544722
13,36,0.42067881304405963,0.5785008459316425,0.42067881304405963,0.6341543145096068,0.41671812078462395,0.42067881304405963,0.42067881304405963,0.36591416538428423,0.42067881304405963,0.40324991849602926
13,37,0.5315241787200724,0.5887373629265293,0.5315241787200724,0.6632748920012206,0.5103599577189325,0.5315241787200724,0.5315241787200724,0.42620082996125197,0.5315241787200724,0.5328582522617169
13,38,0.502545918292912,0.5017211636102045,0.502545918292912,0.6231345311498995,0.4506565438946397,0.502545918292912,0.502545918292912,0.3892743126106425,0.502545918292912,0.5154048699946837
13,39,0.4432561995282559,0.532492370229044,0.4432561995282559,0.6548593499169664,0.47136342050323704,0.4432561995282559,0.4432561995282559,0.3787936480495233,0.4432561995282559,0.4342211475192419
13,40,0.52772502465538,0.5226545471150095,0.52772502465538,0.6290881954531432,0.5044488466777233,0.52772502465538,0.52772502465538,0.45418082667620785,0.52772502465538,0.5400456500444287
13,41,0.4810524113951205,0.5918209690081428,0.4810524113951205,0.6616320687053122,0.4758373315112919,0.4810524113951205,0.4810524113951205,0.4325790187382813,0.4810524113951205,0.4768596904860771
13,42,0.371862043612958,0.4974711280148511,0.371862043612958,0.6420760116937543,0.5307104617549228,0.371862043612958,0.37186204361295794,0.3819371418860719,0.371862043612958,0.33718754342075896
13,43,0.46224016835073467,0.5006797512627423,0.46224016835073467,0.6287050431400029,0.5205042996105097,0.46224016835073467,0.4622401683507347,0.4315942254949656,0.46224016835073467,0.4672538483137498
13,44,0.5201702055217458,0.519367371234837,0.5201702055217458,0.6188057455367173,0.40278789692718353,0.5201702055217458,0.5201702055217458,0.3726209699998311,0.5201702055217458,0.5224812773146592
13,45,0.4576972409484578,0.42941288164411945,0.4576972409484578,0.6016356639093399,0.4552542379681706,0.4576972409484578,0.4576972409484578,0.36235151734706583,0.4576972409484578,0.45006017805574544
13,46,0.5475771007391921,0.5946169930533128,0.5475771007391921,0.669377288367487,0.5180492476014268,0.5475771007391921,0.5475771007391922,0.48190154501746624,0.5475771007391921,0.5432023850534368
13,47,0.4217747729070619,0.5308207225373258,0.4217747729070619,0.6289816980159192,0.5507103576279034,0.4217747729070619,0.4217747729070619,0.46458579702854974,0.4217747729070619,0.4205912138803702
13,48,0.40032159554806496,0.5199083556269448,0.40032159554806496,0.6320997983478686,0.5355341427627338,0.40032159554806496,0.40032159554806496,0.42460697125900093,0.40032159554806496,0.3719248787612722
13,49,0.4582378797887959,0.5836608394156745,0.4582378797887959,0.6784780551543059,0.542144371622527,0.4582378797887959,0.4582378797887959,0.49785843388241635,0.4582378797887959,0.48736073414509773
13,50,0.45424283939281557,0.4813987188879174,0.45424283939281557,0.5780052108808602,0.39773068545367907,0.45424283939281557,0.4542428393928155,0.3614996531230356,0.45424283939281557,0.4722328449898278
13,51,0.48166460264299726,0.49440912470163756,0.48166460264299726,0.6286775733712152,0.5211568517229603,0.48166460264299726,0.48166460264299726,0.4210931169577167,0.48166460264299726,0.47549426856959587
13,52,0.36014910034927794,0.5600195095644649,0.36014910034927794,0.6349130295705778,0.47090586354757447,0.36014910034927794,0.36014910034927794,0.3896285349625282,0.36014910034927794,0.3306922906283406
13,53,0.44214063244708396,0.4997751330829273,0.44214063244708396,0.6109180447792311,0.508482599833078,0.44214063244708396,0.44214063244708396,0.4083940874681223,0.44214063244708396,0.3919825322427133
13,54,0.34948890672846317,0.46919316330390587,0.34948890672846317,0.6331858719179426,0.5067614004552357,0.34948890672846317,0.34948890672846317,0.3499361048277142,0.34948890672846317,0.3005714490170521
13,55,0.396747134628085,0.6376631907077748,0.396747134628085,0.6642876272017919,0.498570800810609,0.396747134628085,0.396747134628085,0.45515294172487825,0.396747134628085,0.36963156720991686
13,56,0.4137738198661636,0.5102414858485479,0.4137738198661636,0.5927812371929717,0.5040037686754186,0.4137738198661636,0.4137738198661635,0.38692193449979584,0.4137738198661636,0.37934577189579666
13,57,0.5082308035344659,0.576879661646652,0.5082308035344659,0.6617634280425038,0.5164989014761595,0.5082308035344659,0.5082308035344659,0.4468689724178212,0.5082308035344659,0.4900267141379664
13,58,0.49752108077960155,0.5944769677709314,0.49752108077960155,0.6635622768266204,0.4941270303301739,0.49752108077960155,0.49752108077960155,0.44363695641461537,0.49752108077960155,0.4996263219762421
13,59,0.407716676254999,0.5196158639959625,0.407716676254999,0.6387870733142897,0.5251681132758315,0.407716676254999,0.407716676254999,0.41709213887830726,0.407716676254999,0.3633489036836737
13,60,0.44413201958157084,0.5700624967336261,0.44413201958157084,0.6635697020897704,0.5570037762953085,0.44413201958157084,0.44413201958157084,0.5120292074280796,0.44413201958157084,0.46072570239919447
13,61,0.4855777759337287,0.5172586146300853,0.4855777759337287,0.6284547259559378,0.45870195512888673,0.4855777759337287,0.4855777759337287,0.4299920923175121,0.4855777759337287,0.5052905587780819
13,62,0.40200818801147775,0.5655391617803337,0.40200818801147775,0.65283301885034,0.535695789806231,0.40200818801147775,0.4020081880114777,0.43987483519613657,0.40200818801147775,0.3795245137055245
13,63,0.487983051929485,0.5671595030372858,0.487983051929485,0.653197698782646,0.5175095105179559,0.487983051929485,0.48798305192948505,0.43797090509633707,0.487983051929485,0.47343430371335776
13,64,0.48137114484688387,0.5340734620213929,0.48137114484688387,0.6298349242817471,0.4803636489888705,0.48137114484688387,0.48137114484688387,0.44794428141109943,0.48137114484688387,0.49410231879482636
13,65,0.45488829786393764,0.5481467623233288,0.45488829786393764,0.6348015080152658,0.4775227053001702,0.45488829786393764,0.4548882978639376,0.4114997849419568,0.45488829786393764,0.46921954728644466
13,66,0.436893424919176,0.43823308754427925,0.436893424919176,0.5848468172976707,0.4159339470250909,0.436893424919176,0.436893424919176,0.3189723464482659,0.436893424919176,0.42574980521995665
13,67,0.49556472644724736,0.39374548738860393,0.49556472644724736,0.5653257941341268,0.5107861769886755,0.49556472644724736,0.49556472644724736,0.390334023883399,0.49556472644724736,0.4639235548326108
13,68,0.48100037328054684,0.48147694270416497,0.48100037328054684,0.6168116355618383,0.4448094112894742,0.48100037328054684,0.4810003732805468,0.38986475414535415,0.48100037328054684,0.47792012579907867
13,69,0.3510233806319527,0.5184509494621685,0.3510233806319527,0.6310337376423362,0.4588251533096502,0.3510233806319527,0.3510233806319527,0.3473667071699763,0.3510233806319527,0.30072913748700186
13,70,0.3561307357269441,0.556947604343029,0.3561307357269441,0.6282986166735818,0.4543694331077386,0.3561307357269441,0.3561307357269441,0.36841449565179446,0.3561307357269441,0.2914462255844874
13,71,0.5148336039470166,0.48306012340951815,0.5148336039470166,0.629840687622979,0.5393797624579229,0.5148336039470166,0.5148336039470167,0.46219481849330263,0.5148336039470166,0.5031091910228628
13,72,0.432655106337564,0.44512803332735906,0.432655106337564,0.5944813802140563,0.506564150490785,0.432655106337564,0.432655106337564,0.4013558364506496,0.432655106337564,0.40212287889270737
13,73,0.43960275218436956,0.5330745991617357,0.43960275218436956,0.6563302388827847,0.5572070469142605,0.43960275218436956,0.43960275218436956,0.4330246613196601,0.43960275218436956,0.411712483438756
13,74,0.4635516217631944,0.5703046250318573,0.4635516217631944,0.6321594221120013,0.5196250407995356,0.4635516217631944,0.46355162176319437,0.4613117152380901,0.4635516217631944,0.4671200399001939
13,75,0.5124221019625524,0.4400997212962277,0.5124221019625524,0.6126203699268606,0.4990671053806289,0.5124221019625524,0.5124221019625524,0.3670089403016209,0.5124221019625524,0.48860449835756203
13,76,0.5130727642451318,0.5312138603953418,0.5130727642451318,0.6517749120243729,0.5795398611935382,0.5130727642451318,0.5130727642451318,0.49710001413312055,0.5130727642451318,0.535034373970219
13,77,0.5064642024698962,0.5320346805928077,0.5064642024698962,0.661897158511352,0.4448657099090445,0.5064642024698962,0.5064642024698962,0.4020385236974804,0.5064642024698962,0.4880135016038252
13,78,0.4648625176244266,0.5367034272738442,0.4648625176244266,0.6093819482782026,0.4256221879529548,0.4648625176244266,0.4648625176244266,0.3865594528903272,0.4648625176244266,0.46031331284607413
13,79,0.3804229639367503,0.4549777830467683,0.3804229639367503,0.6058358347156463,0.5570317981689841,0.3804229639367503,0.3804229639367503,0.39415836428420997,0.3804229639367503,0.3260236713562611
13,80,0.5320679770173667,0.483617708416383,0.5320679770173667,0.6124527062056405,0.3859877803489883,0.5320679770173667,0.5320679770173666,0.3488713695059112,0.5320679770173667,0.5233490017945674
13,81,0.4341426530127327,0.557030289452142,0.4341426530127327,0.6289375618675821,0.48184229425792413,0.4341426530127327,0.4341426530127327,0.42271272552700684,0.4341426530127327,0.4238714471336992
13,82,0.5120830178909825,0.5310509212873245,0.5120830178909825,0.6017631160062803,0.44684541239569353,0.5120830178909825,0.5120830178909825,0.393310162171546,0.5120830178909825,0.4912857217553858
13,83,0.47875297720739873,0.48703556558011923,0.47875297720739873,0.6119295271719061,0.3813761349475331,0.47875297720739873,0.4787529772073988,0.29053414506450503,0.47875297720739873,0.4276534936697556
13,84,0.45689483180677354,0.5183508777802626,0.45689483180677354,0.6152814530197587,0.4733654076139937,0.45689483180677354,0.4568948318067736,0.41650309152403137,0.45689483180677354,0.4651762361740013
13,85,0.47167514314895453,0.5425954999658084,0.47167514314895453,0.6585919965163496,0.4574752734091757,0.47167514314895453,0.47167514314895453,0.3983741434285424,0.47167514314895453,0.45419204837333615
13,86,0.478074809064259,0.49224379606172824,0.478074809064259,0.5946945706414636,0.34410787431926876,0.478074809064259,0.478074809064259,0.3276123335050035,0.478074809064259,0.4839478055104049
13,87,0.47996509357614564,0.617202719327953,0.47996509357614564,0.6702819228885524,0.4920429142157609,0.47996509357614564,0.47996509357614564,0.45364249674884916,0.47996509357614564,0.5071712427948563
13,88,0.4015856571061809,0.5326155679952514,0.4015856571061809,0.5926073635149015,0.41148313381292584,0.4015856571061809,0.4015856571061809,0.3218746009772099,0.4015856571061809,0.38320486069775267
13,89,0.5094895683559199,0.5224115074385045,0.5094895683559199,0.6331666654282211,0.5027584024961718,0.5094895683559199,0.50948956835592,0.4602136497440927,0.5094895683559199,0.5286458670446521
13,90,0.47442396362610134,0.4849266921009999,0.47442396362610134,0.6180710979201258,0.41848094184926693,0.47442396362610134,0.47442396362610134,0.3767577786783669,0.47442396362610134,0.47458460060736424
13,91,0.4425221833371541,0.5578247312712494,0.4425221833371541,0.6318088220828844,0.5541243299962346,0.4425221833371541,0.4425221833371541,0.45887682859632706,0.4425221833371541,0.40164167742638146
13,92,0.43949430847060633,0.5596958230828485,0.43949430847060633,0.661564867707088,0.5847315519132916,0.43949430847060633,0.43949430847060633,0.4773832838987598,0.43949430847060633,0.42166990176152885
13,93,0.395441256727901,0.4986816891232973,0.395441256727901,0.6356771305904786,0.5543379424749435,0.395441256727901,0.395441256727901,0.41298992061804385,0.395441256727901,0.33494927280503284
13,94,0.35955056910647676,0.4332469507067355,0.35955056910647676,0.5293914580202594,0.4504343734242724,0.35955056910647676,0.35955056910647676,0.3440480922278568,0.35955056910647676,0.2823701814023309
13,95,0.46896219180078175,0.4947207871591881,0.46896219180078175,0.6044141532240018,0.5449347474954545,0.46896219180078175,0.46896219180078175,0.454140131420751,0.46896219180078175,0.4414479244003928
13,96,0.49071691144869184,0.4768237941440821,0.49071691144869184,0.6106745115570109,0.41329154847437594,0.49071691144869184,0.4907169114486919,0.3466983457537967,0.49071691144869184,0.48529496577811126
13,97,0.42366645129701747,0.5223034095201657,0.42366645129701747,0.6033664985232197,0.47214947057252793,0.42366645129701747,0.4236664512970175,0.37206724623974585,0.42366645129701747,0.3791858035180996
13,98,0.4626221838668278,0.5748693566363445,0.4626221838668278,0.6570952906523206,0.5233994398029144,0.4626221838668278,0.46262218386682774,0.48435464498513325,0.4626221838668278,0.47478679959028186
13,99,0.508761778153526,0.48240985442367934,0.508761778153526,0.6193158357988746,0.43575402685169135,0.508761778153526,0.508761778153526,0.3984462425978569,0.508761778153526,0.5216869950379286
14,0,0.4803878103318517,0.5197756862274993,0.4803878103318517,0.6093682425084166,0.38317710193893584,0.4803878103318517,0.4803878103318517,0.37179333531601566,0.4803878103318517,0.4992766281452007
14,1,0.4396654766974717,0.49482705343367334,0.4396654766974717,0.6058990576225166,0.465582703972726,0.4396654766974717,0.4396654766974717,0.39143776779455774,0.4396654766974717,0.44918926734847475
14,2,0.4023741274671758,0.5356544069740099,0.4023741274671758,0.61910038296304,0.5276611190669818,0.4023741274671758,0.4023741274671758,0.42105399882685474,0.4023741274671758,0.37036582203293766
14,3,0.49982181592018765,0.5368591010050416,0.49982181592018765,0.6163792138792934,0.5332939341528286,0.49982181592018765,0.49982181592018765,0.473533751714654,0.49982181592018765,0.49608312295347956
14,4,0.40573021415635574,0.5759544631180167,0.40573021415635574,0.668797059250146,0.46433456662885536,0.40573021415635574,0.40573021415635574,0.38402159726723495,0.40573021415635574,0.43431725187748593
14,5,0.40489481656704,0.5107237849696299,0.40489481656704,0.597633013615019,0.5391911525601427,0.40489481656704,0.40489481656703996,0.43157217815138116,0.40489481656704,0.364420534746295
14,6,0.38929694927482567,0.48550081433459336,0.38929694927482567,0.5964823064025521,0.5077932128231768,0.38929694927482567,0.3892969492748256,0.398210461459245,0.38929694927482567,0.3770053033037552
14,7,0.4383195480341069,0.5309700654552966,0.4383195480341069,0.6396409190667346,0.575080153623768,0.4383195480341069,0.4383195480341069,0.4802363480036794,0.4383195480341069,0.4200610763870674
14,8,0.4994537391847839,0.5571997748718888,0.4994537391847839,0.6354053531292863,0.5014036442058167,0.4994537391847839,0.49945373918478386,0.4339883383855525,0.4994537391847839,0.5041896714924382
14,9,0.4710859973518175,0.49291956517905616,0.4710859973518175,0.6028831015858516,0.35842762435734565,0.4710859973518175,0.47108599735181755,0.3065158212545366,0.4710859973518175,0.4668416201944532
14,10,0.4894958742603038,0.5787812190800596,0.4894958742603038,0.6254566269398416,0.4192790839129141,0.4894958742603038,0.4894958742603037,0.40913538331881194,0.4894958742603038,0.5034541976868753
14,11,0.4801949905323155,0.4917407170219463,0.4801949905323155,0.6327389956754307,0.6003430330185638,0.4801949905323155,0.4801949905323155,0.4747495999930588,0.4801949905323155,0.4723172029910767
14,12,0.45706776561252627,0.5568710356814711,0.45706776561252627,0.6313644271398466,0.5648608811945044,0.45706776561252627,0.45706776561252627,0.5102540130764943,0.45706776561252627,0.45576648394907626
14,13,0.46672250851961505,0.5376282985976748,0.46672250851961505,0.6356059338536912,0.5278654398153801,0.46672250851961505,0.46672250851961505,0.43466112821913283,0.46672250851961505,0.45390162206957985
14,14,0.3941476449547236,0.5389582684501382,0.3941476449547236,0.6417953575506238,0.43150090193778,0.3941476449547236,0.39414764495472354,0.3424061477228182,0.3941476449547236,0.3479573302681893
14,15,0.48983802486362527,0.5788415515090696,0.48983802486362527,0.6334263549798058,0.4674441309563039,0.48983802486362527,0.48983802486362527,0.41531002447370446,0.48983802486362527,0.47276765741893273
14,16,0.5347199694313247,0.531112087617181,0.5347199694313247,0.6307691233982977,0.451031021460898,0.5347199694313247,0.5347199694313247,0.4389184478094955,0.5347199694313247,0.5558437227371794
14,17,0.38742506395344894,0.4832854584908681,0.38742506395344894,0.5798562974216647,0.4812661578122341,0.38742506395344894,0.387425063953449,0.3759419801661259,0.38742506395344894,0.3390704592773437
14,18,0.4954087050287311,0.3792661180772382,0.4954087050287311,0.5588047163414149,0.38076608112840693,0.4954087050287311,0.49540870502873113,0.298191342808391,0.4954087050287311,0.4862117543549519
14,19,0.4977567390984564,0.5210286893298901,0.4977567390984564,0.6366449393574656,0.5040663417272002,0.4977567390984564,0.4977567390984564,0.4346628112989327,0.4977567390984564,0.4791693405767814
14,20,0.46347449384337996,0.43201794009425243,0.46347449384337996,0.5669657572704508,0.4246848257065049,0.46347449384337996,0.46347449384337996,0.3508039328988451,0.46347449384337996,0.4322303061088534
14,21,0.47917876049485647,0.42213965728196595,0.47917876049485647,0.5659869488544267,0.3539615751479356,0.47917876049485647,0.47917876049485647,0.30500931411293813,0.47917876049485647,0.4737000953038367
14,22,0.4472060782748027,0.5534911854517818,0.4472060782748027,0.6568071431097974,0.5120369797385859,0.4472060782748027,0.4472060782748027,0.39606952283070296,0.4472060782748027,0.43034644669429406
14,23,0.47672804407405284,0.5003475701297809,0.47672804407405284,0.6123781423187765,0.5034371315801434,0.47672804407405284,0.4767280440740528,0.4253694312648356,0.47672804407405284,0.44602374607756606
14,24,0.4437288171188299,0.5232745958870575,0.4437288171188299,0.622891715520799,0.5367428524229615,0.4437288171188299,0.44372881711882983,0.43029194450483454,0.4437288171188299,0.41508865601190525
14,25,0.4175630309339643,0.47159102073367987,0.4175630309339643,0.6100377740007129,0.5637723356550357,0.4175630309339643,0.41756303093396435,0.4247936993130301,0.4175630309339643,0.373033396371118
14,26,0.47522135480673744,0.48267649722187767,0.47522135480673744,0.578181546579538,0.4616457064344217,0.47522135480673744,0.4752213548067374,0.4025749953764226,0.47522135480673744,0.48385568410152835
14,27,0.4659444457815349,0.47848149792468303,0.4659444457815349,0.6085060429399354,0.43810929043754343,0.4659444457815349,0.46594444578153493,0.3750419793603152,0.4659444457815349,0.45459604522521463
14,28,0.3936542121183202,0.5390628045833528,0.3936542121183202,0.6619694778104163,0.542016388322712,0.3936542121183202,0.3936542121183202,0.41823937569726993,0.3936542121183202,0.34249498707915205
14,29,0.3872155176170855,0.5198579299736298,0.3872155176170855,0.6290095160444791,0.5208529823413964,0.3872155176170855,0.3872155176170855,0.39697525839540015,0.3872155176170855,0.34976109889784773
14,30,0.4578570723003625,0.5178982773855813,0.4578570723003625,0.6141155731609467,0.531206190435299,0.4578570723003625,0.45785707230036254,0.43960447296733185,0.4578570723003625,0.43944800643992465
14,31,0.48757789803744755,0.503631962549266,0.48757789803744755,0.6401174711858121,0.5402250582026915,0.48757789803744755,0.48757789803744755,0.4425549770772532,0.48757789803744755,0.49666358617642675
14,32,0.47070899979677255,0.4597673081793097,0.47070899979677255,0.6119458607460252,0.369267605953849,0.47070899979677255,0.47070899979677255,0.29973604358020467,0.47070899979677255,0.44860144704377924
14,33,0.39673997938733113,0.569355729457625,0.39673997938733113,0.6210947884754447,0.4701825970341686,0.39673997938733113,0.3967399793873311,0.4243932767668999,0.39673997938733113,0.3959203430971175
14,34,0.40327094861672935,0.5794844763074831,0.40327094861672935,0.6216076411490253,0.49033260130189765,0.40327094861672935,0.4032709486167293,0.4106898303604395,0.40327094861672935,0.3662528050150034
14,35,0.5647589710689456,0.4640610623596394,0.5647589710689456,0.6171911214882735,0.4590733999919462,0.5647589710689456,0.5647589710689456,0.38690633207726105,0.5647589710689456,0.5551038955106307
14,36,0.5246695510030672,0.6363188630967185,0.5246695510030672,0.673044349545154,0.5242544992069262,0.5246695510030672,0.5246695510030672,0.48047321755377737,0.5246695510030672,0.5092382669310571
14,37,0.5184212602460492,0.5815777491928593,0.5184212602460492,0.6564057838522006,0.4990534060271232,0.5184212602460492,0.5184212602460492,0.4121706164563169,0.5184212602460492,0.5187459002079424
14,38,0.5025685920428333,0.4987471609778512,0.5025685920428333,0.6216745360005742,0.45055898692626817,0.5025685920428333,0.5025685920428333,0.38963876732841257,0.5025685920428333,0.5166279423294947
14,39,0.5127156526838704,0.581243443485199,0.5127156526838704,0.696429904059753,0.5531471668283398,0.5127156526838704,0.5127156526838704,0.4665147839790189,0.5127156526838704,0.4983678620412375
14,40,0.5038103515518463,0.5034569296435372,0.5038103515518463,0.6094576191450749,0.4449562813037421,0.5038103515518463,0.5038103515518463,0.3998100132211021,0.5038103515518463,0.5145242805651187
14,41,0.4642707699215609,0.5688078406057511,0.4642707699215609,0.6495433966092474,0.46678495042251844,0.4642707699215609,0.4642707699215609,0.42092928428558096,0.4642707699215609,0.4623565685820956
14,42,0.36990327322528427,0.49226418156571417,0.36990327322528427,0.6337033199369869,0.5308261658311917,0.36990327322528427,0.36990327322528427,0.3800080163675727,0.36990327322528427,0.32943974740979853
14,43,0.45859889420865035,0.5065574142909584,0.45859889420865035,0.6392956633409894,0.5304592171952833,0.45859889420865035,0.45859889420865035,0.43492458443596294,0.45859889420865035,0.46645068131103945
14,44,0.5164360991002703,0.5548781298709171,0.5164360991002703,0.6356291185953383,0.40652413646546237,0.5164360991002703,0.5164360991002703,0.37371179788238296,0.5164360991002703,0.5206861423708031
14,45,0.442236717108636,0.41254032645194516,0.442236717108636,0.6006465542982934,0.4349853358820357,0.442236717108636,0.442236717108636,0.3334236167937683,0.442236717108636,0.43309351616919745
14,46,0.5283067364361492,0.5890137000324887,0.5283067364361492,0.6710665142083052,0.5082898600652235,0.5283067364361492,0.5283067364361492,0.4672355826779812,0.5283067364361492,0.5262763824804221
14,47,0.39433145100941397,0.5112886954413284,0.39433145100941397,0.6177641191077048,0.5223216963626278,0.39433145100941397,0.39433145100941397,0.4157697653623197,0.39433145100941397,0.38174217598770477
14,48,0.4101530821942949,0.513269302831429,0.4101530821942949,0.6282829746148156,0.5435909896816367,0.4101530821942949,0.4101530821942949,0.42944511129303364,0.4101530821942949,0.3784239264671837
14,49,0.42489622345463757,0.5592901281265547,0.42489622345463757,0.6557606789699177,0.5035997957543035,0.42489622345463757,0.42489622345463757,0.45170700952148435,0.42489622345463757,0.4530232524867388
14,50,0.49852420836321265,0.5679955591085527,0.49852420836321265,0.6476342888817348,0.4873394327760498,0.49852420836321265,0.49852420836321265,0.45060961330000737,0.49852420836321265,0.5222873336342962
14,51,0.48516621020257417,0.4877524963603673,0.48516621020257417,0.6280720135925828,0.5193649323414053,0.48516621020257417,0.48516621020257417,0.41887135705216616,0.48516621020257417,0.4742801011256076
14,52,0.36808119581357085,0.5720187610997091,0.36808119581357085,0.6556731341537008,0.4998354344441856,0.36808119581357085,0.3680811958135708,0.4320491943206366,0.36808119581357085,0.3515120390266969
14,53,0.43170132203759326,0.48133381631876393,0.43170132203759326,0.6039216372810144,0.5084749033723255,0.43170132203759326,0.43170132203759326,0.395445300713437,0.43170132203759326,0.3844366001034386
14,54,0.34293489204832517,0.45621970398275763,0.34293489204832517,0.6206793780938547,0.500605590061631,0.34293489204832517,0.3429348920483252,0.34510807454884707,0.34293489204832517,0.2977310103651276
14,55,0.4056185180604317,0.6292294123706039,0.4056185180604317,0.6760957720990252,0.4858957472945723,0.4056185180604317,0.4056185180604317,0.44985097735217794,0.4056185180604317,0.38314800212147804
14,56,0.4289345669959595,0.5386478713862763,0.4289345669959595,0.6924933095098509,0.5304799961644983,0.4289345669959595,0.42893456699595955,0.4111040306701681,0.4289345669959595,0.39196709696701704
14,57,0.5022501373666837,0.5522571008161519,0.5022501373666837,0.6485901891383492,0.5119010267073992,0.5022501373666837,0.5022501373666837,0.43515215171810784,0.5022501373666837,0.4823637833005546
14,58,0.4786332895438794,0.5773569567545767,0.4786332895438794,0.6553790612786041,0.485698566180928,0.4786332895438794,0.4786332895438794,0.42227203581935935,0.4786332895438794,0.47765764919458775
14,59,0.39886452834000363,0.4831798987723035,0.39886452834000363,0.5796572422659837,0.5412502405342559,0.39886452834000363,0.39886452834000363,0.40480928867894805,0.39886452834000363,0.3425853299856606
14,60,0.47347287415706385,0.5736815554836339,0.47347287415706385,0.6739009431084051,0.5810405014625302,0.47347287415706385,0.4734728741570638,0.5310355856753564,0.47347287415706385,0.49546602070546
14,61,0.4812487623524313,0.5094889418402122,0.4812487623524313,0.6279410452351694,0.4518190659865894,0.4812487623524313,0.4812487623524313,0.4217566715018732,0.4812487623524313,0.5033150161274595
14,62,0.40317514273079114,0.5268338913448813,0.40317514273079114,0.6202672190007201,0.5370302749343261,0.40317514273079114,0.40317514273079114,0.4251796333332587,0.40317514273079114,0.38047456779628497
14,63,0.4858165007843352,0.5331754058751201,0.4858165007843352,0.6279079782841444,0.5154929889638304,0.4858165007843352,0.4858165007843352,0.4243789119864988,0.4858165007843352,0.4629836101880891
14,64,0.4749168389112772,0.5325818403823805,0.4749168389112772,0.6248253825527506,0.46077793493886227,0.4749168389112772,0.4749168389112771,0.4349119874445072,0.4749168389112772,0.484307324927501
14,65,0.4742516802967808,0.5853686567667576,0.4742516802967808,0.6585969326939791,0.5386810059046637,0.4742516802967808,0.47425168029678083,0.471016990023265,0.4742516802967808,0.48920702971660335
14,66,0.5200294238367832,0.4846264160852537,0.5200294238367832,0.6246856277841202,0.5493606926936715,0.5200294238367832,0.5200294238367833,0.43979184030971014,0.5200294238367832,0.5123769144662604
14,67,0.4996923711101858,0.39059759503244473,0.4996923711101858,0.5629683156834379,0.5070340961688504,0.4996923711101858,0.4996923711101858,0.3900597274732382,0.4996923711101858,0.46508134132367945
14,68,0.4707010082291773,0.478275085589989,0.4707010082291773,0.6156669579374958,0.4412819381558568,0.4707010082291773,0.4707010082291774,0.3860131040564131,0.4707010082291773,0.4758024348770248
14,69,0.35415328737314666,0.5201966976123489,0.35415328737314666,0.616684076098031,0.4902429426997662,0.35415328737314666,0.35415328737314666,0.3761985322509255,0.35415328737314666,0.3052870869481026
14,70,0.35844067046278516,0.5566893015709384,0.35844067046278516,0.6400674377067299,0.4760714443960507,0.35844067046278516,0.35844067046278516,0.38936994938514147,0.35844067046278516,0.29578654639777713
14,71,0.4975862213480232,0.4633692636005408,0.4975862213480232,0.6340431320054731,0.5207228101463734,0.4975862213480232,0.4975862213480232,0.44012986040841173,0.4975862213480232,0.48972345338595724
14,72,0.3976388448913858,0.4585211901401884,0.3976388448913858,0.5881688704220449,0.4741882844987792,0.3976388448913858,0.3976388448913858,0.37995078359076634,0.3976388448913858,0.361517465875446
14,73,0.44163939389349455,0.5733587848373252,0.44163939389349455,0.6659577283538312,0.577494434549828,0.44163939389349455,0.4416393938934945,0.4715552075925058,0.44163939389349455,0.41289343187951044
14,74,0.4462408641746667,0.4888744611463034,0.4462408641746667,0.5791513145898185,0.49601579988474,0.4462408641746667,0.4462408641746667,0.42982317272365955,0.4462408641746667,0.4447514522301347
14,75,0.4934795777813234,0.4439543845513182,0.4934795777813234,0.6131846063503943,0.48462269407123393,0.4934795777813234,0.4934795777813234,0.35355054454762835,0.4934795777813234,0.47223176858946275
14,76,0.4996071586975715,0.5241319165344482,0.4996071586975715,0.6395950778621695,0.5491882035122786,0.4996071586975715,0.4996071586975715,0.4805047524585365,0.4996071586975715,0.5267036449301418
14,77,0.5023236412035189,0.5407674343224732,0.5023236412035189,0.6487111342076832,0.440297673903328,0.5023236412035189,0.5023236412035189,0.40573175966879815,0.5023236412035189,0.4855459031682059
14,78,0.4206667327674622,0.5056682535905215,0.4206667327674622,0.5923402009955967,0.41575291669368575,0.4206667327674622,0.4206667327674622,0.371409637004105,0.4206667327674622,0.4048932108784692
14,79,0.39223700982303045,0.4689324368935185,0.39223700982303045,0.6135910412280132,0.5671692580609881,0.39223700982303045,0.39223700982303045,0.41362769811604627,0.39223700982303045,0.3399515565014718
14,80,0.5388951917990161,0.5003607957165868,0.5388951917990161,0.6294722695671875,0.3903897721466356,0.5388951917990161,0.5388951917990161,0.3517920199186463,0.5388951917990161,0.5310501139629502
14,81,0.4330264354551286,0.5719054600546535,0.4330264354551286,0.6361712496445839,0.4808694009833995,0.4330264354551286,0.4330264354551286,0.43126761217624826,0.4330264354551286,0.4229060821022003
14,82,0.4995429473811958,0.5157228586036313,0.4995429473811958,0.607888245770876,0.41737708699077913,0.4995429473811958,0.4995429473811958,0.36818755850656526,0.4995429473811958,0.4933678326883557
14,83,0.48139865070744425,0.47835078401868036,0.48139865070744425,0.6125030430296675,0.38803968110752357,0.48139865070744425,0.48139865070744425,0.3040076759097613,0.48139865070744425,0.4347118604480731
14,84,0.43466145442999077,0.5105172343927147,0.43466145442999077,0.6088279033796542,0.4496298580349703,0.43466145442999077,0.43466145442999077,0.3852717663300903,0.43466145442999077,0.4351089527702888
14,85,0.4601894020105111,0.5336925527276959,0.4601894020105111,0.6614495727962211,0.4769504983427606,0.4601894020105111,0.4601894020105111,0.40812438712739774,0.4601894020105111,0.4498095187895409
14,86,0.45474398502120045,0.4831197087166974,0.45474398502120045,0.5900630449181665,0.3336477597824874,0.45474398502120045,0.45474398502120045,0.3124386474028481,0.45474398502120045,0.46327777598513786
14,87,0.4377730549058793,0.5624752989837378,0.4377730549058793,0.6479213667661066,0.4640258464064985,0.4377730549058793,0.43777305490587937,0.3957239971036818,0.4377730549058793,0.4537982368437944
14,88,0.42578616813905107,0.5408906720863426,0.42578616813905107,0.6107346630954132,0.43157124223832743,0.42578616813905107,0.425786168139051,0.3483849284653893,0.42578616813905107,0.4145595902902748
14,89,0.505061589431728,0.5189660514786976,0.505061589431728,0.6264118729531079,0.48836579554695847,0.505061589431728,0.505061589431728,0.44977342506003215,0.505061589431728,0.5264480019462467
14,90,0.4729675468944722,0.46043474816982355,0.4729675468944722,0.6029507316672793,0.4251429176774751,0.4729675468944722,0.4729675468944722,0.37726512777081866,0.4729675468944722,0.46947404841593765
14,91,0.4499196800994077,0.5436793525591144,0.4499196800994077,0.630609307652907,0.5669880766910746,0.4499196800994077,0.44991968009940764,0.47002594982516566,0.4499196800994077,0.40793566139171034
14,92,0.44664806242120525,0.5642985424629385,0.44664806242120525,0.6624349101652253,0.5864368065530341,0.44664806242120525,0.4466480624212052,0.4966641591697116,0.44664806242120525,0.4364613859936919
14,93,0.4120732886220614,0.5030752685490113,0.4120732886220614,0.6466743875677904,0.5716813278983448,0.4120732886220614,0.4120732886220614,0.43171782115791707,0.4120732886220614,0.36738589122129783
14,94,0.3757320066835524,0.4643308217125097,0.3757320066835524,0.5381729093387915,0.4814877214628086,0.3757320066835524,0.3757320066835524,0.3801077016270678,0.3757320066835524,0.2918578602922721
14,95,0.44847041860853243,0.48423121335007746,0.44847041860853243,0.5969916927301459,0.528051309560221,0.44847041860853243,0.44847041860853243,0.4289412055737344,0.44847041860853243,0.4112517506236911
14,96,0.50297049355271,0.4717934254118771,0.50297049355271,0.6216344644793519,0.4247075926464524,0.50297049355271,0.50297049355271,0.3556206762859825,0.50297049355271,0.4958251308113382
14,97,0.5443248115035456,0.5850333345610024,0.5443248115035456,0.6699425021537854,0.5667410938333606,0.5443248115035456,0.5443248115035456,0.5071667156053892,0.5443248115035456,0.5428560446341866
14,98,0.46508284328452315,0.5568484498613451,0.46508284328452315,0.651798149329409,0.5259524235212663,0.46508284328452315,0.46508284328452304,0.4837282393068868,0.46508284328452315,0.47948767145441723
14,99,0.5168472002054019,0.49906344438349737,0.5168472002054019,0.6290096302883614,0.4472829172708911,0.5168472002054019,0.5168472002054019,0.4168723568600835,0.5168472002054019,0.5312269102322033
15,0,0.47697234443693504,0.5194294938753912,0.47697234443693504,0.6056518217600171,0.3847903863160287,0.47697234443693504,0.4769723444369351,0.36995325077510205,0.47697234443693504,0.4946552260772541
15,1,0.49566675832189344,0.5146642296890399,0.49566675832189344,0.6276121676481156,0.5562070576282953,0.49566675832189344,0.49566675832189344,0.46342411611385464,0.49566675832189344,0.49853411612168785
15,2,0.37400945216596104,0.4994760686796705,0.37400945216596104,0.5886793433663896,0.49536584190667,0.37400945216596104,0.37400945216596104,0.3843844280539838,0.37400945216596104,0.33526680381245544
15,3,0.48996821307526395,0.5374587114722165,0.48996821307526395,0.6084549778417923,0.5179311953306254,0.48996821307526395,0.48996821307526395,0.4625757977815943,0.48996821307526395,0.4885030473392336
15,4,0.4226124007012879,0.590899354127967,0.4226124007012879,0.6726091072889318,0.4813398422874606,0.4226124007012879,0.4226124007012879,0.41978876125299225,0.4226124007012879,0.4509987612551299
15,5,0.4092356316493211,0.5240918717911383,0.4092356316493211,0.5975054601644834,0.5507612545462203,0.4092356316493211,0.4092356316493211,0.45568139193247664,0.4092356316493211,0.37087300596954353
15,6,0.32099794607420284,0.43713398019153943,0.32099794607420284,0.5613066320413969,0.41414641365309723,0.32099794607420284,0.3209979460742028,0.3146127800003929,0.32099794607420284,0.30454363165221565
15,7,0.4389821047428746,0.5395105731611637,0.4389821047428746,0.6329604868238184,0.5628859243332156,0.4389821047428746,0.4389821047428746,0.4762157547198408,0.4389821047428746,0.4239620754119007
15,8,0.43727906451824833,0.5085845107643441,0.43727906451824833,0.5978465977979279,0.4251475268502196,0.43727906451824833,0.4372790645182483,0.3466119676564471,0.43727906451824833,0.43712352540985366
15,9,0.4859389762039924,0.45715073726675903,0.4859389762039924,0.588149273374861,0.3597752144844554,0.4859389762039924,0.4859389762039924,0.31223142297051276,0.4859389762039924,0.48044424318928336
15,10,0.46154341516667574,0.5421683645044932,0.46154341516667574,0.5953292809265576,0.3815098966946297,0.46154341516667574,0.46154341516667574,0.3708048235790725,0.46154341516667574,0.4735156484973484
15,11,0.4477194900301942,0.47299184136543715,0.4477194900301942,0.6178028972354415,0.5623479594992384,0.4477194900301942,0.44771949003019423,0.4357308757890749,0.4477194900301942,0.4338939877201695
15,12,0.4248032982500418,0.5368043054592158,0.4248032982500418,0.6225695935494715,0.5404956623553193,0.4248032982500418,0.4248032982500418,0.480348692253189,0.4248032982500418,0.4273878709831026
15,13,0.4427246673579682,0.5224375965777862,0.4427246673579682,0.6249288035947845,0.5192383956209488,0.4427246673579682,0.44272466735796817,0.4102404131919434,0.4427246673579682,0.4279264561696422
15,14,0.3594301380413207,0.5362824514688305,0.3594301380413207,0.6285893999661782,0.4005383633009505,0.3594301380413207,0.3594301380413206,0.3171418396438641,0.3594301380413207,0.31683872739470054
15,15,0.4575006112155332,0.5682617163047634,0.4575006112155332,0.6230963604001494,0.4185335621219369,0.4575006112155332,0.4575006112155332,0.3620997074653176,0.4575006112155332,0.4394924676701475
15,16,0.5091886765434389,0.5160208415066989,0.5091886765434389,0.614133212907825,0.4321185699978941,0.5091886765434389,0.5091886765434388,0.4129191867264,0.5091886765434389,0.5273207409251628
15,17,0.3886380166490372,0.5185604857757686,0.3886380166490372,0.6024965155149,0.5199847383180052,0.3886380166490372,0.3886380166490372,0.4265737647992446,0.3886380166490372,0.33469115712578135
15,18,0.4816160956861983,0.3761945188317075,0.4816160956861983,0.5495841780021733,0.37402200719727186,0.4816160956861983,0.48161609568619823,0.29524049165336963,0.4816160956861983,0.47514005038084905
15,19,0.5083270740464271,0.5452318918769807,0.5083270740464271,0.6487724490266309,0.5017455850400405,0.5083270740464271,0.5083270740464271,0.4509652299631279,0.5083270740464271,0.49333434823928285
15,20,0.5110666949283189,0.46161989038438533,0.5110666949283189,0.5931145174936076,0.4515013667715139,0.5110666949283189,0.5110666949283189,0.3929145028286716,0.5110666949283189,0.4777364902077049
15,21,0.48938473571560726,0.4267645057858376,0.48938473571560726,0.5639228496649675,0.3512642890747142,0.48938473571560726,0.48938473571560726,0.3075531792863698,0.48938473571560726,0.48281904060726827
15,22,0.4673924992447504,0.5540898007281014,0.4673924992447504,0.6535335978459619,0.5234311550916075,0.4673924992447504,0.4673924992447504,0.4085185407303806,0.4673924992447504,0.45208606223893827
15,23,0.45745015282943774,0.4718093320991692,0.45745015282943774,0.5987917183448369,0.47763151057334213,0.45745015282943774,0.45745015282943774,0.3650230078990446,0.45745015282943774,0.4075595305348497
15,24,0.4417272082118375,0.5189483372349578,0.4417272082118375,0.6236904205239371,0.5408993411434077,0.4417272082118375,0.44172720821183753,0.433361348959772,0.4417272082118375,0.4094011826346944
15,25,0.4358946648201809,0.4847875925308823,0.4358946648201809,0.6177622067270593,0.5735829388605704,0.4358946648201809,0.4358946648201809,0.4417448156032064,0.4358946648201809,0.39497139782396434
15,26,0.45732265944873235,0.4697636376237193,0.45732265944873235,0.5729896590893735,0.4557749860746527,0.45732265944873235,0.4573226594487324,0.39415049670710467,0.45732265944873235,0.46953544876095776
15,27,0.47702921466214765,0.492559543148122,0.47702921466214765,0.6103028095934263,0.4486746478193926,0.47702921466214765,0.47702921466214765,0.3879579436200513,0.47702921466214765,0.46832503602226183
15,28,0.40119267641594547,0.5385547208018842,0.40119267641594547,0.6473813924175841,0.5494349403067064,0.40119267641594547,0.40119267641594547,0.42630644970014464,0.40119267641594547,0.34744495982620477
15,29,0.3827599399071287,0.5227630429157213,0.3827599399071287,0.6308539754359566,0.5222506298962386,0.3827599399071287,0.3827599399071287,0.3815648357198307,0.3827599399071287,0.3413306513171929
15,30,0.44976746861427985,0.4380419118118749,0.44976746861427985,0.4525926184551913,0.5304252759238317,0.44976746861427985,0.44976746861427985,0.430629665500103,0.44976746861427985,0.41258143068389663
15,31,0.47905191759058324,0.483081099074337,0.47905191759058324,0.626948953883744,0.5284765328120221,0.47905191759058324,0.4790519175905833,0.4218435128452308,0.47905191759058324,0.48138043858270557
15,32,0.4627243086666785,0.4810546028552277,0.4627243086666785,0.6215154514320713,0.3602110350833361,0.4627243086666785,0.4627243086666784,0.29211046857830486,0.4627243086666785,0.44331834702503103
15,33,0.39519983704636125,0.5917108080817511,0.39519983704636125,0.6391166386047922,0.4910520616790326,0.39519983704636125,0.3951998370463612,0.43631250486891726,0.39519983704636125,0.38758325780072456
15,34,0.3911235800215642,0.57347480378818,0.3911235800215642,0.6119746505780777,0.46832507717666916,0.3911235800215642,0.3911235800215642,0.38775232986512426,0.3911235800215642,0.34971152077637135
15,35,0.5540180254453371,0.45577622918941757,0.5540180254453371,0.6115914495697626,0.44966273535427914,0.5540180254453371,0.5540180254453372,0.378724930969909,0.5540180254453371,0.5503394244176805
15,36,0.49336184154710055,0.6316993982818888,0.49336184154710055,0.6756976461313923,0.49579935256993823,0.49336184154710055,0.4933618415471006,0.4600709090154863,0.49336184154710055,0.48174962145202094
15,37,0.510356374664389,0.5859912067078392,0.510356374664389,0.653887751071911,0.4909328818391001,0.510356374664389,0.510356374664389,0.40643243439695076,0.510356374664389,0.5116275004329672
15,38,0.4664416885513267,0.46977015525039933,0.4664416885513267,0.6030655944053367,0.42357499504246615,0.4664416885513267,0.4664416885513267,0.36297951972638715,0.4664416885513267,0.48544043090813677
15,39,0.49333833147033784,0.5627138666256422,0.49333833147033784,0.6831412164990684,0.5348956126313908,0.49333833147033784,0.49333833147033784,0.44275896164941586,0.49333833147033784,0.4826835710997079
15,40,0.5178165030145401,0.5093539191662729,0.5178165030145401,0.6161171285739148,0.47623741838138467,0.5178165030145401,0.5178165030145401,0.4232721927272319,0.5178165030145401,0.5244069269635294
15,41,0.47943579161076827,0.5619737872739732,0.47943579161076827,0.6477322610014847,0.48280653821671715,0.47943579161076827,0.4794357916107682,0.4304392979208028,0.47943579161076827,0.47245203218667253
15,42,0.37280040232896583,0.488580707712104,0.37280040232896583,0.6340724800330407,0.533596336974403,0.37280040232896583,0.37280040232896583,0.382143980312852,0.37280040232896583,0.3338003127291771
15,43,0.46750531044312965,0.5025456439381852,0.46750531044312965,0.635948005955093,0.5374743179387154,0.46750531044312965,0.4675053104431296,0.4428253022646734,0.46750531044312965,0.46814448947966875
15,44,0.49042856453883127,0.564073772586905,0.49042856453883127,0.6336690949519973,0.39858466615669935,0.49042856453883127,0.4904285645388312,0.3598690753341443,0.49042856453883127,0.49729182061753946
15,45,0.5301000999596426,0.5691131025461131,0.5301000999596426,0.6439763972094967,0.5276883025821989,0.5301000999596426,0.5301000999596426,0.4286364603965517,0.5301000999596426,0.5083405060454498
15,46,0.5215609241337257,0.5663472651793628,0.5215609241337257,0.657779950042652,0.4872335812774874,0.5215609241337257,0.5215609241337258,0.43644413872660065,0.5215609241337257,0.516526347920416
15,47,0.40608007755165876,0.5319238062997721,0.40608007755165876,0.631773373386541,0.5385563550470875,0.40608007755165876,0.40608007755165876,0.43633996683562204,0.40608007755165876,0.39945011809752273
15,48,0.3996984391260459,0.5126998624663863,0.3996984391260459,0.628161045685441,0.5226675093746002,0.3996984391260459,0.39969843912604586,0.41213611371668646,0.3996984391260459,0.3716520560206339
15,49,0.5001770689773571,0.5832375329829411,0.5001770689773571,0.6654254960719626,0.6122037135735825,0.5001770689773571,0.5001770689773571,0.5473226088112226,0.5001770689773571,0.5197774458252984
15,50,0.49936146445662033,0.5764869724716786,0.49936146445662033,0.6445031399742777,0.4713016316224786,0.49936146445662033,0.49936146445662033,0.43934924123758107,0.49936146445662033,0.5141032122487237
15,51,0.4865266351978559,0.4870981668321769,0.4865266351978559,0.6348007073102369,0.5271238006552699,0.4865266351978559,0.48652663519785594,0.42604973415163017,0.4865266351978559,0.4785101062709023
15,52,0.3688513599092604,0.5738367865452179,0.3688513599092604,0.6512325241948395,0.5044004067876563,0.3688513599092604,0.36885135990926043,0.42649842899347,0.3688513599092604,0.34321291608200255
15,53,0.4445279738783533,0.4934182497508658,0.4445279738783533,0.60731584081469,0.5228708810394229,0.4445279738783533,0.4445279738783533,0.41564038538617953,0.4445279738783533,0.3924200963996173
15,54,0.34626012756957936,0.47580820116321104,0.34626012756957936,0.6225910730041367,0.5000743490030692,0.34626012756957936,0.34626012756957936,0.35248361341616385,0.34626012756957936,0.2965147705148129
15,55,0.39732661620394405,0.6205187289026846,0.39732661620394405,0.667602527898924,0.49729491402780546,0.39732661620394405,0.39732661620394405,0.450846275188258,0.39732661620394405,0.3613657784380037
15,56,0.43729133064525494,0.5122319580301412,0.43729133064525494,0.5781221988356142,0.5378110876177475,0.43729133064525494,0.43729133064525494,0.42434318811939964,0.43729133064525494,0.39768523869696193
15,57,0.5020504411020075,0.5497869664345327,0.5020504411020075,0.6390588099248424,0.5106651674359971,0.5020504411020075,0.5020504411020074,0.43643277400702896,0.5020504411020075,0.4815248148004497
15,58,0.47593706473253383,0.5847568219405204,0.47593706473253383,0.6616843861252681,0.4514878546993689,0.47593706473253383,0.47593706473253383,0.4099974637337736,0.47593706473253383,0.48312047528829927
15,59,0.40600341425786723,0.5089741294745156,0.40600341425786723,0.5996095894891512,0.522140932331691,0.40600341425786723,0.40600341425786723,0.39749013726171145,0.40600341425786723,0.3575236070897286
15,60,0.4390843224679299,0.5575225859689259,0.4390843224679299,0.6597963132361846,0.5431377028182128,0.4390843224679299,0.4390843224679299,0.49636250535998316,0.4390843224679299,0.4624717031512757
15,61,0.47348811389061757,0.513202836467862,0.47348811389061757,0.6215117837775921,0.43503558221581107,0.47348811389061757,0.4734881138906175,0.4041148825249623,0.47348811389061757,0.48838125050382475
15,62,0.42101027724885265,0.5539508468011739,0.42101027724885265,0.6456741185207847,0.5493979163668015,0.42101027724885265,0.42101027724885265,0.4532874383678215,0.42101027724885265,0.4106396801693569
15,63,0.4899923736284588,0.5418913809600862,0.4899923736284588,0.6519552410653735,0.5243778955798738,0.4899923736284588,0.48999237362845893,0.43047069613177524,0.4899923736284588,0.4761971626333457
15,64,0.4646882828658096,0.5132627674551185,0.4646882828658096,0.6122517435835961,0.4507309476265011,0.4646882828658096,0.4646882828658096,0.41435420478592955,0.4646882828658096,0.4750537123113106
15,65,0.4814908325104032,0.5648680439609548,0.4814908325104032,0.6495554307611437,0.5149614837514646,0.4814908325104032,0.4814908325104032,0.4446728281190807,0.4814908325104032,0.4955195235347037
15,66,0.5725861539772499,0.5143366570506624,0.5725861539772499,0.6444197925840638,0.5667061628680572,0.5725861539772499,0.5725861539772499,0.4811893658715024,0.5725861539772499,0.562263994731361
15,67,0.48202933407103554,0.3778646037260863,0.48202933407103554,0.5629187937142077,0.4865205702733349,0.48202933407103554,0.48202933407103554,0.3689264054047716,0.48202933407103554,0.4484772197736736
15,68,0.4676445123996141,0.48728884977097103,0.4676445123996141,0.6219458744422505,0.44476424477091236,0.4676445123996141,0.4676445123996141,0.3870731845933074,0.4676445123996141,0.47281388471685504
15,69,0.3664124449894404,0.5228779573239657,0.3664124449894404,0.6352934535996378,0.4936185917140048,0.3664124449894404,0.3664124449894405,0.3786679958513255,0.3664124449894404,0.3181993322546718
15,70,0.3577438243535217,0.5487251226894727,0.3577438243535217,0.6323328944893127,0.487353899042101,0.3577438243535217,0.3577438243535217,0.389276882386589,0.3577438243535217,0.29434773366593053
15,71,0.4808772473844575,0.45073985398978117,0.4808772473844575,0.6154232823244667,0.5211395637721101,0.4808772473844575,0.4808772473844574,0.4324860694447812,0.4808772473844575,0.4729455207563049
15,72,0.42666375377125326,0.4591404619508108,0.42666375377125326,0.59676259261824,0.5291566908755599,0.42666375377125326,0.42666375377125326,0.41595652133488425,0.42666375377125326,0.3849235991612163
15,73,0.45151260395658793,0.5500243736666166,0.45151260395658793,0.6555265561607904,0.5753740889379575,0.45151260395658793,0.45151260395658793,0.46601927180512837,0.45151260395658793,0.42367292474655854
15,74,0.478611080419981,0.57113960899816,0.478611080419981,0.6342970473818919,0.5356386969356222,0.478611080419981,0.478611080419981,0.48760528112394186,0.478611080419981,0.49040450327021134
15,75,0.46860535901513406,0.4197910407151919,0.46860535901513406,0.596722774512348,0.4718372060257609,0.46860535901513406,0.4686053590151341,0.33436681724231276,0.46860535901513406,0.4418885686873134
15,76,0.4849778508128586,0.5259356873538019,0.4849778508128586,0.6498810365481992,0.5582680687134136,0.4849778508128586,0.4849778508128586,0.48088869790970157,0.4849778508128586,0.5132446216001374
15,77,0.4973343940435687,0.5206371048353915,0.4973343940435687,0.6471188577880662,0.4439635178442879,0.4973343940435687,0.4973343940435688,0.39358458729528967,0.4973343940435687,0.4789995993316123
15,78,0.46461756678511223,0.5828801066583547,0.46461756678511223,0.615475599099266,0.4960577725598604,0.46461756678511223,0.4646175667851122,0.4547213412761718,0.46461756678511223,0.4486494417168375
15,79,0.3899400846158328,0.4597011357800688,0.3899400846158328,0.6121301336247525,0.5725750334390621,0.3899400846158328,0.3899400846158328,0.3983754422960937,0.3899400846158328,0.33318803561813193
15,80,0.5397435059917707,0.47949920490755327,0.5397435059917707,0.6134367048717295,0.4048783754499983,0.5397435059917707,0.5397435059917708,0.36138652159708634,0.5397435059917707,0.5328113141226472
15,81,0.45590378449975993,0.5859943300739683,0.45590378449975993,0.64022296292177,0.5064093191850494,0.45590378449975993,0.45590378449975993,0.4621919705010856,0.45590378449975993,0.4496823145104382
15,82,0.48293879304841414,0.5099487607967244,0.48293879304841414,0.6051413540586366,0.40510583352074764,0.48293879304841414,0.48293879304841414,0.3651804440278637,0.48293879304841414,0.4856093517015647
15,83,0.4713664456192875,0.5090363771832149,0.4713664456192875,0.6326828196338687,0.3776870314121801,0.4713664456192875,0.4713664456192875,0.30228126924963833,0.4713664456192875,0.42964105444236267
15,84,0.475317067767471,0.5576709863709008,0.475317067767471,0.6369454940300981,0.5345600539328219,0.475317067767471,0.475317067767471,0.4837108371609741,0.475317067767471,0.48746657806745
15,85,0.427507886329801,0.5200433150345074,0.427507886329801,0.6513067944924987,0.4540136790645666,0.427507886329801,0.42750788632980097,0.3814278243104055,0.427507886329801,0.4168431792833812
15,86,0.5784935021586061,0.6036316376747806,0.5784935021586061,0.6558424152123011,0.48979712882971227,0.5784935021586061,0.5784935021586061,0.48233486264643344,0.5784935021586061,0.5807901107473571
15,87,0.48993029959178885,0.6212156936497392,0.48993029959178885,0.6840361856175592,0.534246832094466,0.48993029959178885,0.4899302995917889,0.49622327037816766,0.48993029959178885,0.5197478515135574
15,88,0.40044462851894974,0.5143879197873522,0.40044462851894974,0.5856969018266738,0.42053881548249195,0.40044462851894974,0.4004446285189497,0.3289352184203454,0.40044462851894974,0.38229627576465186
15,89,0.4885884596374263,0.4970192211413589,0.4885884596374263,0.6146773677323505,0.4880643776076059,0.4885884596374263,0.48858845963742625,0.4445838400757603,0.4885884596374263,0.5117264982697092
15,90,0.48107053181001663,0.47020110146517063,0.48107053181001663,0.5964686744323857,0.43573697115519555,0.48107053181001663,0.4810705318100167,0.38843026381458634,0.48107053181001663,0.4729328301631155
15,91,0.4629465857560715,0.5442031562890277,0.4629465857560715,0.6303872922587053,0.5836348293129039,0.4629465857560715,0.4629465857560715,0.4763533546817739,0.4629465857560715,0.413770433845734
15,92,0.4566427257267053,0.555692429635906,0.4566427257267053,0.6639702714835402,0.6047822258265377,0.4566427257267053,0.4566427257267053,0.5128403234877201,0.4566427257267053,0.4452623857067953
15,93,0.4137452918283526,0.49561271142360397,0.4137452918283526,0.6343942617337345,0.5724106186846087,0.4137452918283526,0.4137452918283527,0.4271567642732239,0.4137452918283526,0.36396520213704603
15,94,0.38438975507053347,0.4730589407717609,0.38438975507053347,0.5511775608651382,0.4878627216927319,0.38438975507053347,0.38438975507053347,0.3891086466078294,0.38438975507053347,0.302980721838238
15,95,0.47154802146906755,0.4951798132640914,0.47154802146906755,0.6055318294837904,0.5698422289417404,0.47154802146906755,0.4715480214690676,0.4683283807245062,0.47154802146906755,0.4406117558850166
15,96,0.4978017148974807,0.4959333861515378,0.4978017148974807,0.6218454635803021,0.4272071827004588,0.4978017148974807,0.49780171489748076,0.3633289170626494,0.4978017148974807,0.49409390630561684
15,97,0.4644891441523609,0.5556515639147002,0.4644891441523609,0.645368969728302,0.5058237142920633,0.4644891441523609,0.4644891441523609,0.42369671557468097,0.4644891441523609,0.4646111615552063
15,98,0.3937080158117811,0.5498532449237841,0.3937080158117811,0.6380130253627379,0.44892504300282887,0.3937080158117811,0.3937080158117811,0.4118430206527374,0.3937080158117811,0.4092418571808518
15,99,0.5120223377323816,0.47847964289567235,0.5120223377323816,0.6146140965176661,0.4299428700002669,0.5120223377323816,0.5120223377323816,0.3896554466573814,0.5120223377323816,0.5230029881198129
16,0,0.467265005864045,0.513772864791777,0.467265005864045,0.6073697261461883,0.38146404826145275,0.467265005864045,0.467265005864045,0.36128425677617343,0.467265005864045,0.4855220026650473
16,1,0.496734375997494,0.5146550649530051,0.496734375997494,0.6217179911466328,0.5165029957761611,0.496734375997494,0.496734375997494,0.4331842436370345,0.496734375997494,0.4949357989362816
16,2,0.3752387596975582,0.5073823410243453,0.3752387596975582,0.6007155087446869,0.5029488389039917,0.3752387596975582,0.37523875969755816,0.39023505820757204,0.3752387596975582,0.3333123556648735
16,3,0.4510509515401563,0.5132359837740236,0.4510509515401563,0.5915848111168721,0.4958073681919797,0.4510509515401563,0.4510509515401563,0.4308381152945981,0.4510509515401563,0.4474483720923026
16,4,0.4513122572154795,0.5947997542540098,0.4513122572154795,0.6858318810280257,0.4954582532948848,0.4513122572154795,0.4513122572154795,0.42115582075681035,0.4513122572154795,0.46819387349956776
16,5,0.4113500517546927,0.5191086921786041,0.4113500517546927,0.5891671556802636,0.5519294968134034,0.4113500517546927,0.4113500517546927,0.44864133111136634,0.4113500517546927,0.36740987251989465
16,6,0.3760177516876843,0.46078859296663244,0.3760177516876843,0.5897368238758794,0.4922087997109681,0.3760177516876843,0.37601775168768437,0.37470429193990473,0.3760177516876843,0.3645371132052568
16,7,0.4341494365526682,0.5431843936161882,0.4341494365526682,0.6378319467328113,0.5526136748994973,0.4341494365526682,0.4341494365526682,0.46783634697948684,0.4341494365526682,0.4156430685376975
16,8,0.4876514018742828,0.5599624705954588,0.4876514018742828,0.6427079148676887,0.4919136645798904,0.4876514018742828,0.4876514018742828,0.4213599964977654,0.4876514018742828,0.49291957261598573
16,9,0.48040509441990653,0.4796494030264471,0.48040509441990653,0.601725495893783,0.35531484499332266,0.48040509441990653,0.4804050944199064,0.3033129240167901,0.48040509441990653,0.47687556578548573
16,10,0.4682387690830039,0.5283847657140424,0.4682387690830039,0.5905518705653487,0.3890788368450096,0.4682387690830039,0.4682387690830039,0.37223995073537863,0.4682387690830039,0.47327415359763525
16,11,0.48518767592483575,0.49657420710448363,0.48518767592483575,0.6181200617834406,0.6051068918417835,0.48518767592483575,0.4851876759248357,0.4833228321996893,0.48518767592483575,0.4657035751632559
16,12,0.453350850353901,0.5367956200506874,0.453350850353901,0.6287414695313849,0.5727527609085107,0.453350850353901,0.453350850353901,0.5010240764252742,0.453350850353901,0.45178525397406244
16,13,0.4497067884556788,0.5608383478099663,0.4497067884556788,0.6374695117570576,0.5334540366215815,0.4497067884556788,0.4497067884556788,0.4412164568542992,0.4497067884556788,0.42809778488809436
16,14,0.3691984355484255,0.5238901621984491,0.3691984355484255,0.6232286144505819,0.42133323059286354,0.3691984355484255,0.36919843554842546,0.3323333691166581,0.3691984355484255,0.32566907068291273
16,15,0.46693911717152775,0.5426172158762138,0.46693911717152775,0.6084055111535509,0.43675912272488016,0.46693911717152775,0.4669391171715278,0.3820272202294349,0.46693911717152775,0.4481115759917465
16,16,0.5300675761380341,0.5152169535486556,0.5300675761380341,0.6122803870413235,0.4256356134519521,0.5300675761380341,0.530067576138034,0.41441490037187456,0.5300675761380341,0.5392071645453933
16,17,0.3969913420657626,0.49829745362390204,0.3969913420657626,0.5963286196867841,0.5164257862190162,0.3969913420657626,0.3969913420657626,0.41357248915155775,0.3969913420657626,0.34976062880349934
16,18,0.48924869321607906,0.3936813303600607,0.48924869321607906,0.5597365237018759,0.3720040406091404,0.48924869321607906,0.489248693216079,0.2933047886221008,0.48924869321607906,0.4844222655171091
16,19,0.5081504232324906,0.5373200346017458,0.5081504232324906,0.6494115663964197,0.4970277304319489,0.5081504232324906,0.5081504232324906,0.4479391866208493,0.5081504232324906,0.49469189554556575
16,20,0.5076201920150673,0.4653472951867659,0.5076201920150673,0.6001161128825555,0.46010004209127253,0.5076201920150673,0.5076201920150673,0.39685288970442,0.5076201920150673,0.4692511119945951
16,21,0.4630360727280972,0.41425891768679607,0.4630360727280972,0.5582369886207956,0.3516558966255253,0.4630360727280972,0.4630360727280972,0.29177076850377964,0.4630360727280972,0.45429316835273303
16,22,0.4559921563693305,0.540420100910584,0.4559921563693305,0.6436077462283373,0.5023476444801853,0.4559921563693305,0.45599215636933055,0.3900524263612467,0.4559921563693305,0.4367553220596556
16,23,0.4401474797337098,0.4610585847859555,0.4401474797337098,0.587088818163852,0.4685078174358067,0.4401474797337098,0.4401474797337098,0.35040272183964016,0.4401474797337098,0.3881408923990949
16,24,0.41304221973038124,0.49136807601268395,0.41304221973038124,0.600349224260982,0.5099266349662791,0.41304221973038124,0.41304221973038124,0.40687295264607226,0.41304221973038124,0.3751561664557125
16,25,0.4272068086669108,0.4759889839814355,0.4272068086669108,0.6087117222171995,0.5765084801558608,0.4272068086669108,0.4272068086669108,0.4386267479856423,0.4272068086669108,0.3807709253626426
16,26,0.43808677039659455,0.4632620506649621,0.43808677039659455,0.5669344026369201,0.46498428685820536,0.43808677039659455,0.43808677039659455,0.3893409727658257,0.43808677039659455,0.44840969822496496
16,27,0.4716516330721918,0.4917156363680951,0.4716516330721918,0.6096530748272078,0.4545332784460473,0.4716516330721918,0.4716516330721918,0.3938357163509357,0.4716516330721918,0.4669963154317468
16,28,0.40462914340710077,0.5301551866813684,0.40462914340710077,0.6496913118567538,0.5608578575549156,0.40462914340710077,0.40462914340710077,0.4333277643943715,0.40462914340710077,0.3500703999949577
16,29,0.38307737240602774,0.5225079965249899,0.38307737240602774,0.6390867353252515,0.5251406246501238,0.38307737240602774,0.3830773724060278,0.38074384810095846,0.38307737240602774,0.3334956708121316
16,30,0.4633680944841178,0.523092411262742,0.4633680944841178,0.6150583766357738,0.533834330761574,0.4633680944841178,0.46336809448411787,0.449885986198453,0.4633680944841178,0.43099962558168103
16,31,0.4902221776594241,0.5025295358761288,0.4902221776594241,0.6383564550042746,0.5462598694199544,0.4902221776594241,0.49022217765942405,0.4447301271024281,0.4902221776594241,0.5015243686796995
16,32,0.46350320773160003,0.4693807734480638,0.46350320773160003,0.6186959275037658,0.35261796001067935,0.46350320773160003,0.46350320773160003,0.2851435148863539,0.46350320773160003,0.443964503393427
16,33,0.41025028195830204,0.5929170005734826,0.41025028195830204,0.6485434537105192,0.4942115159261541,0.41025028195830204,0.41025028195830204,0.4384036829878678,0.41025028195830204,0.40281650157056337
16,34,0.3918545296809144,0.5471543462592763,0.3918545296809144,0.600388692825004,0.4720654650279104,0.3918545296809144,0.3918545296809144,0.3852246233598724,0.3918545296809144,0.3465332415302035
16,35,0.5491163138281161,0.43506337004636936,0.5491163138281161,0.6050532934262308,0.4464334549258293,0.5491163138281161,0.5491163138281161,0.35684929865438564,0.5491163138281161,0.5373209327475917
16,36,0.48161460888292473,0.6277275361406105,0.48161460888292473,0.6673466909776562,0.4792949066409808,0.48161460888292473,0.48161460888292473,0.45184100692797824,0.48161460888292473,0.4762984211129422
16,37,0.49686010379931206,0.5597051120888918,0.49686010379931206,0.637525115177711,0.4775741154534144,0.49686010379931206,0.496860103799312,0.3836967686509052,0.49686010379931206,0.49387925841434943
16,38,0.4469610345102837,0.46096769194929665,0.4469610345102837,0.5934292616185682,0.42001045731322784,0.4469610345102837,0.4469610345102837,0.3490314256039431,0.4469610345102837,0.4671469434988109
16,39,0.49253666573029037,0.5606182235101865,0.49253666573029037,0.6812607296132555,0.5300857511358521,0.49253666573029037,0.4925366657302903,0.4357171235681673,0.49253666573029037,0.48187782594278755
16,40,0.5125416037756626,0.5171462607647639,0.5125416037756626,0.6236386569140665,0.4770071194295008,0.5125416037756626,0.5125416037756626,0.42960286666553227,0.5125416037756626,0.5266712220281266
16,41,0.4678161452525024,0.5380422850707998,0.4678161452525024,0.6444406079650296,0.46351342255318173,0.4678161452525024,0.46781614525250237,0.4221681396719854,0.4678161452525024,0.4686980188344309
16,42,0.3848453673486664,0.4988606395230962,0.3848453673486664,0.6446393920919498,0.545732018865548,0.3848453673486664,0.3848453673486664,0.3964888023274562,0.3848453673486664,0.34933797540608236
16,43,0.44699681071405306,0.47604657162888797,0.44699681071405306,0.6194884094950379,0.522467685155143,0.44699681071405306,0.44699681071405306,0.4239935104839938,0.44699681071405306,0.4510678498918391
16,44,0.5032925723118388,0.48721160370771177,0.5032925723118388,0.5957366159820286,0.3844244362450251,0.5032925723118388,0.5032925723118387,0.3647210441444053,0.5032925723118388,0.5064638163982241
16,45,0.5225429576958935,0.4984300777556473,0.5225429576958935,0.6316865897169064,0.5198662569547765,0.5225429576958935,0.5225429576958935,0.4294655244306298,0.5225429576958935,0.5087441425054711
16,46,0.5156888875301159,0.5572478987526384,0.5156888875301159,0.6479680106374925,0.4808406229825591,0.5156888875301159,0.5156888875301159,0.4287473194554968,0.5156888875301159,0.5130126088090364
16,47,0.42698109334494777,0.5235020204440834,0.42698109334494777,0.6324836902103173,0.554323276039868,0.42698109334494777,0.4269810933449477,0.4577357818665894,0.42698109334494777,0.41963998021416454
16,48,0.4071578240745602,0.5438215292411425,0.4071578240745602,0.6355109733187974,0.5308428004853825,0.4071578240745602,0.4071578240745602,0.41983070771650943,0.4071578240745602,0.37180749259248524
16,49,0.4679356470656125,0.5748777839969322,0.4679356470656125,0.6712113702871829,0.558042939691308,0.4679356470656125,0.4679356470656125,0.5006293629930132,0.4679356470656125,0.4955927581267227
16,50,0.48862423584119563,0.5061994375651289,0.48862423584119563,0.5867440052922427,0.4692273205960071,0.48862423584119563,0.4886242358411957,0.43300914436521254,0.48862423584119563,0.5025986743578114
16,51,0.4941961240339612,0.4656304176520717,0.4941961240339612,0.6301184843230601,0.529186054010374,0.4941961240339612,0.4941961240339612,0.4178742318456426,0.4941961240339612,0.4790656618199887
16,52,0.3876487349209109,0.5772338033353478,0.3876487349209109,0.6527317063089495,0.5178687666084794,0.3876487349209109,0.3876487349209109,0.43934785189631564,0.3876487349209109,0.3618359524722813
16,53,0.44840416293765567,0.5070004224341795,0.44840416293765567,0.604270513876658,0.5092072358603471,0.44840416293765567,0.44840416293765567,0.42087537018904025,0.44840416293765567,0.3988686364332279
16,54,0.35095526645698405,0.46985392067536724,0.35095526645698405,0.625818352678292,0.5033083060338729,0.35095526645698405,0.35095526645698405,0.3574690930391513,0.35095526645698405,0.30875355853152936
16,55,0.4109439686106093,0.6288682051998342,0.4109439686106093,0.6694071205156391,0.5176666027634498,0.4109439686106093,0.4109439686106093,0.471396258634488,0.4109439686106093,0.38510762022695794
16,56,0.4217155795517344,0.5185138909400416,0.4217155795517344,0.6122270746968628,0.5214953642918025,0.4217155795517344,0.42171557955173433,0.40700885108675205,0.4217155795517344,0.38070029801503
16,57,0.5163039594593352,0.5584638163137667,0.5163039594593352,0.6523059794610149,0.5156519375271353,0.5163039594593352,0.5163039594593352,0.44589281440964174,0.5163039594593352,0.4935880394697866
16,58,0.4028604979880299,0.5321069823284993,0.4028604979880299,0.6043286365495768,0.39076794859757924,0.4028604979880299,0.4028604979880299,0.32949768313044636,0.4028604979880299,0.4040806435704516
16,59,0.40186303884189917,0.5233728027080604,0.40186303884189917,0.6471665119953889,0.5032092518342939,0.40186303884189917,0.40186303884189917,0.39262558948492376,0.40186303884189917,0.35778382931565816
16,60,0.43395810355640557,0.5555053733252991,0.43395810355640557,0.6549567032704069,0.5588355875997723,0.43395810355640557,0.43395810355640557,0.5014798667541639,0.43395810355640557,0.44414974088949094
16,61,0.4620500433821318,0.49796035861933574,0.4620500433821318,0.6143420102440929,0.43860491861882867,0.4620500433821318,0.4620500433821318,0.4009905000722234,0.4620500433821318,0.4782861129350807
16,62,0.41835020034209486,0.5555728904106874,0.41835020034209486,0.6323449686911631,0.5404132790721492,0.41835020034209486,0.4183502003420948,0.448655003218696,0.41835020034209486,0.4040488940770978
16,63,0.44572141228097645,0.5233494139513681,0.44572141228097645,0.6304008344823685,0.5004923264019652,0.44572141228097645,0.44572141228097645,0.40079337741217835,0.44572141228097645,0.4265368661373387
16,64,0.4549369906711458,0.5409934368284941,0.4549369906711458,0.6291495701583987,0.43611088332971815,0.4549369906711458,0.4549369906711458,0.41630306272634293,0.4549369906711458,0.4721499419882967
16,65,0.43865668067638025,0.5528308514430452,0.43865668067638025,0.6353148713770411,0.4924243161927919,0.43865668067638025,0.43865668067638025,0.422783975476543,0.43865668067638025,0.45262173503022374
16,66,0.538361243573409,0.5124957504200314,0.538361243573409,0.6387512072426216,0.5488172371708452,0.538361243573409,0.538361243573409,0.4636580909787347,0.538361243573409,0.5353161232869071
16,67,0.48104246839822873,0.3709653880414675,0.48104246839822873,0.5472403949065677,0.5005642639845651,0.48104246839822873,0.4810424683982288,0.3775708206831032,0.48104246839822873,0.44440458825979334
16,68,0.46598300974144213,0.4726281557128108,0.46598300974144213,0.6139907960455722,0.44012230742054104,0.46598300974144213,0.46598300974144213,0.37369894261435443,0.46598300974144213,0.4644488285296555
16,69,0.3629832261642436,0.5213288821034526,0.3629832261642436,0.6298066916760777,0.4881422082051222,0.3629832261642436,0.3629832261642436,0.37428942306035684,0.3629832261642436,0.30895291614456344
16,70,0.3678963675816299,0.5533383325422924,0.3678963675816299,0.6496935441229479,0.49840003685114265,0.3678963675816299,0.3678963675816299,0.3998849788894524,0.3678963675816299,0.3039434578935454
16,71,0.4703324668677506,0.4570001015244739,0.4703324668677506,0.609822311689774,0.5014753905186935,0.4703324668677506,0.47033246686775065,0.428479233351038,0.4703324668677506,0.4658625285393857
16,72,0.43053994283055563,0.47278412314164653,0.43053994283055563,0.6009199271277254,0.506071300234638,0.43053994283055563,0.43053994283055563,0.4106688818239057,0.43053994283055563,0.39758717291602463
16,73,0.4668447980888631,0.5578233013881928,0.4668447980888631,0.6522447590736545,0.5793810652152183,0.4668447980888631,0.4668447980888631,0.47454365926540837,0.4668447980888631,0.440980580911971
16,74,0.47631266840950987,0.5550575805526372,0.47631266840950987,0.6337666553556343,0.5454713285410684,0.47631266840950987,0.4763126684095099,0.4734230485149459,0.47631266840950987,0.4818901401691905
16,75,0.5003763935412151,0.4364969671261426,0.5003763935412151,0.5955595135206215,0.4728730187924178,0.5003763935412151,0.5003763935412151,0.35048889754332707,0.5003763935412151,0.4664533362174674
16,76,0.4770374850053567,0.5155590905008028,0.4770374850053567,0.6406858111871109,0.5504060930350183,0.4770374850053567,0.4770374850053566,0.4684783250372905,0.4770374850053567,0.504953198799164
16,77,0.49395247414751114,0.5222001971555916,0.49395247414751114,0.6439375462838997,0.43516896106507563,0.49395247414751114,0.49395247414751114,0.37622976521751483,0.49395247414751114,0.4703377388120119
16,78,0.46841857935389664,0.580444721101754,0.46841857935389664,0.6173216521834817,0.48196523850336187,0.46841857935389664,0.4684185793538966,0.4486996033766632,0.46841857935389664,0.45862587561085233
16,79,0.3866791533361589,0.44779422994793294,0.3866791533361589,0.5986198982560356,0.5740613451381193,0.3866791533361589,0.3866791533361589,0.3943608784443451,0.3866791533361589,0.31915749077352107
16,80,0.5215813676787368,0.4980543544818783,0.5215813676787368,0.619324280584987,0.3811473499918826,0.5215813676787368,0.5215813676787368,0.3383627193735744,0.5215813676787368,0.515323510486805
16,81,0.4398531856107551,0.595143934781035,0.4398531856107551,0.6486284294336044,0.4967789681688628,0.4398531856107551,0.4398531856107551,0.4619710066313014,0.4398531856107551,0.4338444171247745
16,82,0.4797494141762789,0.50077892189836,0.4797494141762789,0.6060599779808604,0.3840497810374533,0.4797494141762789,0.4797494141762789,0.34516270870838334,0.4797494141762789,0.48001603340551324
16,83,0.4797023010975489,0.48904605547053,0.4797023010975489,0.6243447009335302,0.38440931355436603,0.4797023010975489,0.47970230109754886,0.29604450331571597,0.4797023010975489,0.4303280230724487
16,84,0.49116778454139043,0.560697951680948,0.49116778454139043,0.6343744995206844,0.532412419473923,0.49116778454139043,0.49116778454139043,0.48687275209724085,0.49116778454139043,0.5031738561771806
16,85,0.5071990549878393,0.590088661161263,0.5071990549878393,0.6896895384590278,0.5322741245864038,0.5071990549878393,0.5071990549878393,0.47080559619516915,0.5071990549878393,0.49049410369992996
16,86,0.565365493879342,0.5969145813439463,0.565365493879342,0.6392356063203758,0.4477335169776038,0.565365493879342,0.565365493879342,0.4466539063583021,0.565365493879342,0.5619592687206212
16,87,0.45087337147417383,0.5666654469555394,0.45087337147417383,0.6607263439394576,0.49299152792141177,0.45087337147417383,0.45087337147417383,0.42102496936561895,0.45087337147417383,0.4635865023173837
16,88,0.41619164076454024,0.5456973668613267,0.41619164076454024,0.6124876112890474,0.43709601188815395,0.41619164076454024,0.4161916407645403,0.35567875935238863,0.41619164076454024,0.40331035870752974
16,89,0.46300094700076005,0.5060634511724613,0.46300094700076005,0.6044680663628718,0.46587509962034834,0.46300094700076005,0.46300094700076005,0.4214976051218837,0.46300094700076005,0.4886678540845685
16,90,0.4803963594506745,0.4769947421716256,0.4803963594506745,0.6042192909891775,0.4310516957587637,0.4803963594506745,0.4803963594506745,0.38229727907996086,0.4803963594506745,0.4736860831829016
16,91,0.4448791382265206,0.5271112441032604,0.4448791382265206,0.6248895859044694,0.5449015137646516,0.4448791382265206,0.44487913822652064,0.4373962541850517,0.4448791382265206,0.39690401848546075
16,92,0.41652208279208275,0.5624855226295121,0.41652208279208275,0.651364394250264,0.5503443320912021,0.41652208279208275,0.4165220827920827,0.4784733743140184,0.41652208279208275,0.4174144144746244
16,93,0.4005683119662667,0.5128903731562222,0.4005683119662667,0.6373354815401912,0.5571980355730163,0.4005683119662667,0.40056831196626663,0.42087438778847897,0.4005683119662667,0.34922474032217077
16,94,0.36675059980896435,0.4694927973297585,0.36675059980896435,0.5452588547548693,0.46686803368165186,0.36675059980896435,0.3667505998089644,0.3666712653093834,0.36675059980896435,0.2875438304360674
16,95,0.4618180091462562,0.4809482395221939,0.4618180091462562,0.5958581975306776,0.5650396945029728,0.4618180091462562,0.4618180091462562,0.44529756099683215,0.4618180091462562,0.41508481572615397
16,96,0.5082844213775176,0.480982050263269,0.5082844213775176,0.6209874362953105,0.4420429080773307,0.5082844213775176,0.5082844213775177,0.37199064562543716,0.5082844213775176,0.5037643955447537
16,97,0.4408156119547532,0.5206672633132421,0.4408156119547532,0.6150325800810025,0.4917416734921385,0.4408156119547532,0.4408156119547533,0.3876204000143395,0.4408156119547532,0.4166526024039816
16,98,0.5081205942418153,0.6029061392481896,0.5081205942418153,0.6714581851530348,0.5583652441719473,0.5081205942418153,0.5081205942418153,0.5190604767292726,0.5081205942418153,0.5103695657065657
16,99,0.5055597614535657,0.48669690088578144,0.5055597614535657,0.6114358923988135,0.41731623595564754,0.5055597614535657,0.5055597614535658,0.38109561982557294,0.5055597614535657,0.5154426375796584
17,0,0.4877474865358348,0.48807421453276995,0.4877474865358348,0.6027547727085553,0.401879154232157,0.4877474865358348,0.48774748653583483,0.3718702539458568,0.4877474865358348,0.5019871839073189
17,1,0.4869959074810644,0.5141821929746568,0.4869959074810644,0.6156631707466891,0.5002824060162736,0.4869959074810644,0.48699590748106436,0.4154205352907559,0.4869959074810644,0.48365693935734666
17,2,0.4081235028007192,0.5202635864690345,0.4081235028007192,0.6101296258789584,0.5333439160538491,0.4081235028007192,0.4081235028007192,0.42992591710593386,0.4081235028007192,0.37415657267369873
17,3,0.5814866229986351,0.5924846223398302,0.5814866229986351,0.6543403625460863,0.621166308202273,0.5814866229986351,0.5814866229986351,0.5618116853731996,0.5814866229986351,0.5689044804098887
17,4,0.44474532593190275,0.57821075931232,0.44474532593190275,0.6775792841305417,0.5011895423689878,0.44474532593190275,0.4447453259319027,0.4249263953511794,0.44474532593190275,0.468377758839171
17,5,0.41983198565457863,0.5301569259645476,0.41983198565457863,0.5863915311061306,0.5614554631611424,0.41983198565457863,0.4198319856545786,0.4627749022719903,0.41983198565457863,0.3739142934227983
17,6,0.3801230013763152,0.48209491614467315,0.3801230013763152,0.6027430290559181,0.4966586718736318,0.3801230013763152,0.3801230013763152,0.3887271800718306,0.3801230013763152,0.37096063281241076
17,7,0.4380146604378283,0.5484670883079249,0.4380146604378283,0.6471781116260777,0.5560271151962026,0.4380146604378283,0.4380146604378283,0.4613477781623877,0.4380146604378283,0.4189197803054356
17,8,0.4840317793048693,0.558815396998772,0.4840317793048693,0.6354111916334104,0.48567641566522196,0.4840317793048693,0.4840317793048693,0.4167001230781846,0.4840317793048693,0.48533000984238495
17,9,0.4850344422624574,0.46441945155781933,0.4850344422624574,0.5929327289835267,0.3540182544878489,0.4850344422624574,0.48503444226245745,0.30386538694037646,0.4850344422624574,0.47841899092105555
17,10,0.468830423860665,0.5346635721706776,0.468830423860665,0.6096631174214737,0.4003030476179531,0.468830423860665,0.468830423860665,0.38598196168994126,0.468830423860665,0.4850848888285292
17,11,0.4668988805579378,0.4922853071614545,0.4668988805579378,0.6223350390412532,0.569979097953476,0.4668988805579378,0.4668988805579378,0.45847358483771383,0.4668988805579378,0.4560012814252373
17,12,0.4689057862015921,0.5483260500037138,0.4689057862015921,0.6365994098843922,0.5871482167900147,0.4689057862015921,0.46890578620159207,0.5188885524069462,0.4689057862015921,0.4641867922980411
17,13,0.44427326589255633,0.5684969412371473,0.44427326589255633,0.6356854784378609,0.5188383457980743,0.44427326589255633,0.44427326589255633,0.4398839878698199,0.44427326589255633,0.4341421267338761
17,14,0.3760356862521713,0.551540975721788,0.3760356862521713,0.6396679488534126,0.4322555972186807,0.3760356862521713,0.3760356862521713,0.34963836103960244,0.3760356862521713,0.3330894346708497
17,15,0.4575728140995041,0.5234559412439812,0.4575728140995041,0.6118950847709361,0.4171423189024491,0.4575728140995041,0.4575728140995042,0.35970769033649125,0.4575728140995041,0.4414587283589984
17,16,0.532902352429432,0.49888137647449005,0.532902352429432,0.6074087653804299,0.43560060161679726,0.532902352429432,0.532902352429432,0.4220868361313731,0.532902352429432,0.5422518694306317
17,17,0.3958794919927745,0.5136657705361313,0.3958794919927745,0.5955518150421425,0.5065658062416343,0.3958794919927745,0.3958794919927745,0.41264286313373166,0.3958794919927745,0.35247678575080577
17,18,0.4990210794321861,0.3811389867774949,0.4990210794321861,0.555898151016595,0.3770589964895345,0.4990210794321861,0.4990210794321861,0.3005927199071515,0.4990210794321861,0.49194435750893123
17,19,0.5034007372499882,0.5282785329708521,0.5034007372499882,0.6481926689062734,0.4990239516565358,0.5034007372499882,0.5034007372499882,0.44234807384014463,0.5034007372499882,0.49050945580072225
17,20,0.5224091454012757,0.4627659121258614,0.5224091454012757,0.5944153241419323,0.4680945138737079,0.5224091454012757,0.5224091454012756,0.40846510837987626,0.5224091454012757,0.49000911726784024
17,21,0.4656275708338634,0.41194167622502587,0.4656275708338634,0.5542922280689494,0.35110108616449187,0.4656275708338634,0.4656275708338634,0.29046546529240413,0.4656275708338634,0.4534975105722932
17,22,0.4285201205834625,0.5286999766230083,0.4285201205834625,0.6293915459345085,0.48236006181212954,0.4285201205834625,0.4285201205834625,0.367507343597233,0.4285201205834625,0.4099630671725687
17,23,0.4995302166281662,0.5111046037229002,0.4995302166281662,0.617186384837473,0.5405682311115063,0.4995302166281662,0.4995302166281662,0.4503621700576125,0.4995302166281662,0.46205272065865954
17,24,0.4408114303205464,0.491445617556173,0.4408114303205464,0.6045484364206557,0.555274014358113,0.4408114303205464,0.44081143032054637,0.4355490844638688,0.4408114303205464,0.40715947996441576
17,25,0.4227857991330636,0.4747966249209409,0.4227857991330636,0.6117285323793602,0.5777222477618502,0.4227857991330636,0.4227857991330636,0.4350267506188133,0.4227857991330636,0.3766954411435883
17,26,0.5870424351310055,0.5477633996832197,0.5870424351310055,0.6425027276880979,0.5617667230413201,0.5870424351310055,0.5870424351310055,0.5000788524373745,0.5870424351310055,0.5824172285690068
17,27,0.45619194555921133,0.48546705407099916,0.45619194555921133,0.6105710553454615,0.4539378217190503,0.45619194555921133,0.45619194555921133,0.38494050697497106,0.45619194555921133,0.4455342976831349
17,28,0.39573053288980753,0.5323796745884263,0.39573053288980753,0.6354803383513138,0.5473011440930216,0.39573053288980753,0.3957305328898075,0.41888022683463927,0.39573053288980753,0.3355184987042892
17,29,0.37654658902703875,0.5413927956892285,0.37654658902703875,0.6393628352098397,0.5172600727697838,0.37654658902703875,0.3765465890270387,0.3876425323622705,0.37654658902703875,0.32573180116212813
17,30,0.4504370876385968,0.5228833896823175,0.4504370876385968,0.6153330930359682,0.5411814179065024,0.4504370876385968,0.45043708763859674,0.44444033809744965,0.4504370876385968,0.41840206954654824
17,31,0.4665091522498632,0.49085657598266785,0.4665091522498632,0.6317859704298872,0.5352796264510109,0.4665091522498632,0.4665091522498632,0.43310168412345407,0.4665091522498632,0.4794395340966818
17,32,0.4719799378200286,0.4475745846089563,0.4719799378200286,0.5996450375829119,0.355628419601257,0.4719799378200286,0.47197993782002856,0.28840410202573535,0.4719799378200286,0.4561266106492451
17,33,0.4258984217862027,0.5714848298720058,0.4258984217862027,0.6374703000955166,0.5029709299724398,0.4258984217862027,0.42589842178620274,0.44617948733359714,0.4258984217862027,0.42060366677511757
17,34,0.40413608227151576,0.5523941477072902,0.40413608227151576,0.6050854409663127,0.5050006230343329,0.40413608227151576,0.4041360822715157,0.4090463349857383,0.40413608227151576,0.3539560355378399
17,35,0.5133917764725091,0.437211508455247,0.5133917764725091,0.6054574421964742,0.4152408547079941,0.5133917764725091,0.5133917764725091,0.3323734313333611,0.5133917764725091,0.5141965129038196
17,36,0.48213471125304713,0.6100441879167376,0.48213471125304713,0.6684229014409487,0.4816785346650172,0.48213471125304713,0.48213471125304713,0.4536338479299611,0.48213471125304713,0.4859296131808951
17,37,0.4733688908531212,0.5549907104334334,0.4733688908531212,0.6357744095268336,0.46937142773205065,0.4733688908531212,0.47336889085312117,0.3723937829719862,0.4733688908531212,0.47551792736029175
17,38,0.5761760404811928,0.588482561085089,0.5761760404811928,0.6757945124600513,0.5759161825877318,0.5761760404811928,0.5761760404811928,0.4933276017496807,0.5761760404811928,0.5773242072236624
17,39,0.4889091445184862,0.5478721717131774,0.4889091445184862,0.6762106927179603,0.5281995724973922,0.4889091445184862,0.4889091445184862,0.43196834629476005,0.4889091445184862,0.4760286004874579
17,40,0.5015349849921148,0.5151632134682526,0.5015349849921148,0.6093986962057301,0.4691328873618053,0.5015349849921148,0.5015349849921148,0.425221661643093,0.5015349849921148,0.5121633056804669
17,41,0.4673902690398401,0.5046110230405074,0.4673902690398401,0.6222077636809793,0.45047913727906896,0.4673902690398401,0.46739026903984016,0.3960428290515968,0.4673902690398401,0.45745601615765125
17,42,0.39389237941769906,0.5077289451748609,0.39389237941769906,0.646852663113872,0.5513146813892356,0.39389237941769906,0.39389237941769906,0.40342815017128103,0.39389237941769906,0.35558457330427873
17,43,0.5103507062269087,0.5400146934287247,0.5103507062269087,0.657124506208102,0.6128288178331652,0.5103507062269087,0.5103507062269086,0.5090284678699734,0.5103507062269087,0.5051622298109067
17,44,0.5153526841398884,0.5506662556777016,0.5153526841398884,0.6329724815472342,0.3984477703263193,0.5153526841398884,0.5153526841398884,0.37001250937820157,0.5153526841398884,0.5178497059964634
17,45,0.5146061230461663,0.4871980234842521,0.5146061230461663,0.6281078117595926,0.5102943595813975,0.5146061230461663,0.5146061230461663,0.40653701740505843,0.5146061230461663,0.4976922537277569
17,46,0.49833454802063276,0.5288450953979338,0.49833454802063276,0.620111734777361,0.43605688035916235,0.49833454802063276,0.49833454802063276,0.394987186535541,0.49833454802063276,0.49254215850279315
17,47,0.4172244114884174,0.5274065818875968,0.4172244114884174,0.6266818822995671,0.5464316302380949,0.4172244114884174,0.4172244114884174,0.44895344700557005,0.4172244114884174,0.4123112559233642
17,48,0.39356305249261175,0.5291509903231375,0.39356305249261175,0.6347781123490248,0.5191259785254079,0.39356305249261175,0.39356305249261175,0.40990093836067326,0.39356305249261175,0.361781604183115
17,49,0.44538074848092846,0.5479814342060886,0.44538074848092846,0.644179123785462,0.5460119900037793,0.44538074848092846,0.44538074848092846,0.4806840067591445,0.44538074848092846,0.46791131924639917
17,50,0.49288783007845766,0.49973380457345595,0.49288783007845766,0.5923592994708311,0.4430255753599191,0.49288783007845766,0.4928878300784577,0.4086058479041718,0.49288783007845766,0.509345397814033
17,51,0.49645327725359184,0.46965300702847257,0.49645327725359184,0.6256539458456577,0.5346242188594064,0.49645327725359184,0.4964532772535919,0.42615282771624274,0.49645327725359184,0.4799362683457217
17,52,0.36820794579263944,0.5635878954711755,0.36820794579263944,0.63627652028943,0.5113495184537463,0.36820794579263944,0.36820794579263944,0.43021883837782915,0.36820794579263944,0.33467144749593064
17,53,0.41456247607756763,0.4774628504778454,0.41456247607756763,0.5891292888405724,0.48423705859795074,0.41456247607756763,0.41456247607756763,0.38815435710049984,0.41456247607756763,0.3671433821921286
17,54,0.36143444177924633,0.4603023302309776,0.36143444177924633,0.6235728811341336,0.5164452056512233,0.36143444177924633,0.36143444177924633,0.3674789287984952,0.36143444177924633,0.32160580447965254
17,55,0.397510979809862,0.638877557407134,0.397510979809862,0.6666332535871653,0.48318672995657,0.397510979809862,0.397510979809862,0.443312669204152,0.397510979809862,0.3697793336155827
17,56,0.4315495751784884,0.5395759345347702,0.4315495751784884,0.6654976590212125,0.5489222349736758,0.4315495751784884,0.43154957517848846,0.43690720886339457,0.4315495751784884,0.39245502986932873
17,57,0.46181429213807235,0.5230259198233669,0.46181429213807235,0.6272401915219668,0.4244881574327568,0.46181429213807235,0.4618142921380724,0.3660155404303994,0.46181429213807235,0.4414563789316262
17,58,0.5200422475150174,0.5958356899970045,0.5200422475150174,0.6679391579633889,0.5375182985406526,0.5200422475150174,0.5200422475150174,0.4825264718504416,0.5200422475150174,0.5141946397132441
17,59,0.39533048988402286,0.5091452634444593,0.39533048988402286,0.6231188869155324,0.5236995605068768,0.39533048988402286,0.39533048988402286,0.40632708291711195,0.39533048988402286,0.3371142015974956
17,60,0.4536022130323325,0.5783571009355017,0.4536022130323325,0.669343801562495,0.5633166586710722,0.4536022130323325,0.4536022130323325,0.5159951696222485,0.4536022130323325,0.4768282923249569
17,61,0.4480902615965312,0.5050897740240634,0.4480902615965312,0.6200416631828225,0.43825957488322953,0.4480902615965312,0.44809026159653126,0.39700957566180767,0.4480902615965312,0.4640569362631496
17,62,0.4166069235038787,0.5325694358854434,0.4166069235038787,0.617733746759674,0.5391802250285967,0.4166069235038787,0.4166069235038786,0.43460890818696685,0.4166069235038787,0.3942285025580796
17,63,0.5111828514340636,0.5602397324528756,0.5111828514340636,0.6612876223595789,0.5694251109565355,0.5111828514340636,0.5111828514340635,0.4594311791936035,0.5111828514340636,0.48291968075977776
17,64,0.5188360783593646,0.5545802429844393,0.5188360783593646,0.6584182057207254,0.5350122327520039,0.5188360783593646,0.5188360783593646,0.4786227249968552,0.5188360783593646,0.5166093283885181
17,65,0.4931950408048512,0.5878921518663545,0.4931950408048512,0.6559549984508228,0.5529172171031893,0.4931950408048512,0.4931950408048512,0.48811648084932424,0.4931950408048512,0.5054274333622467
17,66,0.5150238218408242,0.49012087335566434,0.5150238218408242,0.6274165559976437,0.515426385451951,0.5150238218408242,0.5150238218408242,0.42461765077986446,0.5150238218408242,0.5064491253431558
17,67,0.4873364783559078,0.3744631875828387,0.4873364783559078,0.5516271838544453,0.5050861269095055,0.4873364783559078,0.48733647835590777,0.3765056562388871,0.4873364783559078,0.44917789257667806
17,68,0.42943989425855117,0.46428971128101454,0.42943989425855117,0.6115622096400263,0.4297297098567245,0.42943989425855117,0.42943989425855117,0.37039148650562126,0.42943989425855117,0.445944824844575
17,69,0.3688184643868335,0.5241119847227915,0.3688184643868335,0.6339069946630022,0.49433156149203933,0.3688184643868335,0.3688184643868335,0.38158991202921166,0.3688184643868335,0.3177838355925352
17,70,0.36428836066279086,0.5502529169697372,0.36428836066279086,0.6386497751768203,0.4808405443359054,0.36428836066279086,0.3642883606627909,0.3916447599842213,0.36428836066279086,0.2987255555169201
17,71,0.4896064552537727,0.4586452899832382,0.4896064552537727,0.6141800580106698,0.5156237255185667,0.4896064552537727,0.48960645525377267,0.4366159018427311,0.4896064552537727,0.47866435847791294
17,72,0.41886268284544037,0.4619185163558775,0.41886268284544037,0.6005499749966132,0.5081639500481681,0.41886268284544037,0.41886268284544037,0.4075206652998993,0.41886268284544037,0.38984562629993263
17,73,0.44173947433884414,0.5501275929273801,0.44173947433884414,0.6527812762235173,0.5641484299936536,0.44173947433884414,0.4417394743388441,0.4501509329849464,0.44173947433884414,0.41058924809701247
17,74,0.45730314515576725,0.5474442476419669,0.45730314515576725,0.6332475270424014,0.517165780382449,0.45730314515576725,0.45730314515576725,0.4548711053626111,0.45730314515576725,0.465109614586608
17,75,0.4968766444857301,0.43840606807975946,0.4968766444857301,0.6078790980463415,0.48598086906502225,0.4968766444857301,0.4968766444857301,0.3494037419144607,0.4968766444857301,0.4655674084392228
17,76,0.4605004226702931,0.49561857155986255,0.4605004226702931,0.6272575161560592,0.5245678531958247,0.4605004226702931,0.4605004226702931,0.4430458024951904,0.4605004226702931,0.48972151742349573
17,77,0.49175079727502413,0.5313898214684123,0.49175079727502413,0.6495686775259264,0.4403885540618782,0.49175079727502413,0.491750797275024,0.3898200594942347,0.49175079727502413,0.4711721033019203
17,78,0.44396651979218577,0.5636831710630407,0.44396651979218577,0.6102772670464401,0.43412410492198933,0.44396651979218577,0.44396651979218577,0.4059862986338811,0.44396651979218577,0.43738709087014693
17,79,0.3871237075149449,0.45763517943995013,0.3871237075149449,0.6063021755988531,0.5659860117571469,0.3871237075149449,0.3871237075149449,0.39666955397309517,0.3871237075149449,0.32165760326196646
17,80,0.5179490143562936,0.501988601526016,0.5179490143562936,0.6311824493234368,0.37383158603733413,0.5179490143562936,0.5179490143562937,0.32703615442262574,0.5179490143562936,0.5078398394341337
17,81,0.44495914682767757,0.5816820247508265,0.44495914682767757,0.6440081444948407,0.5063238482464351,0.44495914682767757,0.44495914682767757,0.4641280917050201,0.44495914682767757,0.4333828350851343
17,82,0.47996592990298703,0.48208126177716176,0.47996592990298703,0.5856564260864937,0.38680510156403447,0.47996592990298703,0.47996592990298703,0.3322324931828692,0.47996592990298703,0.46659437268755233
17,83,0.46752064310188796,0.47430522295393174,0.46752064310188796,0.6152111844241062,0.3678235658895472,0.46752064310188796,0.4675206431018879,0.2722105466773813,0.46752064310188796,0.418358186899776
17,84,0.4662758170611233,0.538921312701625,0.4662758170611233,0.6278880389926174,0.47576326683918957,0.4662758170611233,0.4662758170611233,0.42920260501785423,0.4662758170611233,0.47538946121560205
17,85,0.4860588497179209,0.5558624806474046,0.4860588497179209,0.6695589309185958,0.5262767825597392,0.4860588497179209,0.4860588497179209,0.4510701186053967,0.4860588497179209,0.46902678347647453
17,86,0.5855450383841496,0.6099033420543789,0.5855450383841496,0.6456671052475145,0.447702357213947,0.5855450383841496,0.5855450383841496,0.4502295726283956,0.5855450383841496,0.5776531075159199
17,87,0.5144022451472832,0.6260250166780618,0.5144022451472832,0.6880138261976986,0.5435323852171845,0.5144022451472832,0.5144022451472832,0.5044302921875597,0.5144022451472832,0.5398793204093535
17,88,0.42047419174353984,0.5363467092169749,0.42047419174353984,0.6024907344006688,0.42900487378263513,0.42047419174353984,0.42047419174353984,0.35273513296533465,0.42047419174353984,0.4053114608251639
17,89,0.4406247435845136,0.479290659498235,0.4406247435845136,0.5950021414530351,0.46337852245139144,0.4406247435845136,0.44062474358451353,0.408095120688431,0.4406247435845136,0.4634680036787836
17,90,0.4673341422162643,0.46515972904824165,0.4673341422162643,0.5968662146633029,0.41990750444148506,0.4673341422162643,0.46733414221626424,0.369348379424499,0.4673341422162643,0.4617407937379112
17,91,0.448177890064465,0.5247028953493496,0.448177890064465,0.6125312309420962,0.5273129546256534,0.448177890064465,0.448177890064465,0.4253509792235582,0.448177890064465,0.398837313820985
17,92,0.4275300025284948,0.567807089363378,0.4275300025284948,0.6577124271933548,0.5812090779542136,0.4275300025284948,0.4275300025284948,0.4863521874287884,0.4275300025284948,0.4084980207585824
17,93,0.4051776808898295,0.50053877470522,0.4051776808898295,0.6379512754230472,0.5563506252612929,0.4051776808898295,0.4051776808898294,0.4191188538851135,0.4051776808898295,0.35382531946518647
17,94,0.36239361574108364,0.46424860740264184,0.36239361574108364,0.5720677699276739,0.4678260013088743,0.36239361574108364,0.36239361574108364,0.3517667213385123,0.36239361574108364,0.28447623462013616
17,95,0.4573945835570895,0.4608675511256969,0.4573945835570895,0.5925821743259108,0.5509267176620698,0.4573945835570895,0.4573945835570895,0.43902179823986603,0.4573945835570895,0.4185673595436311
17,96,0.49377080537252643,0.4654254672146315,0.49377080537252643,0.6035288545588126,0.4226537654839335,0.49377080537252643,0.49377080537252643,0.34623391182409813,0.49377080537252643,0.48203118537627754
17,97,0.563150249926984,0.6093894443046941,0.563150249926984,0.6864219951205053,0.5760415380683118,0.563150249926984,0.563150249926984,0.5225943958944519,0.563150249926984,0.5535250996653158
17,98,0.47435306169499475,0.5728084122749373,0.47435306169499475,0.6572146636577954,0.5217148840618233,0.47435306169499475,0.4743530616949948,0.47929388852132027,0.47435306169499475,0.48122717096183953
17,99,0.4910580398747628,0.5036317658667135,0.4910580398747628,0.6216389602805005,0.42681489762699837,0.4910580398747628,0.4910580398747629,0.38699461469918117,0.4910580398747628,0.5034005287024406
18,0,0.4690041010680544,0.5057128404275419,0.4690041010680544,0.6045977746472214,0.3865432754467324,0.4690041010680544,0.46900410106805435,0.36747261411460413,0.4690041010680544,0.4881135346872858
18,1,0.46968765887306074,0.5181859948619114,0.46968765887306074,0.6131712538390142,0.48251441489606406,0.46968765887306074,0.46968765887306074,0.4036994246264269,0.46968765887306074,0.47297698479036865
18,2,0.3735341397444538,0.5039959024293454,0.3735341397444538,0.5999987377582776,0.5015282562293331,0.3735341397444538,0.3735341397444538,0.39567464215618064,0.3735341397444538,0.3363490579188739
18,3,0.5473750813444009,0.5733214771255416,0.5473750813444009,0.6397569976094142,0.6003069621572557,0.5473750813444009,0.5473750813444009,0.5373616810677792,0.5473750813444009,0.5420116291020517
18,4,0.45094269367680223,0.5749731802821891,0.45094269367680223,0.6750073662017165,0.5098299811953012,0.45094269367680223,0.4509426936768022,0.4171030285691884,0.45094269367680223,0.46926054186660415
18,5,0.42046880208167325,0.5135878154228078,0.42046880208167325,0.5869596762524828,0.56605517489505,0.42046880208167325,0.42046880208167325,0.45908672512493875,0.42046880208167325,0.37479287657902305
18,6,0.38938253338825835,0.502912676637798,0.38938253338825835,0.609473737726987,0.5193943088380405,0.38938253338825835,0.38938253338825835,0.4176658711674378,0.38938253338825835,0.37919089527365923
18,7,0.4437083735738188,0.5413824479328795,0.4437083735738188,0.6454939644117961,0.5659067569955554,0.4437083735738188,0.4437083735738188,0.4705066986863067,0.4437083735738188,0.42498612842253136
18,8,0.4862722989128773,0.5499953670893871,0.4862722989128773,0.6321201510025154,0.49412379936357304,0.4862722989128773,0.48627229891287727,0.4191691858629784,0.4862722989128773,0.4877674056702138
18,9,0.4771871875099604,0.45519129765371774,0.4771871875099604,0.5926814481735255,0.352115965908688,0.4771871875099604,0.4771871875099605,0.30624473564106186,0.4771871875099604,0.47479959730128796
18,10,0.4745879766122128,0.5278106416946333,0.4745879766122128,0.6029152901069754,0.39924561639378464,0.4745879766122128,0.4745879766122128,0.384939094233531,0.4745879766122128,0.4903580353002636
18,11,0.44700043479703233,0.47476467784786724,0.44700043479703233,0.6082399926973028,0.5403376129587996,0.44700043479703233,0.44700043479703233,0.43679652279755754,0.44700043479703233,0.4435530908448217
18,12,0.43418716418573405,0.5316260875084273,0.43418716418573405,0.6236845544294055,0.5447570897659297,0.43418716418573405,0.43418716418573405,0.4744524807175599,0.43418716418573405,0.4289356029814384
18,13,0.43709312118385224,0.5768534979518949,0.43709312118385224,0.6448960076236478,0.5017590142453656,0.43709312118385224,0.43709312118385224,0.4304075050643681,0.43709312118385224,0.4306202391434951
18,14,0.379621019421089,0.547738502322436,0.379621019421089,0.6467270826266158,0.4319595000408074,0.379621019421089,0.379621019421089,0.3456666969263473,0.379621019421089,0.3344880679127717
18,15,0.5068913796354229,0.6123842092379421,0.5068913796354229,0.6695095401696582,0.523478543877328,0.5068913796354229,0.5068913796354229,0.4802103419726228,0.5068913796354229,0.4920983521143977
18,16,0.5120270769178159,0.4841201212440266,0.5120270769178159,0.5915325795676483,0.4169865542220076,0.5120270769178159,0.512027076917816,0.39307925054819914,0.5120270769178159,0.5214906697185291
18,17,0.39546095687127525,0.5329411348560422,0.39546095687127525,0.6089585293817967,0.4987861460109612,0.39546095687127525,0.39546095687127525,0.41424715896239694,0.39546095687127525,0.35276490115981296
18,18,0.4997555602493109,0.3843768075350714,0.4997555602493109,0.5613051328017816,0.38080820068310317,0.4997555602493109,0.4997555602493109,0.2969419412199214,0.4997555602493109,0.4911853833709713
18,19,0.4984854585528962,0.521809339526661,0.4984854585528962,0.6392601191114868,0.4968366169327998,0.4984854585528962,0.4984854585528963,0.4358964696681803,0.4984854585528962,0.4852432535593617
18,20,0.5146115127080328,0.4538760208176261,0.5146115127080328,0.5905653922154672,0.45881452644327736,0.5146115127080328,0.5146115127080328,0.39249646326778703,0.5146115127080328,0.4729166237759175
18,21,0.4690851318464619,0.41927208621457573,0.4690851318464619,0.5634479606289228,0.3484763841933275,0.4690851318464619,0.46908513184646194,0.29968595152232774,0.4690851318464619,0.4674648413649306
18,22,0.44877558498042486,0.5571589142821252,0.44877558498042486,0.6570818200080696,0.5128480261933133,0.44877558498042486,0.44877558498042486,0.4133314659532267,0.44877558498042486,0.43823496290968195
18,23,0.5068155526684727,0.514078632292545,0.5068155526684727,0.6155563569425473,0.524440072581394,0.5068155526684727,0.5068155526684728,0.4450944741364314,0.5068155526684727,0.4637587822016776
18,24,0.43984974737818505,0.5178416146981344,0.43984974737818505,0.6290481630792538,0.5613201776168746,0.43984974737818505,0.43984974737818505,0.44425906996799147,0.43984974737818505,0.41222588796115855
18,25,0.4322705818409468,0.48252498580193093,0.4322705818409468,0.607856611192802,0.578884522189977,0.4322705818409468,0.4322705818409468,0.4371469193356337,0.4322705818409468,0.3814794104790359
18,26,0.5678666686862411,0.5200121629357448,0.5678666686862411,0.6270216605218988,0.5464991915527553,0.5678666686862411,0.5678666686862411,0.48346995371450585,0.5678666686862411,0.5679996851786483
18,27,0.5057285136251116,0.5496171319696663,0.5057285136251116,0.6274296124853054,0.5493645330500219,0.5057285136251116,0.5057285136251116,0.48192542061629956,0.5057285136251116,0.49137796178256204
18,28,0.40877946181996055,0.5633517332660942,0.40877946181996055,0.6599901201424896,0.5719566954066011,0.40877946181996055,0.40877946181996055,0.46372193750087115,0.40877946181996055,0.35853217511881863
18,29,0.38643225106754797,0.5415362541918547,0.38643225106754797,0.6471629649566533,0.523081272724724,0.38643225106754797,0.38643225106754797,0.3882137493512646,0.38643225106754797,0.3402538202888087
18,30,0.4886411482284321,0.5629483815073466,0.4886411482284321,0.637029989865796,0.5447224546767662,0.4886411482284321,0.4886411482284321,0.4792644895625161,0.4886411482284321,0.4709541686179499
18,31,0.4653324403840673,0.4878180137493694,0.4653324403840673,0.629605505429331,0.5243650963627183,0.4653324403840673,0.4653324403840673,0.4219508055830472,0.4653324403840673,0.4768134833638159
18,32,0.4642346220169732,0.5051550823024484,0.4642346220169732,0.6324732308221436,0.3544737281649145,0.4642346220169732,0.4642346220169732,0.29196478750043237,0.4642346220169732,0.4500298461576043
18,33,0.41887401972040106,0.5814626536239063,0.41887401972040106,0.6449383632778822,0.5048289035794749,0.41887401972040106,0.41887401972040106,0.4490539680475042,0.41887401972040106,0.41573750512178753
18,34,0.41563483293860254,0.5666264852959084,0.41563483293860254,0.6148488085925764,0.5171338317561942,0.41563483293860254,0.4156348329386026,0.4311719196575392,0.41563483293860254,0.3696416232005637
18,35,0.5245561822534603,0.4263788046249593,0.5245561822534603,0.600355739590588,0.4350157091076524,0.5245561822534603,0.5245561822534603,0.3378984749667926,0.5245561822534603,0.5186132551368947
18,36,0.44775954079337493,0.5648583042738877,0.44775954079337493,0.644782055769088,0.4527133550076756,0.44775954079337493,0.447759540793375,0.39670825754226247,0.44775954079337493,0.4458513391167742
18,37,0.4557472055300161,0.5315346637704466,0.4557472055300161,0.6189032673189006,0.4566672610275625,0.4557472055300161,0.45574720553001613,0.35227118424091247,0.4557472055300161,0.4526088153184227
18,38,0.5773862983458478,0.5699151535293652,0.5773862983458478,0.6656693379500433,0.5731145374528785,0.5773862983458478,0.5773862983458478,0.49448844596714087,0.5773862983458478,0.5781532444494918
18,39,0.4862331774017425,0.5458796784818718,0.4862331774017425,0.6730991191703519,0.5174382026308828,0.4862331774017425,0.48623317740174254,0.42470898193917583,0.4862331774017425,0.47378401849510987
18,40,0.5150687976398485,0.5209485775559617,0.5150687976398485,0.6238562183039504,0.48335130241647917,0.5150687976398485,0.5150687976398485,0.4421986270406371,0.5150687976398485,0.5332510233272745
18,41,0.456229951967891,0.5270127933472075,0.456229951967891,0.6333144630000989,0.44520358021167095,0.456229951967891,0.45622995196789096,0.398354750996187,0.456229951967891,0.4552973875124937
18,42,0.3859209765918622,0.5083668630529727,0.3859209765918622,0.6476456886189335,0.5397216222614851,0.3859209765918622,0.3859209765918622,0.39888122437779894,0.3859209765918622,0.3479563734676506
18,43,0.5102505328563545,0.5293170651072006,0.5102505328563545,0.6565264557842343,0.6040206326955311,0.5102505328563545,0.5102505328563545,0.49505508470456794,0.5102505328563545,0.5068389554679944
18,44,0.5214223726536734,0.4938459553425089,0.5214223726536734,0.6029708516242162,0.4120766497391676,0.5214223726536734,0.5214223726536734,0.3788315272721177,0.5214223726536734,0.522753482590711
18,45,0.47274963728969516,0.4658105355325053,0.47274963728969516,0.6108061392506765,0.47163303945464297,0.47274963728969516,0.47274963728969516,0.36938547188861387,0.47274963728969516,0.46037909632335716
18,46,0.5100640319707308,0.5462835643798633,0.5100640319707308,0.6409859647538905,0.45173429349629035,0.5100640319707308,0.5100640319707308,0.4096426521833807,0.5100640319707308,0.5065482835448858
18,47,0.4194062952923255,0.5178863909239955,0.4194062952923255,0.6225007657975024,0.5378530564655882,0.4194062952923255,0.4194062952923254,0.44207585181026987,0.4194062952923255,0.41792009997826424
18,48,0.41512151410841563,0.5658415956969465,0.41512151410841563,0.6417417236901264,0.5378059487702425,0.41512151410841563,0.4151215141084157,0.45211708133889666,0.41512151410841563,0.3918985901286951
18,49,0.4511481513041634,0.569141268351012,0.4511481513041634,0.6503075871707085,0.5565412818438632,0.4511481513041634,0.4511481513041634,0.4950510679064976,0.4511481513041634,0.4704528519418274
18,50,0.48901619435418053,0.4922279506299928,0.48901619435418053,0.5953553501679499,0.44752777207130623,0.48901619435418053,0.4890161943541805,0.4036740655703759,0.48901619435418053,0.5056821009371301
18,51,0.46380428539449026,0.47035637576117106,0.46380428539449026,0.6200380374860124,0.5097615941923599,0.46380428539449026,0.46380428539449026,0.4039300266701521,0.46380428539449026,0.4546028541872137
18,52,0.38716320072689814,0.5725208306749734,0.38716320072689814,0.6440980324524707,0.5411515341437301,0.38716320072689814,0.38716320072689814,0.46158772416652316,0.38716320072689814,0.36108050993270707
18,53,0.45324733167598136,0.4827257244070501,0.45324733167598136,0.6081520506578243,0.5128651866344113,0.45324733167598136,0.4532473316759813,0.40551642754444966,0.45324733167598136,0.39993174937062037
18,54,0.3711194783030334,0.47300519313280065,0.3711194783030334,0.6287881602035761,0.5280201650216544,0.3711194783030334,0.3711194783030333,0.3870934328583864,0.3711194783030334,0.3321115084841537
18,55,0.40475719433903373,0.5966334553244225,0.40475719433903373,0.6389230172969286,0.5283637830996571,0.40475719433903373,0.4047571943390337,0.4541260732401916,0.40475719433903373,0.3600502406828815
18,56,0.419479055727524,0.5260653064244268,0.419479055727524,0.6548199723758623,0.544351777510106,0.419479055727524,0.4194790557275239,0.42044424494595023,0.419479055727524,0.3720153840387945
18,57,0.4832469330268536,0.5522479010290038,0.4832469330268536,0.6565993268618858,0.4628531551687576,0.4832469330268536,0.4832469330268536,0.414602045643625,0.4832469330268536,0.4686277768469791
18,58,0.5044642662165866,0.5800004246114212,0.5044642662165866,0.6572927902432764,0.5070457973356192,0.5044642662165866,0.5044642662165866,0.43459726097336393,0.5044642662165866,0.49010886457694924
18,59,0.33097625454369406,0.4716202367641491,0.33097625454369406,0.48940570457479576,0.39233380167390386,0.33097625454369406,0.33097625454369406,0.29534164384856665,0.33097625454369406,0.28022229047378283
18,60,0.45269665691354694,0.578811146480944,0.45269665691354694,0.6680779333860123,0.5618918411838992,0.45269665691354694,0.45269665691354694,0.5169513613097366,0.45269665691354694,0.47323802721076813
18,61,0.551203785624155,0.5981724896495064,0.551203785624155,0.6622651293098114,0.584084682038689,0.551203785624155,0.5512037856241548,0.5546189490098525,0.551203785624155,0.5650209399677009
18,62,0.4275107670111435,0.551342096002481,0.4275107670111435,0.634925079810335,0.5555604458251086,0.4275107670111435,0.4275107670111435,0.4563199844910587,0.4275107670111435,0.4112709088505913
18,63,0.503101053465167,0.5499001526868241,0.503101053465167,0.6475896114614672,0.5609201990704492,0.503101053465167,0.503101053465167,0.4525528664858852,0.503101053465167,0.47590368316325826
18,64,0.5228860375512611,0.5729796239640172,0.5228860375512611,0.6643034944232836,0.5287558477655186,0.5228860375512611,0.5228860375512611,0.47902615343522364,0.5228860375512611,0.516808924173883
18,65,0.4685702332877969,0.5415467836567422,0.4685702332877969,0.6153892376615698,0.5116515936572668,0.4685702332877969,0.4685702332877969,0.434368955841819,0.4685702332877969,0.4659162702536736
18,66,0.48943036199106377,0.47124537100090663,0.48943036199106377,0.6207433092767971,0.5051172439790841,0.48943036199106377,0.48943036199106377,0.40631948709525934,0.48943036199106377,0.4862183792740115
18,67,0.4807567233940968,0.37120502469087835,0.4807567233940968,0.5579584993892523,0.4814474644156952,0.4807567233940968,0.48075672339409675,0.35579300067607594,0.4807567233940968,0.4386856706722862
18,68,0.577624837346045,0.629593697434037,0.577624837346045,0.7048678774123598,0.6176989475690973,0.577624837346045,0.577624837346045,0.5812597733197389,0.577624837346045,0.5761155335563065
18,69,0.3739647551425505,0.5396778966996025,0.3739647551425505,0.6266977691243218,0.5081507987977208,0.3739647551425505,0.37396475514255056,0.4053885114382524,0.3739647551425505,0.32804961995871235
18,70,0.3796930364546507,0.5625273450296122,0.3796930364546507,0.64531580674144,0.5203378562505765,0.3796930364546507,0.3796930364546507,0.42706950939803123,0.3796930364546507,0.31430753074185896
18,71,0.5030173278558262,0.46792201459553295,0.5030173278558262,0.6223035437053901,0.5287549179855746,0.5030173278558262,0.5030173278558261,0.44868904051823977,0.5030173278558262,0.4926715158771371
18,72,0.4359885192768226,0.47520174209531607,0.4359885192768226,0.6064395593887071,0.531207059110791,0.4359885192768226,0.4359885192768226,0.42702152404212107,0.4359885192768226,0.4073841520346376
18,73,0.4320565750947628,0.5163187406189564,0.4320565750947628,0.6360151964802461,0.5565610822303906,0.4320565750947628,0.4320565750947628,0.42808682597435366,0.4320565750947628,0.3946518531871248
18,74,0.46365681309479684,0.5829922804474843,0.46365681309479684,0.6450166003373086,0.5424383720211476,0.46365681309479684,0.46365681309479684,0.49252279311517977,0.46365681309479684,0.47307576565338394
18,75,0.49789770663382815,0.4163927362086279,0.49789770663382815,0.5904319297706431,0.48691030291348025,0.49789770663382815,0.4978977066338281,0.34415827432821455,0.49789770663382815,0.4606754246742053
18,76,0.5437788759265456,0.5562656439733838,0.5437788759265456,0.6738722702035665,0.6123713827855521,0.5437788759265456,0.5437788759265456,0.527437864878109,0.5437788759265456,0.5633984415413018
18,77,0.5019451568452005,0.5167135069773914,0.5019451568452005,0.6324912774035588,0.4458462213729525,0.5019451568452005,0.5019451568452005,0.39377743441175606,0.5019451568452005,0.47965074135944236
18,78,0.4467116232611487,0.575226558405673,0.4467116232611487,0.6032580784898882,0.46767358902388256,0.4467116232611487,0.44671162326114877,0.4327056622937924,0.4467116232611487,0.4389505982172043
18,79,0.3907157312985935,0.44970466882842125,0.3907157312985935,0.5956681893546776,0.5733167226308039,0.3907157312985935,0.3907157312985935,0.4052106721075446,0.3907157312985935,0.33035250862670107
18,80,0.5082185374074593,0.4596729545152325,0.5082185374074593,0.5992639370628371,0.37548109754289183,0.5082185374074593,0.5082185374074593,0.3241893235735697,0.5082185374074593,0.4987986749798037
18,81,0.45017420223479543,0.5739625059644544,0.45017420223479543,0.6399150184822472,0.5114975708948544,0.45017420223479543,0.45017420223479543,0.46292821681290586,0.45017420223479543,0.43248931930138323
18,82,0.47661894988385745,0.47915723086461753,0.47661894988385745,0.5932035255776122,0.3859557964879132,0.47661894988385745,0.47661894988385745,0.3329842517465872,0.47661894988385745,0.46948239407712156
18,83,0.46536914583988265,0.4810309291112306,0.46536914583988265,0.6171038284753019,0.37697538930199104,0.46536914583988265,0.46536914583988265,0.2857940278178239,0.46536914583988265,0.41978245568734407
18,84,0.45138185819372173,0.5267789596214971,0.45138185819372173,0.6186939924023187,0.483628299547681,0.45138185819372173,0.4513818581937217,0.4214617898796984,0.45138185819372173,0.45150098580196185
18,85,0.4722852900423302,0.5543280518981948,0.4722852900423302,0.6747542087001467,0.5091538624352043,0.4722852900423302,0.47228529004233016,0.43698801871382276,0.4722852900423302,0.45942851747707375
18,86,0.530964768988406,0.5899921941759505,0.530964768988406,0.6266298229326108,0.4292545776378885,0.530964768988406,0.530964768988406,0.42754901757481856,0.530964768988406,0.5328020377387701
18,87,0.5262604305057463,0.5998232664970705,0.5262604305057463,0.6866733077972588,0.5418103714304816,0.5262604305057463,0.5262604305057463,0.4864577657474553,0.5262604305057463,0.5480369963122407
18,88,0.4224228332839126,0.5282965075164898,0.4224228332839126,0.6075372865584016,0.4503327254720561,0.4224228332839126,0.4224228332839126,0.36730977215085003,0.4224228332839126,0.40602804926926533
18,89,0.5741547314308261,0.5934717007213788,0.5741547314308261,0.6676124817234788,0.5689697572328547,0.5741547314308261,0.5741547314308261,0.5317752915406143,0.5741547314308261,0.5881495238561277
18,90,0.4706629088952931,0.4799595805724761,0.4706629088952931,0.6102619001207571,0.4292086618314315,0.4706629088952931,0.47066290889529305,0.38233042315035937,0.4706629088952931,0.4710162276417552
18,91,0.45513677986102663,0.5651250644698214,0.45513677986102663,0.6399961728951331,0.5719815307397491,0.45513677986102663,0.45513677986102663,0.4826304497545669,0.45513677986102663,0.4141219666362629
18,92,0.4422829009353201,0.5672765400263804,0.4422829009353201,0.6493400716912477,0.5977370244563229,0.4422829009353201,0.4422829009353201,0.5055084571768174,0.4422829009353201,0.42404432380166446
18,93,0.4050645909158364,0.5013685831455306,0.4050645909158364,0.6504882106338754,0.5577678047959828,0.4050645909158364,0.40506459091583646,0.41752629919051054,0.4050645909158364,0.3532862098687016
18,94,0.3602616327720434,0.47217170305999456,0.3602616327720434,0.5622997306046189,0.43645143239738343,0.3602616327720434,0.3602616327720434,0.34604747620973453,0.3602616327720434,0.2843341308493284
18,95,0.47549093082526966,0.500497901009523,0.47549093082526966,0.6087911127650214,0.5952376693358605,0.47549093082526966,0.47549093082526966,0.48325718205520385,0.47549093082526966,0.43115849372785064
18,96,0.49928452238721505,0.47538378687091953,0.49928452238721505,0.6001397438794103,0.43383565268241686,0.49928452238721505,0.4992845223872151,0.3535564577255371,0.49928452238721505,0.48095563622376525
18,97,0.5017090339003226,0.5828665903092226,0.5017090339003226,0.6680352702812508,0.5313317603450016,0.5017090339003226,0.5017090339003226,0.4692941973793354,0.5017090339003226,0.501757976649895
18,98,0.45814160927683467,0.5596935630876931,0.45814160927683467,0.6476554928165577,0.504869088828648,0.45814160927683467,0.45814160927683467,0.4611572800870126,0.45814160927683467,0.46291025794748786
18,99,0.512081995713732,0.4995101178285156,0.512081995713732,0.617644222745122,0.4342796244703551,0.512081995713732,0.512081995713732,0.3980868800141576,0.512081995713732,0.5232693844017935
