round,cid,accuracy,precision_macro,precision_micro,precision_weighted,recall_macro,recall_micro,recall_weighted,f1_macro,f1_micro,f1_weighted
1,0,0.5762889446047765,0.5479382894447946,0.5762889446047765,0.6411978740708264,0.42638583784661716,0.5762889446047765,0.5762889446047766,0.42161802329381026,0.5762889446047765,0.5746824310438947
1,1,0.4917602756458929,0.467060597825936,0.4917602756458929,0.6188262698041549,0.3881915836319806,0.4917602756458929,0.4917602756458929,0.34067357512494856,0.4917602756458929,0.4958615174939236
1,2,0.3877111806583992,0.48655221072878607,0.3877111806583992,0.6002082493053718,0.48060489288295,0.3877111806583992,0.38771118065839927,0.4161272252852867,0.3877111806583992,0.375747342613992
1,3,0.44532843159074104,0.41486245341507383,0.44532843159074104,0.5872524713318916,0.4399853840861686,0.44532843159074104,0.44532843159074104,0.3500479017335523,0.44532843159074104,0.4099760261452674
1,4,0.3159388191603966,0.29130812235552284,0.3159388191603966,0.39426650801915186,0.29377302962452645,0.3159388191603966,0.31593881916039657,0.18926983799934477,0.3159388191603966,0.3006892569363012
1,5,0.3923037301199302,0.510558294350932,0.3923037301199302,0.6180387671707237,0.465467862241806,0.3923037301199302,0.39230373011993014,0.39075333282626556,0.3923037301199302,0.37950759130191286
1,6,0.35636137608475077,0.3992687478470718,0.35636137608475077,0.5472561320893148,0.3970848254371395,0.35636137608475077,0.3563613760847508,0.28856195901342707,0.35636137608475077,0.3568467444908542
1,7,0.4349801878817542,0.5026374449214741,0.4349801878817542,0.6432944568129666,0.5053484935850563,0.4349801878817542,0.4349801878817542,0.4239774475304595,0.4349801878817542,0.43518029251679735
1,8,0.5279991540089374,0.4902032357194853,0.5279991540089374,0.6376670236064903,0.4472715224607722,0.5279991540089374,0.5279991540089374,0.37555948217804935,0.5279991540089374,0.5231622724405582
1,9,0.5643487062906554,0.49577572581754725,0.5643487062906554,0.6474684739020153,0.37648246753995507,0.5643487062906554,0.5643487062906554,0.3397499883375399,0.5643487062906554,0.5541905611376012
1,10,0.5363563822842558,0.49317597893569376,0.5363563822842558,0.6070603478938601,0.39005479912076324,0.5363563822842558,0.5363563822842558,0.37291441477756937,0.5363563822842558,0.5360533332494293
1,11,0.4937132846708817,0.4675312661277271,0.4937132846708817,0.6138900504415313,0.4654229770962902,0.4937132846708817,0.4937132846708817,0.39441191247157004,0.4937132846708817,0.49618309436443203
1,12,0.3670736078201392,0.5869119491533505,0.3670736078201392,0.6645435267355033,0.3520458060663011,0.3670736078201392,0.3670736078201392,0.3520114149741959,0.3670736078201392,0.38008285515139983
1,13,0.4249096046840994,0.4742264763954158,0.4249096046840994,0.5958753550823439,0.433199085575513,0.4249096046840994,0.42490960468409933,0.3727220149378524,0.4249096046840994,0.4384485692453017
1,14,0.24763665650281755,0.28843794420358515,0.24763665650281755,0.30213872458768165,0.25193688226179833,0.24763665650281755,0.24763665650281752,0.17489183774625927,0.24763665650281755,0.19239288421763795
1,15,0.5090585812570049,0.4724146058517597,0.5090585812570049,0.623902775158884,0.39870818014778403,0.5090585812570049,0.5090585812570049,0.3306793709474995,0.5090585812570049,0.4832078974754189
1,16,0.6007766874450522,0.5055036834498968,0.6007766874450522,0.6135751949735249,0.4497867177341307,0.6007766874450522,0.6007766874450522,0.4442683532254108,0.6007766874450522,0.5910209955214623
1,17,0.35939556986521104,0.4330586884965582,0.35939556986521104,0.590341660438168,0.3851903230641772,0.35939556986521104,0.35939556986521104,0.3213762586048109,0.35939556986521104,0.3398544341458669
1,18,0.5475088936390189,0.3941295184388907,0.5475088936390189,0.5928071338878935,0.383761848174201,0.5475088936390189,0.5475088936390189,0.30757062182638345,0.5475088936390189,0.5316340966368488
1,19,0.5559549584099308,0.5840579051407773,0.5559549584099308,0.6810034048376091,0.5208541636030695,0.5559549584099308,0.5559549584099308,0.46462155358234025,0.5559549584099308,0.525941519816897
1,20,0.5771339134901656,0.5297034455302292,0.5771339134901656,0.6387369445265416,0.4826971657935033,0.5771339134901656,0.5771339134901657,0.4349155029064151,0.5771339134901656,0.5180146592402081
1,21,0.5443209086449526,0.4752139806168753,0.5443209086449526,0.6011644361692401,0.3651598445498069,0.5443209086449526,0.5443209086449526,0.3167066870213482,0.5443209086449526,0.5197350889229588
1,22,0.4666155516091254,0.49878926177840477,0.4666155516091254,0.641015394017461,0.4404804003435595,0.4666155516091254,0.4666155516091254,0.3652014207655563,0.4666155516091254,0.4533658986680439
1,23,0.5352457402389275,0.4750940102107092,0.5352457402389275,0.6078738059154171,0.4477075902994726,0.5352457402389275,0.5352457402389273,0.3929147589209267,0.5352457402389275,0.4943022938388858
1,24,0.4455713380755543,0.45186898491576366,0.4455713380755543,0.5923289331614472,0.48116790300752665,0.4455713380755543,0.4455713380755543,0.38863783613462394,0.4455713380755543,0.4343620368986228
1,25,0.37984506208936936,0.4516543889133753,0.37984506208936936,0.5928014040175746,0.48857471792027196,0.37984506208936936,0.3798450620893693,0.37196544348327765,0.37984506208936936,0.3627499071674231
1,26,0.58032347821271,0.4650882355483079,0.58032347821271,0.6083322230068755,0.4890800506865503,0.58032347821271,0.58032347821271,0.44228582685189743,0.58032347821271,0.5696559749581712
1,27,0.4956751215903071,0.4532086787806892,0.4956751215903071,0.628805500984478,0.4199714509038415,0.4956751215903071,0.49567512159030713,0.36260837562229553,0.4956751215903071,0.48899364071822504
1,28,0.37426490355339476,0.4710756531765108,0.37426490355339476,0.6129526318574465,0.46755372423364533,0.37426490355339476,0.37426490355339476,0.3688664479472018,0.37426490355339476,0.3491436513909291
1,29,0.3083765660103948,0.3561677541904841,0.3083765660103948,0.5176192816765528,0.4248100348032865,0.3083765660103948,0.30837656601039476,0.3132148199432192,0.3083765660103948,0.27619170998097003
1,30,0.46769543541173253,0.4055682874857756,0.46769543541173253,0.47406764244731037,0.5005502517536301,0.46769543541173253,0.4676954354117325,0.3900500923764203,0.46769543541173253,0.42730028337589476
1,31,0.5183034310866218,0.5361201130719906,0.5183034310866218,0.6527544505741216,0.5100824743494035,0.5183034310866218,0.5183034310866218,0.4467638201842642,0.5183034310866218,0.5325883425769212
1,32,0.4977921436014074,0.5018174404888458,0.4977921436014074,0.6387314358076704,0.3718364673341945,0.4977921436014074,0.49779214360140733,0.3070546020194318,0.4977921436014074,0.47619200040059995
1,33,0.28579694932128824,0.44925321873673185,0.28579694932128824,0.5769355011433992,0.352132679413677,0.28579694932128824,0.28579694932128824,0.26299125119241645,0.28579694932128824,0.25708635897609244
1,34,0.37202614952427404,0.3839530612973194,0.37202614952427404,0.5287783709878187,0.3875360822952181,0.37202614952427404,0.37202614952427404,0.32391481868751004,0.37202614952427404,0.3254663641941728
1,35,0.6166913367597334,0.48175636581649994,0.6166913367597334,0.655765215108302,0.4516711713204206,0.6166913367597334,0.6166913367597334,0.3831044862488706,0.6166913367597334,0.5953407819937679
1,36,0.44326000946164434,0.5031903896324855,0.44326000946164434,0.643697364081622,0.42699059369741665,0.44326000946164434,0.44326000946164434,0.35677675103250023,0.44326000946164434,0.4237338605573529
1,37,0.4876944262440106,0.39177939253719524,0.4876944262440106,0.5876234645686635,0.43280825799460954,0.4876944262440106,0.4876944262440106,0.33407300600322454,0.4876944262440106,0.43753104668172377
1,38,0.5947241900941175,0.576007434649551,0.5947241900941175,0.6656644795225206,0.46646530935611574,0.5947241900941175,0.5947241900941174,0.4259890791427793,0.5947241900941175,0.5866281496037931
1,39,0.47738604744779534,0.4851816449317124,0.47738604744779534,0.63665165113279,0.4132058537510983,0.47738604744779534,0.47738604744779534,0.30879564961485184,0.47738604744779534,0.43440884813439185
1,40,0.6121800968522237,0.5627663514879173,0.6121800968522237,0.6490575558287568,0.4848904864055922,0.6121800968522237,0.6121800968522237,0.46212777945235567,0.6121800968522237,0.6065095228343103
1,41,0.47473823666804416,0.4874124045399335,0.47473823666804416,0.6502943604550573,0.4185050449185884,0.47473823666804416,0.4747382366680441,0.3776465508307642,0.47473823666804416,0.46957539177203
1,42,0.2359920132645154,0.36032381180951556,0.2359920132645154,0.48062404293239275,0.41296923867572666,0.2359920132645154,0.2359920132645154,0.25757782039046534,0.2359920132645154,0.18187922148518093
1,43,0.5415345463851491,0.5448162941521606,0.5415345463851491,0.6655183981460602,0.5314442493304251,0.5415345463851491,0.5415345463851492,0.4706678138664357,0.5415345463851491,0.5334991718553966
1,44,0.5614277883345973,0.47203465845485143,0.5614277883345973,0.6224591457898718,0.4175048368476456,0.5614277883345973,0.5614277883345973,0.39537214002765275,0.5614277883345973,0.5602016095186563
1,45,0.48402750474545786,0.4298866068509135,0.48402750474545786,0.6139332080170403,0.4383155924667894,0.48402750474545786,0.48402750474545786,0.3640240831853282,0.48402750474545786,0.4881952120653692
1,46,0.5317778645286187,0.523366679919371,0.5317778645286187,0.6456346783182063,0.42938762021854937,0.5317778645286187,0.5317778645286187,0.3793566902709233,0.5317778645286187,0.518708419141472
1,47,0.38633690980763274,0.5238961116158605,0.38633690980763274,0.6251274252561091,0.45124315181643393,0.38633690980763274,0.3863369098076327,0.39769394903252997,0.38633690980763274,0.3962723529324741
1,48,0.2901060769088022,0.40865438263199105,0.2901060769088022,0.5779354179708456,0.4309791627804756,0.2901060769088022,0.2901060769088022,0.31958696860726066,0.2901060769088022,0.2707029348673542
1,49,0.31683201622697094,0.3910336876793617,0.31683201622697094,0.5651185312096569,0.3024584630696773,0.31683201622697094,0.3168320162269709,0.26218303407314403,0.31683201622697094,0.362327106001741
1,50,0.5328117503549511,0.4274402315056809,0.5328117503549511,0.5792890614203714,0.39358798161394626,0.5328117503549511,0.532811750354951,0.3551544824048165,0.5328117503549511,0.5304288852410772
1,51,0.5334325836468552,0.5310176571713124,0.5334325836468552,0.6679685256669834,0.5373519978560632,0.5334325836468552,0.5334325836468552,0.42936431083743404,0.5334325836468552,0.5065425142064679
1,52,0.2873246396848423,0.34873744503762605,0.2873246396848423,0.5353327321169832,0.29305157813579963,0.2873246396848423,0.28732463968484234,0.20299195598510747,0.2873246396848423,0.24138632779743513
1,53,0.4580880843589875,0.5152789799842677,0.4580880843589875,0.6108618757718732,0.446758888220554,0.4580880843589875,0.45808808435898757,0.37153584755756214,0.4580880843589875,0.3928984395422137
1,54,0.2640360966098748,0.3855144041603219,0.2640360966098748,0.5250626730739445,0.35454063863336827,0.2640360966098748,0.2640360966098748,0.255147498710307,0.2640360966098748,0.2424159053336869
1,55,0.31728790728071765,0.5128039997967009,0.31728790728071765,0.5932938823714475,0.3013351856893426,0.31728790728071765,0.31728790728071765,0.26891897864096176,0.31728790728071765,0.2951763810771201
1,56,0.4082903035429686,0.42930655663115264,0.4082903035429686,0.5086838890967442,0.4734276345906304,0.4082903035429686,0.4082903035429686,0.37506831889045833,0.4082903035429686,0.38671402987284714
1,57,0.5559375813966714,0.5404668023647965,0.5559375813966714,0.6516350868717549,0.5305227234441343,0.5559375813966714,0.5559375813966714,0.4629084823894069,0.5559375813966714,0.5211026638903069
1,58,0.5129329118122152,0.4681139251826426,0.5129329118122152,0.6427571445390732,0.4256503545894754,0.5129329118122152,0.5129329118122152,0.3676100050212049,0.5129329118122152,0.4996431373841649
1,59,0.37278451211897995,0.4308959783503075,0.37278451211897995,0.49599904620095914,0.40691163395781366,0.37278451211897995,0.37278451211897995,0.3413130080143938,0.37278451211897995,0.3421734321026639
1,60,0.3912968855281353,0.5353533216181604,0.3912968855281353,0.6389636304811845,0.41990805995872954,0.3912968855281353,0.39129688552813524,0.3945163763968218,0.3912968855281353,0.42198033101266896
1,61,0.5556758110953252,0.5746786731579712,0.5556758110953252,0.6585872485919972,0.46445124114815645,0.5556758110953252,0.5556758110953252,0.45139795433403895,0.5556758110953252,0.569029801367908
1,62,0.4748309760222307,0.5186766995358428,0.4748309760222307,0.6424233950773754,0.5191005458801188,0.4748309760222307,0.4748309760222307,0.43809395641377363,0.4748309760222307,0.4759606564191552
1,63,0.4826574155288982,0.4283427083506476,0.4826574155288982,0.6193670445507202,0.46834568559960954,0.4826574155288982,0.4826574155288982,0.3787450127854677,0.4826574155288982,0.47348315052865636
1,64,0.5250209012016437,0.515632742971321,0.5250209012016437,0.6152193365998694,0.43200540211641425,0.5250209012016437,0.5250209012016437,0.41778080771677917,0.5250209012016437,0.5262296087098851
1,65,0.4885329832902826,0.5964572399957364,0.4885329832902826,0.6689998749961026,0.47626923234535,0.4885329832902826,0.48853298329028266,0.43450843972069214,0.4885329832902826,0.4976436106254029
1,66,0.5544280114480135,0.43989253503171044,0.5544280114480135,0.5856993883805222,0.4769680258751184,0.5544280114480135,0.5544280114480135,0.3980675255360795,0.5544280114480135,0.5369060431042029
1,67,0.5379153884417586,0.42419124482866793,0.5379153884417586,0.5894930133708134,0.5247830936843845,0.5379153884417586,0.5379153884417586,0.4203093003704281,0.5379153884417586,0.49642134703388857
1,68,0.5186947391231745,0.5617358182422436,0.5186947391231745,0.674953012481001,0.4597312129847655,0.5186947391231745,0.5186947391231745,0.4167422593981398,0.5186947391231745,0.5088964476938858
1,69,0.1786738885657673,0.3445011514966595,0.1786738885657673,0.5527179773682286,0.28816212928613516,0.1786738885657673,0.1786738885657673,0.17859967689402323,0.1786738885657673,0.1298148180435373
1,70,0.2993566881011041,0.4110036914525581,0.2993566881011041,0.3724126563673653,0.3411834573900414,0.2993566881011041,0.2993566881011041,0.23213210065087153,0.2993566881011041,0.23490700750018226
1,71,0.529881632803638,0.48775626639017367,0.529881632803638,0.6212957956044335,0.48551300182357127,0.529881632803638,0.529881632803638,0.44284905661968754,0.529881632803638,0.5123661891410316
1,72,0.3644415013999647,0.45951670419795676,0.3644415013999647,0.5772478158054466,0.32609255810149956,0.3644415013999647,0.3644415013999647,0.2731453188279903,0.3644415013999647,0.33744191590476996
1,73,0.47013286352827893,0.5694565612864482,0.47013286352827893,0.6468418200101375,0.5429230192418948,0.47013286352827893,0.47013286352827893,0.4853720096762263,0.47013286352827893,0.4657469101912102
1,74,0.47960686691242904,0.5123209311472294,0.47960686691242904,0.6256766246818554,0.4640438800952622,0.47960686691242904,0.47960686691242904,0.4152042603876189,0.47960686691242904,0.49376647840896803
1,75,0.5538404453793546,0.4766816300593258,0.5538404453793546,0.6262618571324041,0.48954610991693526,0.5538404453793546,0.5538404453793546,0.3843884935678784,0.5538404453793546,0.5213179309205371
1,76,0.5281569410063409,0.5356555085541783,0.5281569410063409,0.6498271039826966,0.5168613992898428,0.5281569410063409,0.5281569410063409,0.46705129850190796,0.5281569410063409,0.5395585721024028
1,77,0.5312851750938521,0.5797440067972707,0.5312851750938521,0.6962595069389952,0.4554406961133153,0.5312851750938521,0.5312851750938521,0.4139353540835127,0.5312851750938521,0.5055982382564645
1,78,0.503990626448762,0.5227526602663835,0.503990626448762,0.6121720805508071,0.4232479943501477,0.503990626448762,0.5039906264487619,0.3998601117414954,0.503990626448762,0.507255482191222
1,79,0.35041620734512413,0.37355611169318403,0.35041620734512413,0.5829643304082326,0.4937743287098645,0.35041620734512413,0.35041620734512413,0.3352945406580307,0.35041620734512413,0.299424281420275
1,80,0.5780889987430008,0.508621526949649,0.5780889987430008,0.6392750530413459,0.3902830710548847,0.5780889987430008,0.5780889987430007,0.34772969384888164,0.5780889987430008,0.5585769829049478
1,81,0.43468793811330053,0.5361144063988066,0.43468793811330053,0.6206716824632242,0.38951646750032287,0.43468793811330053,0.43468793811330053,0.3594151725680176,0.43468793811330053,0.4403760878807681
1,82,0.49310072172218655,0.37066956739171697,0.49310072172218655,0.5885035856570862,0.36107603981776637,0.49310072172218655,0.49310072172218655,0.3233942742776226,0.49310072172218655,0.4990685230128906
1,83,0.49178285647060965,0.4045035551431498,0.49178285647060965,0.5965529531174953,0.36935468124625515,0.49178285647060965,0.4917828564706096,0.27236749614699146,0.49178285647060965,0.44171802133992394
1,84,0.5114949871963007,0.555212943302534,0.5114949871963007,0.6417894103516455,0.42506314079183427,0.5114949871963007,0.5114949871963006,0.39761487893552283,0.5114949871963007,0.5198559594210569
1,85,0.5232923065457536,0.5154944906122882,0.5232923065457536,0.5373480964781648,0.4576480014430956,0.5232923065457536,0.5232923065457536,0.4031968836982576,0.5232923065457536,0.49217678344215265
1,86,0.5131773980255067,0.5641114445445683,0.5131773980255067,0.6325217432746659,0.3640381137684694,0.5131773980255067,0.5131773980255067,0.35760754776175363,0.5131773980255067,0.5202089239985613
1,87,0.46629003461742646,0.5246363491915609,0.46629003461742646,0.6307074683508068,0.43158878957344327,0.46629003461742646,0.4662900346174265,0.39464663072736994,0.46629003461742646,0.4929259105803505
1,88,0.4199044673141633,0.4253772863964498,0.4199044673141633,0.5826279944981221,0.35601418623345116,0.4199044673141633,0.4199044673141633,0.3056179421280234,0.4199044673141633,0.4234682489750559
1,89,0.505380415808696,0.4889178262471018,0.505380415808696,0.6144945594654885,0.41925483732979707,0.505380415808696,0.505380415808696,0.37555292332716594,0.505380415808696,0.5038351545175592
1,90,0.5149105460164219,0.46288316650328687,0.5149105460164219,0.6156481875828033,0.44025963232206955,0.5149105460164219,0.5149105460164218,0.3962985732098286,0.5149105460164219,0.4992519932390008
1,91,0.44235454626806336,0.49717775425393285,0.44235454626806336,0.6208188212792607,0.502246861468403,0.44235454626806336,0.44235454626806336,0.4293787708080712,0.44235454626806336,0.4029526859511367
1,92,0.34088254597962353,0.4636297380768235,0.34088254597962353,0.623441775746451,0.44694739819003926,0.34088254597962353,0.34088254597962353,0.35310524309775904,0.34088254597962353,0.35849251358219253
1,93,0.34378367086710276,0.4680156993598594,0.34378367086710276,0.6143989583584658,0.46837368653602685,0.34378367086710276,0.3437836708671027,0.343051237759872,0.34378367086710276,0.29457862065023477
1,94,0.34280637649036927,0.4569062927271422,0.34280637649036927,0.5429651414743679,0.4101112955161,0.34280637649036927,0.34280637649036927,0.3212322185590939,0.34280637649036927,0.25046093452060253
1,95,0.43163357956344295,0.48126783137684886,0.43163357956344295,0.6075042719368833,0.4523416474547718,0.43163357956344295,0.43163357956344295,0.3872890550968096,0.43163357956344295,0.39608881293579057
1,96,0.5590750150794376,0.45194190194587636,0.5590750150794376,0.633410899716672,0.4572700817100324,0.5590750150794376,0.5590750150794376,0.39416002035866726,0.5590750150794376,0.5485269889088101
1,97,0.43498725019730344,0.36421039585086035,0.43498725019730344,0.4545002840951614,0.44420110062254137,0.43498725019730344,0.43498725019730344,0.34048266622233897,0.43498725019730344,0.3858246559388129
1,98,0.3704176142327217,0.47894024134962454,0.3704176142327217,0.614038419177688,0.356449968791664,0.3704176142327217,0.3704176142327217,0.3014804851889016,0.3704176142327217,0.3597789015765422
1,99,0.6259743788484393,0.534638592637365,0.6259743788484393,0.6534578633451456,0.4638816231218568,0.6259743788484393,0.6259743788484393,0.4512554923858264,0.6259743788484393,0.6200590254633876
2,0,0.5604561623953441,0.5645123397516617,0.5604561623953441,0.6461385291174275,0.4254946408561723,0.5604561623953441,0.5604561623953441,0.4175274282787018,0.5604561623953441,0.5629922541165092
2,1,0.47229198065706113,0.46299146396132207,0.47229198065706113,0.6104155961968628,0.38930456376257316,0.47229198065706113,0.4722919806570611,0.3415802185047504,0.47229198065706113,0.48377061386274045
2,2,0.37558918064408875,0.49591205046990305,0.37558918064408875,0.6042004397779184,0.4712430661818065,0.37558918064408875,0.37558918064408875,0.4088141273050456,0.37558918064408875,0.3642993971674978
2,3,0.44952419042864816,0.42930602511004984,0.44952419042864816,0.591464746115413,0.46253150542124544,0.44952419042864816,0.44952419042864816,0.370003864823328,0.44952419042864816,0.40659207247913837
2,4,0.29948306637935435,0.3108396903445113,0.29948306637935435,0.3906819687346064,0.2978679630640771,0.29948306637935435,0.29948306637935435,0.19203202699695945,0.29948306637935435,0.28520524698417254
2,5,0.3943905514395369,0.5197221435009791,0.3943905514395369,0.6222996249413266,0.47892555101914447,0.3943905514395369,0.3943905514395369,0.39220232442013314,0.3943905514395369,0.37557248245615665
2,6,0.35340988573638066,0.43074548231540316,0.35340988573638066,0.5579326469361741,0.42794633265872833,0.35340988573638066,0.35340988573638066,0.32218600872238745,0.35340988573638066,0.347045700199319
2,7,0.44890224203428886,0.558786472371409,0.44890224203428886,0.6536894316846957,0.5257850343895216,0.44890224203428886,0.44890224203428886,0.44763732207195694,0.44890224203428886,0.4481502622099882
2,8,0.5411076479952363,0.4885874249050881,0.5411076479952363,0.6385663631950442,0.462808821771696,0.5411076479952363,0.5411076479952364,0.3932632771740315,0.5411076479952363,0.53551639594374
2,9,0.5735572223652754,0.5356196192745407,0.5735572223652754,0.6541925347745499,0.38854991841751607,0.5735572223652754,0.5735572223652754,0.3649354114638121,0.5735572223652754,0.5691345711905405
2,10,0.5345834623057736,0.5083146322526926,0.5345834623057736,0.6199397284454851,0.4024394280451479,0.5345834623057736,0.5345834623057736,0.3953423087506441,0.5345834623057736,0.5430209474416656
2,11,0.4389397308495789,0.46877961421573616,0.4389397308495789,0.6080799030376882,0.4494980523866218,0.4389397308495789,0.43893973084957894,0.3752213791786018,0.4389397308495789,0.4380339192596141
2,12,0.36170020786439017,0.6037068378880721,0.36170020786439017,0.6699910707094445,0.3915214566955262,0.36170020786439017,0.36170020786439017,0.38049264923205767,0.36170020786439017,0.3796319410367318
2,13,0.4168298510697038,0.473556986279965,0.4168298510697038,0.5947687748993025,0.4535957004966811,0.4168298510697038,0.4168298510697038,0.3857307769646229,0.4168298510697038,0.41407812324026316
2,14,0.29901909083280775,0.31903616549314234,0.29901909083280775,0.3245950259474064,0.28813223727418596,0.29901909083280775,0.29901909083280775,0.20387869506016504,0.29901909083280775,0.2547301647950342
2,15,0.4916574074444054,0.48724549681916424,0.4916574074444054,0.6363625275323047,0.39656761782532635,0.4916574074444054,0.49165740744440545,0.32976633531316946,0.4916574074444054,0.46549790209212016
2,16,0.5946469692490983,0.5746376954297301,0.5946469692490983,0.6571515581655131,0.45358170629509653,0.5946469692490983,0.5946469692490983,0.44838887791696924,0.5946469692490983,0.5877135950928541
2,17,0.3691640532227251,0.4610640880163134,0.3691640532227251,0.6043637805646376,0.41413790186793126,0.3691640532227251,0.36916405322272505,0.3393143056982098,0.3691640532227251,0.3406034998852117
2,18,0.5287726634119924,0.3549751677715791,0.5287726634119924,0.5680938164871747,0.38179403701184544,0.5287726634119924,0.5287726634119924,0.29711341719139595,0.5287726634119924,0.5162166929397461
2,19,0.5564589847196582,0.5932817180601466,0.5564589847196582,0.6830527906868861,0.5326139663051419,0.5564589847196582,0.5564589847196582,0.47890316418023426,0.5564589847196582,0.5315875140011772
2,20,0.5610135277725095,0.5183082512669379,0.5610135277725095,0.6260798119356966,0.4796112651960851,0.5610135277725095,0.5610135277725095,0.429192749306088,0.5610135277725095,0.5085559118670876
2,21,0.5454416795375818,0.48565667864770545,0.5454416795375818,0.6011625026668982,0.37085696265083057,0.5454416795375818,0.5454416795375818,0.3241232346910945,0.5454416795375818,0.5237596663976498
2,22,0.4615513138090664,0.48178114917084125,0.4615513138090664,0.6298023968443004,0.45402210508974833,0.4615513138090664,0.46155131380906633,0.3727619619575141,0.4615513138090664,0.4506372659670086
2,23,0.5122763952417463,0.46036932710003164,0.5122763952417463,0.6067629841232065,0.44142607151543783,0.5122763952417463,0.5122763952417464,0.3767072571912532,0.5122763952417463,0.45395752688070984
2,24,0.4254984717056226,0.4482376525999542,0.4254984717056226,0.6013602990864102,0.4725666160548122,0.4254984717056226,0.4254984717056226,0.3700962884621766,0.4254984717056226,0.4092545526798288
2,25,0.38382170329483967,0.4698030385122335,0.38382170329483967,0.6098157646228273,0.5074957402680468,0.38382170329483967,0.38382170329483967,0.3803323702064138,0.38382170329483967,0.36035962334128213
2,26,0.5652248980447886,0.4812008699268543,0.5652248980447886,0.6121137116537825,0.4858286474950489,0.5652248980447886,0.5652248980447886,0.44948140258801506,0.5652248980447886,0.5628553488011063
2,27,0.4880137172470016,0.4900170992594954,0.4880137172470016,0.6297763041760744,0.42815155904033847,0.4880137172470016,0.4880137172470016,0.3689843763140649,0.4880137172470016,0.48446521810766785
2,28,0.39018401327789665,0.4972802074972049,0.39018401327789665,0.651660127622704,0.5041037548620225,0.39018401327789665,0.39018401327789665,0.4008008656211979,0.39018401327789665,0.36689509095774664
2,29,0.3182263589219301,0.41580952540985117,0.3182263589219301,0.5742807443505158,0.44730759625781163,0.3182263589219301,0.3182263589219301,0.3122387153854328,0.3182263589219301,0.27524540081369825
2,30,0.45753601571848423,0.4103607892688278,0.45753601571848423,0.47140747613298806,0.500481508601228,0.45753601571848423,0.4575360157184842,0.391504207864818,0.45753601571848423,0.4212732101288479
2,31,0.5311451368105263,0.5422256950146322,0.5311451368105263,0.6600004507119986,0.5263041690281312,0.5311451368105263,0.5311451368105263,0.4459444010725996,0.5311451368105263,0.5391527024635603
2,32,0.4966316936464157,0.5074249076663999,0.4966316936464157,0.6374822380354445,0.38506197207503745,0.4966316936464157,0.49663169364641574,0.319358481242205,0.4966316936464157,0.47456219712725983
2,33,0.33935968772670844,0.5038045803261219,0.33935968772670844,0.6135699724618648,0.4032681185062499,0.33935968772670844,0.33935968772670844,0.33042438067843066,0.33935968772670844,0.3404171666200966
2,34,0.3726788561613546,0.37533312896697096,0.3726788561613546,0.5316662776945074,0.39754506046382715,0.3726788561613546,0.3726788561613546,0.31653601362841843,0.3726788561613546,0.3230842373210647
2,35,0.6162640666690022,0.5091337682113882,0.6162640666690022,0.6520091058933257,0.4521347176257536,0.6162640666690022,0.6162640666690022,0.3896820172523434,0.6162640666690022,0.5945645639167911
2,36,0.4973289114564976,0.5345739743875035,0.4973289114564976,0.6656379018284477,0.47531986429094725,0.4973289114564976,0.4973289114564976,0.42444528462317227,0.4973289114564976,0.4858632301070761
2,37,0.46104580069606554,0.4654492143895502,0.46104580069606554,0.6158178040621933,0.4353614960678073,0.46104580069606554,0.46104580069606554,0.32591333705831693,0.46104580069606554,0.416297968017005
2,38,0.5660956072118508,0.5651418355123716,0.5660956072118508,0.6550346914756298,0.4774996410530978,0.5660956072118508,0.5660956072118508,0.43370083057810077,0.5660956072118508,0.5697478363504266
2,39,0.4803393963002573,0.48163375687398313,0.4803393963002573,0.6281393533247716,0.43004947572261665,0.4803393963002573,0.48033939630025735,0.3341787327479277,0.4803393963002573,0.44525785417890146
2,40,0.5667158829525274,0.5685497923743656,0.5667158829525274,0.6592820213738374,0.4964365934308238,0.5667158829525274,0.5667158829525274,0.45995985147083746,0.5667158829525274,0.5736103897434195
2,41,0.47978091582063687,0.48090306595241616,0.47978091582063687,0.6467186308887226,0.42200700453244744,0.47978091582063687,0.47978091582063687,0.38205865771991393,0.47978091582063687,0.47332141335227784
2,42,0.2843072653664138,0.38645972563735925,0.2843072653664138,0.5279335858991402,0.4492971884480076,0.2843072653664138,0.2843072653664138,0.2966555502906751,0.2843072653664138,0.2584913459566516
2,43,0.5534982947760331,0.5496617704875097,0.5534982947760331,0.6619161214615836,0.5513768155530746,0.5534982947760331,0.5534982947760331,0.4888013919987358,0.5534982947760331,0.5452994021652355
2,44,0.562527558130988,0.4489507812435897,0.562527558130988,0.6143553028879265,0.44613156509494395,0.562527558130988,0.5625275581309879,0.4073188427846567,0.562527558130988,0.5576706138563872
2,45,0.4950590274838373,0.4252084228413483,0.4950590274838373,0.6121596556941035,0.4361826581974887,0.4950590274838373,0.49505902748383723,0.36001319697571627,0.4950590274838373,0.4959489408985644
2,46,0.5344497429363603,0.5652820043723046,0.5344497429363603,0.6646841813670279,0.4193184320197783,0.5344497429363603,0.5344497429363603,0.39464461811786666,0.5344497429363603,0.5340263576513731
2,47,0.4021648599064262,0.5628424214047457,0.4021648599064262,0.64065414212809,0.4766300244348373,0.4021648599064262,0.40216485990642614,0.4386503268277806,0.4021648599064262,0.42065417028608787
2,48,0.30942652789712216,0.4402609922019478,0.30942652789712216,0.5884786589017417,0.4533607534852384,0.30942652789712216,0.3094265278971221,0.33653319855715713,0.30942652789712216,0.28947311102737017
2,49,0.36288240231725727,0.4542465472233877,0.36288240231725727,0.5900177012282125,0.35864561768567016,0.36288240231725727,0.3628824023172572,0.30412221782575277,0.36288240231725727,0.40143321175153146
2,50,0.5320086907368347,0.5124156771591661,0.5320086907368347,0.6040914345303937,0.4034833529053292,0.5320086907368347,0.5320086907368347,0.3663910431250566,0.5320086907368347,0.533890986957936
2,51,0.5246326596968427,0.5481517473483868,0.5246326596968427,0.6782824538924688,0.5401382992310051,0.5246326596968427,0.5246326596968427,0.4470952219656565,0.5246326596968427,0.5089754073118271
2,52,0.3013974185192313,0.46059218016029796,0.3013974185192313,0.5926169007945472,0.32917007836260437,0.3013974185192313,0.3013974185192313,0.2452686544148276,0.3013974185192313,0.2704234090452152
2,53,0.4582766295991123,0.5129504893142336,0.4582766295991123,0.613948563365788,0.4345050343826672,0.4582766295991123,0.4582766295991123,0.3482817159906218,0.4582766295991123,0.38777955431704725
2,54,0.3167372325182833,0.381850078358606,0.3167372325182833,0.5404328497435713,0.4212612212796611,0.3167372325182833,0.31673723251828323,0.2891949956832744,0.3167372325182833,0.28230805081615284
2,55,0.3387297477647539,0.5583060369844652,0.3387297477647539,0.6203129266577396,0.35222388260964077,0.3387297477647539,0.33872974776475384,0.31536598627665924,0.3387297477647539,0.3151574050258436
2,56,0.44811572310259046,0.46423967363631846,0.44811572310259046,0.5205716714640989,0.49525085239704847,0.44811572310259046,0.44811572310259046,0.4008414032057958,0.44811572310259046,0.4300147516559042
2,57,0.549795597073711,0.5243867396565289,0.549795597073711,0.6527537288586471,0.5348758554951554,0.549795597073711,0.549795597073711,0.4616391108090773,0.549795597073711,0.5177255468767414
2,58,0.4782991305081531,0.49202642658670237,0.4782991305081531,0.648979578833077,0.4108561686052578,0.4782991305081531,0.4782991305081531,0.3587255960894799,0.4782991305081531,0.4743527161971861
2,59,0.38634601647768313,0.44819856263500624,0.38634601647768313,0.5108471931516416,0.453609955816375,0.38634601647768313,0.38634601647768313,0.3637459736589767,0.38634601647768313,0.3511683493631317
2,60,0.42221226477029866,0.5403462572767306,0.42221226477029866,0.6479326206571525,0.4642499939407673,0.42221226477029866,0.4222122647702986,0.4224497205185624,0.42221226477029866,0.45380476884597565
2,61,0.5395267114894489,0.5845071579897112,0.5395267114894489,0.6628136546844821,0.46715504017910825,0.5395267114894489,0.5395267114894489,0.46016919752634877,0.5395267114894489,0.5608202495855488
2,62,0.4368540246324274,0.5171297417503794,0.4368540246324274,0.637254242706135,0.513132544043521,0.4368540246324274,0.43685402463242734,0.42573555548986153,0.4368540246324274,0.43699202067319753
2,63,0.4962967912090526,0.42791998467081815,0.4962967912090526,0.6126184584189142,0.4832168815437177,0.4962967912090526,0.4962967912090527,0.39849169058173073,0.4962967912090526,0.48366917774682255
2,64,0.5124858486529051,0.5137548407562353,0.5124858486529051,0.6141325708124089,0.46166577204238174,0.5124858486529051,0.5124858486529051,0.4344928182730849,0.5124858486529051,0.5159724040586176
2,65,0.47162923809788426,0.6121852793510814,0.47162923809788426,0.6581540039814227,0.4767107114006206,0.47162923809788426,0.47162923809788426,0.4327667808462502,0.47162923809788426,0.48452371121549176
2,66,0.5411331095012956,0.4406691790619526,0.5411331095012956,0.5872632154950275,0.4929666058041907,0.5411331095012956,0.5411331095012955,0.39992980709636755,0.5411331095012956,0.5197874128054505
2,67,0.5151962910205539,0.4115127376697003,0.5151962910205539,0.587947319565366,0.5204065421202575,0.5151962910205539,0.5151962910205539,0.4124207810646259,0.5151962910205539,0.4767795500642218
2,68,0.5108216511638,0.567045827087112,0.5108216511638,0.6785565135027998,0.45495104174433365,0.5108216511638,0.5108216511638,0.40765315667655444,0.5108216511638,0.5054335696731629
2,69,0.2478628364508036,0.3989803837912082,0.2478628364508036,0.6054561232828312,0.3542141700593252,0.2478628364508036,0.2478628364508036,0.24588439959805736,0.2478628364508036,0.21199904119380497
2,70,0.3112473972811758,0.440601589453058,0.3112473972811758,0.39385327638979767,0.35833387196030486,0.3112473972811758,0.3112473972811758,0.2607638640760557,0.3112473972811758,0.24794501517490228
2,71,0.529732673700671,0.4861232763035051,0.529732673700671,0.6365766480431037,0.4963302611423542,0.529732673700671,0.529732673700671,0.4431140379317726,0.529732673700671,0.5148828116826104
2,72,0.427552025801984,0.4871951062304104,0.427552025801984,0.6025224981525232,0.37014834628159754,0.427552025801984,0.42755202580198404,0.33380827546886915,0.427552025801984,0.40773112778811726
2,73,0.45801811167992695,0.5358600504579091,0.45801811167992695,0.6359651366861381,0.5449201788908786,0.45801811167992695,0.45801811167992695,0.4599949062083872,0.45801811167992695,0.44216160129971177
2,74,0.5043182807201666,0.5301278269228777,0.5043182807201666,0.6316929964545919,0.4748252019442432,0.5043182807201666,0.5043182807201665,0.4354338012518146,0.5043182807201666,0.5167197919486889
2,75,0.5492369307436813,0.4784612429296276,0.5492369307436813,0.6255402620598556,0.5010059865460035,0.5492369307436813,0.5492369307436813,0.3925167294380283,0.5492369307436813,0.5158316043952228
2,76,0.49496517302719556,0.53500831419654,0.49496517302719556,0.646454005549396,0.5032372490895534,0.49496517302719556,0.49496517302719556,0.4480027231056521,0.49496517302719556,0.5128546035060628
2,77,0.5249548313811762,0.6231406955357655,0.5249548313811762,0.6907116221104581,0.4496979300200299,0.5249548313811762,0.5249548313811762,0.42053589353465853,0.5249548313811762,0.5059588445586234
2,78,0.4985059020979073,0.6033399017224843,0.4985059020979073,0.6501596843713364,0.42643194711674876,0.4985059020979073,0.49850590209790735,0.39654938906917825,0.4985059020979073,0.48921561679947656
2,79,0.36929591408804646,0.39095343093320917,0.36929591408804646,0.577327854188572,0.502565736033416,0.36929591408804646,0.3692959140880464,0.36157553648335644,0.36929591408804646,0.3175739785692335
2,80,0.5687973146102675,0.5132271993138444,0.5687973146102675,0.6342034334498716,0.3945194214024408,0.5687973146102675,0.5687973146102675,0.35323739287332423,0.5687973146102675,0.5541579152891758
2,81,0.44998147536046385,0.5724942780398361,0.44998147536046385,0.6420808921165059,0.42155861676397255,0.44998147536046385,0.44998147536046385,0.3838861236352637,0.44998147536046385,0.4487492439888896
2,82,0.4974094776088821,0.3521095791890998,0.4974094776088821,0.5744731016451392,0.3638513168499424,0.4974094776088821,0.49740947760888204,0.31486293756790107,0.4974094776088821,0.49938059708700855
2,83,0.4905147062034915,0.45836030649816906,0.4905147062034915,0.6294177930191837,0.37638279469900193,0.4905147062034915,0.4905147062034915,0.2787391655459186,0.4905147062034915,0.4419508607490049
2,84,0.5008155580581346,0.5517671406451656,0.5008155580581346,0.6387972687560992,0.4296555225678873,0.5008155580581346,0.5008155580581346,0.4011040064460516,0.5008155580581346,0.5185897700700283
2,85,0.5267900112467375,0.5559680123553742,0.5267900112467375,0.5562322653764756,0.4667030526369462,0.5267900112467375,0.5267900112467375,0.4207669689867275,0.5267900112467375,0.5004937190247296
2,86,0.5229489479147723,0.5597605588777985,0.5229489479147723,0.6402694656274196,0.35813769553926006,0.5229489479147723,0.5229489479147724,0.3497419425685895,0.5229489479147723,0.5242227051283235
2,87,0.4726947184937791,0.6038142053310845,0.4726947184937791,0.655988200265199,0.4437929643773853,0.4726947184937791,0.47269471849377903,0.4083027401459809,0.4726947184937791,0.4997470533744457
2,88,0.41079194297589067,0.4222559047253003,0.41079194297589067,0.5697850179284982,0.36082483736945253,0.41079194297589067,0.4107919429758906,0.2992108394123709,0.41079194297589067,0.4033448432352374
2,89,0.49027440162440694,0.5037737692148708,0.49027440162440694,0.6133639856952595,0.4136562506075072,0.49027440162440694,0.4902744016244069,0.39206756476587284,0.49027440162440694,0.4980937764203754
2,90,0.5097385149790319,0.4660414099726508,0.5097385149790319,0.614146303554833,0.43697289227775354,0.5097385149790319,0.5097385149790319,0.39214866909996693,0.5097385149790319,0.49591662459598673
2,91,0.4381092582961067,0.4896494069648524,0.4381092582961067,0.6193660996470373,0.5046527435151871,0.4381092582961067,0.4381092582961067,0.4281002228718222,0.4381092582961067,0.39742828539183306
2,92,0.3641735980351151,0.4748469104179678,0.3641735980351151,0.6378076565191195,0.47154202382914673,0.3641735980351151,0.3641735980351152,0.3820734100431201,0.3641735980351151,0.37762037925832775
2,93,0.35915535821133104,0.5067367715168178,0.35915535821133104,0.6387706798984968,0.4874916794617034,0.35915535821133104,0.35915535821133104,0.38031365949615986,0.35915535821133104,0.31754670219331116
2,94,0.35408247836724466,0.46625198246455296,0.35408247836724466,0.5626286233310933,0.4195819899829489,0.35408247836724466,0.3540824783672447,0.33031865170386104,0.35408247836724466,0.2726717513873459
2,95,0.4779068002943499,0.5241334055704262,0.4779068002943499,0.6151265796623491,0.49085087559309265,0.4779068002943499,0.4779068002943499,0.42735845570301356,0.4779068002943499,0.4388618330284987
2,96,0.5622838153193332,0.42898645478351605,0.5622838153193332,0.6248671646828282,0.4763439198159007,0.5622838153193332,0.5622838153193334,0.40348432566396764,0.5622838153193332,0.5488704321433943
2,97,0.44110776879800223,0.3982524663008403,0.44110776879800223,0.4730771342210166,0.4596636914014166,0.44110776879800223,0.4411077687980023,0.363215002434402,0.44110776879800223,0.39969661987001726
2,98,0.36647730678224827,0.5166555769846671,0.36647730678224827,0.6267732617771185,0.36697547341497366,0.36647730678224827,0.3664773067822483,0.31556237908687385,0.36647730678224827,0.36607412264991374
2,99,0.6151039884148289,0.5288909558011823,0.6151039884148289,0.6501498133680095,0.45985941072700104,0.6151039884148289,0.6151039884148288,0.44909349382854474,0.6151039884148289,0.6124469502572536
3,0,0.5350198390665551,0.6306217988655795,0.5350198390665551,0.6453951509198664,0.406108770340454,0.5350198390665551,0.5350198390665551,0.3948555722860209,0.5350198390665551,0.5386212699976733
3,1,0.4622020690168504,0.45203671905420073,0.4622020690168504,0.60237873273462,0.390984252645662,0.4622020690168504,0.46220206901685035,0.3527211016860983,0.4622020690168504,0.46757829327942735
3,2,0.39977770432556603,0.49013846019993046,0.39977770432556603,0.6086452159613539,0.4896198158878333,0.39977770432556603,0.39977770432556603,0.42075074891009434,0.39977770432556603,0.3826473030401954
3,3,0.481334346465864,0.5254363117668073,0.481334346465864,0.6193610858330149,0.49352488165725794,0.481334346465864,0.48133434646586404,0.41855758189914205,0.481334346465864,0.45846700143447794
3,4,0.3031748918327387,0.3342497570195296,0.3031748918327387,0.39906204624681313,0.31838254356460616,0.3031748918327387,0.3031748918327387,0.2186445252629005,0.3031748918327387,0.29348357490932864
3,5,0.3988896181452445,0.5276446601466629,0.3988896181452445,0.6306647929478849,0.49880460006808985,0.3988896181452445,0.3988896181452445,0.40752281457083195,0.3988896181452445,0.37638091505306004
3,6,0.3580351448699293,0.4985817673313961,0.3580351448699293,0.6011991261228639,0.44196482833374184,0.3580351448699293,0.35803514486992927,0.3324874802519435,0.3580351448699293,0.34980269061244496
3,7,0.43187602142223325,0.5392858032768714,0.43187602142223325,0.6393650352661615,0.5177725911054428,0.43187602142223325,0.43187602142223325,0.42887881100545366,0.43187602142223325,0.42543230768010215
3,8,0.5227361491962481,0.4917726526327714,0.5227361491962481,0.63644183066781,0.4612676067291461,0.5227361491962481,0.5227361491962481,0.38996844109421913,0.5227361491962481,0.5199775151579046
3,9,0.5665543789469399,0.5188505827190812,0.5665543789469399,0.6394535071423246,0.38606966567678025,0.5665543789469399,0.56655437894694,0.3544383632535043,0.5665543789469399,0.5583632161096012
3,10,0.5160196083332722,0.5321524500260919,0.5160196083332722,0.6306139102584821,0.40376345783031453,0.5160196083332722,0.5160196083332722,0.40304821565320953,0.5160196083332722,0.5342829077616346
3,11,0.4669632777247226,0.5017526658677632,0.4669632777247226,0.6227147114605242,0.5106659483800717,0.4669632777247226,0.46696327772472257,0.4340438518726196,0.4669632777247226,0.46966374532408006
3,12,0.40578801363361433,0.6059042144616522,0.40578801363361433,0.6691066131111763,0.45891259318293665,0.40578801363361433,0.4057880136336143,0.45133686471526624,0.40578801363361433,0.4215220224869863
3,13,0.433532506119357,0.4914080400875902,0.433532506119357,0.6039842283403999,0.4822257925349447,0.433532506119357,0.433532506119357,0.40079207507850145,0.433532506119357,0.4276993602923093
3,14,0.3437097953294491,0.3516272811846126,0.3437097953294491,0.33868659935769985,0.31713422888654286,0.3437097953294491,0.3437097953294491,0.23942237827810214,0.3437097953294491,0.29516147897512407
3,15,0.49533705969598774,0.491799431368961,0.49533705969598774,0.6322686538435158,0.40514516498872566,0.49533705969598774,0.4953370596959878,0.34148446913136643,0.49533705969598774,0.4708681475246582
3,16,0.5919122734030502,0.5804157289192378,0.5919122734030502,0.6576850239479022,0.4576100455007175,0.5919122734030502,0.5919122734030502,0.4585381667760856,0.5919122734030502,0.5885198668662498
3,17,0.36157550223982265,0.46616681408738936,0.36157550223982265,0.6051023001257649,0.4255289168669045,0.36157550223982265,0.3615755022398227,0.3436129253157025,0.36157550223982265,0.32251229357065575
3,18,0.5147209785990466,0.4474754032434569,0.5147209785990466,0.589933984313065,0.38656562312122444,0.5147209785990466,0.5147209785990465,0.29904278919576466,0.5147209785990466,0.5070181223306223
3,19,0.5360668273467354,0.5784376402007805,0.5360668273467354,0.6729437429150178,0.5107736810187031,0.5360668273467354,0.5360668273467354,0.45988079103045476,0.5360668273467354,0.515125535145092
3,20,0.5724040205762422,0.5111092014384971,0.5724040205762422,0.627919040253727,0.4865799378825434,0.5724040205762422,0.5724040205762422,0.42639932552865467,0.5724040205762422,0.516129925825022
3,21,0.5326788673123791,0.4794915249348425,0.5326788673123791,0.5979377715316295,0.3753624666096346,0.5326788673123791,0.532678867312379,0.33319202587263397,0.5326788673123791,0.5196077887449833
3,22,0.47206672996112103,0.5161891469770878,0.47206672996112103,0.651625822889391,0.4883796532161061,0.47206672996112103,0.47206672996112103,0.3958548076728295,0.47206672996112103,0.4590377536393336
3,23,0.4968766444857301,0.4488675457397372,0.4968766444857301,0.592728619057753,0.4403323388724274,0.4968766444857301,0.49687664448573005,0.3698086535626983,0.4968766444857301,0.4374321949478887
3,24,0.44226598854808363,0.484040324532063,0.44226598854808363,0.6201890656124108,0.49816272206198237,0.44226598854808363,0.44226598854808363,0.38321619668062923,0.44226598854808363,0.4200103608767051
3,25,0.3994163182048932,0.4763422111187004,0.3994163182048932,0.6224648618199099,0.5271489054153611,0.3994163182048932,0.3994163182048932,0.39174390501044426,0.3994163182048932,0.3711992070293034
3,26,0.5592275053401792,0.47500659388461375,0.5592275053401792,0.6088133540548757,0.4950707564863257,0.5592275053401792,0.5592275053401792,0.4507187643226338,0.5592275053401792,0.5556290663298038
3,27,0.5051803478432013,0.493862670934993,0.5051803478432013,0.6323618671073437,0.4301050883767328,0.5051803478432013,0.5051803478432014,0.38206872555127297,0.5051803478432013,0.5023173667782632
3,28,0.3872556613054709,0.4791694233707756,0.3872556613054709,0.6416303958788127,0.5039105706220428,0.3872556613054709,0.3872556613054709,0.3845803171266916,0.3872556613054709,0.3480904259587343
3,29,0.3206048724587628,0.418954957383486,0.3206048724587628,0.582855973395696,0.4531556395888371,0.3206048724587628,0.3206048724587628,0.31165221437105517,0.3206048724587628,0.27312245093141563
3,30,0.46702367910770987,0.4666018631387909,0.46702367910770987,0.4831428638341351,0.508999468648252,0.46702367910770987,0.4670236791077099,0.4370521280932327,0.46702367910770987,0.4350029248803994
3,31,0.48943695968059003,0.5618898034125452,0.48943695968059003,0.6584269483266718,0.510985991413128,0.48943695968059003,0.4894369596805901,0.45027183885130345,0.48943695968059003,0.5121231126159339
3,32,0.49255432151916356,0.5020671040462475,0.49255432151916356,0.6352070881679379,0.38311777299489036,0.49255432151916356,0.49255432151916356,0.31388470133470303,0.49255432151916356,0.468364240471688
3,33,0.36016917219347067,0.5779510082195929,0.36016917219347067,0.6334620563218621,0.4227881895316228,0.36016917219347067,0.36016917219347067,0.3628058042509527,0.36016917219347067,0.3639755279163349
3,34,0.37627506157921,0.36958055922872834,0.37627506157921,0.5276216180972344,0.4253222555432834,0.37627506157921,0.37627506157921,0.3292967118950054,0.37627506157921,0.32343835472756916
3,35,0.6176111104348221,0.5168625816073166,0.6176111104348221,0.6534524201959848,0.45968337557505623,0.6176111104348221,0.6176111104348221,0.40334625087721243,0.6176111104348221,0.5992791965019442
3,36,0.46715033616157386,0.5285280766507141,0.46715033616157386,0.659585669983011,0.43989487270466066,0.46715033616157386,0.46715033616157386,0.38707985312518456,0.46715033616157386,0.45708342378973416
3,37,0.5478377559380831,0.5556289636568066,0.5478377559380831,0.6672832566050583,0.47989190539757465,0.5478377559380831,0.5478377559380831,0.41234535133595795,0.5478377559380831,0.546947056734156
3,38,0.5507600677722102,0.5415577827307567,0.5507600677722102,0.6452218177574538,0.4775158909593429,0.5507600677722102,0.5507600677722102,0.4221642701041877,0.5507600677722102,0.5575253153818893
3,39,0.46611579985880947,0.4856896154772486,0.46611579985880947,0.6344807093505941,0.4226121572600313,0.46611579985880947,0.46611579985880947,0.32737906018822993,0.46611579985880947,0.43730507787908934
3,40,0.5846960737149629,0.5901759861726246,0.5846960737149629,0.6690252816709802,0.5069870236862699,0.5846960737149629,0.5846960737149629,0.48023366243074217,0.5846960737149629,0.593433695032181
3,41,0.46288925090483596,0.48427313284703094,0.46288925090483596,0.6439719920120869,0.4198599162192852,0.46288925090483596,0.4628892509048359,0.37793633941120824,0.46288925090483596,0.4618174014684591
3,42,0.323383707776994,0.4042043954889457,0.323383707776994,0.5701717635435715,0.4789708968072676,0.323383707776994,0.323383707776994,0.32141036168760895,0.323383707776994,0.29988236077895014
3,43,0.5464175800362464,0.5556761697867243,0.5464175800362464,0.6624418234188614,0.5503076562759759,0.5464175800362464,0.5464175800362464,0.4959437843444384,0.5464175800362464,0.5417960242744619
3,44,0.5536032073320216,0.4626820592994251,0.5536032073320216,0.613292128653532,0.41465925277436627,0.5536032073320216,0.5536032073320216,0.3912658446105558,0.5536032073320216,0.5499740740314699
3,45,0.4803346571148229,0.43063316907581967,0.4803346571148229,0.6082622891306866,0.4337261857559185,0.4803346571148229,0.4803346571148229,0.35508056405748184,0.4803346571148229,0.4795991961430612
3,46,0.5198378120649068,0.5489532518805389,0.5198378120649068,0.6616901310028156,0.42054256029817044,0.5198378120649068,0.5198378120649068,0.3833867846849845,0.5198378120649068,0.5207205374375594
3,47,0.4123783620687492,0.5432114062317541,0.4123783620687492,0.6330489955593295,0.49671315699225693,0.4123783620687492,0.4123783620687492,0.42908821905463396,0.4123783620687492,0.4222417943048005
3,48,0.3399521788312109,0.5150686355669344,0.3399521788312109,0.6297179439821341,0.46583842612111265,0.3399521788312109,0.3399521788312109,0.35542417396646747,0.3399521788312109,0.3221760730436207
3,49,0.4151274613215098,0.4791191402346007,0.4151274613215098,0.6046066959100709,0.4177026055074004,0.4151274613215098,0.4151274613215098,0.36941749859464557,0.4151274613215098,0.4439278910942999
3,50,0.5143460253985027,0.4961127222663688,0.5143460253985027,0.5969602681962347,0.39910981114360766,0.5143460253985027,0.5143460253985028,0.3636245037263356,0.5143460253985027,0.5229275236343416
3,51,0.527802245500399,0.5444679041274326,0.527802245500399,0.6672458914665589,0.5571588723692663,0.527802245500399,0.527802245500399,0.46803342765223377,0.527802245500399,0.514221351045598
3,52,0.311531005005602,0.5008797289112519,0.311531005005602,0.614726697344882,0.3474242860849863,0.311531005005602,0.311531005005602,0.27248613627597895,0.311531005005602,0.2865642907221172
3,53,0.4670450519047669,0.5179774020975341,0.4670450519047669,0.6114197349818744,0.4613733610864015,0.4670450519047669,0.4670450519047669,0.37963759085609755,0.4670450519047669,0.3994552384572039
3,54,0.3313111569810571,0.36577793961349114,0.3313111569810571,0.5427640404884193,0.4616676037224705,0.3313111569810571,0.3313111569810571,0.2999482555368058,0.3313111569810571,0.28862654207850663
3,55,0.3571749362509865,0.5816479984875458,0.3571749362509865,0.627130163821483,0.3821885680306794,0.3571749362509865,0.3571749362509865,0.3507672536626007,0.3571749362509865,0.3300635664378871
3,56,0.42725801045464307,0.4376437236506122,0.42725801045464307,0.4984711302657567,0.4901476201742106,0.42725801045464307,0.427258010454643,0.3765980205562459,0.42725801045464307,0.39455818416219285
3,57,0.5459378072049186,0.6027157080607486,0.5459378072049186,0.6927823877928112,0.539401311505868,0.5459378072049186,0.5459378072049186,0.4688355464837809,0.5459378072049186,0.5192024720268975
3,58,0.4370566945036507,0.47793671842659907,0.4370566945036507,0.6400745076409133,0.3931806085494174,0.4370566945036507,0.43705669450365076,0.3374493994160403,0.4370566945036507,0.4444485502315336
3,59,0.3953920063694652,0.44547324756487633,0.3953920063694652,0.5011771254454641,0.46504475102593756,0.3953920063694652,0.39539200636946525,0.37516986481584524,0.3953920063694652,0.3587906935243299
3,60,0.4146843010207927,0.5658269331555145,0.4146843010207927,0.6601701045185159,0.49698621880939486,0.4146843010207927,0.4146843010207927,0.45985362134000446,0.4146843010207927,0.4488620005764026
3,61,0.5269805079161588,0.5735100289210646,0.5269805079161588,0.6540920808473919,0.452973217717205,0.5269805079161588,0.5269805079161588,0.42673152200826137,0.5269805079161588,0.5400593120937167
3,62,0.43101562695288126,0.4990544484896044,0.43101562695288126,0.6299043944991721,0.5187239927272783,0.43101562695288126,0.4310156269528812,0.40814007466410285,0.43101562695288126,0.42348091953144623
3,63,0.5031523481781038,0.43427751329200287,0.5031523481781038,0.6190307081174705,0.48087975761956764,0.5031523481781038,0.5031523481781037,0.4018395234637773,0.5031523481781038,0.4919264392875007
3,64,0.49742815557500586,0.5858354642693182,0.49742815557500586,0.6691995945205074,0.4460181993118791,0.49742815557500586,0.4974281555750058,0.4245162938103142,0.49742815557500586,0.5050450502316606
3,65,0.4559790539154825,0.596552271208916,0.4559790539154825,0.657405191530994,0.4907757124629798,0.4559790539154825,0.45597905391548244,0.4306005140829461,0.4559790539154825,0.46487221133100853
3,66,0.5289463406193818,0.44415972593957065,0.5289463406193818,0.5870867166283776,0.4816000708640368,0.5289463406193818,0.5289463406193818,0.39640958599435017,0.5289463406193818,0.5135824316828235
3,67,0.524316063524785,0.426618733222748,0.524316063524785,0.5937696720203162,0.5227058334427614,0.524316063524785,0.524316063524785,0.41899602126430907,0.524316063524785,0.48873323645859396
3,68,0.5213223851335284,0.5703952410258868,0.5213223851335284,0.6706117799220097,0.46564826684118243,0.5213223851335284,0.5213223851335285,0.4290419458253949,0.5213223851335284,0.5207921986125302
3,69,0.3099390104004677,0.42578693990137734,0.3099390104004677,0.6112031821258003,0.40278348293998406,0.3099390104004677,0.3099390104004677,0.2982869960459838,0.3099390104004677,0.26785567181103304
3,70,0.32166598537004165,0.48368255086128736,0.32166598537004165,0.4148674860672275,0.37959156021510493,0.32166598537004165,0.32166598537004165,0.2951211716204105,0.32166598537004165,0.26377068310816504
3,71,0.49493924689511337,0.4797404557171827,0.49493924689511337,0.625573659704064,0.4854888772304923,0.49493924689511337,0.49493924689511337,0.4341152218101465,0.49493924689511337,0.4935237933263254
3,72,0.42630970874174345,0.4890243393058644,0.42630970874174345,0.6146311373759568,0.41397330885323974,0.42630970874174345,0.4263097087417435,0.35478983271033093,0.42630970874174345,0.3966956401001241
3,73,0.48364985671398075,0.5473622628038439,0.48364985671398075,0.6498742374894053,0.5645324990398357,0.48364985671398075,0.48364985671398075,0.4773382236865003,0.48364985671398075,0.46517531060056316
3,74,0.48283304416558415,0.5125713922172433,0.48283304416558415,0.6187207805380639,0.4821804775582851,0.48283304416558415,0.48283304416558415,0.4303476530155465,0.48283304416558415,0.49350372378955626
3,75,0.5304767258138692,0.5214429792997985,0.5304767258138692,0.6577765312060364,0.49553210389035773,0.5304767258138692,0.5304767258138692,0.3844756363164066,0.5304767258138692,0.5033342102429279
3,76,0.4942906289670351,0.5250171146578744,0.4942906289670351,0.6421674154398598,0.5091343805378206,0.4942906289670351,0.494290628967035,0.4482073770757041,0.4942906289670351,0.5090193011157982
3,77,0.5348353825354326,0.6030527448023116,0.5348353825354326,0.6860349974927409,0.46605184125395077,0.5348353825354326,0.5348353825354326,0.4341164929903,0.5348353825354326,0.5149305800483814
3,78,0.4950173969921784,0.6070442984476223,0.4950173969921784,0.6517532437293404,0.44097784198535583,0.4950173969921784,0.4950173969921784,0.419537232361191,0.4950173969921784,0.4909144472320496
3,79,0.36268577258433266,0.37150104906745074,0.36268577258433266,0.5655736066572961,0.5195729251626195,0.36268577258433266,0.36268577258433254,0.3503950233411065,0.36268577258433266,0.30992685736865677
3,80,0.5678109135634837,0.5067673718360506,0.5678109135634837,0.630461513645544,0.3948068515508014,0.5678109135634837,0.5678109135634837,0.3574603652977639,0.5678109135634837,0.5563838197255141
3,81,0.4479159339127096,0.5641815272187612,0.4479159339127096,0.6369912465662279,0.42891690758159595,0.4479159339127096,0.44791593391270956,0.3878669808070224,0.4479159339127096,0.44645915148860393
3,82,0.48552490149231375,0.3589600913347376,0.48552490149231375,0.5699841605451569,0.3468512118997654,0.48552490149231375,0.48552490149231375,0.3100282222056954,0.48552490149231375,0.4874078137703757
3,83,0.49650066910793567,0.5115098036072641,0.49650066910793567,0.6426711727601735,0.38690058129278626,0.49650066910793567,0.4965006691079357,0.3028719381664321,0.49650066910793567,0.4523639330188614
3,84,0.499207766168219,0.542879741022095,0.499207766168219,0.636637851583397,0.4377842722041875,0.499207766168219,0.499207766168219,0.3937600060097162,0.499207766168219,0.5125379120882828
3,85,0.5167559476544888,0.5748260585354954,0.5167559476544888,0.6766078282217951,0.47023680711703136,0.5167559476544888,0.5167559476544888,0.41672828569012815,0.5167559476544888,0.49228682471149565
3,86,0.5361635624847196,0.562815352253659,0.5361635624847196,0.6425889548175328,0.35586366156124805,0.5361635624847196,0.5361635624847196,0.3504446219102485,0.5361635624847196,0.5314444884700373
3,87,0.47133169159276866,0.6235257219676531,0.47133169159276866,0.6628921927875254,0.45040275319879297,0.47133169159276866,0.47133169159276866,0.42087757592416564,0.47133169159276866,0.5013375865710025
3,88,0.417268179259782,0.4139774531406849,0.417268179259782,0.569430464695688,0.38097912563150693,0.417268179259782,0.417268179259782,0.30871559149018424,0.417268179259782,0.4095554531034421
3,89,0.45016286535983474,0.5111200669147967,0.45016286535983474,0.6140185600489789,0.4062688183648139,0.45016286535983474,0.45016286535983474,0.3761330729885458,0.45016286535983474,0.467309391170572
3,90,0.509607211664938,0.4463649127430852,0.509607211664938,0.6054638837588691,0.44879699326113914,0.509607211664938,0.509607211664938,0.3978959592984555,0.509607211664938,0.497409760906908
3,91,0.43840606139958554,0.47491897482865897,0.43840606139958554,0.6181039129922866,0.5257273409887318,0.43840606139958554,0.4384060613995855,0.4348142825052149,0.43840606139958554,0.3983117349343479
3,92,0.3759793735781863,0.48527733607800416,0.3759793735781863,0.6397789472865884,0.49168130607722726,0.3759793735781863,0.3759793735781862,0.4052210998171495,0.3759793735781863,0.3896438269556653
3,93,0.3662885756917143,0.5332877534320792,0.3662885756917143,0.6635714475020914,0.5048821073575751,0.3662885756917143,0.3662885756917143,0.38202794538674995,0.3662885756917143,0.3115784504142918
3,94,0.3513387687763507,0.47436993043371345,0.3513387687763507,0.5584721586785435,0.4262780494067833,0.3513387687763507,0.3513387687763507,0.3341885400323184,0.3513387687763507,0.2575813824345078
3,95,0.47710550625512077,0.5110299526132769,0.47710550625512077,0.6105087364850298,0.49949608144560464,0.47710550625512077,0.47710550625512077,0.43319978505793455,0.47710550625512077,0.4336010051399722
3,96,0.5605180505816049,0.4355803398030737,0.5605180505816049,0.6209695868449221,0.4674282404419295,0.5605180505816049,0.560518050581605,0.39755269702853896,0.5605180505816049,0.545465079750087
3,97,0.4403355603478116,0.41937688768016557,0.4403355603478116,0.48107943954145127,0.46874218622090547,0.4403355603478116,0.4403355603478116,0.3678847956733622,0.4403355603478116,0.39548346052162464
3,98,0.416707747350865,0.5496258608720368,0.416707747350865,0.6460951840185445,0.4348596611885207,0.416707747350865,0.416707747350865,0.39108042876264215,0.416707747350865,0.43019272511250745
3,99,0.5973743240039835,0.5034034462919691,0.5973743240039835,0.6335220547253892,0.46782062938203917,0.5973743240039835,0.5973743240039835,0.4590032006795671,0.5973743240039835,0.5994727685577559
4,0,0.5360652476182574,0.5764891663310686,0.5360652476182574,0.6402409474731958,0.41261882288105506,0.5360652476182574,0.5360652476182572,0.4057994669693017,0.5360652476182574,0.5425153446575234
4,1,0.48635899812876515,0.5339919586881158,0.48635899812876515,0.6298268081681377,0.44635299777029647,0.48635899812876515,0.48635899812876515,0.38847805809525926,0.48635899812876515,0.4914159103799648
4,2,0.38813835782392586,0.5641083902917876,0.38813835782392586,0.6276442886284919,0.4940504703323069,0.38813835782392586,0.3881383578239259,0.42586611005645925,0.38813835782392586,0.36999062885308154
4,3,0.4771157280276263,0.5109983268637088,0.4771157280276263,0.6112311862434775,0.491070510043486,0.4771157280276263,0.4771157280276263,0.416412478900833,0.4771157280276263,0.45148346276130036
4,4,0.29650945983229043,0.3983516786881408,0.29650945983229043,0.4450874846706587,0.32878977732254666,0.29650945983229043,0.29650945983229043,0.22548223045197152,0.29650945983229043,0.28301603374829365
4,5,0.40156911641976284,0.5153085325794249,0.40156911641976284,0.6100596774552989,0.5128651504502061,0.40156911641976284,0.40156911641976284,0.41479321419206877,0.40156911641976284,0.37060838340366664
4,6,0.3601785576391348,0.4985586349488765,0.3601785576391348,0.604641866345361,0.4634259357932242,0.3601785576391348,0.3601785576391348,0.34808061115491906,0.3601785576391348,0.34587063343663327
4,7,0.4153259495585263,0.5530421955613372,0.4153259495585263,0.6515360084719886,0.5241934838537089,0.4153259495585263,0.41532594955852625,0.4380771765743995,0.4153259495585263,0.40212557838051904
4,8,0.5229508064188643,0.48229986142315434,0.5229508064188643,0.6212076282647196,0.4508479686032748,0.5229508064188643,0.5229508064188643,0.38461696606327744,0.5229508064188643,0.5175029447540382
4,9,0.5448727914350467,0.4597014144497884,0.5448727914350467,0.6114015805456215,0.36923999307719313,0.5448727914350467,0.5448727914350467,0.32351363314027826,0.5448727914350467,0.5332765789951359
4,10,0.5065862132635304,0.5330757426060808,0.5065862132635304,0.6159976857833982,0.38735636919572575,0.5065862132635304,0.5065862132635304,0.39001264814797254,0.5065862132635304,0.5185948484498191
4,11,0.43615364736538925,0.47588203568140164,0.43615364736538925,0.6160194380537963,0.504909376557596,0.43615364736538925,0.4361536473653892,0.40354323172038903,0.43615364736538925,0.43427381547097
4,12,0.40461343904752406,0.5945608873799166,0.40461343904752406,0.6628273001738356,0.4679993232829799,0.40461343904752406,0.40461343904752406,0.4544820739839612,0.40461343904752406,0.4184406532598687
4,13,0.45042649416527286,0.4989439642626773,0.45042649416527286,0.6039021163031297,0.49724762703233966,0.45042649416527286,0.45042649416527286,0.4178768555222349,0.45042649416527286,0.4485490167218508
4,14,0.33414751300093304,0.3585426405611978,0.33414751300093304,0.342966519186489,0.35390101109704963,0.33414751300093304,0.33414751300093304,0.2723646634687559,0.33414751300093304,0.29560435692354603
4,15,0.471626078640928,0.47150638857597604,0.471626078640928,0.6190476574708221,0.3907860313494602,0.471626078640928,0.471626078640928,0.31557797221347483,0.471626078640928,0.44728339428478336
4,16,0.57837650932602,0.5805478353906991,0.57837650932602,0.6541260304453138,0.43311976573726474,0.57837650932602,0.57837650932602,0.4387967053862414,0.57837650932602,0.5774135963930236
4,17,0.38824912466780404,0.46762153468225753,0.38824912466780404,0.5852341294396345,0.45955433591100653,0.38824912466780404,0.38824912466780404,0.37726814090535676,0.38824912466780404,0.35496749957214324
4,18,0.517875603444663,0.42115154737612404,0.517875603444663,0.5831573261466574,0.37802829678912175,0.517875603444663,0.517875603444663,0.3001668044582128,0.517875603444663,0.5084259081623187
4,19,0.5462398141198548,0.5704004180292105,0.5462398141198548,0.672073220156919,0.5170910746588673,0.5462398141198548,0.5462398141198548,0.4601804235753666,0.5462398141198548,0.5195180414112242
4,20,0.5636184071077374,0.5015797400570123,0.5636184071077374,0.6268964295687592,0.4813427772441715,0.5636184071077374,0.5636184071077375,0.4210373835390675,0.5636184071077374,0.5102999744147038
4,21,0.5323160873136373,0.483709455249433,0.5323160873136373,0.5968094019012328,0.36773862832506427,0.5323160873136373,0.5323160873136374,0.32616274435945314,0.5323160873136373,0.5145163757157591
4,22,0.4527876306888462,0.49266952690004917,0.4527876306888462,0.6287065620341794,0.46520842098848564,0.4527876306888462,0.4527876306888462,0.3746288728343402,0.4527876306888462,0.4433998362027166
4,23,0.4929775958260972,0.44168504247744844,0.4929775958260972,0.5958605728311618,0.4362401708192275,0.4929775958260972,0.4929775958260972,0.36360042797718684,0.4929775958260972,0.43201501571466594
4,24,0.4302082927753534,0.5232431119321509,0.4302082927753534,0.6302653710133973,0.4867308405406488,0.4302082927753534,0.43020829277535344,0.38985328211356285,0.4302082927753534,0.419352706480703
4,25,0.37995099682260847,0.48312304265790673,0.37995099682260847,0.6190777408474337,0.5237087128678851,0.37995099682260847,0.37995099682260847,0.38775463073950045,0.37995099682260847,0.34025584319170565
4,26,0.5329057906620019,0.45409601451840437,0.5329057906620019,0.5969149852034942,0.4965673331041369,0.5329057906620019,0.5329057906620019,0.4392365737065944,0.5329057906620019,0.5324447598158479
4,27,0.4906771394611249,0.47869319492552187,0.4906771394611249,0.6206490214962753,0.4232820055643254,0.4906771394611249,0.4906771394611249,0.3674027746223242,0.4906771394611249,0.4843070819024754
4,28,0.383014554967721,0.4879093929663719,0.383014554967721,0.6576237756432459,0.5234301605079388,0.383014554967721,0.383014554967721,0.39970194335315706,0.383014554967721,0.3417797548301237
4,29,0.3389310237579083,0.5012883097004678,0.3389310237579083,0.6188461248832122,0.4615712234222559,0.3389310237579083,0.33893102375790823,0.339452570847252,0.3389310237579083,0.2970950336014195
4,30,0.4600857904073869,0.4562413327667402,0.4600857904073869,0.4890273667340296,0.5058800123403914,0.4600857904073869,0.46008579040738684,0.42601547110085425,0.4600857904073869,0.43099851801015565
4,31,0.47131765988687474,0.5317728965818835,0.47131765988687474,0.6431773606307292,0.5120923544211299,0.47131765988687474,0.4713176598868747,0.43537687091983396,0.47131765988687474,0.49221881157877434
4,32,0.4850883388811229,0.5043769978783207,0.4850883388811229,0.6282548199788356,0.3787524903873819,0.4850883388811229,0.4850883388811229,0.31431678356633663,0.4850883388811229,0.4689630550389245
4,33,0.3614394597402945,0.5739476449750457,0.3614394597402945,0.629308254126453,0.42747070903363377,0.3614394597402945,0.3614394597402945,0.3682270447151274,0.3614394597402945,0.3644943352115586
4,34,0.3678937656759012,0.44519810080016836,0.3678937656759012,0.539463398749926,0.41601495170386793,0.3678937656759012,0.36789376567590126,0.32535369862914426,0.3678937656759012,0.3170101862541874
4,35,0.5948878313794106,0.4941208504016048,0.5948878313794106,0.6479872023501698,0.46243543145675814,0.5948878313794106,0.5948878313794106,0.39395169851974843,0.5948878313794106,0.5852051870698753
4,36,0.4718201064681239,0.5442735788074425,0.4718201064681239,0.6671571305727191,0.45255585095376943,0.4718201064681239,0.47182010646812395,0.4035500540387963,0.4718201064681239,0.4610344569524467
4,37,0.5216683456702383,0.508378005892062,0.5216683456702383,0.6481430292246131,0.47698857313570275,0.5216683456702383,0.5216683456702383,0.3827237241723277,0.5216683456702383,0.5194195202884692
4,38,0.5101135611047803,0.5294041358518999,0.5101135611047803,0.6345148258387502,0.46223247884400137,0.5101135611047803,0.5101135611047803,0.39873689830733305,0.5101135611047803,0.5219214757861645
4,39,0.4500243138797825,0.474494749277271,0.4500243138797825,0.628151614177141,0.4061275863649124,0.4500243138797825,0.4500243138797825,0.3056029898782372,0.4500243138797825,0.42281305817544174
4,40,0.5570948718947069,0.5752128395976992,0.5570948718947069,0.6559950188986177,0.4855264875684312,0.5570948718947069,0.5570948718947067,0.4503164158230887,0.5570948718947069,0.5665076234325053
4,41,0.5049521235407142,0.609727338806785,0.5049521235407142,0.6750116826116559,0.46842516772074766,0.5049521235407142,0.5049521235407142,0.4261821133047893,0.5049521235407142,0.49621470863082073
4,42,0.33651097265462127,0.409179807064619,0.33651097265462127,0.5720397562732034,0.4932821784010377,0.33651097265462127,0.33651097265462127,0.34083660468301025,0.33651097265462127,0.31050533239959166
4,43,0.5375434088477619,0.5656210829965902,0.5375434088477619,0.6665265478561233,0.5423428274483675,0.5375434088477619,0.5375434088477619,0.48997673427030364,0.5375434088477619,0.5391651360018217
4,44,0.5527003460441694,0.4410541248872455,0.5527003460441694,0.6022400493531332,0.43852314588926233,0.5527003460441694,0.5527003460441694,0.39829849277831886,0.5527003460441694,0.5461009352591063
4,45,0.4614593178565166,0.41577126599890213,0.4614593178565166,0.5969312136240743,0.42604945232147723,0.4614593178565166,0.46145931785651656,0.3467248354688079,0.4614593178565166,0.45994758671226327
4,46,0.5250353975335607,0.5330942672364455,0.5250353975335607,0.6449127458941444,0.4221230643303547,0.5250353975335607,0.5250353975335605,0.389433080557393,0.5250353975335607,0.5238902867650526
4,47,0.405056413497832,0.5259137841954376,0.405056413497832,0.6237260285267843,0.5139553652559755,0.405056413497832,0.40505641349783206,0.4347073812538841,0.405056413497832,0.40799015011259376
4,48,0.3379690620399331,0.5291369363236802,0.3379690620399331,0.6326946170753017,0.47046292419964025,0.3379690620399331,0.3379690620399331,0.36477078578173405,0.3379690620399331,0.32237795909419303
4,49,0.41543123381533326,0.5489104989671059,0.41543123381533326,0.6472727050519327,0.43944176700631227,0.41543123381533326,0.41543123381533337,0.38239519666767696,0.41543123381533326,0.44299708690047734
4,50,0.4632744258778853,0.4824377450120757,0.4632744258778853,0.5770990068389898,0.3873736614500469,0.4632744258778853,0.46327442587788537,0.3510690885802128,0.4632744258778853,0.47562068926261647
4,51,0.5204579948803788,0.5244420594861667,0.5204579948803788,0.6580495888988354,0.5453472204568446,0.5204579948803788,0.5204579948803788,0.4468965134387326,0.5204579948803788,0.5005818174549715
4,52,0.33134730488564484,0.5261838485494129,0.33134730488564484,0.6323875559518697,0.3804989947243106,0.33134730488564484,0.33134730488564484,0.30850484512415094,0.33134730488564484,0.30765579230462003
4,53,0.45103803493671746,0.515500118576305,0.45103803493671746,0.6109610407518926,0.45159293760673247,0.45103803493671746,0.45103803493671746,0.3654963654647957,0.45103803493671746,0.38965790144466605
4,54,0.3285328792140535,0.39058938944642846,0.3285328792140535,0.5572640480235731,0.47331641837388716,0.3285328792140535,0.3285328792140535,0.320022826451122,0.3285328792140535,0.2871964804123789
4,55,0.37185600347465925,0.5796825156586416,0.37185600347465925,0.6241225767107709,0.4240552235440254,0.37185600347465925,0.37185600347465925,0.3860749641212746,0.37185600347465925,0.339474034562101
4,56,0.42199844387452384,0.5088871586011718,0.42199844387452384,0.5244581235920226,0.4988931072851737,0.42199844387452384,0.42199844387452384,0.39194923111680063,0.42199844387452384,0.3915855341008003
4,57,0.5520093542227954,0.610679023241908,0.5520093542227954,0.6718231657214696,0.5421911177735467,0.5520093542227954,0.5520093542227955,0.48401795963484706,0.5520093542227954,0.5223438533960824
4,58,0.5107017776498713,0.5398214720145779,0.5107017776498713,0.6620695799269829,0.4780348896898208,0.5107017776498713,0.5107017776498713,0.4226148193354863,0.5107017776498713,0.5090508947429557
4,59,0.38974233978045303,0.5046177816822276,0.38974233978045303,0.5175226468758694,0.4834730304242587,0.38974233978045303,0.38974233978045303,0.3835356948538229,0.38974233978045303,0.34298154089943983
4,60,0.43042164904510527,0.5642426206981145,0.43042164904510527,0.6624678120755662,0.5097882282959514,0.43042164904510527,0.43042164904510527,0.47241284731901717,0.43042164904510527,0.46512012476307896
4,61,0.5022124097336178,0.5628768181854746,0.5022124097336178,0.6495522458041525,0.4452252182163461,0.5022124097336178,0.5022124097336178,0.423009470686702,0.5022124097336178,0.5220379724963841
4,62,0.41364493260738927,0.5671290817501071,0.41364493260738927,0.649225913290591,0.5199732687679018,0.41364493260738927,0.4136449326073892,0.4186578575242847,0.41364493260738927,0.40149870520754566
4,63,0.498503207266974,0.4580942643877156,0.498503207266974,0.6172224628024763,0.48869987402753984,0.498503207266974,0.498503207266974,0.40159901893386674,0.498503207266974,0.49076998602500455
4,64,0.5041511082770989,0.5547056774491697,0.5041511082770989,0.658825890015643,0.47570003566783714,0.5041511082770989,0.5041511082770989,0.43202631283105236,0.5041511082770989,0.5080472075097526
4,65,0.45831119777522195,0.6090183670247779,0.45831119777522195,0.6512204775325325,0.49537175067206163,0.45831119777522195,0.45831119777522195,0.4473447779353598,0.45831119777522195,0.46821251637075534
4,66,0.5241467538020115,0.4541196715409474,0.5241467538020115,0.5886628535757437,0.4840275552321722,0.5241467538020115,0.5241467538020116,0.40274141003153546,0.5241467538020115,0.5119565510306637
4,67,0.5241851319115095,0.40599359314018085,0.5241851319115095,0.5811786543382219,0.521517946661348,0.5241851319115095,0.5241851319115096,0.40594559046175466,0.5241851319115095,0.4770850670082951
4,68,0.49847347120150337,0.5537828040871939,0.49847347120150337,0.6650068399626266,0.4534968573027989,0.49847347120150337,0.49847347120150337,0.4113913023445157,0.49847347120150337,0.5016088312058619
4,69,0.327341113465113,0.4419438236457051,0.327341113465113,0.6126708896416215,0.43620381598420993,0.327341113465113,0.327341113465113,0.32443004696348215,0.327341113465113,0.28204825801629796
4,70,0.33368474548204624,0.5154745288580486,0.33368474548204624,0.42282992013428766,0.40490787192402355,0.33368474548204624,0.33368474548204624,0.3392583775552394,0.33368474548204624,0.2838251126526994
4,71,0.5030609097767815,0.4786784997370646,0.5030609097767815,0.6368774574389633,0.48818069987002854,0.5030609097767815,0.5030609097767816,0.4355050381640669,0.5030609097767815,0.4972862195173879
4,72,0.4383082111591462,0.4690430276220734,0.4383082111591462,0.6027867479645712,0.43737234829649896,0.4383082111591462,0.4383082111591462,0.3738151129741685,0.4383082111591462,0.41353084176428684
4,73,0.45543609194502954,0.5264587506718075,0.45543609194502954,0.636449924149748,0.5361768047777318,0.45543609194502954,0.45543609194502954,0.4479457536747355,0.45543609194502954,0.43644736774056136
4,74,0.4910304410889979,0.5146856576739698,0.4910304410889979,0.6233049856773104,0.482449493765132,0.4910304410889979,0.4910304410889979,0.4274480279174935,0.4910304410889979,0.49887975426732956
4,75,0.5194776339718936,0.5043127488771837,0.5194776339718936,0.6428944658067275,0.47831900110529857,0.5194776339718936,0.5194776339718937,0.36961109071872705,0.5194776339718936,0.4941861629949225
4,76,0.48409199483744736,0.5261059174632375,0.48409199483744736,0.6422603611258497,0.5078752406629135,0.48409199483744736,0.48409199483744736,0.4508867508831121,0.48409199483744736,0.5076608470298719
4,77,0.5248798407410673,0.5701210303679569,0.5248798407410673,0.65869313518597,0.45137474742976036,0.5248798407410673,0.5248798407410673,0.41579358794407884,0.5248798407410673,0.5027048556439759
4,78,0.4739878656409335,0.5991413145278206,0.4739878656409335,0.6434171288890954,0.4213201749918808,0.4739878656409335,0.4739878656409334,0.40023516774001033,0.4739878656409335,0.4681246419813776
4,79,0.3727640685739689,0.44790847488359065,0.3727640685739689,0.6203893742606686,0.5363110571536607,0.3727640685739689,0.3727640685739688,0.3688728741694474,0.3727640685739689,0.32046591475963404
4,80,0.5666025142029206,0.5169204058528881,0.5666025142029206,0.6281498582119134,0.39777170648950233,0.5666025142029206,0.5666025142029206,0.3669140243733634,0.5666025142029206,0.5569633158808045
4,81,0.4488459293603038,0.5901895386776994,0.4488459293603038,0.6455924464155691,0.449121677964507,0.4488459293603038,0.4488459293603039,0.41131229760037435,0.4488459293603038,0.45167929979157057
4,82,0.47567139157259464,0.3445208022494924,0.47567139157259464,0.5748302989135149,0.35105384364290027,0.47567139157259464,0.4756713915725946,0.2998614279214684,0.47567139157259464,0.4793259230628186
4,83,0.4929395894174175,0.5147778253903139,0.4929395894174175,0.6421126705603127,0.3851265347940751,0.4929395894174175,0.4929395894174175,0.3068199671373501,0.4929395894174175,0.44947820644800773
4,84,0.4827119626239959,0.5277486916155614,0.4827119626239959,0.632060348783887,0.42718194842557333,0.4827119626239959,0.48271196262399596,0.38234348966227905,0.4827119626239959,0.4992166136217082
4,85,0.5154446800924383,0.58108011856155,0.5154446800924383,0.6869712946761409,0.47962737208463724,0.5154446800924383,0.5154446800924383,0.4235056357180445,0.5154446800924383,0.4943099146915124
4,86,0.5011357783131715,0.5419451939065788,0.5011357783131715,0.6259790905655045,0.33666446531856664,0.5011357783131715,0.5011357783131716,0.32994441423964394,0.5011357783131715,0.5006410329083993
4,87,0.44995285439744837,0.6057060030419785,0.44995285439744837,0.6529141459684822,0.44589691143275023,0.44995285439744837,0.4499528543974483,0.4078486317270851,0.44995285439744837,0.4728128158574666
4,88,0.4348484199416374,0.425913165870947,0.4348484199416374,0.5773035085044006,0.40890132381439026,0.4348484199416374,0.43484841994163737,0.3366196881308042,0.4348484199416374,0.4285836879939915
4,89,0.5476053500013892,0.5778914081893531,0.5476053500013892,0.6594479751080686,0.49023229588598266,0.5476053500013892,0.5476053500013892,0.4736182461364946,0.5476053500013892,0.568938328984065
4,90,0.4971780009242341,0.5020258633382999,0.4971780009242341,0.6399435751580671,0.4307264382151093,0.4971780009242341,0.4971780009242341,0.38786076455704727,0.4971780009242341,0.4904422973008726
4,91,0.438343429811688,0.48217175537515955,0.438343429811688,0.6176670287045918,0.5443522436627604,0.438343429811688,0.438343429811688,0.446316547524933,0.438343429811688,0.39557689825587167
4,92,0.3770079626678566,0.4982856895055291,0.3770079626678566,0.6378872059699141,0.5031503899718116,0.3770079626678566,0.3770079626678566,0.42493897955763876,0.3770079626678566,0.39135838049605864
4,93,0.3755405807620852,0.559400930994151,0.3755405807620852,0.6668992340622364,0.5190959724482029,0.3755405807620852,0.3755405807620852,0.4107663870700341,0.3755405807620852,0.3272766929699408
4,94,0.34820895496036136,0.4773393261240307,0.34820895496036136,0.5785965390879362,0.3985461079767321,0.34820895496036136,0.3482089549603614,0.30775872365008006,0.34820895496036136,0.27271627068930665
4,95,0.4620799652980116,0.4971317699302596,0.4620799652980116,0.6070032408241786,0.49245276323663395,0.4620799652980116,0.46207996529801154,0.4220011541600158,0.4620799652980116,0.42593579146159327
4,96,0.5314938851033741,0.4564619040360012,0.5314938851033741,0.6209807471910374,0.45333913787252955,0.5314938851033741,0.5314938851033741,0.3862682775978117,0.5314938851033741,0.5276127474937158
4,97,0.4300517138056096,0.4126579539305244,0.4300517138056096,0.48590932760232475,0.47751639084461545,0.4300517138056096,0.4300517138056096,0.3679591218674312,0.4300517138056096,0.38053370434840694
4,98,0.4468478516110861,0.5550405542432202,0.4468478516110861,0.6448033965392734,0.44869619041639236,0.4468478516110861,0.44684785161108603,0.4163302822945133,0.4468478516110861,0.4666676678573929
4,99,0.5478279058663961,0.5016963321552347,0.5478279058663961,0.6308833066452462,0.43576210467204163,0.5478279058663961,0.5478279058663961,0.42160530906884797,0.5478279058663961,0.5587851436971311
5,0,0.4993484549279769,0.55162487266494,0.4993484549279769,0.6262513319723542,0.39550367703899647,0.4993484549279769,0.49934845492797697,0.3887371312637922,0.4993484549279769,0.5149193424814833
5,1,0.43835820491921873,0.5165724581302626,0.43835820491921873,0.6174115805841246,0.41628608551601043,0.43835820491921873,0.43835820491921873,0.3454640277969152,0.43835820491921873,0.440903053524659
5,2,0.3838825693038499,0.5585659998830115,0.3838825693038499,0.6229683264538234,0.48229374786303625,0.3838825693038499,0.3838825693038499,0.4145880488898423,0.3838825693038499,0.3670921870668319
5,3,0.45066317466137823,0.5036335734895689,0.45066317466137823,0.6185773190944032,0.47566611326105435,0.45066317466137823,0.45066317466137823,0.3981115458062501,0.45066317466137823,0.4352827476407688
5,4,0.29556552560400684,0.413188556475227,0.29556552560400684,0.4379376001484797,0.34643444228008446,0.29556552560400684,0.2955655256040069,0.2562195619141135,0.29556552560400684,0.2905876803873475
5,5,0.40997438702585726,0.5169485241833658,0.40997438702585726,0.6065564508371749,0.5298691310627719,0.40997438702585726,0.40997438702585726,0.4313479433948326,0.40997438702585726,0.3812412120575963
5,6,0.3641732263342968,0.507143490679842,0.3641732263342968,0.6001416065212698,0.45036903506552556,0.3641732263342968,0.3641732263342968,0.35440123887119357,0.3641732263342968,0.35948400814204284
5,7,0.43923281694487387,0.5598913797107842,0.43923281694487387,0.6542892251310479,0.5299658063054915,0.43923281694487387,0.43923281694487387,0.4491840484495986,0.43923281694487387,0.4340939964833783
5,8,0.4991634408456268,0.542924871664626,0.4991634408456268,0.6389143058784621,0.4507433434974543,0.4991634408456268,0.4991634408456268,0.37960588861039246,0.4991634408456268,0.49569487871221807
5,9,0.5157530059212869,0.4630160019186239,0.5157530059212869,0.6037597321813057,0.3594698877713705,0.5157530059212869,0.5157530059212869,0.30900689850375385,0.5157530059212869,0.5043156462918186
5,10,0.5162083394238062,0.5064389105130027,0.5162083394238062,0.6084406288970141,0.4105773297620299,0.5162083394238062,0.5162083394238061,0.39755644839618315,0.5162083394238062,0.5245554252147677
5,11,0.4583598905824301,0.49531975605189743,0.4583598905824301,0.6300532633926172,0.5548672780300605,0.4583598905824301,0.4583598905824301,0.44819138503684,0.4583598905824301,0.4557374144512524
5,12,0.4497854031787668,0.5816341531064062,0.4497854031787668,0.6571122641204218,0.5075479628367405,0.4497854031787668,0.4497854031787668,0.4815826408786834,0.4497854031787668,0.47003495391679195
5,13,0.42819079365837515,0.547467305478281,0.42819079365837515,0.6219904225394146,0.4849247041878645,0.42819079365837515,0.42819079365837515,0.3896071007383865,0.42819079365837515,0.4163686249768638
5,14,0.33318127672354647,0.42255900147791786,0.33318127672354647,0.37073763204973575,0.3483258917403236,0.33318127672354647,0.33318127672354647,0.26799541337355287,0.33318127672354647,0.29594796038547405
5,15,0.46037292928958773,0.48048852628203487,0.46037292928958773,0.6183192344342301,0.38692788510449266,0.46037292928958773,0.46037292928958773,0.31865549143738675,0.46037292928958773,0.44109167643797
5,16,0.5769599575071624,0.5660626826447859,0.5769599575071624,0.6475349703208907,0.45396088593500983,0.5769599575071624,0.5769599575071624,0.4486560862445623,0.5769599575071624,0.5769583792892228
5,17,0.3699461117446029,0.45282579866422024,0.3699461117446029,0.5792640582622213,0.44394496896317037,0.3699461117446029,0.36994611174460285,0.3524797120237504,0.3699461117446029,0.3257430871325713
5,18,0.5161833425437699,0.38320770587605635,0.5161833425437699,0.5710833872015197,0.3879285416609536,0.5161833425437699,0.5161833425437699,0.30647104472040043,0.5161833425437699,0.5065240459349094
5,19,0.5447351692070405,0.5709149484209441,0.5447351692070405,0.6670170383412821,0.5279523038185863,0.5447351692070405,0.5447351692070405,0.48026702802044496,0.5447351692070405,0.5252636370280434
5,20,0.5454055316329941,0.5015170430390796,0.5454055316329941,0.6155754203387627,0.47461743043342375,0.5454055316329941,0.5454055316329941,0.4262073942157405,0.5454055316329941,0.5018913944759569
5,21,0.5195785507440847,0.47719521777253104,0.5195785507440847,0.5957189849512383,0.3656489728493545,0.5195785507440847,0.5195785507440847,0.32398054483087796,0.5195785507440847,0.5067417236425088
5,22,0.4483249906633401,0.5474150110042224,0.4483249906633401,0.6448298555163834,0.498617925523697,0.4483249906633401,0.4483249906633401,0.3924041629051106,0.4483249906633401,0.4352063975234261
5,23,0.47894003564425,0.5037886017695696,0.47894003564425,0.5997928610517732,0.4376361517290017,0.47894003564425,0.47894003564425003,0.3620269626679997,0.47894003564425,0.41888151385257366
5,24,0.3834396877787466,0.46932153347147076,0.3834396877787466,0.5783397918123759,0.3997001974610077,0.3834396877787466,0.3834396877787466,0.33075803956617117,0.3834396877787466,0.3723625514306945
5,25,0.39208600636556235,0.4688710589201459,0.39208600636556235,0.600060106144055,0.5379070990875805,0.39208600636556235,0.39208600636556235,0.39228984797115396,0.39208600636556235,0.3477874497787731
5,26,0.4923114150343503,0.44644718062169947,0.4923114150343503,0.5899081943050726,0.4715698146642105,0.4923114150343503,0.4923114150343503,0.413698168150083,0.4923114150343503,0.5013066454519619
5,27,0.48898636536350526,0.46620270146345216,0.48898636536350526,0.6111003996071642,0.42913144957504346,0.48898636536350526,0.48898636536350526,0.3661701995589042,0.48898636536350526,0.47969865482036866
5,28,0.40480374986653617,0.5485599652167091,0.40480374986653617,0.6592681457143964,0.533914652920169,0.40480374986653617,0.4048037498665361,0.41410278811193857,0.40480374986653617,0.3656093696910069
5,29,0.34694851748522465,0.47358280889169524,0.34694851748522465,0.6036519412285734,0.4778287657602991,0.34694851748522465,0.34694851748522465,0.3352480155009605,0.34694851748522465,0.30875494920056923
5,30,0.4651636882125214,0.4713831520286642,0.4651636882125214,0.48604208030679913,0.5107790093436266,0.4651636882125214,0.4651636882125214,0.44675760084819494,0.4651636882125214,0.44160145577325405
5,31,0.46082231557901276,0.5179310904049644,0.46082231557901276,0.6322220973164896,0.49725671995824594,0.46082231557901276,0.46082231557901276,0.4159912744175633,0.46082231557901276,0.478664628007915
5,32,0.48018783529156167,0.46498810888624875,0.48018783529156167,0.6183309973973079,0.3776900212953541,0.48018783529156167,0.48018783529156167,0.30296788417071113,0.48018783529156167,0.456530098443628
5,33,0.3707816022591232,0.5951212309390191,0.3707816022591232,0.6373584816798367,0.4416923814827719,0.3707816022591232,0.37078160225912327,0.38861578016776155,0.3707816022591232,0.37185190260243695
5,34,0.36146640804962726,0.48859889447974636,0.36146640804962726,0.5512420602016603,0.41580597675104014,0.36146640804962726,0.36146640804962726,0.32309228679346425,0.36146640804962726,0.30506855192110965
5,35,0.5786064062821898,0.48155637603472695,0.5786064062821898,0.6323609337789146,0.4480784552355822,0.5786064062821898,0.5786064062821898,0.3761182004543182,0.5786064062821898,0.5670299604550314
5,36,0.47863208151621967,0.52928459060083,0.47863208151621967,0.6561004393462442,0.44730410136097687,0.47863208151621967,0.47863208151621967,0.391999925755121,0.47863208151621967,0.46625609797717993
5,37,0.4997470111304881,0.4973104489230709,0.4997470111304881,0.6382483775699608,0.45954179165484366,0.4997470111304881,0.4997470111304881,0.3757873951569842,0.4997470111304881,0.4996555284816184
5,38,0.5229528507733654,0.5358938158876388,0.5229528507733654,0.6340888766979864,0.46726780356162256,0.5229528507733654,0.5229528507733654,0.40821218313166496,0.5229528507733654,0.5315425117769855
5,39,0.4846558649789343,0.5855469050755278,0.4846558649789343,0.6906296915703747,0.49117295042374093,0.4846558649789343,0.48465586497893437,0.4093075708573555,0.4846558649789343,0.471447588076394
5,40,0.5693176028307991,0.5588329233233578,0.5693176028307991,0.6551013601792466,0.5094023688772393,0.5693176028307991,0.5693176028307991,0.4733066715017588,0.5693176028307991,0.5802897309580364
5,41,0.4871271178699536,0.6013434884534767,0.4871271178699536,0.6685259482452683,0.4558711985284714,0.4871271178699536,0.4871271178699536,0.41837684739215986,0.4871271178699536,0.48199251927453884
5,42,0.35947371996227606,0.41667986111371536,0.35947371996227606,0.5863753862182984,0.5112310521511627,0.35947371996227606,0.35947371996227606,0.3556034804627053,0.35947371996227606,0.32715761562918005
5,43,0.5206956046285302,0.5392548235264212,0.5206956046285302,0.6569843743057254,0.5364758749351521,0.5206956046285302,0.52069560462853,0.4683770130661118,0.5206956046285302,0.5190876017049498
5,44,0.5525368906092855,0.44540616245085296,0.5525368906092855,0.5979507099511667,0.42983096350482825,0.5525368906092855,0.5525368906092855,0.39900108875879586,0.5525368906092855,0.5531451922262358
5,45,0.4800027282840069,0.4187327237449859,0.4800027282840069,0.6029066699395432,0.4354718695336421,0.4800027282840069,0.4800027282840069,0.35472645424759247,0.4800027282840069,0.48233661332053673
5,46,0.5050089937659268,0.5287557292009041,0.5050089937659268,0.6461791834768374,0.4136689185023351,0.5050089937659268,0.5050089937659268,0.38102588519428093,0.5050089937659268,0.5064502488836177
5,47,0.40389122435740593,0.51383594519842,0.40389122435740593,0.6256461938570668,0.5116246004950956,0.40389122435740593,0.403891224357406,0.42017733680810304,0.40389122435740593,0.4075290822620762
5,48,0.3714708285016099,0.5213757301774767,0.3714708285016099,0.6283111887775377,0.5022961814999992,0.3714708285016099,0.37147082850160984,0.39517765157189877,0.3714708285016099,0.35060695642961265
5,49,0.41758143012447424,0.5633149217166704,0.41758143012447424,0.6563029675257017,0.4696604177879439,0.41758143012447424,0.41758143012447424,0.42867266231227236,0.41758143012447424,0.45465487837088425
5,50,0.45745284766037103,0.47619063833139064,0.45745284766037103,0.5733139825533733,0.38645798208663995,0.45745284766037103,0.45745284766037103,0.3527978392992079,0.45745284766037103,0.47180848270223685
5,51,0.507163743410093,0.5113286071183977,0.507163743410093,0.650476137839287,0.5360418824039223,0.507163743410093,0.507163743410093,0.43042133061370386,0.507163743410093,0.4887747326677825
5,52,0.3319183302678857,0.5037060230940573,0.3319183302678857,0.607835479048654,0.4037255846264348,0.3319183302678857,0.33191833026788564,0.33422649443346264,0.3319183302678857,0.3026767643982184
5,53,0.4500939148580247,0.4963046725914382,0.4500939148580247,0.6039103449780852,0.4841468436119484,0.4500939148580247,0.45009391485802464,0.3887571793398092,0.4500939148580247,0.3960111511139539
5,54,0.32880403496106386,0.4835630962171683,0.32880403496106386,0.6123918712478263,0.4733513341660948,0.32880403496106386,0.3288040349610639,0.33398717027851926,0.32880403496106386,0.28648328168950754
5,55,0.3759570715290833,0.5854122031605145,0.3759570715290833,0.6181857764539458,0.4430531452157962,0.3759570715290833,0.3759570715290833,0.41571899948665775,0.3759570715290833,0.3519813907501739
5,56,0.43937582883474674,0.5198302362539917,0.43937582883474674,0.5261441045802515,0.5091594469787446,0.43937582883474674,0.4393758288347468,0.4068197772423,0.43937582883474674,0.4084494984334334
5,57,0.5380772641481644,0.5991776275596132,0.5380772641481644,0.6842992059414751,0.5343825880221575,0.5380772641481644,0.5380772641481645,0.4693558935197043,0.5380772641481644,0.5126026217453137
5,58,0.507105572232016,0.5931784652623454,0.507105572232016,0.6720287554826934,0.4772073812690869,0.507105572232016,0.507105572232016,0.4243286086496189,0.507105572232016,0.5096237293168242
5,59,0.41199160736722173,0.4999538686213798,0.41199160736722173,0.518726342207523,0.5029163172592319,0.41199160736722173,0.41199160736722173,0.3986292599071034,0.41199160736722173,0.374874658760566
5,60,0.458695071795407,0.5820502115866586,0.458695071795407,0.6697788542644589,0.539512659332664,0.458695071795407,0.4586950717954069,0.5075523749895474,0.458695071795407,0.49134626488381794
5,61,0.508388032980642,0.5544243326548112,0.508388032980642,0.6498633011987981,0.46264235465739023,0.508388032980642,0.508388032980642,0.43377291191360035,0.508388032980642,0.5261994280949526
5,62,0.43025122421987666,0.5816488534336272,0.43025122421987666,0.6601021228408003,0.5332141762248215,0.43025122421987666,0.43025122421987666,0.4448824672593497,0.43025122421987666,0.4234894119923171
5,63,0.47282379160296256,0.4894987592408011,0.47282379160296256,0.6329436710800358,0.47317996096089066,0.47282379160296256,0.4728237916029626,0.3818444849416136,0.47282379160296256,0.46538465985292
5,64,0.5106255789821029,0.5656521855362938,0.5106255789821029,0.6546279693057907,0.4741870572889534,0.5106255789821029,0.5106255789821029,0.4482511779296047,0.5106255789821029,0.5103582614459535
5,65,0.4586841995464693,0.5932700296748564,0.4586841995464693,0.6485300445585858,0.50483370430179,0.4586841995464693,0.4586841995464693,0.44452909181502875,0.4586841995464693,0.4663297969794771
5,66,0.5167905158305984,0.42679619422671344,0.5167905158305984,0.5775511303777651,0.4869745422854528,0.5167905158305984,0.5167905158305984,0.3885922187495534,0.5167905158305984,0.49813045385367866
5,67,0.512995729250522,0.4031081675365993,0.512995729250522,0.5766766738729427,0.5142529930469635,0.512995729250522,0.5129957292505221,0.39907265703135436,0.512995729250522,0.46646140170775413
5,68,0.4964131335652065,0.5395596191496668,0.4964131335652065,0.6613276373434136,0.46270453431431546,0.4964131335652065,0.49641313356520644,0.4099105003924143,0.4964131335652065,0.4957006766228529
5,69,0.3269412563097375,0.4610115667447852,0.3269412563097375,0.6191868708225835,0.43405721882558024,0.3269412563097375,0.3269412563097375,0.326369649081129,0.3269412563097375,0.28542072115540934
5,70,0.3315251637272411,0.501296991422735,0.3315251637272411,0.42173195532153185,0.4044911082807414,0.3315251637272411,0.3315251637272411,0.32578858729277654,0.3315251637272411,0.27309412881908834
5,71,0.48522382382942353,0.46337752706660573,0.48522382382942353,0.6289296809316164,0.47834158545666683,0.48522382382942353,0.4852238238294236,0.41932419835059137,0.48522382382942353,0.48282636940822055
5,72,0.4269518219055001,0.46001171144823044,0.4269518219055001,0.5883053979033142,0.4599312813155917,0.4269518219055001,0.4269518219055001,0.38057458272421724,0.4269518219055001,0.38995675274720987
5,73,0.4290831543981081,0.5199223216116684,0.4290831543981081,0.626934287830945,0.5464545966094247,0.4290831543981081,0.4290831543981082,0.4439894212547081,0.4290831543981081,0.4007392291594576
5,74,0.46034012669236546,0.5179726777202384,0.46034012669236546,0.6204663740264859,0.47899033921776557,0.46034012669236546,0.4603401266923654,0.424605175991885,0.46034012669236546,0.47145910688886794
5,75,0.5164405595100909,0.46784302522628723,0.5164405595100909,0.628681168570856,0.48100859409000285,0.5164405595100909,0.5164405595100908,0.3646513804646524,0.5164405595100909,0.4942940195576939
5,76,0.4424481219490913,0.5199023349646215,0.4424481219490913,0.639826960510137,0.48120129874764217,0.4424481219490913,0.44244812194909133,0.42288820522952186,0.4424481219490913,0.4676018621746688
5,77,0.5238675135622013,0.5692222545868859,0.5238675135622013,0.6773430806319993,0.4621871603531381,0.5238675135622013,0.5238675135622013,0.41843537145350734,0.5238675135622013,0.5003215856162986
5,78,0.4641245985747318,0.5888186974288523,0.4641245985747318,0.6339152436571212,0.4208393637799639,0.4641245985747318,0.4641245985747318,0.3948337132945404,0.4641245985747318,0.4545367661460957
5,79,0.3658823066972217,0.44879510975887615,0.3658823066972217,0.6142720265118681,0.5299275132130934,0.3658823066972217,0.36588230669722166,0.3638669522170139,0.3658823066972217,0.31148132415475804
5,80,0.5645160645841323,0.5120215656791938,0.5645160645841323,0.6262452686334556,0.39533132786611647,0.5645160645841323,0.5645160645841323,0.36040002329366394,0.5645160645841323,0.5540945188130164
5,81,0.46744416565850566,0.5920129086243222,0.46744416565850566,0.6433093062954884,0.47469214153487294,0.46744416565850566,0.46744416565850566,0.44387456476944775,0.46744416565850566,0.4724092787428744
5,82,0.45671576493751753,0.35813156746854713,0.45671576493751753,0.5765183192474155,0.33169017864795863,0.45671576493751753,0.45671576493751753,0.2892061624939373,0.45671576493751753,0.4640075380832173
5,83,0.48655618541291734,0.5120675013784467,0.48655618541291734,0.6423758177251984,0.38168438448643915,0.48655618541291734,0.48655618541291734,0.29211275858976593,0.48655618541291734,0.441055591864459
5,84,0.4570934129689947,0.5250433585684756,0.4570934129689947,0.6253109211511028,0.42034081862184414,0.4570934129689947,0.45709341296899464,0.3747017075092002,0.4570934129689947,0.4702158381870552
5,85,0.48164165011746213,0.5671701055375721,0.48164165011746213,0.6768315051864072,0.4510358258689534,0.48164165011746213,0.48164165011746213,0.37728433976164955,0.48164165011746213,0.4608391112229114
5,86,0.49618546681394693,0.5300046828026901,0.49618546681394693,0.6135038773195035,0.3485592105227277,0.49618546681394693,0.49618546681394693,0.3347610583443223,0.49618546681394693,0.4950534841328813
5,87,0.49543091415262946,0.6292788015696561,0.49543091415262946,0.6743250012058803,0.4912973888248434,0.49543091415262946,0.49543091415262946,0.4589065716612603,0.49543091415262946,0.5236404226576449
5,88,0.4327139279920731,0.41259859480459515,0.4327139279920731,0.5716518817804629,0.4049632363073273,0.4327139279920731,0.4327139279920731,0.32334537074224484,0.4327139279920731,0.4232816175368532
5,89,0.49798096761714594,0.5663644097948803,0.49798096761714594,0.6382211639121228,0.4576847999007552,0.49798096761714594,0.49798096761714594,0.4342747226173522,0.49798096761714594,0.5233575577809015
5,90,0.5038144402608484,0.49530513742421656,0.5038144402608484,0.6222421557293045,0.438566482787191,0.5038144402608484,0.5038144402608484,0.404911778640533,0.5038144402608484,0.4944599655581673
5,91,0.4329621312135484,0.4712896602234206,0.4329621312135484,0.6148112602170056,0.5499985144023187,0.4329621312135484,0.4329621312135483,0.4385786667343825,0.4329621312135484,0.39062052060794267
5,92,0.37493015509309574,0.5015213630451227,0.37493015509309574,0.6384439520090207,0.5155711379772454,0.37493015509309574,0.37493015509309574,0.4351184022191679,0.37493015509309574,0.3769518509688866
5,93,0.37412588744731956,0.5458720470609542,0.37412588744731956,0.6653158546082398,0.5153310776210261,0.37412588744731956,0.37412588744731956,0.3848144423048114,0.37412588744731956,0.3112237007919643
5,94,0.34057654328088977,0.4525065505386783,0.34057654328088977,0.5570025562324371,0.4070240097261333,0.34057654328088977,0.34057654328088977,0.3035421541810116,0.34057654328088977,0.2560711518047958
5,95,0.4406477890352533,0.47072161633758647,0.4406477890352533,0.6032100100130844,0.4846933100762686,0.4406477890352533,0.44064778903525326,0.40012456869407353,0.4406477890352533,0.4046315717427127
5,96,0.5214938321360075,0.4663196034131917,0.5214938321360075,0.6181899928301046,0.4476056025001936,0.5214938321360075,0.5214938321360076,0.3733112475361389,0.5214938321360075,0.5117722190885965
5,97,0.43931254677041703,0.4980068023128037,0.43931254677041703,0.4907149029643345,0.4839592540641354,0.43931254677041703,0.43931254677041703,0.3841315340097561,0.43931254677041703,0.38512187182454527
5,98,0.4444028036277628,0.5668258045507724,0.4444028036277628,0.6502589572965787,0.479381937924899,0.4444028036277628,0.4444028036277628,0.4503734623715871,0.4444028036277628,0.46453756127630574
5,99,0.5673969317770097,0.4966498080399295,0.5673969317770097,0.6282747205089877,0.4680811421831068,0.5673969317770097,0.5673969317770096,0.4487416311907786,0.5673969317770097,0.5768680978347683
6,0,0.5138187677876265,0.5556438041886893,0.5138187677876265,0.632256164923477,0.41454387057537134,0.5138187677876265,0.5138187677876265,0.40303711200907755,0.5138187677876265,0.5263863064189145
6,1,0.4987388655858288,0.5292603453505579,0.4987388655858288,0.6265068493324207,0.4798733604323311,0.4987388655858288,0.4987388655858288,0.41203911418887335,0.4987388655858288,0.49812235657604864
6,2,0.38568773432832687,0.5537553670263511,0.38568773432832687,0.6157041827999692,0.49803186579430675,0.38568773432832687,0.38568773432832687,0.42515745699351615,0.38568773432832687,0.3625392105532022
6,3,0.520811946984684,0.569196546726056,0.520811946984684,0.6438077725004474,0.536077174537271,0.520811946984684,0.5208119469846839,0.48464904032421974,0.520811946984684,0.5141271381060344
6,4,0.303964198520575,0.5498066406297026,0.303964198520575,0.6382814314779843,0.36775606594963073,0.303964198520575,0.303964198520575,0.2818325562612821,0.303964198520575,0.3016493197937011
6,5,0.4082603816270887,0.5460350929599783,0.4082603816270887,0.6215477448832066,0.5242746347740126,0.4082603816270887,0.4082603816270888,0.43785497128110584,0.4082603816270887,0.3802167680545804
6,6,0.36948325130051146,0.49463924711815505,0.36948325130051146,0.5961495940659187,0.468305497650641,0.36948325130051146,0.36948325130051146,0.35616808033441005,0.36948325130051146,0.3557336001691983
6,7,0.4332064315764306,0.5557598803439306,0.4332064315764306,0.6538826994371154,0.5330902042155541,0.4332064315764306,0.4332064315764306,0.4471004813805083,0.4332064315764306,0.4265418669361745
6,8,0.46532890922629266,0.4683375473164045,0.46532890922629266,0.6071095664155807,0.4324026191421537,0.46532890922629266,0.46532890922629266,0.355239006744399,0.46532890922629266,0.4655250386355526
6,9,0.5248022481952299,0.46892673707417987,0.5248022481952299,0.6156756717566642,0.3660488290431998,0.5248022481952299,0.5248022481952299,0.3231170401960393,0.5248022481952299,0.5170891476809097
6,10,0.4495850564376584,0.5075592017603677,0.4495850564376584,0.6060327783180708,0.3712103338869689,0.4495850564376584,0.4495850564376584,0.35909869889907886,0.4495850564376584,0.47703210350222697
6,11,0.45435862419774187,0.48512094423923113,0.45435862419774187,0.625993776273694,0.543312145684744,0.45435862419774187,0.45435862419774187,0.43682183277312653,0.45435862419774187,0.4500419093883187
6,12,0.42694633931842896,0.5870210821427782,0.42694633931842896,0.6476732266043297,0.5103657628150818,0.42694633931842896,0.42694633931842896,0.48292520230480274,0.42694633931842896,0.4431035552136457
6,13,0.446360087212163,0.5600870507925284,0.446360087212163,0.6315068134835017,0.48413869327227743,0.446360087212163,0.446360087212163,0.4036329813955208,0.446360087212163,0.4444070445684777
6,14,0.32633584860179626,0.4217046136519991,0.32633584860179626,0.373691454056317,0.36458153014065803,0.32633584860179626,0.32633584860179626,0.27831668324572734,0.32633584860179626,0.29351461448197824
6,15,0.44846140486368663,0.47535554770641025,0.44846140486368663,0.6048078809370294,0.378158967602245,0.44846140486368663,0.44846140486368663,0.3162053106423938,0.44846140486368663,0.43427222256259623
6,16,0.5894728938572072,0.5615219960200633,0.5894728938572072,0.6422998478652633,0.47838865969330563,0.5894728938572072,0.5894728938572071,0.47012141444511835,0.5894728938572072,0.5912186997228089
6,17,0.3744348637526004,0.506220038582936,0.3744348637526004,0.5804476433324116,0.45845360628142307,0.3744348637526004,0.3744348637526004,0.3695469469189189,0.3744348637526004,0.3278993944764492
6,18,0.5074333194286252,0.4036998900318441,0.5074333194286252,0.5715287648070961,0.38411790017692976,0.5074333194286252,0.5074333194286252,0.30604748888774663,0.5074333194286252,0.5009995995555893
6,19,0.5152866143194209,0.5650815914151701,0.5152866143194209,0.6630122839465286,0.48837436160257053,0.5152866143194209,0.5152866143194209,0.4248645765689051,0.5152866143194209,0.4889371482750215
6,20,0.547680340641498,0.49357019218251147,0.547680340641498,0.6140770737801038,0.4695268757779346,0.547680340641498,0.547680340641498,0.4245820374011534,0.547680340641498,0.5069559384448669
6,21,0.5160855852285351,0.4501135284606196,0.5160855852285351,0.5885988007609985,0.36919023368521664,0.5160855852285351,0.5160855852285351,0.31544239304857785,0.5160855852285351,0.5051888041605181
6,22,0.4616209147873086,0.5555344755351641,0.4616209147873086,0.6468125841396652,0.5001263664971397,0.4616209147873086,0.4616209147873086,0.39849734380619395,0.4616209147873086,0.44887578993960375
6,23,0.4788246225401421,0.5130295206113035,0.4788246225401421,0.5924431302078427,0.4295547259015713,0.4788246225401421,0.47882462254014213,0.3699027883895789,0.4788246225401421,0.4120702224151188
6,24,0.4174413918411485,0.5222250994836786,0.4174413918411485,0.6169931990938697,0.4727972660633994,0.4174413918411485,0.4174413918411485,0.3816691840810008,0.4174413918411485,0.3928518608907008
6,25,0.4205312478191616,0.47762660597039674,0.4205312478191616,0.6061716342812808,0.5393297084305104,0.4205312478191616,0.4205312478191616,0.411543857713159,0.4205312478191616,0.39135329537305874
6,26,0.47521429249118813,0.4793761267481072,0.47521429249118813,0.5940749030680255,0.48358160343316436,0.47521429249118813,0.47521429249118813,0.41652905580595734,0.47521429249118813,0.48860880338353085
6,27,0.47986055272097544,0.4772673621893051,0.47986055272097544,0.6162992549675184,0.4245695567748494,0.47986055272097544,0.4798605527209755,0.37358413925264267,0.47986055272097544,0.47306300714164373
6,28,0.40104390316338767,0.5403466467914979,0.40104390316338767,0.650721772439609,0.5407783396640959,0.40104390316338767,0.4010439031633877,0.4202530433125947,0.40104390316338767,0.3574558760750811
6,29,0.357466070916985,0.472972803877033,0.357466070916985,0.6022820125343762,0.475341458223921,0.357466070916985,0.35746607091698496,0.3372200507949706,0.357466070916985,0.31760753121213137
6,30,0.450083042609087,0.46753744552326015,0.450083042609087,0.48303237473435745,0.509935199993274,0.450083042609087,0.45008304260908705,0.4387423939299345,0.450083042609087,0.4271378931000457
6,31,0.46335740808558934,0.4991309830435662,0.46335740808558934,0.6268938627952549,0.5049813844295901,0.46335740808558934,0.46335740808558934,0.4175466771128198,0.46335740808558934,0.4815724454941144
6,32,0.47071383190741156,0.4584351915143296,0.47071383190741156,0.6116082405236722,0.3700913906336497,0.47071383190741156,0.47071383190741156,0.30020331550536233,0.47071383190741156,0.449415530569235
6,33,0.3867350013841209,0.5838306763390468,0.3867350013841209,0.6369595523561061,0.45473997529462984,0.3867350013841209,0.38673500138412087,0.39457572081770775,0.3867350013841209,0.3738020304937398
6,34,0.35732222270027075,0.5569646630927063,0.35732222270027075,0.6010636576019635,0.4043700968103525,0.35732222270027075,0.3573222227002708,0.3156548046682047,0.35732222270027075,0.3047727236000466
6,35,0.5763926491331054,0.4839257229013354,0.5763926491331054,0.6387776109226849,0.4557457107532009,0.5763926491331054,0.5763926491331055,0.37216042597484317,0.5763926491331054,0.5631285582485298
6,36,0.4697019693545685,0.5518520066009903,0.4697019693545685,0.6540715377735937,0.44158275564818383,0.4697019693545685,0.4697019693545685,0.3798565605095624,0.4697019693545685,0.4553974906521581
6,37,0.4851153801156603,0.476781927132753,0.4851153801156603,0.6223412440696451,0.4473817709322311,0.4851153801156603,0.48511538011566036,0.3532954421911386,0.4851153801156603,0.47435042174119235
6,38,0.5321277279239217,0.517859902161098,0.5321277279239217,0.635551944305873,0.47431264782464133,0.5321277279239217,0.5321277279239217,0.4150557955323081,0.5321277279239217,0.5388276630558977
6,39,0.5062546561335328,0.5831484703084001,0.5062546561335328,0.6853605785734481,0.501884128639408,0.5062546561335328,0.5062546561335328,0.42350530330763386,0.5062546561335328,0.4881183772007991
6,40,0.546011961518186,0.5536940405616888,0.546011961518186,0.6440409163085025,0.48916415915086203,0.546011961518186,0.546011961518186,0.44486110276407187,0.546011961518186,0.5557015613330386
6,41,0.45476582244428043,0.5647765364013919,0.45476582244428043,0.6600694608696636,0.4362356922517091,0.45476582244428043,0.45476582244428043,0.4026074915734896,0.45476582244428043,0.4595282525533275
6,42,0.3509188397767825,0.40760395477579403,0.3509188397767825,0.5771705910993316,0.5052978844969791,0.3509188397767825,0.3509188397767825,0.3487166867491359,0.3509188397767825,0.31795074739506746
6,43,0.5065945765319441,0.5360403001736249,0.5065945765319441,0.6586950024974034,0.5366893384553746,0.5065945765319441,0.506594576531944,0.46305269477111044,0.5065945765319441,0.5080785611762405
6,44,0.5416211526758323,0.501219639316451,0.5416211526758323,0.6235176441755782,0.4284569515920175,0.5416211526758323,0.5416211526758323,0.392413404753391,0.5416211526758323,0.5403389193015432
6,45,0.4488393316707775,0.39484631083131694,0.4488393316707775,0.590379655613535,0.42624982725871574,0.4488393316707775,0.44883933167077755,0.3338392218258709,0.4488393316707775,0.4386754042950207
6,46,0.4907523159516428,0.5129651418946559,0.4907523159516428,0.6325116769079601,0.3978267702610861,0.4907523159516428,0.4907523159516428,0.36502897784921073,0.4907523159516428,0.4968021504632574
6,47,0.39020315587004334,0.5278167204180054,0.39020315587004334,0.6243674978008311,0.49763290725881215,0.39020315587004334,0.3902031558700434,0.4168779940914631,0.39020315587004334,0.3934150328887486
6,48,0.3753360523867699,0.5315385062319591,0.3753360523867699,0.6333147765495961,0.4941003834541655,0.3753360523867699,0.3753360523867699,0.385696905966752,0.3753360523867699,0.3544571428693174
6,49,0.4530864781468261,0.5771891397267224,0.4530864781468261,0.6725145247868592,0.49700895676927026,0.4530864781468261,0.4530864781468261,0.4558427198261747,0.4530864781468261,0.48758217420971095
6,50,0.4612853618735134,0.46238030598704666,0.4612853618735134,0.5715750690441639,0.39090247141025214,0.4612853618735134,0.4612853618735134,0.34832149041863636,0.4612853618735134,0.4752921978215703
6,51,0.5093709957948557,0.5200638913066327,0.5093709957948557,0.6549951437792632,0.5401632105786016,0.5093709957948557,0.5093709957948558,0.44446675142438374,0.5093709957948557,0.49702845494696246
6,52,0.33553432875432,0.4946426390647236,0.33553432875432,0.6015356549719926,0.4085456544419573,0.33553432875432,0.33553432875432,0.3433443752884666,0.33553432875432,0.30884982488033963
6,53,0.4520053863165592,0.5177668264054391,0.4520053863165592,0.600350421612754,0.47732980159912175,0.4520053863165592,0.4520053863165592,0.3989862795664221,0.4520053863165592,0.39466064275926815
6,54,0.33614456857290026,0.4609820299644023,0.33614456857290026,0.6058870367324796,0.4846506888629154,0.33614456857290026,0.3361445685729002,0.3317693035590428,0.33614456857290026,0.28960602210191794
6,55,0.36702138385515637,0.5759425203028454,0.36702138385515637,0.6168882138020951,0.4448237595981759,0.36702138385515637,0.36702138385515637,0.40172106034339994,0.36702138385515637,0.3305237256935625
6,56,0.43893257560882504,0.5139308556817543,0.43893257560882504,0.528308413179794,0.5215900234681066,0.43893257560882504,0.43893257560882504,0.4225064707760073,0.43893257560882504,0.4127359661348079
6,57,0.530213561634454,0.5866849151358633,0.530213561634454,0.6788481687400776,0.5287057605497306,0.530213561634454,0.5302135616344541,0.4587253996621944,0.530213561634454,0.5075127754374131
6,58,0.49976513154538427,0.5905268302569967,0.49976513154538427,0.6727286383403268,0.4732385519764487,0.49976513154538427,0.49976513154538427,0.4256282634090334,0.49976513154538427,0.5044604481354461
6,59,0.39086255312185475,0.4947797237320425,0.39086255312185475,0.5062492254996495,0.4743598334511309,0.39086255312185475,0.3908625531218548,0.37813465586828515,0.39086255312185475,0.3465817221283809
6,60,0.4280864386536141,0.5482537719516712,0.4280864386536141,0.6599414948099023,0.5159323299681909,0.4280864386536141,0.4280864386536142,0.4746178072273499,0.4280864386536141,0.46386295315835324
6,61,0.49355456842143214,0.5349803629974792,0.49355456842143214,0.6436978147356687,0.4612460491088146,0.49355456842143214,0.49355456842143214,0.429717385036102,0.49355456842143214,0.5140854219228944
6,62,0.41435896987950294,0.5536299634250075,0.41435896987950294,0.6473533976705158,0.5239874310782371,0.41435896987950294,0.41435896987950294,0.4232362447175281,0.41435896987950294,0.4010960177447539
6,63,0.44918845166444377,0.4719344749926858,0.44918845166444377,0.6252245537552069,0.4492954822896788,0.44918845166444377,0.4491884516644437,0.37008307305385324,0.44918845166444377,0.4425508150084342
6,64,0.5034503593092423,0.5739344651973131,0.5034503593092423,0.6602719280620771,0.4836614788073688,0.5034503593092423,0.5034503593092423,0.4524676112310096,0.5034503593092423,0.5064730183119472
6,65,0.4316029142459264,0.5862253442876572,0.4316029142459264,0.640382812219735,0.4661107763745644,0.4316029142459264,0.4316029142459264,0.41483647045378497,0.4316029142459264,0.43962359020017
6,66,0.5235441338502081,0.4358108406719498,0.5235441338502081,0.5776443656336604,0.4775213839949749,0.5235441338502081,0.523544133850208,0.3935611991141194,0.5235441338502081,0.5078535602691718
6,67,0.5153742427873547,0.3839687759456236,0.5153742427873547,0.5604397756073688,0.5190150458205267,0.5153742427873547,0.5153742427873547,0.39014325900565094,0.5153742427873547,0.4691785030728366
6,68,0.4746770918834201,0.534234112893174,0.4746770918834201,0.6550428468620264,0.45103603294132777,0.4746770918834201,0.4746770918834201,0.39806559141114006,0.4746770918834201,0.48124280203741704
6,69,0.33422287534186024,0.5332770468930907,0.33422287534186024,0.6385721582883975,0.4334505462627134,0.33422287534186024,0.33422287534186024,0.33253307966148143,0.33422287534186024,0.29094087311881156
6,70,0.3533308993124743,0.5088660865184691,0.3533308993124743,0.42960445545888115,0.44478188156229326,0.3533308993124743,0.35333089931247424,0.37076310960040804,0.3533308993124743,0.2968893396501063
6,71,0.48260593496555215,0.45983913367419954,0.48260593496555215,0.6208684821949881,0.4731378550277788,0.48260593496555215,0.4826059349655521,0.41637743505085834,0.48260593496555215,0.4781951078178639
6,72,0.4514561983573983,0.47324519017684996,0.4514561983573983,0.5985384787171749,0.4631644775203895,0.4514561983573983,0.4514561983573983,0.39718181302731803,0.4514561983573983,0.42658137607648944
6,73,0.4447113153070207,0.4921937891085515,0.4447113153070207,0.6149103045971416,0.5479016493465438,0.4447113153070207,0.4447113153070207,0.43282271372123127,0.4447113153070207,0.4173912182490275
6,74,0.4433475450043735,0.4964561796062436,0.4433475450043735,0.6017029058288501,0.4754986195672425,0.4433475450043735,0.44334754500437357,0.4182542348589603,0.4433475450043735,0.4542399638519289
6,75,0.5208776451043332,0.463745507857277,0.5208776451043332,0.6227300303817425,0.4907462209683107,0.5208776451043332,0.5208776451043331,0.37770317599142755,0.5208776451043332,0.49203793744755564
6,76,0.5704912481648433,0.5624143215801465,0.5704912481648433,0.672202447324295,0.586598738755199,0.5704912481648433,0.5704912481648433,0.5289314530580085,0.5704912481648433,0.5863944729830101
6,77,0.5077135818456859,0.5814829822330818,0.5077135818456859,0.6894001240656191,0.44465968151104107,0.5077135818456859,0.5077135818456859,0.4101105478857753,0.5077135818456859,0.4907110962153812
6,78,0.4755377651283859,0.5719946990834017,0.4755377651283859,0.619338360016046,0.44596632572091227,0.4755377651283859,0.4755377651283859,0.41267095738888493,0.4755377651283859,0.4581255531502546
6,79,0.36847733596076254,0.45621588859050793,0.36847733596076254,0.6151096745955404,0.5333483730320825,0.36847733596076254,0.3684773359607625,0.3749001126224324,0.36847733596076254,0.3141029980786412
6,80,0.5597022602104589,0.49766537663564603,0.5597022602104589,0.6210879517141157,0.39862311395431893,0.5597022602104589,0.5597022602104589,0.36465266115069256,0.5597022602104589,0.5506789095243191
6,81,0.45229763608501283,0.5616875617266228,0.45229763608501283,0.6357712390864269,0.4670626204801117,0.45229763608501283,0.4522976360850128,0.42438024620797254,0.45229763608501283,0.4511022740221653
6,82,0.4381218031987271,0.3904157606483498,0.4381218031987271,0.5885883290754679,0.3376080875686454,0.4381218031987271,0.4381218031987272,0.28651511720870104,0.4381218031987271,0.44703021373974877
6,83,0.4864052748806538,0.49400880666214253,0.4864052748806538,0.6348557899523004,0.38484037619345113,0.4864052748806538,0.48640527488065377,0.29377848808746615,0.4864052748806538,0.44420962673716036
6,84,0.4379400414985379,0.5079778307838834,0.4379400414985379,0.6205270571050527,0.41517685608281985,0.4379400414985379,0.4379400414985379,0.3601710474519194,0.4379400414985379,0.44904404805914916
6,85,0.4670026780114712,0.5465783636381332,0.4670026780114712,0.6642333219569638,0.45093500679101517,0.4670026780114712,0.4670026780114712,0.3813443165982357,0.4670026780114712,0.4557976629418788
6,86,0.4897967660727848,0.4880516022449308,0.4897967660727848,0.5923041176487188,0.33956316892583127,0.4897967660727848,0.4897967660727848,0.3211690223438763,0.4897967660727848,0.4882577569561113
6,87,0.4880295145317829,0.6037350659181187,0.4880295145317829,0.6638053937658246,0.4793348784985467,0.4880295145317829,0.4880295145317829,0.4340093137116837,0.4880295145317829,0.5143262258423982
6,88,0.4005900564641421,0.41131970125295464,0.4005900564641421,0.5640776022471696,0.39622052052771367,0.4005900564641421,0.40059005646414203,0.30232503182148535,0.4005900564641421,0.37988212773952523
6,89,0.5127526369152995,0.5428797887764083,0.5127526369152995,0.6385351038782466,0.4865810145683696,0.5127526369152995,0.5127526369152995,0.4574214597582572,0.5127526369152995,0.5394788465547558
6,90,0.49048840837059093,0.5114096983776186,0.49048840837059093,0.6300121826771331,0.4261255521128103,0.49048840837059093,0.4904884083705909,0.3949407556948297,0.49048840837059093,0.48904612168641237
6,91,0.43432469348853575,0.4893296172796341,0.43432469348853575,0.6250881068077005,0.5409504822817013,0.43432469348853575,0.43432469348853575,0.44661646180509906,0.43432469348853575,0.395541065554449
6,92,0.43225227557564144,0.4973330452027511,0.43225227557564144,0.6362978961923947,0.5545081308154394,0.43225227557564144,0.43225227557564144,0.4631651378886896,0.43225227557564144,0.4331483829406082
6,93,0.38438074132568767,0.5315365575019041,0.38438074132568767,0.6619017953087143,0.5452800963658897,0.38438074132568767,0.38438074132568767,0.4109520921283578,0.38438074132568767,0.3255602603044886
6,94,0.34255352700866426,0.4662878443351353,0.34255352700866426,0.5697137990243579,0.4042659880284296,0.34255352700866426,0.34255352700866426,0.31365636286564935,0.34255352700866426,0.255491015829701
6,95,0.47101518834591555,0.5125687892258028,0.47101518834591555,0.6149445621161964,0.5477437684598639,0.47101518834591555,0.47101518834591555,0.4560832823581639,0.47101518834591555,0.4283753006662828
6,96,0.5272172813374687,0.45900478303543557,0.5272172813374687,0.6166049715272792,0.4339666512921493,0.5272172813374687,0.5272172813374687,0.3701790103436356,0.5272172813374687,0.5142227001844277
6,97,0.4427708511846523,0.5144520210261345,0.4427708511846523,0.4736045058905577,0.48982332984304555,0.4427708511846523,0.4427708511846523,0.41247437869541687,0.4427708511846523,0.38701895214588433
6,98,0.4470098202426965,0.5720811448536525,0.4470098202426965,0.6554656103358357,0.48069473827410103,0.4470098202426965,0.4470098202426965,0.44311194754689,0.4470098202426965,0.4599769487358054
6,99,0.5466708012187698,0.4902922207754169,0.5466708012187698,0.6218743853133069,0.44246299860109456,0.5466708012187698,0.5466708012187698,0.4191548071428056,0.5466708012187698,0.5560236823238159
7,0,0.5081471708503298,0.5565152530434018,0.5081471708503298,0.6287875052610439,0.40694523940971467,0.5081471708503298,0.5081471708503298,0.3936697853927643,0.5081471708503298,0.5201920177528275
7,1,0.4788476679908818,0.5031073409944309,0.4788476679908818,0.6175478424596785,0.48456813443815194,0.4788476679908818,0.4788476679908818,0.40725411898656955,0.4788476679908818,0.4799774947859605
7,2,0.35383269541729134,0.5242630930956289,0.35383269541729134,0.5916670635009855,0.4760284958853632,0.35383269541729134,0.35383269541729134,0.39245401989549034,0.35383269541729134,0.3303268911428621
7,3,0.49288652912559333,0.5466808828238153,0.49288652912559333,0.6195000329317035,0.5263558605249636,0.49288652912559333,0.49288652912559333,0.4667052240651821,0.49288652912559333,0.4920963816169528
7,4,0.32433451847041767,0.5600577063226688,0.32433451847041767,0.6516929652933384,0.3859816287173731,0.32433451847041767,0.3243345184704177,0.3009422776541144,0.32433451847041767,0.3284505884336856
7,5,0.3984367006980448,0.5264657795347674,0.3984367006980448,0.6042048942841349,0.5228169769656666,0.3984367006980448,0.3984367006980448,0.42610630660622384,0.3984367006980448,0.36492775550266277
7,6,0.3758832889166343,0.5003956165422294,0.3758832889166343,0.6007055975684504,0.4887390839023793,0.3758832889166343,0.3758832889166343,0.37170915298032986,0.3758832889166343,0.35304200750261333
7,7,0.43359132777386616,0.5538263716470495,0.43359132777386616,0.640798769474284,0.5431653773748008,0.43359132777386616,0.4335913277738661,0.4621561696604498,0.43359132777386616,0.4231496132905651
7,8,0.4823320843876085,0.5116748419458932,0.4823320843876085,0.6210027492209204,0.4436393000197396,0.4823320843876085,0.48233208438760855,0.3763878678486985,0.4823320843876085,0.4817191302024883
7,9,0.5174833661560644,0.479410483723971,0.5174833661560644,0.6085639783222863,0.3653095915898713,0.5174833661560644,0.5174833661560644,0.33031980511746295,0.5174833661560644,0.5130973990670011
7,10,0.5468475449579109,0.6010943970869242,0.5468475449579109,0.6417664948930681,0.48200797661370187,0.5468475449579109,0.546847544957911,0.46698531831142676,0.5468475449579109,0.5567174273236428
7,11,0.4509519861972618,0.49519519136834106,0.4509519861972618,0.622891153914427,0.5615468575317046,0.4509519861972618,0.45095198619726184,0.4560298854439837,0.4509519861972618,0.44051644651581556
7,12,0.43072570031454255,0.6040229414982982,0.43072570031454255,0.6570743970183093,0.5145750697399173,0.43072570031454255,0.43072570031454255,0.4919223174973486,0.43072570031454255,0.4389293441323903
7,13,0.420868380461435,0.5571408237434726,0.420868380461435,0.6342131543316408,0.49771599154046764,0.420868380461435,0.42086838046143493,0.39392952070131004,0.420868380461435,0.4094096101944682
7,14,0.33827441426223476,0.36198921338391754,0.33827441426223476,0.3514579969795698,0.3678101491159769,0.33827441426223476,0.3382744142622347,0.2843217182406421,0.33827441426223476,0.3005098469067622
7,15,0.4941476170771622,0.5901090664300889,0.4941476170771622,0.6457718386264474,0.47698325322938456,0.4941476170771622,0.4941476170771622,0.4222009739823341,0.4941476170771622,0.4805907183933398
7,16,0.57585024471388,0.5480849421086563,0.57585024471388,0.6437221850470731,0.47331676535435496,0.57585024471388,0.57585024471388,0.4730519730495424,0.57585024471388,0.5887929437358257
7,17,0.39336502888161823,0.548648383334583,0.39336502888161823,0.5989159202108508,0.4859814061911968,0.39336502888161823,0.39336502888161823,0.40729250117189725,0.39336502888161823,0.3490267518401752
7,18,0.5143345026731329,0.4036002606128419,0.5143345026731329,0.5761732473559085,0.3759945047027654,0.5143345026731329,0.514334502673133,0.2967665232898542,0.5143345026731329,0.5072178503260976
7,19,0.5247489091277919,0.5547834970532293,0.5247489091277919,0.6623713262066597,0.5000107522076089,0.5247489091277919,0.5247489091277919,0.444677271875682,0.5247489091277919,0.5025697620475158
7,20,0.5369498026408043,0.48174261619317577,0.5369498026408043,0.5970410856094679,0.4708716737755839,0.5369498026408043,0.5369498026408042,0.42139060805297257,0.5369498026408043,0.4947206369161072
7,21,0.5197603124442739,0.4380431514421814,0.5197603124442739,0.5773300409160821,0.3745352764351213,0.5197603124442739,0.5197603124442739,0.3276525348351932,0.5197603124442739,0.5076710880367369
7,22,0.4353617387718243,0.5260290844820732,0.4353617387718243,0.6283044559671511,0.4751821614625739,0.4353617387718243,0.43536173877182427,0.3758791954085897,0.4353617387718243,0.41824111962830685
7,23,0.4732374016886182,0.48198781178968986,0.4732374016886182,0.5873625938847572,0.439581463288897,0.4732374016886182,0.47323740168861816,0.36048355966840034,0.4732374016886182,0.40757148041524843
7,24,0.4213634859515211,0.5047768077161614,0.4213634859515211,0.6044659014139778,0.5037297199494475,0.4213634859515211,0.4213634859515211,0.3991152767358319,0.4213634859515211,0.3982741885264323
7,25,0.4154810417249966,0.477170959020121,0.4154810417249966,0.615095807804589,0.5567421533384689,0.4154810417249966,0.4154810417249966,0.41773463773132957,0.4154810417249966,0.3781692117162109
7,26,0.4760059223091393,0.47823801415975653,0.4760059223091393,0.5886284507021736,0.4683634499244136,0.4760059223091393,0.47600592230913935,0.4100141810253465,0.4760059223091393,0.4864648456270056
7,27,0.4649682665072566,0.4603471070404993,0.4649682665072566,0.6055192213974367,0.4151275318167574,0.4649682665072566,0.46496826650725653,0.36137009927623664,0.4649682665072566,0.46205590671760266
7,28,0.4023631622930335,0.5485683465154891,0.4023631622930335,0.6596306970572432,0.5431093382692949,0.4023631622930335,0.4023631622930335,0.423368043170252,0.4023631622930335,0.3558917387555327
7,29,0.36349096948215476,0.48554455578983,0.36349096948215476,0.6037048858439938,0.4772370814336524,0.36349096948215476,0.36349096948215476,0.3558134739645058,0.36349096948215476,0.3200160137348178
7,30,0.47118347589143844,0.5526460369504378,0.47118347589143844,0.6147492631077733,0.5245888300640166,0.47118347589143844,0.4711834758914385,0.47097566866237317,0.47118347589143844,0.4427346292437222
7,31,0.40371838347685784,0.4725759271708754,0.40371838347685784,0.6043264198264064,0.46640862944751865,0.40371838347685784,0.40371838347685784,0.3804339109585516,0.40371838347685784,0.4237219716348131
7,32,0.4777508718010382,0.47451371318299784,0.4777508718010382,0.625121479870852,0.3718877330640726,0.4777508718010382,0.47775087180103826,0.3022525007119041,0.4777508718010382,0.4580544149946695
7,33,0.3943588639447697,0.5730321456939416,0.3943588639447697,0.6302699833187144,0.457757244881549,0.3943588639447697,0.3943588639447697,0.3961356997526011,0.3943588639447697,0.3873746478483621
7,34,0.364660711957606,0.5670782923103008,0.364660711957606,0.6049714680483398,0.4209644439806134,0.364660711957606,0.364660711957606,0.33467409675882054,0.364660711957606,0.31323101149017774
7,35,0.5647454039890746,0.48522226987728123,0.5647454039890746,0.6373220151248284,0.4533530653479602,0.5647454039890746,0.5647454039890747,0.36989071625100106,0.5647454039890746,0.5547691541351016
7,36,0.45500547654693285,0.546904795100561,0.45500547654693285,0.6518665571066906,0.438784976160258,0.45500547654693285,0.45500547654693285,0.38822174145544275,0.45500547654693285,0.4497127188396053
7,37,0.4669669947329065,0.46130084251391845,0.4669669947329065,0.6170064352151735,0.43898576076064655,0.4669669947329065,0.4669669947329065,0.3448969428536231,0.4669669947329065,0.46203027754945514
7,38,0.535272038071828,0.5301912404123738,0.535272038071828,0.6415578648354607,0.48470304277244886,0.535272038071828,0.535272038071828,0.42709771955371567,0.535272038071828,0.5448487540667605
7,39,0.4610420836878817,0.535455853919026,0.4610420836878817,0.6568466269072437,0.47856163657182527,0.4610420836878817,0.4610420836878817,0.388940095798915,0.4610420836878817,0.4520226513196601
7,40,0.5317366986629829,0.5300010316715646,0.5317366986629829,0.6293549849964655,0.493573669315832,0.5317366986629829,0.5317366986629829,0.44655990770228804,0.5317366986629829,0.5423578670093526
7,41,0.49649342094197724,0.6255376399203365,0.49649342094197724,0.6874839020146633,0.47847884119525064,0.49649342094197724,0.4964934209419773,0.4477826180600298,0.49649342094197724,0.49417057183269175
7,42,0.35624614883105205,0.42397571706529136,0.35624614883105205,0.5779541008010987,0.5085885693316081,0.35624614883105205,0.35624614883105205,0.36569780871886415,0.35624614883105205,0.3269968254643615
7,43,0.5032738014205105,0.5149647316670302,0.5032738014205105,0.6399066013238908,0.5271426138932207,0.5032738014205105,0.5032738014205105,0.4453088142672774,0.5032738014205105,0.5007214407105977
7,44,0.5343440869787349,0.48447359535912954,0.5343440869787349,0.6137060464411942,0.424223542957202,0.5343440869787349,0.5343440869787348,0.38721641345835944,0.5343440869787349,0.5333404346385887
7,45,0.532690390037749,0.4991934940875329,0.532690390037749,0.6349624352586409,0.49943730840875555,0.532690390037749,0.5326903900377491,0.41531222833761383,0.532690390037749,0.5234404801657075
7,46,0.49369516425598553,0.5003063344763663,0.49369516425598553,0.6339745356956359,0.3954319904859043,0.49369516425598553,0.49369516425598553,0.36014865919854144,0.49369516425598553,0.4993688957474273
7,47,0.3786770851928054,0.5150819202939161,0.3786770851928054,0.6138150498721885,0.5004496700885699,0.3786770851928054,0.3786770851928054,0.4205977021895837,0.3786770851928054,0.37935599823723837
7,48,0.38502750074967407,0.5060425372028348,0.38502750074967407,0.6151061646113949,0.5194147740842325,0.38502750074967407,0.3850275007496741,0.4059505309875535,0.38502750074967407,0.3524291373317786
7,49,0.422379065512548,0.5711795484836846,0.422379065512548,0.6711024486817714,0.5044105395324503,0.422379065512548,0.42237906551254806,0.4486063441423145,0.422379065512548,0.45541692601703476
7,50,0.45104333167337946,0.4419138667082112,0.45104333167337946,0.566223666621724,0.38788880841250467,0.45104333167337946,0.45104333167337946,0.3458465732870415,0.45104333167337946,0.46820956944854397
7,51,0.5055654298910461,0.5029878674763554,0.5055654298910461,0.6428209364183102,0.5389062648000018,0.5055654298910461,0.5055654298910461,0.4313960754961481,0.5055654298910461,0.49048144384827025
7,52,0.353608652749011,0.49275330281714913,0.353608652749011,0.619745182642488,0.4630642983031028,0.353608652749011,0.353608652749011,0.3735408508191167,0.353608652749011,0.3233534939620085
7,53,0.44780972040385664,0.5091019987794718,0.44780972040385664,0.603519738561542,0.48823389998958433,0.44780972040385664,0.44780972040385664,0.3977864725726632,0.44780972040385664,0.3945018650116523
7,54,0.33260829991200913,0.45813190150676897,0.33260829991200913,0.6081906001067472,0.4841063092197073,0.33260829991200913,0.33260829991200913,0.3238691173712789,0.33260829991200913,0.28098115421042164
7,55,0.3823479095499512,0.6378842813162191,0.3823479095499512,0.6649208482594506,0.47564676652114346,0.3823479095499512,0.3823479095499511,0.4354029543634752,0.3823479095499512,0.35058369511448917
7,56,0.4385074427977995,0.5220935383419505,0.4385074427977995,0.5306625368624289,0.5134468313015524,0.4385074427977995,0.43850744279779946,0.4182589587118665,0.4385074427977995,0.4159347460018481
7,57,0.5261794926525435,0.5888028248187863,0.5261794926525435,0.6634675317415142,0.5198352994455756,0.5261794926525435,0.5261794926525434,0.456230024296621,0.5261794926525435,0.50347478352198
7,58,0.4789051886925266,0.5640573818451663,0.4789051886925266,0.6562269799324432,0.4526698836774393,0.4789051886925266,0.47890518869252663,0.3890115293687045,0.4789051886925266,0.47735815062357034
7,59,0.4201935576256607,0.49023129164308005,0.4201935576256607,0.5093205069486095,0.5138476521755913,0.4201935576256607,0.4201935576256607,0.4120773000790728,0.4201935576256607,0.38609300877989583
7,60,0.4202383475742758,0.5611641297716432,0.4202383475742758,0.6509930452503647,0.5205356064200627,0.4202383475742758,0.4202383475742758,0.4850573607016074,0.4202383475742758,0.44321472750324803
7,61,0.5020268381000401,0.5406171932505379,0.5020268381000401,0.645043538710488,0.46592980640351833,0.5020268381000401,0.5020268381000401,0.4377613795123932,0.5020268381000401,0.5213189088615068
7,62,0.41935035431915885,0.5474803025192836,0.41935035431915885,0.635341893125889,0.5224062288965572,0.41935035431915885,0.4193503543191589,0.4267858531516928,0.41935035431915885,0.40860371522004674
7,63,0.4899942321325507,0.5629122922440026,0.4899942321325507,0.6557867407156694,0.5182081322288474,0.4899942321325507,0.4899942321325508,0.43370004686041935,0.4899942321325507,0.47317694645268393
7,64,0.5014953059297524,0.5700725898044398,0.5014953059297524,0.6538800880715885,0.4709023863683247,0.5014953059297524,0.5014953059297524,0.4423687302195115,0.5014953059297524,0.5068000870970234
7,65,0.4685891900295344,0.5924665404410049,0.4685891900295344,0.6525877297655538,0.5069618194856964,0.4685891900295344,0.4685891900295344,0.4659573458110855,0.4685891900295344,0.4867092695027066
7,66,0.5001576476095967,0.4231535039659303,0.5001576476095967,0.570956816404089,0.48598941712835925,0.5001576476095967,0.5001576476095966,0.39424198257657445,0.5001576476095967,0.48481126507309313
7,67,0.49559344033546743,0.37878980062533607,0.49559344033546743,0.5674321548951952,0.5059525142339025,0.49559344033546743,0.4955934403354674,0.3745589970504711,0.49559344033546743,0.4560628636996951
7,68,0.5018812243044386,0.5185093128773341,0.5018812243044386,0.6456228639513304,0.47106084520527947,0.5018812243044386,0.5018812243044386,0.4228400283575011,0.5018812243044386,0.5047452148011277
7,69,0.33897507030488666,0.5213197810483328,0.33897507030488666,0.6274730529215771,0.45027871479631404,0.33897507030488666,0.3389750703048866,0.3384597903359233,0.33897507030488666,0.29278988564322367
7,70,0.35176724689474165,0.5839330131557433,0.35176724689474165,0.6514896108666561,0.43787643139278715,0.35176724689474165,0.3517672468947417,0.3698515538498234,0.35176724689474165,0.2967011131038862
7,71,0.4740570949183573,0.46331479721791796,0.4740570949183573,0.6237039538090725,0.4652870675208583,0.4740570949183573,0.47405709491835735,0.4106673507295857,0.4740570949183573,0.4746984407693293
7,72,0.39865962826387,0.4307098530056998,0.39865962826387,0.5657964024659827,0.46297791532239946,0.39865962826387,0.39865962826387,0.3691851747687983,0.39865962826387,0.36077956437406866
7,73,0.449243091684746,0.5169275920620766,0.449243091684746,0.6310731081901704,0.5541588781949971,0.449243091684746,0.4492430916847461,0.45804730246288883,0.449243091684746,0.42882783884583564
7,74,0.4940799675282165,0.599348728119264,0.4940799675282165,0.6601781521642389,0.5348650520393987,0.4940799675282165,0.4940799675282165,0.4970269981962465,0.4940799675282165,0.5102308079937792
7,75,0.5186823800709632,0.47341548626270213,0.5186823800709632,0.618912912780268,0.4778088243273064,0.5186823800709632,0.5186823800709632,0.3646695698504437,0.5186823800709632,0.4843313163264188
7,76,0.5384623461960092,0.5537099790633555,0.5384623461960092,0.6632919283998142,0.5662957424527032,0.5384623461960092,0.5384623461960092,0.5079394587878971,0.5384623461960092,0.5609307505784216
7,77,0.5082517117055,0.5460072329159822,0.5082517117055,0.6576955974548064,0.44479602831333587,0.5082517117055,0.5082517117054999,0.4004902051374219,0.5082517117055,0.4865312642487266
7,78,0.46442930032060126,0.5501476596439948,0.46442930032060126,0.6055446267980289,0.4405040752325904,0.46442930032060126,0.46442930032060126,0.4057863003795409,0.46442930032060126,0.43941294222658406
7,79,0.3666915923040461,0.441548650286254,0.3666915923040461,0.6107610231544978,0.5360805675717244,0.3666915923040461,0.366691592304046,0.36893473766787044,0.3666915923040461,0.31010913053382305
7,80,0.5475247838490047,0.5069942118643171,0.5475247838490047,0.6223219665917998,0.39145892502369184,0.5475247838490047,0.5475247838490047,0.35102343247975576,0.5475247838490047,0.5354534775151065
7,81,0.4641309174886443,0.5894905395297958,0.4641309174886443,0.6479208097928286,0.4805186672943922,0.4641309174886443,0.4641309174886443,0.44908248961471403,0.4641309174886443,0.46368354935614303
7,82,0.5158161021352075,0.5249460581522973,0.5158161021352075,0.6128803032730581,0.4197506169562065,0.5158161021352075,0.5158161021352075,0.368289965290671,0.5158161021352075,0.5041966861808712
7,83,0.48030575737619363,0.4861496999072342,0.48030575737619363,0.6389890968865468,0.37743464225547324,0.48030575737619363,0.4803057573761937,0.28865840255399006,0.48030575737619363,0.43903377114529185
7,84,0.43315011890244554,0.5507521520585992,0.43315011890244554,0.6213333727435975,0.45838041816583147,0.43315011890244554,0.4331501189024456,0.40729855676573024,0.43315011890244554,0.4315326947870477
7,85,0.46597111531525387,0.5435282358380951,0.46597111531525387,0.6564323193293478,0.4502665815277146,0.46597111531525387,0.4659711153152539,0.39069890995194,0.46597111531525387,0.4585269506363263
7,86,0.5016931436903368,0.5136373715775586,0.5016931436903368,0.6141477301518448,0.35224058967749505,0.5016931436903368,0.5016931436903368,0.33945429840399893,0.5016931436903368,0.5037369074989919
7,87,0.4573300005398954,0.6071511951057768,0.4573300005398954,0.6625431311928517,0.4674424678895165,0.4573300005398954,0.4573300005398954,0.418940187099485,0.4573300005398954,0.48259750200652896
7,88,0.4585042034251673,0.43320737550098654,0.4585042034251673,0.5826680199837391,0.41576638289929446,0.4585042034251673,0.4585042034251673,0.3454087979598097,0.4585042034251673,0.456313415088146
7,89,0.49029530979544095,0.5362002052542292,0.49029530979544095,0.625738991793154,0.4667722161740454,0.49029530979544095,0.49029530979544095,0.43344039574235405,0.49029530979544095,0.514989094487583
7,90,0.5013465326771946,0.49457221303929566,0.5013465326771946,0.6169143635957756,0.4368217174088085,0.5013465326771946,0.5013465326771946,0.40663566390644856,0.5013465326771946,0.5002366316008519
7,91,0.43368694780939515,0.5323480584491691,0.43368694780939515,0.6284090288792819,0.5349874224481771,0.43368694780939515,0.4336869478093952,0.43319465991067424,0.43368694780939515,0.3877052678615202
7,92,0.4092016210244391,0.5510141592290029,0.4092016210244391,0.6377690988470432,0.5369711815760816,0.4092016210244391,0.4092016210244391,0.44666558641753024,0.4092016210244391,0.4026412549398258
7,93,0.3655244517343235,0.5182220171972303,0.3655244517343235,0.6435473273948071,0.5006110952385917,0.3655244517343235,0.36552445173432346,0.371431303382295,0.3655244517343235,0.30476417784954324
7,94,0.3348929589922001,0.4634929871387068,0.3348929589922001,0.5473445974115778,0.4237443507677131,0.3348929589922001,0.3348929589922001,0.333762336823498,0.3348929589922001,0.22938631553707503
7,95,0.44747091510790055,0.5049778396161954,0.44747091510790055,0.6122426447497401,0.522097210295426,0.44747091510790055,0.4474709151079005,0.42887206411330303,0.44747091510790055,0.4102048047686011
7,96,0.5207278496745248,0.4522393788246277,0.5207278496745248,0.6067443877492242,0.439672632828829,0.5207278496745248,0.5207278496745248,0.3658317870004648,0.5207278496745248,0.504661537154476
7,97,0.4469547155963712,0.5728342830694462,0.4469547155963712,0.6049078827446375,0.49753129599922635,0.4469547155963712,0.4469547155963712,0.41732150884811686,0.4469547155963712,0.38646945637372243
7,98,0.4504481457379437,0.5609070024396225,0.4504481457379437,0.6424777371864014,0.493904068589901,0.4504481457379437,0.4504481457379437,0.45626192889143025,0.4504481457379437,0.4623289897022026
7,99,0.5465012127203825,0.48290952084240624,0.5465012127203825,0.6163369610707001,0.46225009824975016,0.5465012127203825,0.5465012127203825,0.43824717165051486,0.5465012127203825,0.5572223899858836
8,0,0.49915414832516725,0.537789441398776,0.49915414832516725,0.6190713746064558,0.4119221406997008,0.49915414832516725,0.49915414832516725,0.39970766233983124,0.49915414832516725,0.5167362010757783
8,1,0.4729000831959357,0.5006258430631733,0.4729000831959357,0.6112838935187599,0.44667705422126597,0.4729000831959357,0.4729000831959357,0.38098945743529516,0.4729000831959357,0.48384027962817566
8,2,0.3800814638098609,0.5414328430565902,0.3800814638098609,0.6123781217927885,0.48491504144163916,0.3800814638098609,0.3800814638098609,0.40283330614312807,0.3800814638098609,0.35406103566317637
8,3,0.49419398675425547,0.5331102651800128,0.49419398675425547,0.6145466316889752,0.5253779049095827,0.49419398675425547,0.4941939867542555,0.45973364395427585,0.49419398675425547,0.4863840135147076
8,4,0.3186765815381965,0.5515140886628908,0.3186765815381965,0.6427920706685832,0.4008538442069531,0.3186765815381965,0.3186765815381965,0.30885828580341196,0.3186765815381965,0.31863504349378313
8,5,0.41838514021902284,0.548950629235946,0.41838514021902284,0.6143801716506132,0.5367671065052511,0.41838514021902284,0.41838514021902284,0.4535212068750327,0.41838514021902284,0.39778528832368737
8,6,0.37751812204108726,0.5035947174134598,0.37751812204108726,0.6029660466086298,0.48019535959203896,0.37751812204108726,0.37751812204108726,0.36863479185686876,0.37751812204108726,0.3663583802849517
8,7,0.4324234438025068,0.529908155942786,0.4324234438025068,0.624353299222124,0.5410436754360655,0.4324234438025068,0.4324234438025068,0.4457025552080234,0.4324234438025068,0.4191785571056127
8,8,0.47601019686855073,0.5030522457515795,0.47601019686855073,0.6150678303133834,0.43598371117127444,0.47601019686855073,0.47601019686855073,0.3609599206678626,0.47601019686855073,0.47460758544770054
8,9,0.5075412055911609,0.47724461194926954,0.5075412055911609,0.6133795045091007,0.36426929290687704,0.5075412055911609,0.5075412055911608,0.3202240267320443,0.5075412055911609,0.5037466350056994
8,10,0.5353150624415558,0.6245041497947266,0.5353150624415558,0.6529047383210974,0.4530471713376921,0.5353150624415558,0.5353150624415559,0.4483749921322985,0.5353150624415558,0.5471522129163444
8,11,0.4402457016749675,0.49033082988048815,0.4402457016749675,0.6157439969921441,0.5580634132702039,0.4402457016749675,0.44024570167496746,0.44657020053380486,0.4402457016749675,0.43135420724188184
8,12,0.41767268267538726,0.5829964479986998,0.41767268267538726,0.6516722383736917,0.5044151858540786,0.41767268267538726,0.41767268267538726,0.4691219617072076,0.41767268267538726,0.42568665759699276
8,13,0.43967077343413363,0.5527166278247541,0.43967077343413363,0.6295173268109657,0.5098948005522914,0.43967077343413363,0.43967077343413363,0.41104999204887593,0.43967077343413363,0.4323978608751544
8,14,0.3341856123348173,0.40524347950741835,0.3341856123348173,0.3588967321724993,0.3812332967152897,0.3341856123348173,0.33418561233481736,0.2864356131739755,0.3341856123348173,0.29310064636237765
8,15,0.47704361806886,0.5509277491411857,0.47704361806886,0.6230430060483231,0.4353167916467844,0.47704361806886,0.47704361806886,0.38569184560218456,0.47704361806886,0.4662786191496987
8,16,0.5628859706451137,0.5410163333656279,0.5628859706451137,0.6361836391064083,0.45772172667847755,0.5628859706451137,0.5628859706451137,0.4567678871473512,0.5628859706451137,0.5737173653094103
8,17,0.4061202212400441,0.5478909940778904,0.4061202212400441,0.6179303785545847,0.4856889896362021,0.4061202212400441,0.4061202212400441,0.41675863300157545,0.4061202212400441,0.3797473362623044
8,18,0.501807348766785,0.3910539330061066,0.501807348766785,0.5672672472932514,0.37896018353983885,0.501807348766785,0.5018073487667849,0.2980643935823043,0.501807348766785,0.49216800557019064
8,19,0.5161300964015365,0.5359155759455454,0.5161300964015365,0.6515610412445341,0.48278241575808833,0.5161300964015365,0.5161300964015365,0.41863879793607434,0.5161300964015365,0.492796772062536
8,20,0.5270783581565981,0.45990752443684335,0.5270783581565981,0.5944761476409735,0.462763034957109,0.5270783581565981,0.5270783581565981,0.40149276613121976,0.5270783581565981,0.48532455717902384
8,21,0.49239895057707944,0.4304994725919011,0.49239895057707944,0.5690132795589291,0.36122463983554587,0.49239895057707944,0.4923989505770795,0.3174426585963282,0.49239895057707944,0.48713864956508557
8,22,0.43633141328178093,0.5459726373050058,0.43633141328178093,0.6408448048530364,0.4882887484156206,0.43633141328178093,0.43633141328178093,0.3930057740566315,0.43633141328178093,0.42710794012091485
8,23,0.4761854538044183,0.4729229502170359,0.4761854538044183,0.5906848137062043,0.430634612027211,0.4761854538044183,0.47618545380441824,0.35746143863978264,0.4761854538044183,0.4201379525600505
8,24,0.4298827757836545,0.5179389094330229,0.4298827757836545,0.6225851010176261,0.5058217280290327,0.4298827757836545,0.4298827757836545,0.4085375484930245,0.4298827757836545,0.40686592737154914
8,25,0.4041839387518825,0.4490048786293708,0.4041839387518825,0.5940992216354001,0.5362341504488375,0.4041839387518825,0.4041839387518825,0.40059023946805333,0.4041839387518825,0.36783292272845564
8,26,0.4621974227566206,0.4360483138097706,0.4621974227566206,0.5753694934902649,0.46966643802807834,0.4621974227566206,0.4621974227566207,0.3968268643656663,0.4621974227566206,0.47289981556886385
8,27,0.45132117803512073,0.44727492977504624,0.45132117803512073,0.5947705654224252,0.40006767550805655,0.45132117803512073,0.45132117803512073,0.34040644807177334,0.45132117803512073,0.44907428722295406
8,28,0.40118319804507674,0.5360460759503717,0.40118319804507674,0.6531989638883801,0.5370304290335525,0.40118319804507674,0.4011831980450767,0.41093618169605006,0.40118319804507674,0.3518865872193233
8,29,0.3756279304544052,0.47391849656284357,0.3756279304544052,0.5893047260321147,0.5038652410304854,0.3756279304544052,0.3756279304544051,0.3741290783737455,0.3756279304544052,0.3323980977383916
8,30,0.4549346675410309,0.439314424646683,0.4549346675410309,0.4603969008960982,0.512678768149978,0.4549346675410309,0.4549346675410309,0.43011088863858865,0.4549346675410309,0.4256482016506048
8,31,0.5221110413449325,0.5207955510957021,0.5221110413449325,0.6457239313644294,0.5471482967920495,0.5221110413449325,0.5221110413449325,0.4425187310918197,0.5221110413449325,0.5224024217718267
8,32,0.4824500993974451,0.4702432857588317,0.4824500993974451,0.614973828901532,0.3756481585245169,0.4824500993974451,0.4824500993974451,0.3142767429364228,0.4824500993974451,0.4675136590930725
8,33,0.39703483106151344,0.5511607147015565,0.39703483106151344,0.6177573250939683,0.4756676830629051,0.39703483106151344,0.39703483106151344,0.4016904554364378,0.39703483106151344,0.3851004997735919
8,34,0.36936969670049546,0.5609850797301394,0.36936969670049546,0.6070249063432112,0.4168994405841543,0.36936969670049546,0.36936969670049546,0.33204406892260846,0.36936969670049546,0.31847347507955126
8,35,0.5533245246434391,0.4747799273833508,0.5533245246434391,0.6368981913092274,0.4466493014837965,0.5533245246434391,0.5533245246434391,0.36564945557063117,0.5533245246434391,0.5515238103916589
8,36,0.5070949787586921,0.6019198590379498,0.5070949787586921,0.6583263164324733,0.4914253215527048,0.5070949787586921,0.507094978758692,0.4427524529952823,0.5070949787586921,0.488616986432867
8,37,0.4340960045600256,0.42465026819174334,0.4340960045600256,0.598260360952906,0.42452544446229723,0.4340960045600256,0.4340960045600256,0.3189106411438547,0.4340960045600256,0.42243956647605174
8,38,0.49940653318084927,0.4824798650920973,0.49940653318084927,0.613007766558079,0.46173341745663093,0.49940653318084927,0.4994065331808493,0.38966325353034237,0.49940653318084927,0.5082979064753315
8,39,0.4382164010570056,0.5036212046575086,0.4382164010570056,0.6431879469249921,0.46816682254236863,0.4382164010570056,0.4382164010570056,0.3624586883510078,0.4382164010570056,0.4303358696265621
8,40,0.5442339306534509,0.5368742764709407,0.5442339306534509,0.6432759136815702,0.5134436341515661,0.5442339306534509,0.5442339306534509,0.46615361160286406,0.5442339306534509,0.5599207741618644
8,41,0.4789351106084064,0.5905964450879033,0.4789351106084064,0.6594584320852288,0.4674527827341448,0.4789351106084064,0.47893511060840643,0.4289992928708291,0.4789351106084064,0.4732761761451794
8,42,0.35788869474748647,0.4981142070888416,0.35788869474748647,0.6356624550763432,0.5122962062108551,0.35788869474748647,0.3578886947474864,0.3647548506845011,0.35788869474748647,0.32940636933370915
8,43,0.49599989518036924,0.5156941575933633,0.49599989518036924,0.6405139895302693,0.5251387615365346,0.49599989518036924,0.49599989518036924,0.4456212534596271,0.49599989518036924,0.4971701031816594
8,44,0.5335401910337771,0.49835839963186435,0.5335401910337771,0.617213059202137,0.41504039444842883,0.5335401910337771,0.5335401910337771,0.384896641727077,0.5335401910337771,0.5298088359119935
8,45,0.5200506107834311,0.4847149252129597,0.5200506107834311,0.6252450589782865,0.4910782479380196,0.5200506107834311,0.5200506107834311,0.406781587771487,0.5200506107834311,0.5111499694311982
8,46,0.4808095049103072,0.4947869873420902,0.4808095049103072,0.6297756577160056,0.39918193003192437,0.4808095049103072,0.48080950491030716,0.36724349958428115,0.4808095049103072,0.4888385681365297
8,47,0.3987646337450632,0.5209404077464124,0.3987646337450632,0.6173346444025709,0.5337225770183072,0.3987646337450632,0.3987646337450632,0.43551620501611,0.3987646337450632,0.38940320607734774
8,48,0.38973583501613135,0.5170369914974845,0.38973583501613135,0.6283294574862341,0.5149611752302272,0.38973583501613135,0.38973583501613135,0.39902872517338134,0.38973583501613135,0.36186006551581185
8,49,0.46200683316199476,0.5818352298996183,0.46200683316199476,0.6776875471198389,0.5306490296489356,0.46200683316199476,0.46200683316199476,0.47567728198857157,0.46200683316199476,0.49136010492220106
8,50,0.4953010047166046,0.4993156953915522,0.4953010047166046,0.5933489030013499,0.46935586009551516,0.4953010047166046,0.49530100471660454,0.42502251255181,0.4953010047166046,0.5103830676814278
8,51,0.5050961576078377,0.5094948665155741,0.5050961576078377,0.6480720417179267,0.5301372732235237,0.5050961576078377,0.5050961576078377,0.4336513768637258,0.5050961576078377,0.49240399490455705
8,52,0.3592830374424456,0.5667638342050909,0.3592830374424456,0.6398388304447464,0.45714083164925423,0.3592830374424456,0.3592830374424456,0.3900410483404592,0.3592830374424456,0.33522426797767957
8,53,0.4586566007607043,0.5014141617092089,0.4586566007607043,0.6033798166682836,0.508646832950999,0.4586566007607043,0.4586566007607043,0.410073935501003,0.4586566007607043,0.40216210766881777
8,54,0.3092257165299907,0.40519333387322115,0.3092257165299907,0.5797499451444184,0.43625091757373435,0.3092257165299907,0.30922571652999076,0.287577794985449,0.3092257165299907,0.2683892706027945
8,55,0.3776762807393092,0.6206366144779836,0.3776762807393092,0.6589714063148948,0.47640898790255737,0.3776762807393092,0.3776762807393092,0.42148302280999606,0.3776762807393092,0.3506093410106409
8,56,0.3838527403131747,0.4671138454499419,0.3838527403131747,0.4992985169330521,0.45921637586258124,0.3838527403131747,0.3838527403131747,0.33657996510396165,0.3838527403131747,0.34396324844740045
8,57,0.5387080404369603,0.5883039226882996,0.5387080404369603,0.6700837963375303,0.5297590170845697,0.5387080404369603,0.5387080404369604,0.46160549165182274,0.5387080404369603,0.5116115652631265
8,58,0.4772699838672552,0.5381986064194301,0.4772699838672552,0.6410216417756687,0.4392560548141572,0.4772699838672552,0.47726998386725517,0.37842074795374026,0.4772699838672552,0.4783786645254934
8,59,0.4106755076945322,0.47973054325807013,0.4106755076945322,0.5051856776581494,0.5084951823912229,0.4106755076945322,0.41067550769453215,0.4141604813833898,0.4106755076945322,0.37517502779369793
8,60,0.42617533889589804,0.5568659053105884,0.42617533889589804,0.6546218514995996,0.5165346145112168,0.42617533889589804,0.42617533889589804,0.4718337776183456,0.42617533889589804,0.44856591138706786
8,61,0.5144396010795307,0.5242598075168685,0.5144396010795307,0.6352744813801112,0.47776791930041695,0.5144396010795307,0.5144396010795307,0.44605263707393306,0.5144396010795307,0.5319648624870517
8,62,0.43538850123074785,0.551404440945748,0.43538850123074785,0.6457321208749012,0.5411444192578021,0.43538850123074785,0.43538850123074785,0.44741102161693624,0.43538850123074785,0.4278274609855513
8,63,0.498836065349836,0.5485226958975221,0.498836065349836,0.6503035851716736,0.5179348361645467,0.498836065349836,0.49883606534983593,0.4251291871330589,0.498836065349836,0.4799840236503087
8,64,0.49128933070900166,0.5574801710271329,0.49128933070900166,0.6473085460969026,0.47601389112769105,0.49128933070900166,0.4912893307090016,0.4341704325335367,0.49128933070900166,0.4905064841832205
8,65,0.45271226834791906,0.5644427111574042,0.45271226834791906,0.6413968639152001,0.5024801040881575,0.45271226834791906,0.4527122683479191,0.4410074754763986,0.45271226834791906,0.4643784389877816
8,66,0.4683886574380168,0.4731868007679168,0.4683886574380168,0.6109704148554858,0.472463216618187,0.4683886574380168,0.46838865743801683,0.370497149501934,0.4683886574380168,0.46091024349835835
8,67,0.49867660569874966,0.38937094496793334,0.49867660569874966,0.5666074108171445,0.517428435948105,0.49867660569874966,0.4986766056987497,0.3924480536730017,0.49867660569874966,0.46671655165326126
8,68,0.47719982533778543,0.4937564503058264,0.47719982533778543,0.6218037846272578,0.45896454075437554,0.47719982533778543,0.4771998253377855,0.3952091995388511,0.47719982533778543,0.4796433689339167
8,69,0.340759234233125,0.5148066308675603,0.340759234233125,0.6418420407726745,0.4610119568317632,0.340759234233125,0.340759234233125,0.3496648119910075,0.340759234233125,0.29175304611355535
8,70,0.3558319811941688,0.5680312548627553,0.3558319811941688,0.6338342189878874,0.4515659158280957,0.3558319811941688,0.3558319811941688,0.3831724236934122,0.3558319811941688,0.2998494403666274
8,71,0.4684721971969484,0.46306217247923476,0.4684721971969484,0.6227778854341934,0.46361019674610493,0.4684721971969484,0.46847219719694844,0.4101005089784756,0.4684721971969484,0.47125410447394367
8,72,0.4044892909741842,0.4391196180248407,0.4044892909741842,0.5708709708190243,0.46648832999562617,0.4044892909741842,0.4044892909741842,0.3730941780041188,0.4044892909741842,0.3707559252872048
8,73,0.45441809632868313,0.5105588569355042,0.45441809632868313,0.6227414284960844,0.5630217200630947,0.45441809632868313,0.45441809632868313,0.46206536647726454,0.45441809632868313,0.42966474021488993
8,74,0.4622896045595796,0.5499050011948934,0.4622896045595796,0.6289023140888936,0.5289279175904775,0.4622896045595796,0.46228960455957957,0.4699335969106738,0.4622896045595796,0.46980381780967095
8,75,0.5150336719125113,0.43396911121476156,0.5150336719125113,0.5845683231436353,0.48626480881272305,0.5150336719125113,0.5150336719125113,0.3692919846127567,0.5150336719125113,0.4723127637541672
8,76,0.4813980931562167,0.529609758450726,0.4813980931562167,0.646602134377505,0.5208940132992319,0.4813980931562167,0.4813980931562167,0.4628068097118808,0.4813980931562167,0.5078263920036721
8,77,0.5177573096592126,0.5750058777648133,0.5177573096592126,0.6815804776123839,0.45506856098758836,0.5177573096592126,0.5177573096592126,0.42522898401150255,0.5177573096592126,0.4997112018570543
8,78,0.4576124002366619,0.5412457653566127,0.4576124002366619,0.6050395751331588,0.4363527797237365,0.4576124002366619,0.4576124002366619,0.4000799980995684,0.4576124002366619,0.43445635021523415
8,79,0.3676965783917491,0.4334326757696606,0.3676965783917491,0.5981407349137176,0.5396913707562377,0.3676965783917491,0.3676965783917491,0.3669156917943121,0.3676965783917491,0.3051220689324769
8,80,0.5353857785222532,0.4902420720930742,0.5353857785222532,0.6118568671453792,0.3823521514365496,0.5353857785222532,0.5353857785222532,0.34015897393905287,0.5353857785222532,0.5239955631705551
8,81,0.45020942088733723,0.5676395995072707,0.45020942088733723,0.6371050796747977,0.47207256747073795,0.45020942088733723,0.4502094208873372,0.43512136061264484,0.45020942088733723,0.4442654290707293
8,82,0.5199469062551022,0.5287583658447375,0.5199469062551022,0.6261874178167924,0.41851425465932274,0.5199469062551022,0.5199469062551022,0.3744197958631845,0.5199469062551022,0.5168034067975713
8,83,0.48497822251367695,0.4956165682162682,0.48497822251367695,0.6364103885652996,0.3910622559137576,0.48497822251367695,0.48497822251367695,0.3162040211001854,0.48497822251367695,0.44819012290725674
8,84,0.4846695249840099,0.5597321314310836,0.4846695249840099,0.6323703818364332,0.5126735414388791,0.4846695249840099,0.4846695249840099,0.4665810454824958,0.4846695249840099,0.4967366451766877
8,85,0.45159354180979083,0.5296793228537933,0.45159354180979083,0.6348068722556792,0.4361169562263958,0.45159354180979083,0.4515935418097909,0.384229488357788,0.45159354180979083,0.44592808669404355
8,86,0.4875266962497153,0.4954485507681977,0.4875266962497153,0.610110333149866,0.34796875156349827,0.4875266962497153,0.48752669624971534,0.32432533795100804,0.4875266962497153,0.4913448495548305
8,87,0.43999536117378657,0.5371279796561317,0.43999536117378657,0.6333624560442409,0.4503441026630265,0.43999536117378657,0.43999536117378657,0.37919782635365934,0.43999536117378657,0.45329997504945563
8,88,0.42883076954242605,0.3911624589101139,0.42883076954242605,0.5564578974955714,0.4068800505386756,0.42883076954242605,0.42883076954242605,0.32195692307873425,0.42883076954242605,0.41697693820179815
8,89,0.49353514705367163,0.5179874826580672,0.49353514705367163,0.6204667703561015,0.47160623007276964,0.49353514705367163,0.49353514705367163,0.43471442965970347,0.49353514705367163,0.5166466237521607
8,90,0.48995464599539296,0.46254165112202233,0.48995464599539296,0.6056717452454353,0.44467423204951484,0.48995464599539296,0.48995464599539296,0.3912602774391085,0.48995464599539296,0.48476158356900695
8,91,0.43225868741475854,0.5403374914882688,0.43225868741475854,0.6290290719439147,0.5517206260226746,0.43225868741475854,0.4322586874147586,0.4461263510289213,0.43225868741475854,0.3852991074136584
8,92,0.3923104207346611,0.544563948990783,0.3923104207346611,0.6466326193852382,0.5364943902626317,0.3923104207346611,0.39231042073466105,0.43815243630180334,0.3923104207346611,0.38053223424346083
8,93,0.3912787651132391,0.5420674654480861,0.3912787651132391,0.662949710807472,0.5421361612840216,0.3912787651132391,0.3912787651132391,0.42551489763673156,0.3912787651132391,0.3443216446033007
8,94,0.3451125942180265,0.44356250229489114,0.3451125942180265,0.5516061857291479,0.44082467603370223,0.3451125942180265,0.3451125942180265,0.34847976109411183,0.3451125942180265,0.25929906627220367
8,95,0.4634977251445289,0.5263581303996876,0.4634977251445289,0.6120658246706681,0.5550560518908851,0.4634977251445289,0.4634977251445288,0.4665598790643154,0.4634977251445289,0.4340718452313611
8,96,0.5147009996800586,0.5076055839828941,0.5147009996800586,0.6351248693355156,0.4293716414779479,0.5147009996800586,0.5147009996800586,0.36331578461392783,0.5147009996800586,0.5044283583991838
8,97,0.4490133805789854,0.5674830587907568,0.4490133805789854,0.6211899751867171,0.5041731479864157,0.4490133805789854,0.44901338057898543,0.42774275101297704,0.4490133805789854,0.40693929063766804
8,98,0.45947861712055826,0.5784615174339036,0.45947861712055826,0.657033316716,0.5111563083296455,0.45947861712055826,0.45947861712055826,0.4723824678949121,0.45947861712055826,0.46571919719836613
8,99,0.49280354691788936,0.5254201907540818,0.49280354691788936,0.6256099309942713,0.4304086096811299,0.49280354691788936,0.4928035469178893,0.3990102276322467,0.49280354691788936,0.5042838484399592
9,0,0.5058043405920618,0.5244448167275835,0.5058043405920618,0.6103307988469501,0.4099183894396614,0.5058043405920618,0.5058043405920618,0.39082867329477833,0.5058043405920618,0.5156820820557828
9,1,0.45735183796297546,0.5044626312279897,0.45735183796297546,0.6058446794185331,0.43954744866533796,0.45735183796297546,0.4573518379629754,0.3711036373083506,0.45735183796297546,0.4640731938480553
9,2,0.3869906386219638,0.5461673893164769,0.3869906386219638,0.6206520316330613,0.49578971618230866,0.3869906386219638,0.3869906386219638,0.41357306057422394,0.3869906386219638,0.3642900951016177
9,3,0.4556512137936687,0.4994010310099249,0.4556512137936687,0.5932490116200058,0.4833925192684866,0.4556512137936687,0.4556512137936687,0.41019753675264903,0.4556512137936687,0.4349120571386426
9,4,0.32329923876601646,0.5721294121162812,0.32329923876601646,0.6564124764121256,0.41904210156318533,0.32329923876601646,0.32329923876601646,0.3374937675961345,0.32329923876601646,0.33241095662394804
9,5,0.4290625250026879,0.5354021712699852,0.4290625250026879,0.6029862133273156,0.5400027686983258,0.4290625250026879,0.4290625250026879,0.4601446734626218,0.4290625250026879,0.41076415548593526
9,6,0.38798400905909236,0.4884907110611394,0.38798400905909236,0.5859017914572989,0.49069584090637003,0.38798400905909236,0.3879840090590924,0.3870699882599516,0.38798400905909236,0.3778626651125264
9,7,0.42688036242316596,0.5194227982193698,0.42688036242316596,0.6359211694740371,0.547502813795061,0.42688036242316596,0.426880362423166,0.44797258931236617,0.42688036242316596,0.40969285285303136
9,8,0.5000400043005785,0.5340144127624138,0.5000400043005785,0.6341379550220368,0.4409704025500404,0.5000400043005785,0.5000400043005784,0.38023306945583424,0.5000400043005785,0.5004985029764247
9,9,0.4924062916682425,0.4657829942096669,0.4924062916682425,0.6059222277830385,0.36582083926925735,0.4924062916682425,0.4924062916682425,0.3227087499906762,0.4924062916682425,0.4918056966131653
9,10,0.5434956399029378,0.6250556205663456,0.5434956399029378,0.6526977436825303,0.44052310326842925,0.5434956399029378,0.5434956399029378,0.4348534581696929,0.5434956399029378,0.5515298695193912
9,11,0.4593192503946766,0.5005226390537393,0.4593192503946766,0.6071159003494667,0.5735220940397001,0.4593192503946766,0.4593192503946766,0.4687915594963458,0.4593192503946766,0.4386812282906777
9,12,0.42809935525705295,0.5828587272115484,0.42809935525705295,0.6463674628636713,0.5195810467753486,0.42809935525705295,0.4280993552570529,0.4805006369949317,0.42809935525705295,0.43475844524113916
9,13,0.4609814964544853,0.5858770404795626,0.4609814964544853,0.6473995192010606,0.5253726980230969,0.4609814964544853,0.4609814964544853,0.4406740666498186,0.4609814964544853,0.45365915023565095
9,14,0.35499695530567144,0.4205014425904655,0.35499695530567144,0.36786256786152616,0.4068541908826889,0.35499695530567144,0.35499695530567144,0.3200934498612534,0.35499695530567144,0.3144366923993389
9,15,0.4561616519425131,0.5307256544404704,0.4561616519425131,0.6051082896110318,0.41238584737277506,0.4561616519425131,0.4561616519425131,0.3538052599757333,0.4561616519425131,0.44325082322361026
9,16,0.5628195291238277,0.5489512073329492,0.5628195291238277,0.638031336820635,0.4600057549870684,0.5628195291238277,0.5628195291238277,0.45059456222330807,0.5628195291238277,0.5693702884523244
9,17,0.38777000231290837,0.5206954150415506,0.38777000231290837,0.6088543054197771,0.4727504764442103,0.38777000231290837,0.3877700023129083,0.387239719554807,0.38777000231290837,0.34921935812744215
9,18,0.5081222668954981,0.40069566392971,0.5081222668954981,0.5736080011026332,0.3822306170682961,0.5081222668954981,0.5081222668954981,0.305128422976571,0.5081222668954981,0.5009977543691736
9,19,0.5164691804731064,0.5452040327547221,0.5164691804731064,0.652746972169886,0.49647521281458423,0.5164691804731064,0.5164691804731064,0.44544138060848976,0.5164691804731064,0.5017107905672751
9,20,0.5273085338883817,0.47082280271850896,0.5273085338883817,0.6026468741470011,0.4626912953978598,0.5273085338883817,0.5273085338883818,0.41272309506449234,0.5273085338883817,0.49637447331465545
9,21,0.5067840510241147,0.4412392839278513,0.5067840510241147,0.5687991130176808,0.35461565863736066,0.5067840510241147,0.5067840510241147,0.3112579648101726,0.5067840510241147,0.4903206512842103
9,22,0.44777032011710804,0.5482369535026705,0.44777032011710804,0.6415395543896942,0.5008655577491139,0.44777032011710804,0.44777032011710804,0.4017936978232044,0.44777032011710804,0.43456371565337265
9,23,0.45734756340356403,0.4767824814552033,0.45734756340356403,0.5956193808500723,0.41890443789004406,0.45734756340356403,0.4573475634035641,0.34361499087847314,0.45734756340356403,0.40678755863257887
9,24,0.4395975483729122,0.537930917421485,0.4395975483729122,0.6373870478074581,0.5367411861999367,0.4395975483729122,0.4395975483729122,0.44213391160489973,0.4395975483729122,0.4237322643152531
9,25,0.42520027472407484,0.46229428363767716,0.42520027472407484,0.6111066511094786,0.5613654693016399,0.42520027472407484,0.42520027472407484,0.4235367778807979,0.42520027472407484,0.39120422742616234
9,26,0.42435753604359605,0.4243844242241174,0.42435753604359605,0.5465652246755572,0.4273356321851898,0.42435753604359605,0.42435753604359605,0.3540338707366134,0.42435753604359605,0.43344680411381215
9,27,0.5148201297923503,0.5527331178919679,0.5148201297923503,0.6386285252672401,0.5134281972188666,0.5148201297923503,0.5148201297923503,0.460814968492145,0.5148201297923503,0.5104568502130624
9,28,0.4010758694337686,0.4974132668301584,0.4010758694337686,0.6059913900433617,0.5028261203684505,0.4010758694337686,0.4010758694337686,0.37872378372306675,0.4010758694337686,0.35434153667371837
9,29,0.3819121832656017,0.484537746208483,0.3819121832656017,0.5992433020194048,0.5040428055739345,0.3819121832656017,0.3819121832656017,0.38355888574590613,0.3819121832656017,0.3436026625601213
9,30,0.43946169172379324,0.4271462802480605,0.43946169172379324,0.4511961546703896,0.5046610692763072,0.43946169172379324,0.43946169172379324,0.40781977637400524,0.43946169172379324,0.4055115635965858
9,31,0.47297888376943287,0.5270147681731937,0.47297888376943287,0.6465813094222195,0.522815732917457,0.47297888376943287,0.47297888376943287,0.4286507286765096,0.47297888376943287,0.48466936651364834
9,32,0.4698762970383901,0.49584552009793514,0.4698762970383901,0.6301984241930876,0.3506739491868347,0.4698762970383901,0.4698762970383901,0.2805837519074379,0.4698762970383901,0.4442491445625548
9,33,0.39892223489205764,0.5495403501861578,0.39892223489205764,0.6251044587371135,0.4755246387133205,0.39892223489205764,0.3989222348920576,0.4065074756337266,0.39892223489205764,0.3937017371381228
9,34,0.36624034751052914,0.5636038554542551,0.36624034751052914,0.5959893313285243,0.42728101052876477,0.36624034751052914,0.36624034751052914,0.3424629916248505,0.36624034751052914,0.31315936928123433
9,35,0.5838545430621438,0.4925081407414711,0.5838545430621438,0.6419996512373143,0.4575197359692491,0.5838545430621438,0.5838545430621438,0.3923386863173183,0.5838545430621438,0.5777550380864434
9,36,0.5002262264105883,0.6085476358220172,0.5002262264105883,0.6595490730669724,0.4918517658116419,0.5002262264105883,0.5002262264105883,0.44267999121209245,0.5002262264105883,0.48376491136012256
9,37,0.559117203122324,0.5716844906734113,0.559117203122324,0.6627547054721312,0.4987197397252184,0.559117203122324,0.559117203122324,0.4163924061537374,0.559117203122324,0.5488430641855856
9,38,0.49552746344020443,0.48873278831531924,0.49552746344020443,0.6168504339776312,0.45205457419532324,0.49552746344020443,0.49552746344020443,0.39347556649851784,0.49552746344020443,0.5118556971247867
9,39,0.5092806724959886,0.5855573448054551,0.5092806724959886,0.6989962682499473,0.5393048022030896,0.5092806724959886,0.5092806724959886,0.45778680145983897,0.5092806724959886,0.4978077593558664
9,40,0.5178127860063563,0.5199867108255588,0.5178127860063563,0.6214020094213673,0.4860359373346615,0.5178127860063563,0.5178127860063564,0.43046544154507643,0.5178127860063563,0.5287120884413292
9,41,0.46378300552263785,0.5925360306005283,0.46378300552263785,0.6667254823127529,0.44566036024105615,0.46378300552263785,0.46378300552263785,0.4144730448045713,0.46378300552263785,0.46532208594505486
9,42,0.3543806753487924,0.47796491781831096,0.3543806753487924,0.6227815289211788,0.5146035729625222,0.3543806753487924,0.3543806753487924,0.35216743144498436,0.3543806753487924,0.3178060284070118
9,43,0.4480775308435016,0.4910549133828198,0.4480775308435016,0.6185374027386995,0.4998446842920817,0.4480775308435016,0.44807753084350166,0.418173276398639,0.4480775308435016,0.4541216019840142
9,44,0.5353254700644706,0.5855558909103007,0.5353254700644706,0.6551733495260847,0.40002787216500085,0.5353254700644706,0.5353254700644705,0.3763975322176123,0.5353254700644706,0.5386214234655229
9,45,0.4975995096522804,0.455623819401877,0.4975995096522804,0.6051349178517803,0.47320649579599,0.4975995096522804,0.4975995096522804,0.3843204073657589,0.4975995096522804,0.4867760510769087
9,46,0.4897866372254838,0.5002165393675095,0.4897866372254838,0.6281379939577647,0.3964771409291642,0.4897866372254838,0.48978663722548377,0.3713168314602983,0.4897866372254838,0.49834730457668064
9,47,0.41928093919132586,0.5186770705659542,0.41928093919132586,0.6222719234616937,0.5379295814460879,0.41928093919132586,0.4192809391913258,0.4457867490217646,0.41928093919132586,0.42619390157102277
9,48,0.39198824905032764,0.5291259910342937,0.39198824905032764,0.6367219614802252,0.519133393663795,0.39198824905032764,0.39198824905032764,0.4080091998226328,0.39198824905032764,0.3596354163433239
9,49,0.4144493861035746,0.5647331462578249,0.4144493861035746,0.6594060149233472,0.5026074415945563,0.4144493861035746,0.4144493861035746,0.4494397582540122,0.4144493861035746,0.44688230127209266
9,50,0.47444245574181587,0.48372896006191235,0.47444245574181587,0.5813513908504007,0.4474563657802296,0.47444245574181587,0.47444245574181587,0.3899703216197661,0.47444245574181587,0.48513201159982666
9,51,0.5174911718732504,0.5033882087942984,0.5174911718732504,0.6511106290461978,0.5434775101952242,0.5174911718732504,0.5174911718732504,0.4363673368118615,0.5174911718732504,0.4981877589709322
9,52,0.34716707756643383,0.5706071156342543,0.34716707756643383,0.6374618566012211,0.43411800955128355,0.34716707756643383,0.34716707756643383,0.3650518375189792,0.34716707756643383,0.31695037946640625
9,53,0.45196384875010487,0.49942574026595965,0.45196384875010487,0.5996618206147197,0.4907890854663352,0.45196384875010487,0.45196384875010487,0.3998710741832753,0.45196384875010487,0.39410593351770595
9,54,0.33805873486236804,0.440816844192605,0.33805873486236804,0.606742679300434,0.47891158641106524,0.33805873486236804,0.338058734862368,0.3249557651123952,0.33805873486236804,0.29262185920406114
9,55,0.39732847470803595,0.6258611039214925,0.39732847470803595,0.6570345817023464,0.49375900385685006,0.39732847470803595,0.39732847470803595,0.4496050299354205,0.39732847470803595,0.3692179791147796
9,56,0.39320687018339623,0.47740260344920016,0.39320687018339623,0.5145239004973285,0.5010103893920943,0.39320687018339623,0.39320687018339623,0.3765555989361935,0.39320687018339623,0.35483143006833384
9,57,0.5324052025848447,0.5848934309979337,0.5324052025848447,0.6617103728384178,0.5383616972022769,0.5324052025848447,0.5324052025848447,0.4773603322150405,0.5324052025848447,0.5103000697016296
9,58,0.46310966949013704,0.520451740276212,0.46310966949013704,0.6334704283801722,0.4275642141412025,0.46310966949013704,0.46310966949013704,0.3705381236366102,0.46310966949013704,0.4580613948789195
9,59,0.41605030152835015,0.47364168945764146,0.41605030152835015,0.4986296291434871,0.5199957324811773,0.41605030152835015,0.41605030152835015,0.40982826049045257,0.41605030152835015,0.3789464587249911
9,60,0.45211587438482354,0.5721269873835735,0.45211587438482354,0.6605633184225086,0.537608356380235,0.45211587438482354,0.4521158743848236,0.4947969960552797,0.45211587438482354,0.4796382721546213
9,61,0.48702081143589604,0.5191365896626345,0.48702081143589604,0.6311657988894211,0.4620546495916476,0.48702081143589604,0.4870208114358961,0.4239509416252054,0.48702081143589604,0.5054906860428557
9,62,0.43233042567270646,0.5609199723014224,0.43233042567270646,0.6379136896176834,0.5343467610886803,0.43233042567270646,0.4323304256727064,0.4548197254703468,0.43233042567270646,0.43106305896270247
9,63,0.476854886978326,0.529666692871211,0.476854886978326,0.6413850846986868,0.5093362669003114,0.476854886978326,0.476854886978326,0.4051137904795564,0.476854886978326,0.4602327885013924
9,64,0.47675610748584074,0.5377253493662902,0.47675610748584074,0.6393714716766568,0.4689658652738938,0.47675610748584074,0.47675610748584074,0.4259908591012186,0.47675610748584074,0.4849683095080557
9,65,0.481242164662905,0.5815506557398444,0.481242164662905,0.6537307288548415,0.5295855046913029,0.481242164662905,0.481242164662905,0.4625406177126982,0.481242164662905,0.49335773465226834
9,66,0.490024061123226,0.4788392410564168,0.490024061123226,0.6133582087535866,0.46107858297925275,0.490024061123226,0.490024061123226,0.3755397629529366,0.490024061123226,0.48372593260525004
9,67,0.5016654519793673,0.4010611323006718,0.5016654519793673,0.5743360758960958,0.5061343427713649,0.5016654519793673,0.5016654519793673,0.3877875260422816,0.5016654519793673,0.46862673073225786
9,68,0.47152451139230483,0.4813176415770841,0.47152451139230483,0.6215626040264917,0.45058120216454756,0.47152451139230483,0.47152451139230483,0.38664000184257896,0.47152451139230483,0.4747964215866011
9,69,0.34385345769575415,0.532058061942593,0.34385345769575415,0.6460799161451137,0.4503309532189553,0.34385345769575415,0.34385345769575415,0.3441072158199341,0.34385345769575415,0.29703162923853293
9,70,0.36156909040070556,0.5366375284443633,0.36156909040070556,0.632434012574309,0.4733698529065574,0.36156909040070556,0.3615690904007055,0.3797011114094009,0.36156909040070556,0.30000397567091436
9,71,0.4697981469413251,0.44486833432876466,0.4697981469413251,0.6112807598114286,0.464503214311494,0.4697981469413251,0.4697981469413251,0.4041289426877408,0.4697981469413251,0.46754446774312597
9,72,0.40501376082892254,0.45670101080350495,0.40501376082892254,0.5837864175421583,0.4611187893534453,0.40501376082892254,0.4050137608289226,0.3764717045676587,0.40501376082892254,0.3705308276123396
9,73,0.4393958077537348,0.5083995609645573,0.4393958077537348,0.6170725775526515,0.5526322167594642,0.4393958077537348,0.43939580775373477,0.4555295403791877,0.4393958077537348,0.4131750722123322
9,74,0.4415723018957764,0.5211348654624344,0.4415723018957764,0.6147476368370599,0.5082893929860378,0.4415723018957764,0.44157230189577634,0.43605578300016395,0.4415723018957764,0.4427143174498256
9,75,0.5143948111309156,0.43544119984554847,0.5143948111309156,0.5958018193446716,0.48406108024682953,0.5143948111309156,0.5143948111309156,0.36504275569936206,0.5143948111309156,0.4807909622959691
9,76,0.47261173628607506,0.5172501538396864,0.47261173628607506,0.6469038971376098,0.5219044189713037,0.47261173628607506,0.4726117362860751,0.45050869567720764,0.47261173628607506,0.5003590718287261
9,77,0.5081607379302007,0.5564594840831057,0.5081607379302007,0.6543750902017842,0.4506943707761387,0.5081607379302007,0.5081607379302007,0.41602767349640013,0.5081607379302007,0.4911611676073951
9,78,0.42972294443174985,0.5476370256155874,0.42972294443174985,0.5980044680965397,0.39977634593305267,0.42972294443174985,0.42972294443174985,0.3651709058837232,0.42972294443174985,0.41234700496447674
9,79,0.35768937018362856,0.4317458049750661,0.35768937018362856,0.5871099993220933,0.5274861856786434,0.35768937018362856,0.35768937018362856,0.3566200515096509,0.35768937018362856,0.2941518072029605
9,80,0.5414625293515875,0.47767102490577446,0.5414625293515875,0.609803373841202,0.39924324874011863,0.5414625293515875,0.5414625293515875,0.3560068549249664,0.5414625293515875,0.532034892823015
9,81,0.4532970466604401,0.5763471170918909,0.4532970466604401,0.6488804493658707,0.4916009925028001,0.4532970466604401,0.4532970466604401,0.4523873388726022,0.4532970466604401,0.4435501692947126
9,82,0.46944289388415555,0.5115116043718858,0.46944289388415555,0.6110243128932638,0.3791009784895919,0.46944289388415555,0.4694428938841555,0.3388913159080571,0.46944289388415555,0.4704239630911248
9,83,0.47956755955088504,0.48738811592912795,0.47956755955088504,0.6300910882980033,0.3818732033266349,0.47956755955088504,0.47956755955088504,0.2947889068926535,0.47956755955088504,0.43656114884392444
9,84,0.44398733503801524,0.5353395457641813,0.44398733503801524,0.6181049357223432,0.4827036524791428,0.44398733503801524,0.44398733503801524,0.41510193305713194,0.44398733503801524,0.44872184444276486
9,85,0.5100526950957701,0.6269038401475704,0.5100526950957701,0.7067510055061467,0.5274284710545852,0.5100526950957701,0.5100526950957701,0.48143926459543873,0.5100526950957701,0.499804969839381
9,86,0.48237036957190194,0.49563280445836916,0.48237036957190194,0.6046654620491646,0.3390377276329631,0.48237036957190194,0.482370369571902,0.32442459614716057,0.48237036957190194,0.48792876015873077
9,87,0.46820810376548727,0.591782924529402,0.46820810376548727,0.6680389006779665,0.49295129398231985,0.46820810376548727,0.46820810376548727,0.4370700148821808,0.46820810376548727,0.49144155921901317
9,88,0.41487619156828287,0.40968629341352414,0.41487619156828287,0.5574369422301474,0.4138667892374961,0.41487619156828287,0.41487619156828287,0.3358659063353509,0.41487619156828287,0.40120167231600007
9,89,0.44309776205442014,0.4863476866568508,0.44309776205442014,0.5981311969733096,0.43249696242216745,0.44309776205442014,0.44309776205442014,0.39733030066652825,0.44309776205442014,0.46882338372043886
9,90,0.4904434325715666,0.4729013084939917,0.4904434325715666,0.6129578497659515,0.4252734444440577,0.4904434325715666,0.49044343257156664,0.37849092958876596,0.4904434325715666,0.48978908992495873
9,91,0.4271215962542965,0.5323906873659896,0.4271215962542965,0.6275359041641171,0.5473574652998965,0.4271215962542965,0.4271215962542965,0.435833772845881,0.4271215962542965,0.3821634754374123
9,92,0.4167506787953883,0.5386483779086317,0.4167506787953883,0.6356259151179826,0.5545684244463549,0.4167506787953883,0.4167506787953883,0.4518805391333952,0.4167506787953883,0.40652528311778674
9,93,0.39320529045491814,0.551708606916737,0.39320529045491814,0.6662741455015719,0.5420559661381958,0.39320529045491814,0.39320529045491814,0.4287728662439124,0.39320529045491814,0.3436830075483668
9,94,0.3605570419974533,0.44827208014021946,0.3605570419974533,0.5308418813268979,0.42833897857353576,0.3605570419974533,0.3605570419974533,0.3393980915666955,0.3605570419974533,0.28232674098387656
9,95,0.45556897498760146,0.5131448777435401,0.45556897498760146,0.6103304166696857,0.5557204268198873,0.45556897498760146,0.45556897498760146,0.4588957577491625,0.45556897498760146,0.4236367415058087
9,96,0.5185315624639044,0.49061073688850937,0.5185315624639044,0.6195418906319932,0.43440207855091495,0.5185315624639044,0.5185315624639044,0.3638652735196781,0.5185315624639044,0.5010983956948404
9,97,0.49649026148502096,0.5492509336266647,0.49649026148502096,0.6444407336101281,0.5443199091954308,0.49649026148502096,0.49649026148502096,0.4645839967615074,0.49649026148502096,0.48183192408687997
9,98,0.41410593454738875,0.5467830389977713,0.41410593454738875,0.6347086910876686,0.46011406469363825,0.41410593454738875,0.41410593454738875,0.4234860440566586,0.41410593454738875,0.42714935339940285
9,99,0.5273146669518851,0.4924613619822673,0.5273146669518851,0.6209279827132915,0.44185951801286233,0.5273146669518851,0.5273146669518851,0.4103224992978904,0.5273146669518851,0.5374525381271087
10,0,0.48953982788207756,0.5339382218147234,0.48953982788207756,0.6169598563153579,0.4026533199345933,0.48953982788207756,0.48953982788207756,0.3908038097931662,0.48953982788207756,0.5067158034430952
10,1,0.42474828652892116,0.49833524012093,0.42474828652892116,0.5999016279624485,0.4093765162105569,0.42474828652892116,0.42474828652892116,0.3366513638334476,0.42474828652892116,0.4299587504924802
10,2,0.3978225580208716,0.5471197906534219,0.3978225580208716,0.6221470454223416,0.5272851323618092,0.3978225580208716,0.3978225580208716,0.4405944589000087,0.3978225580208716,0.3734598780340941
10,3,0.4437383884149032,0.48390408818043923,0.4437383884149032,0.580282812609723,0.46969676063713206,0.4437383884149032,0.4437383884149032,0.39124246647895267,0.4437383884149032,0.42287172163033576
10,4,0.3340811644048517,0.5488357878934031,0.3340811644048517,0.6379072617585938,0.4071714822360882,0.3340811644048517,0.3340811644048517,0.33218886338937564,0.3340811644048517,0.3558970881009279
10,5,0.41913411736806455,0.5212094792874096,0.41913411736806455,0.5896459452064974,0.5388105475481971,0.41913411736806455,0.4191341173680646,0.4488599872058032,0.41913411736806455,0.3924845001698361
10,6,0.38380125974982865,0.501241043468612,0.38380125974982865,0.5905711588562463,0.5048223876164455,0.38380125974982865,0.3838012597498286,0.4018759232651685,0.38380125974982865,0.361373813989038
10,7,0.4237879974646287,0.533398586907713,0.4237879974646287,0.6285395487026433,0.5464442411991773,0.4237879974646287,0.42378799746462875,0.463561450226885,0.4237879974646287,0.40398716231791587
10,8,0.4802994384622811,0.4938604729750265,0.4802994384622811,0.621070592086074,0.4530109751210422,0.4802994384622811,0.48029943846228107,0.3664652886944475,0.4802994384622811,0.4765809091145391
10,9,0.48067058172943655,0.45903852812570417,0.48067058172943655,0.5930349229632472,0.3598391815799216,0.48067058172943655,0.4806705817294366,0.32436293943795,0.48067058172943655,0.48273219819093827
10,10,0.5265560255815654,0.5935751639996103,0.5265560255815654,0.6451258593259681,0.4432219006029286,0.5265560255815654,0.5265560255815656,0.44309945953943,0.5265560255815654,0.5427057391597356
10,11,0.4372296283094034,0.4881997023708297,0.4372296283094034,0.5965118254462384,0.5492625947231559,0.4372296283094034,0.4372296283094034,0.446990776437114,0.4372296283094034,0.41677238903346553
10,12,0.4427805154059303,0.6073879959064508,0.4427805154059303,0.6479291311769244,0.537540234987258,0.4427805154059303,0.4427805154059302,0.518092489354685,0.4427805154059303,0.4629736619169611
10,13,0.40462477592248475,0.5622211785093401,0.40462477592248475,0.6358477662472278,0.4791477618670623,0.40462477592248475,0.4046247759224848,0.38742536665273514,0.40462477592248475,0.3984976284373596
10,14,0.3637874938100198,0.4792431361457134,0.3637874938100198,0.40855792150786086,0.4186706289046332,0.3637874938100198,0.3637874938100198,0.3307924946262204,0.3637874938100198,0.3215161781271798
10,15,0.46655970356116333,0.5234980027226368,0.46655970356116333,0.617706166582912,0.4349607676856919,0.46655970356116333,0.4665597035611633,0.3768747121154899,0.46655970356116333,0.45290526627879724
10,16,0.5672122893954779,0.5370519257775368,0.5672122893954779,0.634755518958752,0.4673598400389514,0.5672122893954779,0.5672122893954779,0.4499760984551092,0.5672122893954779,0.5727555369383821
10,17,0.39491808782602694,0.5289062343058163,0.39491808782602694,0.6023895873776607,0.48569118950205703,0.39491808782602694,0.3949180878260269,0.40075036684743837,0.39491808782602694,0.35460871560709895
10,18,0.4826418970197307,0.3918728885169992,0.4826418970197307,0.5628576160027687,0.37490396280780786,0.4826418970197307,0.48264189701973076,0.2899706137778376,0.4826418970197307,0.47714110473309984
10,19,0.49964488633063736,0.5346288975642481,0.49964488633063736,0.6449820698864724,0.4707156216688654,0.49964488633063736,0.49964488633063736,0.4117218599489936,0.49964488633063736,0.4779935745137313
10,20,0.5316908865371172,0.47540069833374854,0.5316908865371172,0.6006997628273909,0.4662106789935486,0.5316908865371172,0.5316908865371172,0.4099287265475293,0.5316908865371172,0.49070192877979163
10,21,0.4876061472996447,0.4556343460427327,0.4876061472996447,0.5788250293889672,0.3543446972764475,0.4876061472996447,0.4876061472996447,0.31089972702534485,0.4876061472996447,0.48085730321104136
10,22,0.4756819850459185,0.5620559381901302,0.4756819850459185,0.6537875885181961,0.5159709646377788,0.4756819850459185,0.4756819850459185,0.41610870257995586,0.4756819850459185,0.46168603098100136
10,23,0.4599026348291287,0.4707156360545231,0.4599026348291287,0.5908205327080513,0.4307088662517813,0.4599026348291287,0.4599026348291287,0.34849814471019835,0.4599026348291287,0.40406149996299157
10,24,0.44331204757621795,0.5211394449339164,0.44331204757621795,0.6267254532184259,0.5357663306964087,0.44331204757621795,0.44331204757621795,0.43179505410974406,0.44331204757621795,0.4219942227025688
10,25,0.4083551653357764,0.47352310842776335,0.4083551653357764,0.6022864610299683,0.5482228679929377,0.4083551653357764,0.40835516533577637,0.41970886204935653,0.4083551653357764,0.3671889176047135
10,26,0.5459591800019756,0.519455427585054,0.5459591800019756,0.6084865665122665,0.511772023306947,0.5459591800019756,0.5459591800019756,0.4514240928756832,0.5459591800019756,0.5464807593860652
10,27,0.48855444901254425,0.5026134341647461,0.48855444901254425,0.6232604888113122,0.493008115515572,0.48855444901254425,0.48855444901254425,0.43219267128458094,0.48855444901254425,0.4848583648452628
10,28,0.3956714324596846,0.5122004000732422,0.3956714324596846,0.6123637932466344,0.54435842415294,0.3956714324596846,0.3956714324596845,0.40571855843786286,0.3956714324596846,0.3382215946248731
10,29,0.3688571212719453,0.5448884243755968,0.3688571212719453,0.6435761208346175,0.5062483263773617,0.3688571212719453,0.3688571212719453,0.3772052518227256,0.3688571212719453,0.32471724123373114
10,30,0.44879426294654856,0.4867697982833856,0.44879426294654856,0.5958399270912687,0.521850064819373,0.44879426294654856,0.44879426294654856,0.4159193558845587,0.44879426294654856,0.4045683684095496
10,31,0.4755579298977832,0.5212460862183594,0.4755579298977832,0.6442827938225306,0.5280504828785149,0.4755579298977832,0.4755579298977831,0.43586005263633915,0.4755579298977832,0.4887077350225011
10,32,0.4788780545327846,0.47764043540310075,0.4788780545327846,0.6164003569207847,0.36854311770287396,0.4788780545327846,0.47887805453278465,0.3034156892336559,0.4788780545327846,0.4566889885772448
10,33,0.39758346146944673,0.5469919816725873,0.39758346146944673,0.6279873548199189,0.48287210745656706,0.39758346146944673,0.3975834614694467,0.41319453340354695,0.39758346146944673,0.39561323552310856
10,34,0.37644093306941334,0.5463641707859632,0.37644093306941334,0.5917747010559105,0.4535762067003235,0.37644093306941334,0.3764409330694134,0.3608627237756764,0.37644093306941334,0.3257742349635264
10,35,0.573413188298152,0.4709420513234869,0.573413188298152,0.627289195517095,0.4613025663388638,0.573413188298152,0.5734131882981519,0.3903727829626508,0.573413188298152,0.5685612582466167
10,36,0.48522298750258214,0.6076938193226651,0.48522298750258214,0.6593129943755017,0.47331888899222885,0.48522298750258214,0.4852229875025821,0.43304159457168384,0.48522298750258214,0.47590676363550827
10,37,0.5313960348629349,0.5754566842806512,0.5313960348629349,0.6637811862772949,0.485000770942308,0.5313960348629349,0.5313960348629349,0.39671249169536243,0.5313960348629349,0.5310110368702808
10,38,0.4763921194594392,0.4754401241928894,0.4763921194594392,0.6055765091902531,0.44111395479940296,0.4763921194594392,0.4763921194594392,0.3754723965833151,0.4763921194594392,0.48926610787488534
10,39,0.48400622487360545,0.5695369813327024,0.48400622487360545,0.6783174482930315,0.5107616906904913,0.48400622487360545,0.48400622487360545,0.4402154157779823,0.48400622487360545,0.4748618467730838
10,40,0.5138183031616035,0.521412868004548,0.5138183031616035,0.6227491371618505,0.4812447640996884,0.5138183031616035,0.5138183031616035,0.4375310801953862,0.5138183031616035,0.5287725617636836
10,41,0.4525005847318499,0.5780427563171764,0.4525005847318499,0.6609580732472391,0.4448531182020664,0.4525005847318499,0.45250058473184995,0.40505766228311335,0.4525005847318499,0.45445177647073265
10,42,0.38682764781310286,0.4820262305312508,0.38682764781310286,0.6395119437105943,0.5360880211094804,0.38682764781310286,0.38682764781310286,0.3708730758236502,0.38682764781310286,0.3471746389010373
10,43,0.5137344846270582,0.5416536264074092,0.5137344846270582,0.6544202518532989,0.5801652067120578,0.5137344846270582,0.5137344846270582,0.49408162260372906,0.5137344846270582,0.5114508464455292
10,44,0.5124568559890712,0.49772906720030813,0.5124568559890712,0.6164507600628808,0.4022367693683327,0.5124568559890712,0.5124568559890712,0.36805829373852705,0.5124568559890712,0.5133646967953073
10,45,0.4838633059089372,0.42842181867878965,0.4838633059089372,0.6079587743237799,0.46556655546822423,0.4838633059089372,0.4838633059089372,0.3638861888739611,0.4838633059089372,0.47622541319978967
10,46,0.48188901701209597,0.48379125103476717,0.48188901701209597,0.6131974842556795,0.39573877584505773,0.48188901701209597,0.48188901701209597,0.3592495276381614,0.48188901701209597,0.485467295426795
10,47,0.4129213240392022,0.49627627212247727,0.4129213240392022,0.6098714024869729,0.5405839596634898,0.4129213240392022,0.41292132403920223,0.44062826815779366,0.4129213240392022,0.4134708687744147
10,48,0.39436183755131676,0.5243052196831643,0.39436183755131676,0.6329649935195423,0.5249679667428633,0.39436183755131676,0.39436183755131676,0.4130160325233329,0.39436183755131676,0.3671425142486424
10,49,0.4716544208283297,0.5884757539177727,0.4716544208283297,0.6777056896959996,0.5540822329459834,0.4716544208283297,0.4716544208283297,0.5043027635539967,0.4716544208283297,0.502861009442727
10,50,0.4914184967433897,0.48725172472678,0.4914184967433897,0.5897470503033075,0.4508477335612344,0.4914184967433897,0.49141849674338967,0.3981901846755046,0.4914184967433897,0.5023066319443596
10,51,0.5063293679980277,0.5034061580037396,0.5063293679980277,0.6432725790487355,0.5285591741548026,0.5063293679980277,0.5063293679980279,0.4305700018719032,0.5063293679980277,0.4903211444338359
10,52,0.3638076585794171,0.5576365529866896,0.3638076585794171,0.6342097518896396,0.4675058701360168,0.3638076585794171,0.3638076585794171,0.39352906331471244,0.3638076585794171,0.3366458548916479
10,53,0.4452041905921965,0.5024710419554668,0.4452041905921965,0.603711071124097,0.4983945671580053,0.4452041905921965,0.4452041905921965,0.4062718945553214,0.4452041905921965,0.3927732023906817
10,54,0.3470048301592097,0.44637078223495125,0.3470048301592097,0.6181445279733675,0.48581073184539597,0.3470048301592097,0.3470048301592097,0.32550959484028485,0.3470048301592097,0.300100360036211
10,55,0.39745550346271835,0.6245264319739313,0.39745550346271835,0.6497393401407124,0.49876946091735064,0.39745550346271835,0.3974555034627184,0.4596360446656289,0.39745550346271835,0.37206376212725595
10,56,0.40647408041914473,0.48112287994572955,0.40647408041914473,0.5031376265405265,0.5280550966922234,0.40647408041914473,0.4064740804191447,0.41157531316657664,0.40647408041914473,0.3613487523157115
10,57,0.5219030747370472,0.5789858248984876,0.5219030747370472,0.6674324677685229,0.5286121322981561,0.5219030747370472,0.5219030747370471,0.46596039014231483,0.5219030747370472,0.5025675635856497
10,58,0.45049702439556105,0.5194950587764429,0.45049702439556105,0.6320720432609795,0.41802257752998534,0.45049702439556105,0.45049702439556105,0.3536434204169694,0.45049702439556105,0.4501179089751635
10,59,0.40303937900687675,0.46919235648631047,0.40303937900687675,0.48248642197845476,0.4865808501210067,0.40303937900687675,0.4030393790068768,0.38153694044995956,0.40303937900687675,0.35386794848714126
10,60,0.4449299683134345,0.5631679050496474,0.4449299683134345,0.660625136431009,0.541940419436143,0.4449299683134345,0.4449299683134345,0.4946775576850081,0.4449299683134345,0.46851449277094404
10,61,0.4819847299728296,0.5240365292813027,0.4819847299728296,0.6266179684156651,0.43362322136291276,0.4819847299728296,0.4819847299728296,0.3974425952338044,0.4819847299728296,0.49536276363273946
10,62,0.43340296838415054,0.5560842430304829,0.43340296838415054,0.6431274010316563,0.5414407745318772,0.43340296838415054,0.43340296838415054,0.46015708612209616,0.43340296838415054,0.42947689318276216
10,63,0.4872253398112113,0.5109266178152272,0.4872253398112113,0.6205993847270604,0.510121460724974,0.4872253398112113,0.4872253398112113,0.4099259610888729,0.4872253398112113,0.46248363844471063
10,64,0.4637221395136276,0.5405699648308568,0.4637221395136276,0.6389382308425686,0.4550820921194475,0.4637221395136276,0.4637221395136276,0.41674329085316075,0.4637221395136276,0.47922733197576767
10,65,0.4526655269700074,0.5403621454136206,0.4526655269700074,0.6430287153977418,0.5213669005731394,0.4526655269700074,0.4526655269700073,0.43368800330376894,0.4526655269700074,0.46438832172506567
10,66,0.4644114586813189,0.4790626759574149,0.4644114586813189,0.6107996322645775,0.4482795012396761,0.4644114586813189,0.46441145868131883,0.3641084195337213,0.4644114586813189,0.457823908446266
10,67,0.5056564036663453,0.4054642165268571,0.5056564036663453,0.5681821019509399,0.5001454290297278,0.5056564036663453,0.5056564036663453,0.3901856859456423,0.5056564036663453,0.46783358417172227
10,68,0.4771807756708433,0.4788707137386653,0.4771807756708433,0.6160595316077584,0.44176284940256727,0.4771807756708433,0.4771807756708433,0.3773410211753283,0.4771807756708433,0.4726044914290366
10,69,0.3527519752878428,0.518524535545778,0.3527519752878428,0.6315083824858236,0.4622971905889198,0.3527519752878428,0.3527519752878428,0.35649401254908075,0.3527519752878428,0.3067927029394917
10,70,0.3514277911223534,0.5491249696408548,0.3514277911223534,0.6317192475422022,0.451597801761407,0.3514277911223534,0.35142779112235345,0.37323740233898584,0.3514277911223534,0.2881627714075218
10,71,0.4367684405189947,0.43510972611262466,0.4367684405189947,0.6024694696445388,0.43853628964378033,0.4367684405189947,0.4367684405189947,0.3764959435588707,0.4367684405189947,0.435671908835221
10,72,0.4193318622034443,0.47651169521851644,0.4193318622034443,0.5979005583209585,0.4817166760287399,0.4193318622034443,0.4193318622034443,0.39341334652488913,0.4193318622034443,0.386358693311341
10,73,0.44081496147832105,0.5567453228412559,0.44081496147832105,0.6542647132470523,0.5627016329926413,0.44081496147832105,0.440814961478321,0.4520922347085931,0.44081496147832105,0.41263938945076295
10,74,0.4661716479067715,0.5559396158228541,0.4661716479067715,0.633070661994682,0.5454266432978793,0.4661716479067715,0.4661716479067715,0.48561535363249797,0.4661716479067715,0.47959264887504094
10,75,0.5159904298190291,0.43190747121962325,0.5159904298190291,0.6016511502863933,0.4815374209108701,0.5159904298190291,0.5159904298190292,0.3647557304664163,0.5159904298190291,0.48748341097491144
10,76,0.4696314391242803,0.50065934817997,0.4696314391242803,0.6358162891437333,0.5166290442717616,0.4696314391242803,0.46963143912428035,0.43986261075462396,0.4696314391242803,0.4969545279574997
10,77,0.507958160984182,0.5502002277096161,0.507958160984182,0.6601603104815204,0.45398894833332704,0.507958160984182,0.507958160984182,0.4172185237043926,0.507958160984182,0.4920850157290443
10,78,0.48002623836076963,0.582647531191374,0.48002623836076963,0.6192286203486987,0.46080737145061784,0.48002623836076963,0.48002623836076963,0.43775621653901686,0.48002623836076963,0.47722086355007765
10,79,0.37143254331731645,0.43147403498665204,0.37143254331731645,0.5856028738525474,0.5493616044724443,0.37143254331731645,0.3714325433173164,0.36898159184560947,0.37143254331731645,0.30791473109574086
10,80,0.533819059572769,0.5070711644754133,0.533819059572769,0.6257757613270544,0.3886595118375785,0.533819059572769,0.533819059572769,0.34623393453706497,0.533819059572769,0.5222273755706379
10,81,0.4522256190514511,0.5643559486201049,0.4522256190514511,0.6351788552955785,0.47797476655744886,0.4522256190514511,0.4522256190514511,0.43246922445368496,0.4522256190514511,0.4436452771405429
10,82,0.5040861535590865,0.4873286424023079,0.5040861535590865,0.602493479510898,0.41709597162545164,0.5040861535590865,0.5040861535590864,0.3570335830348441,0.5040861535590865,0.4969316271811432
10,83,0.48073256284090193,0.4894930217970982,0.48073256284090193,0.6333954677465291,0.38256431796252405,0.48073256284090193,0.480732562840902,0.2949490401398701,0.48073256284090193,0.43826931858253243
10,84,0.47647389363948345,0.5545210129463719,0.47647389363948345,0.6337815744711777,0.5109810819362548,0.47647389363948345,0.47647389363948345,0.4620850776453347,0.47647389363948345,0.4898182197772776
10,85,0.5120226165079953,0.600880902509018,0.5120226165079953,0.6964587941301766,0.5196879052046763,0.5120226165079953,0.5120226165079953,0.4681736840342812,0.5120226165079953,0.4993828073903565
10,86,0.4932218961889794,0.4697533547362548,0.4932218961889794,0.6023635827527316,0.3422877661378884,0.4932218961889794,0.4932218961889794,0.32046086628436,0.4932218961889794,0.49539531061285
10,87,0.44580894782370567,0.6081616245114824,0.44580894782370567,0.6680295421735667,0.4809539334960818,0.44580894782370567,0.4458089478237056,0.4352240899774744,0.44580894782370567,0.4727312647832358
10,88,0.44583979899163145,0.541445048750295,0.44583979899163145,0.6100556795391456,0.43520677265253926,0.44583979899163145,0.44583979899163145,0.3656103896171161,0.44583979899163145,0.4424231140527375
10,89,0.5583373748053565,0.5429128568612336,0.5583373748053565,0.638648303550654,0.559050506741218,0.5583373748053565,0.5583373748053565,0.5164464636251707,0.5583373748053565,0.5701337936192157
10,90,0.4666828294572527,0.49719390975580646,0.4666828294572527,0.614320989843312,0.4138220120939642,0.4666828294572527,0.4666828294572527,0.3800483616867951,0.4666828294572527,0.4705255376951831
10,91,0.4348237947624195,0.5337492215674514,0.4348237947624195,0.6289846312156196,0.5543052352038971,0.4348237947624195,0.4348237947624195,0.4471443988725967,0.4348237947624195,0.38985499920724664
10,92,0.44564456313677575,0.5247613060580721,0.44564456313677575,0.6441825814889072,0.5830171505257102,0.44564456313677575,0.44564456313677575,0.48134776151809167,0.44564456313677575,0.4322593590113677
10,93,0.40713673005311696,0.512038947493104,0.40713673005311696,0.6459817964643286,0.5492062718753039,0.40713673005311696,0.40713673005311696,0.4254816821064747,0.40713673005311696,0.3654732219247376
10,94,0.345683712525472,0.4324325690691263,0.345683712525472,0.5138209312299394,0.438292259428255,0.345683712525472,0.345683712525472,0.3379514020819766,0.345683712525472,0.2516490229735815
10,95,0.44768938226390514,0.47808214455911413,0.44768938226390514,0.593981061560276,0.5266976500270233,0.44768938226390514,0.4476893822639052,0.42451198003291196,0.44768938226390514,0.4066925881494971
10,96,0.5092425731621044,0.4982075846051254,0.5092425731621044,0.6224940756108144,0.42838313773413106,0.5092425731621044,0.5092425731621044,0.3615368046585205,0.5092425731621044,0.4957853337639305
10,97,0.4376384062844201,0.5310340050464691,0.4376384062844201,0.6222605541797959,0.4921715080850713,0.4376384062844201,0.4376384062844201,0.3986359720374123,0.4376384062844201,0.4011995561220523
10,98,0.4641766366893054,0.5556463459917458,0.4641766366893054,0.648880731160805,0.5072266583147007,0.4641766366893054,0.4641766366893054,0.4657522387356763,0.4641766366893054,0.4722944667061132
10,99,0.5547236994490372,0.472214331336411,0.5547236994490372,0.6187829364055866,0.44469749832331373,0.5547236994490372,0.5547236994490372,0.4151775018451056,0.5547236994490372,0.5613570347090643
11,0,0.49664126494248906,0.5218524481361699,0.49664126494248906,0.6093515105922288,0.40244421641365413,0.49664126494248906,0.49664126494248906,0.38865552877984416,0.49664126494248906,0.5104638534634109
11,1,0.5171244890159156,0.5293849349802542,0.5171244890159156,0.6310577160476446,0.5236014868155802,0.5171244890159156,0.5171244890159155,0.4565824598623714,0.5171244890159156,0.5246709714621294
11,2,0.394908423604749,0.5385382196040891,0.394908423604749,0.6058428156691184,0.5180268779521293,0.394908423604749,0.394908423604749,0.4283395536185519,0.394908423604749,0.36508946743335546
11,3,0.5405090238272305,0.5709834996969101,0.5405090238272305,0.6416582138763991,0.5665695524848874,0.5405090238272305,0.5405090238272305,0.5059987325114623,0.5405090238272305,0.5370058444188788
11,4,0.3669836562220905,0.5696704804970474,0.3669836562220905,0.6664936500115864,0.4432627188550985,0.3669836562220905,0.36698365622209045,0.36837961172776545,0.3669836562220905,0.39785522297839354
11,5,0.4110594746399218,0.5230706543101269,0.4110594746399218,0.5909161459341701,0.5466589714730572,0.4110594746399218,0.4110594746399218,0.4520440281506278,0.4110594746399218,0.37286855991492335
11,6,0.2987895655774563,0.44859101126342005,0.2987895655774563,0.5391843984967105,0.3876349555378208,0.2987895655774563,0.2987895655774563,0.29990737052016325,0.2987895655774563,0.27292182919769703
11,7,0.4272027199579086,0.5224936264346322,0.4272027199579086,0.6281549369485309,0.5509155697811833,0.4272027199579086,0.4272027199579086,0.4537359487847399,0.4272027199579086,0.4038245705314832
11,8,0.4465175025087482,0.47861178626458356,0.4465175025087482,0.6028018298562473,0.4385698554418388,0.4465175025087482,0.4465175025087482,0.34193226655568126,0.4465175025087482,0.43767199076354296
11,9,0.477056720522708,0.4525012877903368,0.477056720522708,0.5859854733118618,0.35011147979646395,0.477056720522708,0.47705672052270803,0.3004339344942405,0.477056720522708,0.4706631318941049
11,10,0.4931770133151596,0.573225518282537,0.4931770133151596,0.6278519641379646,0.403905448884888,0.4931770133151596,0.4931770133151597,0.40220662446003064,0.4931770133151596,0.5125823585031795
11,11,0.48932368385618785,0.49909154439667824,0.48932368385618785,0.6196964243838882,0.5854041999338635,0.48932368385618785,0.48932368385618785,0.481156859030906,0.48932368385618785,0.4817672681078494
11,12,0.43587877461019503,0.5852342716223345,0.43587877461019503,0.6431292269864273,0.5415992089972991,0.43587877461019503,0.43587877461019503,0.49710253511610714,0.43587877461019503,0.44847915699059404
11,13,0.4259266710483998,0.5498041972714804,0.4259266710483998,0.6261789395237978,0.5167664208404512,0.4259266710483998,0.4259266710483998,0.4068141357038602,0.4259266710483998,0.4080716343898079
11,14,0.35803728214963504,0.4526357559799268,0.35803728214963504,0.3932946654709697,0.4121409782973904,0.35803728214963504,0.35803728214963504,0.312997290670866,0.35803728214963504,0.316170995594873
11,15,0.46483315325977437,0.507350131603441,0.46483315325977437,0.6054560531937973,0.42275553638902114,0.46483315325977437,0.46483315325977437,0.36510219190909565,0.46483315325977437,0.44491432828002786
11,16,0.5428360568007171,0.517806593495409,0.5428360568007171,0.62067314939497,0.4638519278911447,0.5428360568007171,0.5428360568007171,0.44934783735834394,0.5428360568007171,0.5575148813840698
11,17,0.3891294051309395,0.5293411495534008,0.3891294051309395,0.5990184245302811,0.5036747994411223,0.3891294051309395,0.3891294051309395,0.4194909152151473,0.3891294051309395,0.3356094506399876
11,18,0.5014815529994723,0.3714180258398022,0.5014815529994723,0.5519092347931986,0.37470174557344044,0.5014815529994723,0.5014815529994723,0.2907158853654455,0.5014815529994723,0.4909000123294782
11,19,0.49410719461316305,0.5181447700713576,0.49410719461316305,0.6393287018845776,0.4875604957813218,0.49410719461316305,0.49410719461316305,0.41558902414818266,0.49410719461316305,0.4767430927371106
11,20,0.4984886180098525,0.46317785101290787,0.4984886180098525,0.5944340475739436,0.45817311281224465,0.4984886180098525,0.4984886180098525,0.3919868236394929,0.4984886180098525,0.46233240286410177
11,21,0.48568854277760687,0.4559008603508404,0.48568854277760687,0.5814392831850616,0.3573922424872737,0.48568854277760687,0.48568854277760687,0.31032507197924764,0.48568854277760687,0.4772929379504183
11,22,0.44949482606399593,0.539157407585544,0.44949482606399593,0.6393338009616094,0.4860456296295988,0.44949482606399593,0.44949482606399593,0.381172531613478,0.44949482606399593,0.4344159064494939
11,23,0.45673518630527804,0.46743538675401874,0.45673518630527804,0.5863323778351681,0.43686567261857484,0.45673518630527804,0.45673518630527804,0.36002772499294716,0.45673518630527804,0.4056048168578993
11,24,0.4340307710663994,0.5221736839694062,0.4340307710663994,0.6256560960856741,0.537090962380925,0.4340307710663994,0.4340307710663994,0.4390159519982439,0.4340307710663994,0.4141938419626356
11,25,0.4042815102167081,0.46288344734788867,0.4042815102167081,0.6168017472684479,0.5472103821261965,0.4042815102167081,0.4042815102167081,0.4053719506568684,0.4042815102167081,0.3605688066686208
11,26,0.5406002763781436,0.5403699095778511,0.5406002763781436,0.6155151362113636,0.504441366235773,0.5406002763781436,0.5406002763781435,0.45629567648358216,0.5406002763781436,0.5454485033205061
11,27,0.4949826429656596,0.509822314960441,0.4949826429656596,0.6288388236371014,0.4760153762821985,0.4949826429656596,0.4949826429656596,0.41551006205754115,0.4949826429656596,0.4847563385818756
11,28,0.41326672702468453,0.5338919278467544,0.41326672702468453,0.654075524063256,0.5435136655045771,0.41326672702468453,0.4132667270246846,0.4238088813119032,0.41326672702468453,0.37317665474376
11,29,0.3730475833731905,0.49734226903021994,0.3730475833731905,0.601820434442248,0.5087574892956491,0.3730475833731905,0.3730475833731905,0.39105515842471567,0.3730475833731905,0.3313852211048089
11,30,0.44000911410406673,0.4954813181749372,0.44000911410406673,0.5929899742524174,0.5156064417789941,0.44000911410406673,0.44000911410406673,0.4166795670600217,0.44000911410406673,0.4033160895323291
11,31,0.4628022729133343,0.5251516942478021,0.4628022729133343,0.6384785378133713,0.5099791675007164,0.4628022729133343,0.4628022729133343,0.4355171654429899,0.4628022729133343,0.48074389275361135
11,32,0.4653741638009308,0.48604187216219785,0.4653741638009308,0.6264496813511014,0.3565866181618016,0.4653741638009308,0.46537416380093083,0.28653273583495753,0.4653741638009308,0.44194913154036497
11,33,0.40697569067355255,0.5440321102739885,0.40697569067355255,0.6176408413044923,0.46301618895061974,0.40697569067355255,0.40697569067355255,0.39659887091384605,0.40697569067355255,0.39829446545400427
11,34,0.3907682340391901,0.5366171250125626,0.3907682340391901,0.5966446211847356,0.46754053507963655,0.3907682340391901,0.3907682340391901,0.3711322096888957,0.3907682340391901,0.3416610076487986
11,35,0.5458264828098128,0.4506461645559371,0.5458264828098128,0.6189574321257423,0.44726250213390983,0.5458264828098128,0.5458264828098128,0.364807733362394,0.5458264828098128,0.5452534907637656
11,36,0.4551528559214217,0.5662419388565387,0.4551528559214217,0.6374764937126522,0.45698491724430923,0.4551528559214217,0.45515285592142174,0.4012569975305822,0.4551528559214217,0.4372294521604179
11,37,0.5041103141122814,0.5902318734080148,0.5041103141122814,0.6605686701578264,0.487300970817815,0.5041103141122814,0.5041103141122814,0.41182406326641463,0.5041103141122814,0.516878903827829
11,38,0.4971795806527122,0.4894895644481807,0.4971795806527122,0.6126819637672423,0.4534134969482353,0.4971795806527122,0.4971795806527123,0.39313567366606383,0.4971795806527122,0.5107247472610477
11,39,0.48699665088270117,0.5529185178774569,0.48699665088270117,0.6711885962548154,0.5121442726957736,0.48699665088270117,0.48699665088270117,0.4231621348286338,0.48699665088270117,0.47395258460682255
11,40,0.49400218913196986,0.5103515767953637,0.49400218913196986,0.6143178382672734,0.4512070772497674,0.49400218913196986,0.49400218913196986,0.4096776166158329,0.49400218913196986,0.5095699509525491
11,41,0.529705074914906,0.6383948452792401,0.529705074914906,0.686771146482813,0.5272035945038693,0.529705074914906,0.529705074914906,0.4976630391714898,0.529705074914906,0.5173698287877873
11,42,0.3727671351057205,0.4942809566155939,0.3727671351057205,0.6400991193010445,0.5222157159989795,0.3727671351057205,0.3727671351057205,0.3744280189821916,0.3727671351057205,0.337240637694644
11,43,0.49410394223100224,0.5128466249374921,0.49410394223100224,0.6537529056336095,0.568061738058849,0.49410394223100224,0.49410394223100224,0.4615792297558745,0.49410394223100224,0.4935395160620327
11,44,0.5090892465745214,0.5377519033915218,0.5090892465745214,0.6296774902329612,0.39397371154413374,0.5090892465745214,0.5090892465745214,0.3625003613440054,0.5090892465745214,0.5091350588245784
11,45,0.4642825714225446,0.4290272130727599,0.4642825714225446,0.6014804509125046,0.43984061145511955,0.4642825714225446,0.46428257142254453,0.3418471397928947,0.4642825714225446,0.45643556314847
11,46,0.49341016265349036,0.4648122972390994,0.49341016265349036,0.6124821483793519,0.3973576274494246,0.49341016265349036,0.49341016265349036,0.36180621466347207,0.49341016265349036,0.4948752308479751
11,47,0.41050118001071056,0.5089084275985574,0.41050118001071056,0.6172313218026536,0.5373701212333424,0.41050118001071056,0.41050118001071056,0.44513769660141034,0.41050118001071056,0.4094961740866708
11,48,0.3953004750429384,0.5040239059305015,0.3953004750429384,0.623525986652822,0.5318330447683334,0.3953004750429384,0.3953004750429384,0.41830918080007745,0.3953004750429384,0.36400050552561325
11,49,0.44991317533508596,0.5751432188928309,0.44991317533508596,0.6677384164454945,0.5267894860716871,0.44991317533508596,0.44991317533508596,0.4801914052119705,0.44991317533508596,0.4815665021841068
11,50,0.45613498240879413,0.4525604307601862,0.45613498240879413,0.5639031116685643,0.41632183787442356,0.45613498240879413,0.4561349824087942,0.3600262902902257,0.45613498240879413,0.4649325524676262
11,51,0.493802399942089,0.4924848270201396,0.493802399942089,0.6391848696062405,0.5229942514048233,0.493802399942089,0.4938023999420891,0.4253231534991717,0.493802399942089,0.48083562527598844
11,52,0.3508442208374921,0.5594028395587354,0.3508442208374921,0.6364570621599365,0.4620521166685436,0.3508442208374921,0.3508442208374921,0.388988982071323,0.3508442208374921,0.3243492881673761
11,53,0.4251153410870743,0.4745202806005014,0.4251153410870743,0.5942998796261887,0.49304664410579235,0.4251153410870743,0.4251153410870744,0.38721685518006965,0.4251153410870743,0.3753981528211918
11,54,0.3442893698305128,0.45537439207214886,0.3442893698305128,0.6181681453090435,0.4979532740213997,0.3442893698305128,0.3442893698305128,0.34299882352651767,0.3442893698305128,0.2997512093595886
11,55,0.39765938136160145,0.6370581465985148,0.39765938136160145,0.6638045695195043,0.4939600010994005,0.39765938136160145,0.3976593813616014,0.45457758023555095,0.39765938136160145,0.37102308236749015
11,56,0.41019638533963654,0.5082394403703991,0.41019638533963654,0.5221916595984619,0.51366023890393,0.41019638533963654,0.4101963853396365,0.4055702093732574,0.41019638533963654,0.3719490547942077
11,57,0.4948817261934686,0.5594768604569706,0.4948817261934686,0.6575675443440305,0.5001219073758681,0.4948817261934686,0.4948817261934686,0.42641235651214016,0.4948817261934686,0.4766752242198362
11,58,0.5167588283358313,0.592041536728592,0.5167588283358313,0.6680896809786412,0.5047484989045445,0.5167588283358313,0.5167588283358313,0.4465853441731491,0.5167588283358313,0.5029974741124708
11,59,0.39222808900338924,0.4847664656069232,0.39222808900338924,0.4957781940945503,0.5177483446208592,0.39222808900338924,0.39222808900338924,0.4027003947439243,0.39222808900338924,0.3383079316007933
11,60,0.43874802615249786,0.5853015400264228,0.43874802615249786,0.6680419747935872,0.5451289265849575,0.43874802615249786,0.43874802615249786,0.5088105117864659,0.43874802615249786,0.46563152843418254
11,61,0.4833904095427495,0.5245789921306063,0.4833904095427495,0.6292862158927676,0.45270864402641975,0.4833904095427495,0.4833904095427495,0.4285779045867815,0.4833904095427495,0.5060690338047024
11,62,0.41319508169194125,0.5391034374780072,0.41319508169194125,0.6316265063895479,0.5206364948468936,0.41319508169194125,0.4131950816919412,0.43403706591045116,0.41319508169194125,0.3981982583917999
11,63,0.46978801809402415,0.49968480523502723,0.46978801809402415,0.6205633907464837,0.4973569986632004,0.46978801809402415,0.46978801809402415,0.3935293247623499,0.46978801809402415,0.45416881608628346
11,64,0.45719851137539247,0.5265983141961453,0.45719851137539247,0.6208600203990713,0.4524457801472713,0.45719851137539247,0.45719851137539247,0.4133432200528744,0.45719851137539247,0.4699945819438845
11,65,0.46967186158827945,0.5843154518731553,0.46967186158827945,0.660030137158959,0.5321527708267311,0.46967186158827945,0.4696718615882795,0.4631336932384072,0.46967186158827945,0.482850216522296
11,66,0.46000355160131967,0.4491343852655701,0.46000355160131967,0.6001639274430934,0.4479738531622881,0.46000355160131967,0.46000355160131967,0.348998406516981,0.46000355160131967,0.45521954526292274
11,67,0.5082589598714584,0.3805283887981541,0.5082589598714584,0.5514807692646135,0.4998001374616218,0.5082589598714584,0.5082589598714584,0.3864726753639003,0.5082589598714584,0.46291895248115317
11,68,0.46806657867888796,0.47633327354287713,0.46806657867888796,0.616523408818523,0.4519175230775956,0.46806657867888796,0.4680665786788879,0.395380816332323,0.46806657867888796,0.47339923661437244
11,69,0.35526922615513695,0.5459161132834673,0.35526922615513695,0.6536977671869713,0.46298715822507636,0.35526922615513695,0.3552692261551369,0.3616411971062347,0.35526922615513695,0.3156647909920446
11,70,0.3466018135468779,0.5500883339229027,0.3466018135468779,0.6425620862505342,0.4410492102655922,0.3466018135468779,0.3466018135468779,0.3624941144283115,0.3466018135468779,0.2838775812931329
11,71,0.5346075299337638,0.6258731866825866,0.5346075299337638,0.6827798278748631,0.5609381686418302,0.5346075299337638,0.5346075299337638,0.48438831451424996,0.5346075299337638,0.5197181566911278
11,72,0.4156313017808279,0.4595393562915524,0.4156313017808279,0.5758710938003088,0.5051068409609587,0.4156313017808279,0.41563130178082786,0.40451811924325065,0.4156313017808279,0.3816825868763241
11,73,0.44773538024018006,0.5771539156369319,0.44773538024018006,0.6640287728898074,0.5648539068243912,0.44773538024018006,0.44773538024018006,0.47088403807334067,0.44773538024018006,0.4253066872123574
11,74,0.4606226193143365,0.5583938003655633,0.4606226193143365,0.6383792249421292,0.537883804606716,0.4606226193143365,0.4606226193143365,0.4729802112037866,0.4606226193143365,0.47308371265350424
11,75,0.5136723176651836,0.4666856719482296,0.5136723176651836,0.6174954882537825,0.46887089336498206,0.5136723176651836,0.5136723176651836,0.3576524112641176,0.5136723176651836,0.4838473794658493
11,76,0.44439072335116536,0.49270697698717764,0.44439072335116536,0.631078623713673,0.5226838278137453,0.44439072335116536,0.44439072335116536,0.43374858579690784,0.44439072335116536,0.47715770376438327
11,77,0.5076373831779175,0.5256643996994923,0.5076373831779175,0.6369597584703983,0.44861348774910415,0.5076373831779175,0.5076373831779175,0.4102565778601505,0.5076373831779175,0.48638808572001946
11,78,0.4672825687277136,0.5525040781633304,0.4672825687277136,0.6013350429357385,0.4488082650168139,0.4672825687277136,0.4672825687277137,0.4158336247064106,0.4672825687277136,0.45280161689594867
11,79,0.3810900739805431,0.45270580929718585,0.3810900739805431,0.6019153970579422,0.5518844685399442,0.3810900739805431,0.3810900739805431,0.3956062509270789,0.3810900739805431,0.3290143635836023
11,80,0.5366412909615463,0.5028939134841128,0.5366412909615463,0.6318720300058973,0.3985396376308563,0.5366412909615463,0.5366412909615463,0.3560603304720086,0.5366412909615463,0.526567995074315
11,81,0.430187012903501,0.5409745535296999,0.430187012903501,0.6152261857901927,0.46442771903337265,0.430187012903501,0.430187012903501,0.40937381411695917,0.430187012903501,0.4212347211067196
11,82,0.45444244273228723,0.47689722236422605,0.45444244273228723,0.5913648578216562,0.37552641117421726,0.45444244273228723,0.4544424427322872,0.3309141023410996,0.45444244273228723,0.4566739426020497
11,83,0.4595597408241704,0.4522659878352753,0.4595597408241704,0.5924969218974998,0.3689246643761024,0.4595597408241704,0.4595597408241704,0.2685334752384741,0.4595597408241704,0.4096513905381999
11,84,0.4808766898332299,0.5536952819857544,0.4808766898332299,0.6286320112746032,0.48939917297493596,0.4808766898332299,0.48087668983322995,0.4473743760511392,0.4808766898332299,0.4927697501342434
11,85,0.4738588854569546,0.5395913339823657,0.4738588854569546,0.656913651046745,0.48373813848936703,0.4738588854569546,0.47385888545695454,0.419471856030347,0.4738588854569546,0.4613360191216672
11,86,0.4663463472914115,0.47380350958371653,0.4663463472914115,0.6009544751018289,0.3419544947266646,0.4663463472914115,0.46634634729141144,0.32238071729063716,0.4663463472914115,0.4764438090193108
11,87,0.49660418778585536,0.6058839933712734,0.49660418778585536,0.6766616475831042,0.5116771542560811,0.49660418778585536,0.49660418778585536,0.4667992590181176,0.49660418778585536,0.522580220713689
11,88,0.4391516932412618,0.5498376248142973,0.4391516932412618,0.5995941434857929,0.43415661225858293,0.4391516932412618,0.4391516932412618,0.3612697145504143,0.4391516932412618,0.43387422157135697
11,89,0.5451653199791141,0.5527290718096057,0.5451653199791141,0.6418588265412941,0.5335581458263221,0.5451653199791141,0.5451653199791141,0.5057963025616603,0.5451653199791141,0.5637590110692869
11,90,0.4767023037923798,0.4758442818586982,0.4767023037923798,0.6147680574452822,0.43666416206916125,0.4767023037923798,0.4767023037923799,0.39168284405635667,0.4767023037923798,0.4733025193883722
11,91,0.42769996272770044,0.5567786499591323,0.42769996272770044,0.6329379714280448,0.5475106156214246,0.42769996272770044,0.42769996272770044,0.45320664319736537,0.42769996272770044,0.38702757628593276
11,92,0.4212888670122307,0.5409629138162853,0.4212888670122307,0.6394318477142529,0.5623221434042603,0.4212888670122307,0.42128886701223067,0.4741757492084152,0.4212888670122307,0.41132279183388126
11,93,0.3984788887409313,0.5128942031255312,0.3984788887409313,0.6415603263731782,0.5573724256690356,0.3984788887409313,0.3984788887409313,0.4321563603665748,0.3984788887409313,0.34549666601511836
11,94,0.361581170677303,0.46550995106993986,0.361581170677303,0.5342135985602735,0.4368878824306722,0.361581170677303,0.361581170677303,0.347744679801571,0.361581170677303,0.27995789565949203
11,95,0.4719583791725624,0.46997627485845767,0.4719583791725624,0.6103421907940458,0.554319056264063,0.4719583791725624,0.4719583791725624,0.43997036324270167,0.4719583791725624,0.4347224188276432
11,96,0.4975650344013754,0.4860052100056591,0.4975650344013754,0.60855729754733,0.4145438227537879,0.4975650344013754,0.49756503440137534,0.34407836239349143,0.4975650344013754,0.4882083862847583
11,97,0.5556391056395099,0.5737371557326502,0.5556391056395099,0.6672468664656115,0.5718041378866572,0.5556391056395099,0.5556391056395099,0.5112394419535237,0.5556391056395099,0.5524350782064958
11,98,0.43829390067763846,0.5550829211061213,0.43829390067763846,0.6442818931920492,0.4898386423202208,0.43829390067763846,0.4382939006776385,0.44734495480322334,0.43829390067763846,0.45127659622155303
11,99,0.5423570273710261,0.5064915523971545,0.5423570273710261,0.6247707559313748,0.43657111500344986,0.5423570273710261,0.5423570273710261,0.41209109743257255,0.5423570273710261,0.5518268630803076
12,0,0.4824429441566912,0.5207813310160183,0.4824429441566912,0.606025409814662,0.37850970408209583,0.4824429441566912,0.4824429441566912,0.3509086667233283,0.4824429441566912,0.49091671107497237
12,1,0.48514511618113093,0.5267764217905895,0.48514511618113093,0.6273179868878898,0.4840477193695397,0.48514511618113093,0.4851451161811309,0.41809376326786624,0.48514511618113093,0.49484771413403716
12,2,0.40148176672744285,0.5484747811339995,0.40148176672744285,0.6219850979375914,0.5235563109593375,0.40148176672744285,0.40148176672744285,0.4388281696857712,0.40148176672744285,0.3805902362916048
12,3,0.5013049021855358,0.5704305711540203,0.5013049021855358,0.6331492578872784,0.5454554835476775,0.5013049021855358,0.5013049021855358,0.49405128600143405,0.5013049021855358,0.502597222382427
12,4,0.4237540797649513,0.5865302775342025,0.4237540797649513,0.678131851541572,0.4644620185991014,0.4237540797649513,0.4237540797649513,0.39808878899502476,0.4237540797649513,0.4511400562942265
12,5,0.41016795022703023,0.5300053908070258,0.41016795022703023,0.5894456827936881,0.5448793737420587,0.41016795022703023,0.41016795022703023,0.45106854664279994,0.41016795022703023,0.3706547937514636
12,6,0.36035790328400463,0.4829782357777956,0.36035790328400463,0.5849730783201412,0.45281879972855926,0.36035790328400463,0.3603579032840046,0.3629049602348801,0.36035790328400463,0.35631561404031803
12,7,0.4105898306558949,0.50974158560958,0.4105898306558949,0.610135609585767,0.5289914393708863,0.4105898306558949,0.41058983065589494,0.4335925548563696,0.4105898306558949,0.37975989342110406
12,8,0.4654567743078164,0.5168737228213175,0.4654567743078164,0.6136748338638833,0.4758366752471391,0.4654567743078164,0.4654567743078164,0.3856512030161369,0.4654567743078164,0.46354425930297816
12,9,0.46696550792963293,0.4504442354972267,0.46696550792963293,0.5917171415082336,0.3437200071086516,0.46696550792963293,0.4669655079296329,0.2924742252359336,0.46696550792963293,0.46505660078091815
12,10,0.48694228963801267,0.5593904457909944,0.48694228963801267,0.617098710500732,0.4081942120520937,0.48694228963801267,0.48694228963801267,0.40807389526748555,0.48694228963801267,0.5084080760293602
12,11,0.4364057534454575,0.484538227654681,0.4364057534454575,0.609241041312671,0.5529860815610299,0.4364057534454575,0.4364057534454575,0.43954169236811025,0.4364057534454575,0.4184362973020925
12,12,0.46001368044862057,0.5563017441405775,0.46001368044862057,0.634507955279171,0.5559545289520256,0.46001368044862057,0.46001368044862057,0.5056336243386552,0.46001368044862057,0.4653030383649853
12,13,0.4594519475868393,0.5727676281260612,0.4594519475868393,0.6448410337935979,0.5161519060458689,0.4594519475868393,0.45945194758683927,0.43100763670060394,0.4594519475868393,0.4543412053218676
12,14,0.36102334067411473,0.5325253166793902,0.36102334067411473,0.6207823605045766,0.3936236150970221,0.36102334067411473,0.36102334067411473,0.303526484201437,0.36102334067411473,0.3177644548769121
12,15,0.45312522795714255,0.4900820994331496,0.45312522795714255,0.600571436271242,0.4057213078203751,0.45312522795714255,0.45312522795714255,0.3560321466771972,0.45312522795714255,0.44196825618764823
12,16,0.5475180932342738,0.5445678914300001,0.5475180932342738,0.6338238623897127,0.4472277673475589,0.5475180932342738,0.5475180932342738,0.4367260242701496,0.5475180932342738,0.5600590922010693
12,17,0.38452616927088,0.5204533719024922,0.38452616927088,0.6127282383533652,0.5058884622661213,0.38452616927088,0.38452616927088,0.41846587320712614,0.38452616927088,0.33237711689926913
12,18,0.5050288797597103,0.38377152265574677,0.5050288797597103,0.5626573221413882,0.3793323290993225,0.5050288797597103,0.5050288797597103,0.3031744684769036,0.5050288797597103,0.4939915036900763
12,19,0.5075303333422232,0.5349297177595289,0.5075303333422232,0.6446143427311868,0.4960199803227103,0.5075303333422232,0.5075303333422232,0.43419593120615196,0.5075303333422232,0.4876751064859868
12,20,0.529496364905384,0.47499725363901235,0.529496364905384,0.6055213775603008,0.47032000485962094,0.529496364905384,0.5294963649053841,0.41026674009513453,0.529496364905384,0.4965704596747005
12,21,0.48591156326863666,0.43226864916911695,0.48591156326863666,0.574196384674234,0.36362468675490867,0.48591156326863666,0.48591156326863666,0.30842825760513565,0.48591156326863666,0.4790238430101797
12,22,0.44367873043355277,0.5520090799279909,0.44367873043355277,0.6546663925940033,0.5130656126660149,0.44367873043355277,0.44367873043355277,0.40616962121018874,0.44367873043355277,0.42684157914337467
12,23,0.45541527669920007,0.48050834511115803,0.45541527669920007,0.5912241278477082,0.4272142575277837,0.45541527669920007,0.4554152766992001,0.35206065185446167,0.45541527669920007,0.39492020953231444
12,24,0.43247650409433097,0.5220561325400314,0.43247650409433097,0.6262800462873687,0.5310632801136446,0.43247650409433097,0.43247650409433097,0.4319223142441009,0.43247650409433097,0.41279304640962555
12,25,0.4385373647136793,0.4774559524784309,0.4385373647136793,0.6138069850954009,0.5642875511046356,0.4385373647136793,0.4385373647136793,0.43258181205136126,0.4385373647136793,0.4092554230362303
12,26,0.5053658265515745,0.5023401424787561,0.5053658265515745,0.5882390667143066,0.4925794295104184,0.5053658265515745,0.5053658265515745,0.42980462971963956,0.5053658265515745,0.5127456641557451
12,27,0.4754248610048021,0.5074665596921416,0.4754248610048021,0.6174917593166285,0.46862065925154817,0.4754248610048021,0.4754248610048021,0.40004909849936515,0.4754248610048021,0.46348053978819787
12,28,0.40308509820753785,0.5469312923590021,0.40308509820753785,0.6583963102204596,0.5510974604171083,0.40308509820753785,0.40308509820753785,0.43210945069704987,0.40308509820753785,0.3526897272539459
12,29,0.3840088546568955,0.5204176228579507,0.3840088546568955,0.6210450675635771,0.5098155587844996,0.3840088546568955,0.3840088546568955,0.3827415933654982,0.3840088546568955,0.3439847254687577
12,30,0.4513390196744031,0.48896793115486226,0.4513390196744031,0.5845435593276211,0.5225907507095373,0.4513390196744031,0.45133901967440315,0.42886892178478403,0.4513390196744031,0.40937151192998933
12,31,0.45382541937377147,0.4997859377617309,0.45382541937377147,0.6273348601428224,0.503970104857061,0.45382541937377147,0.45382541937377147,0.41583761454937235,0.45382541937377147,0.47043858050530574
12,32,0.4778043037936808,0.46075184366071514,0.4778043037936808,0.5992752644176562,0.361174914000337,0.4778043037936808,0.4778043037936808,0.2978959791597533,0.4778043037936808,0.44944687012971063
12,33,0.40564992677958506,0.5277497887859262,0.40564992677958506,0.6036179265568451,0.48359060903979256,0.40564992677958506,0.405649926779585,0.4116026750041915,0.40564992677958506,0.39806693698937445
12,34,0.39614739535762405,0.5552729923296748,0.39614739535762405,0.6046179343734182,0.4712286165272402,0.39614739535762405,0.39614739535762405,0.39005884749463177,0.39614739535762405,0.3540859794464294
12,35,0.5561879218978524,0.4493521641249206,0.5561879218978524,0.6190270655002335,0.4565737414147627,0.5561879218978524,0.5561879218978523,0.3730367472827274,0.5561879218978524,0.5495393912434919
12,36,0.47775384540758525,0.6078342770891175,0.47775384540758525,0.6541758622454114,0.4647958215194312,0.47775384540758525,0.47775384540758525,0.4159406366136044,0.47775384540758525,0.45862076249092293
12,37,0.447960445085711,0.5174565795494761,0.447960445085711,0.6152152841551262,0.4345581259629224,0.447960445085711,0.447960445085711,0.3390816954607846,0.447960445085711,0.4519835218114795
12,38,0.4630430421184419,0.4832347882204949,0.4630430421184419,0.6144971263316715,0.43627298328830433,0.4630430421184419,0.46304304211844194,0.37182468363426724,0.4630430421184419,0.48008428847180085
12,39,0.46579846028511496,0.5534364462049122,0.46579846028511496,0.660574124455205,0.4892630077119723,0.46579846028511496,0.46579846028511496,0.4053524937714935,0.46579846028511496,0.45718905925685993
12,40,0.5389967590476393,0.5120896476462644,0.5389967590476393,0.6266689683196968,0.49848462987133413,0.5389967590476393,0.5389967590476392,0.4456144543617172,0.5389967590476393,0.5501506914637659
12,41,0.5073277563962044,0.6218285341123513,0.5073277563962044,0.6746075585771767,0.5139621052812677,0.5073277563962044,0.5073277563962044,0.48771810474227495,0.5073277563962044,0.5028855047826578
12,42,0.38454540478823135,0.4886442083139902,0.38454540478823135,0.6317705702698138,0.5302351513500895,0.38454540478823135,0.3845454047882313,0.37645380437765047,0.38454540478823135,0.3454111964233534
12,43,0.5076862618355349,0.5261885051375945,0.5076862618355349,0.6565846552000165,0.560531992326293,0.5076862618355349,0.5076862618355349,0.47000145872331256,0.5076862618355349,0.5108459013522781
12,44,0.5080709721825613,0.5365731505282434,0.5080709721825613,0.631392825751837,0.403650396566713,0.5080709721825613,0.5080709721825613,0.37538800000143857,0.5080709721825613,0.5106815639271725
12,45,0.4611183752808548,0.42736614775475257,0.4611183752808548,0.5922658165196908,0.4371220378340522,0.4611183752808548,0.46111837528085486,0.34038896993182094,0.4611183752808548,0.4503392285437015
12,46,0.44842516403389426,0.4602397709604751,0.44842516403389426,0.6025187748051253,0.3584219467051715,0.44842516403389426,0.4484251640338943,0.3239417028371182,0.44842516403389426,0.45701730519547573
12,47,0.41304221973038124,0.536553659780526,0.41304221973038124,0.6263000595022776,0.5486936089748455,0.41304221973038124,0.41304221973038124,0.45983403044966387,0.41304221973038124,0.40355999666184256
12,48,0.3948848206027816,0.5134479772509045,0.3948848206027816,0.6333207493989719,0.5330788758270366,0.3948848206027816,0.3948848206027816,0.4265732798747225,0.3948848206027816,0.3695040454106731
12,49,0.47772392349170545,0.5960290729188533,0.47772392349170545,0.6827412503739532,0.580467634829649,0.47772392349170545,0.47772392349170545,0.53142949678804,0.47772392349170545,0.5055749724196301
12,50,0.46861939072102804,0.4453967417021284,0.46861939072102804,0.5586644255989099,0.41399829295578,0.46861939072102804,0.468619390721028,0.3554779402757441,0.46861939072102804,0.47535786443439587
12,51,0.4843744874594184,0.4930759884714737,0.4843744874594184,0.6298396569354783,0.5188117763311066,0.4843744874594184,0.4843744874594184,0.4180823146746169,0.4843744874594184,0.4745565552836182
12,52,0.3561871413261337,0.5797742479592718,0.3561871413261337,0.6430134960652474,0.47895775974580046,0.3561871413261337,0.3561871413261337,0.4027339079848781,0.3561871413261337,0.3238099825726616
12,53,0.45297831320867665,0.47458656882147454,0.45297831320867665,0.5992769821270382,0.5185726725166987,0.45297831320867665,0.45297831320867665,0.40854278924918686,0.45297831320867665,0.3969378120427889
12,54,0.3502305427863418,0.45612077629547665,0.3502305427863418,0.6191080917755598,0.5044412787065926,0.3502305427863418,0.3502305427863418,0.3529642665416486,0.3502305427863418,0.3025353546745403
12,55,0.3920625892140042,0.6384593539554586,0.3920625892140042,0.6666651221730092,0.5068152200521567,0.3920625892140042,0.3920625892140043,0.4590031823553876,0.3920625892140042,0.3623811495736249
12,56,0.4344935385852862,0.5515650336836184,0.4344935385852862,0.6361814972523029,0.5362030143943592,0.4344935385852862,0.4344935385852863,0.43404523743466966,0.4344935385852862,0.4012561205616636
12,57,0.5000426062063071,0.583413782032535,0.5000426062063071,0.6764619874802549,0.5071103186282839,0.5000426062063071,0.5000426062063071,0.4423563236334523,0.5000426062063071,0.48440769252174026
12,58,0.5149040412521002,0.5854797520219002,0.5149040412521002,0.6651962018203821,0.5038715479566451,0.5149040412521002,0.5149040412521002,0.43856009750358527,0.5149040412521002,0.5032105900786139
12,59,0.39379452917725977,0.47000157204979187,0.39379452917725977,0.49890019601831237,0.5224250885671199,0.39379452917725977,0.3937945291772597,0.4073327082011474,0.39379452917725977,0.3433338686356771
12,60,0.44884119017486945,0.6034427626506967,0.44884119017486945,0.6823336621770202,0.5421898362564511,0.44884119017486945,0.4488411901748694,0.5235054550325392,0.44884119017486945,0.48517425682260823
12,61,0.4999685448182443,0.5200635335559771,0.4999685448182443,0.6310795917897594,0.46220693785523104,0.4999685448182443,0.4999685448182443,0.43751687372758596,0.4999685448182443,0.5180237427183854
12,62,0.42120765038341407,0.5576094338055935,0.42120765038341407,0.6500583956929908,0.5390712749166879,0.42120765038341407,0.42120765038341407,0.44781746686399143,0.42120765038341407,0.41237560647874916
12,63,0.44613613746908726,0.4996436672403613,0.44613613746908726,0.6205041527986475,0.476650647669386,0.44613613746908726,0.4461361374690873,0.3749625948662856,0.44613613746908726,0.4331537695556119
12,64,0.4646156153558157,0.5381831786640017,0.4646156153558157,0.6323444375653986,0.4598128625966503,0.4646156153558157,0.46461561535581575,0.42619631738203645,0.4646156153558157,0.47695146079269274
12,65,0.4672045115558532,0.5708720887135538,0.4672045115558532,0.6552237601642479,0.5081348763211364,0.4672045115558532,0.46720451155585324,0.43706317827225893,0.4672045115558532,0.4777383581613662
12,66,0.4874542145901306,0.4706625325289226,0.4874542145901306,0.6053599809208766,0.47292919150385304,0.4874542145901306,0.4874542145901306,0.36697734863396947,0.4874542145901306,0.4727121878189141
12,67,0.49342140660324646,0.3819877518741132,0.49342140660324646,0.5591421964524512,0.5031144915851977,0.49342140660324646,0.49342140660324646,0.38211653660448736,0.49342140660324646,0.45705151305991987
12,68,0.4754414946164247,0.4916567320198038,0.4754414946164247,0.6148429829927697,0.4423146510668323,0.4754414946164247,0.4754414946164248,0.3857208655427132,0.4754414946164247,0.4691080550125904
12,69,0.36639320947208914,0.5277789294693005,0.36639320947208914,0.6510318064343091,0.48840944641593903,0.36639320947208914,0.36639320947208914,0.3765047978132476,0.36639320947208914,0.32729829805139665
12,70,0.35216756867614013,0.5536854638022035,0.35216756867614013,0.6472007382810996,0.44538441793127104,0.35216756867614013,0.3521675686761401,0.3638997516129929,0.35216756867614013,0.2881549141540941
12,71,0.5176850138500371,0.48672163375383315,0.5176850138500371,0.6381408824983249,0.5510277481778515,0.5176850138500371,0.5176850138500371,0.46885787066509005,0.5176850138500371,0.5035780365506749
12,72,0.4203607300687284,0.45790323377613057,0.4203607300687284,0.5980370734269664,0.5075323817085121,0.4203607300687284,0.4203607300687284,0.39856180876771935,0.4203607300687284,0.38594326409833085
12,73,0.4313930891339492,0.5677433687051102,0.4313930891339492,0.6618553033504864,0.5611979890784458,0.4313930891339492,0.4313930891339492,0.45338153827668015,0.4313930891339492,0.4010373565046321
12,74,0.4528038925996504,0.5286509581704895,0.4528038925996504,0.6176366567510503,0.5055403775324167,0.4528038925996504,0.4528038925996505,0.44226898780543944,0.4528038925996504,0.45800174065401034
12,75,0.50986424278085,0.45562706845650214,0.50986424278085,0.61193772482066,0.48632286921278584,0.50986424278085,0.50986424278085,0.36549547370633095,0.50986424278085,0.47976710396751543
12,76,0.573277796275056,0.5729678335704103,0.573277796275056,0.6783158480955285,0.5984293557738636,0.573277796275056,0.5732777962750559,0.5379742987100605,0.573277796275056,0.5910465456078963
12,77,0.5048447949294061,0.5219147885378232,0.5048447949294061,0.6256928385858364,0.44491215481392477,0.5048447949294061,0.5048447949294061,0.4037590226377141,0.5048447949294061,0.48337559437347405
12,78,0.47598928869751667,0.5534364920024457,0.47598928869751667,0.6108779868534131,0.467613494287198,0.47598928869751667,0.47598928869751667,0.43477930703029194,0.47598928869751667,0.4713742803414742
12,79,0.3799697677139368,0.45907351588368706,0.3799697677139368,0.6080504050307958,0.5536069811433884,0.3799697677139368,0.37996976771393687,0.3968005879703481,0.3799697677139368,0.323276154321654
12,80,0.5291616483184302,0.48003107677074797,0.5291616483184302,0.6192019243626656,0.38455186414848286,0.5291616483184302,0.5291616483184302,0.34054821143851954,0.5291616483184302,0.5201210196430901
12,81,0.4135567465882279,0.5389066965400722,0.4135567465882279,0.6108421876503073,0.4432026015077185,0.4135567465882279,0.41355674658822783,0.37733528387429666,0.4135567465882279,0.398944438793299
12,82,0.5633329408792193,0.5773789751232755,0.5633329408792193,0.6375553595052937,0.49762529020132285,0.5633329408792193,0.5633329408792193,0.46123900295999176,0.5633329408792193,0.5485249149675246
12,83,0.47864397594240793,0.4840347243034955,0.47864397594240793,0.6149158457693455,0.37920524865260785,0.47864397594240793,0.47864397594240793,0.29353064031157305,0.47864397594240793,0.4324177284861477
12,84,0.4594213751945273,0.5263003847357849,0.4594213751945273,0.6172586543717075,0.47179064912659807,0.4594213751945273,0.4594213751945272,0.41625154783408047,0.4594213751945273,0.4690652007051303
12,85,0.47525620175846084,0.559393383673155,0.47525620175846084,0.6630079125542336,0.47527676209021474,0.47525620175846084,0.47525620175846084,0.4251627841634281,0.47525620175846084,0.4622744992077294
12,86,0.47141681108017836,0.4841708144315163,0.47141681108017836,0.5961205465323045,0.3385119878353004,0.47141681108017836,0.4714168110801784,0.32624989153967576,0.47141681108017836,0.47669966421492027
12,87,0.4843203120651391,0.599471340317376,0.4843203120651391,0.6662558418164222,0.49830644623347164,0.4843203120651391,0.48432031206513915,0.44678087387382126,0.4843203120651391,0.5056428007635215
12,88,0.41657690866279423,0.5408094219666684,0.41657690866279423,0.6007961573868743,0.4305081565068173,0.41657690866279423,0.4165769086627943,0.344121707538907,0.41657690866279423,0.4001079709611841
12,89,0.5334210609214853,0.5376839509122873,0.5334210609214853,0.6333509320150255,0.5261217823137795,0.5334210609214853,0.5334210609214853,0.48485182963472817,0.5334210609214853,0.5505428147328264
12,90,0.4660581862319601,0.45511805995407395,0.4660581862319601,0.6047931618182507,0.42313836623262874,0.4660581862319601,0.4660581862319601,0.3624037544699678,0.4660581862319601,0.46280234573832213
12,91,0.4321706872460064,0.5179615528767936,0.4321706872460064,0.6302290334683901,0.545258100878218,0.4321706872460064,0.4321706872460064,0.4374983686989619,0.4321706872460064,0.3894523977291287
12,92,0.4120158608456212,0.5925002901451387,0.4120158608456212,0.6687420737602947,0.567404493267718,0.4120158608456212,0.41201586084562125,0.482058868455587,0.4120158608456212,0.3990339172899919
12,93,0.39850927528283414,0.507772706715651,0.39850927528283414,0.6410860473729924,0.5567671089589421,0.39850927528283414,0.3985092752828341,0.42641100343213145,0.39850927528283414,0.347396557834948
12,94,0.3600196555392761,0.4554034690788388,0.3600196555392761,0.5630933881202281,0.4479716337639759,0.3600196555392761,0.3600196555392761,0.35123860433138904,0.3600196555392761,0.2882683829988012
12,95,0.46872978586408776,0.474798966948515,0.46872978586408776,0.6040060664893632,0.5417536434256573,0.46872978586408776,0.46872978586408776,0.4429584444289853,0.46872978586408776,0.4383706840781373
12,96,0.48520746899341466,0.4968579581040542,0.48520746899341466,0.6157381706529998,0.41119304994063993,0.48520746899341466,0.4852074689934147,0.35259697655457395,0.48520746899341466,0.4891867104651235
12,97,0.45869256281488285,0.5423949256767435,0.45869256281488285,0.6288911009375747,0.5021811885058692,0.45869256281488285,0.4586925628148828,0.425869409070528,0.45869256281488285,0.44282698019838695
12,98,0.49083037312350325,0.6013330938315444,0.49083037312350325,0.666748803886833,0.5424859949596309,0.49083037312350325,0.4908303731235033,0.504550490093048,0.49083037312350325,0.49597686445952094
12,99,0.5205746160121464,0.4891951309693059,0.5205746160121464,0.6174627212647794,0.436336543069641,0.5205746160121464,0.5205746160121464,0.40105909202831647,0.5205746160121464,0.5318739027276241
13,0,0.49483684331964883,0.5181102817022991,0.49483684331964883,0.6096996859149036,0.3860994767625829,0.49483684331964883,0.49483684331964883,0.3675020433847629,0.49483684331964883,0.5067546974447177
13,1,0.46055599194264135,0.5105485664241419,0.46055599194264135,0.612937865569764,0.4781941041327255,0.46055599194264135,0.46055599194264135,0.40412538904880435,0.46055599194264135,0.46852927607601286
13,2,0.4044819498830211,0.538959797722099,0.4044819498830211,0.6295181654987658,0.5277525853541466,0.4044819498830211,0.4044819498830211,0.42814692604725424,0.4044819498830211,0.3767276608257017
13,3,0.4977550664447737,0.5581284974387659,0.4977550664447737,0.6263835178566922,0.5204124193612774,0.4977550664447737,0.49775506644477363,0.47366119181608746,0.4977550664447737,0.49461810320905264
13,4,0.4388876927350053,0.585464108837499,0.4388876927350053,0.6744447986454652,0.46835498044194623,0.4388876927350053,0.4388876927350054,0.3968866597842067,0.4388876927350053,0.4606985168905233
13,5,0.4264356223939707,0.5268959827475603,0.4264356223939707,0.5963203953081327,0.553801106403347,0.4264356223939707,0.4264356223939707,0.46084981954423404,0.4264356223939707,0.3911516079095191
13,6,0.3558335609226469,0.4617969215526471,0.3558335609226469,0.5784826300718673,0.45342054286822175,0.3558335609226469,0.35583356092264695,0.3607918142304307,0.3558335609226469,0.3563393440267381
13,7,0.44046212447647104,0.5291476923683154,0.44046212447647104,0.6260508666356261,0.5636634653672873,0.44046212447647104,0.440462124476471,0.4743396124027081,0.44046212447647104,0.4209994756755157
13,8,0.43791588094534295,0.4909410839339033,0.43791588094534295,0.5898859380773729,0.4628189651241577,0.43791588094534295,0.43791588094534295,0.3625453123505425,0.43791588094534295,0.42948563456931305
13,9,0.4715517384772514,0.4943521398912691,0.4715517384772514,0.5993274770854331,0.3509278770318379,0.4715517384772514,0.47155173847725135,0.30025448494631557,0.4715517384772514,0.4652256234166917
13,10,0.48296825033827095,0.5490242030207253,0.48296825033827095,0.6069281260774424,0.3871314168969948,0.48296825033827095,0.48296825033827095,0.37772334539514285,0.48296825033827095,0.49983706098995806
13,11,0.42280670730409764,0.4803699666907437,0.42280670730409764,0.6086089332057651,0.5542121487405642,0.42280670730409764,0.42280670730409764,0.43287632277406296,0.42280670730409764,0.4024028955480413
13,12,0.43795546708250077,0.545699179161504,0.43795546708250077,0.6219031158895982,0.5288591152845628,0.43795546708250077,0.43795546708250077,0.48096626788795543,0.43795546708250077,0.4380774259697532
13,13,0.419225741619796,0.522403830673928,0.419225741619796,0.6186726540020543,0.5024568204597493,0.419225741619796,0.419225741619796,0.3912636687724996,0.419225741619796,0.40399866563794845
13,14,0.36512403702772045,0.523271166381283,0.36512403702772045,0.6202779924951254,0.39754859665429554,0.36512403702772045,0.36512403702772045,0.3080621471054645,0.36512403702772045,0.32051765974183444
13,15,0.4789874274985938,0.5960980922857682,0.4789874274985938,0.6398266404149868,0.4703468656699966,0.4789874274985938,0.4789874274985938,0.43160885619428135,0.4789874274985938,0.473877477272992
13,16,0.5422412425660997,0.5224362087714783,0.5422412425660997,0.6240109536566922,0.44028312794016944,0.5422412425660997,0.5422412425660997,0.42518957362119514,0.5422412425660997,0.5523955703051344
13,17,0.37981839255565036,0.4969079308404676,0.37981839255565036,0.585917968357231,0.47537235621013024,0.37981839255565036,0.37981839255565036,0.37889138127579225,0.37981839255565036,0.3344557292812376
13,18,0.5084777987282814,0.3817101712215715,0.5084777987282814,0.5596622339209134,0.3807189914204163,0.5084777987282814,0.5084777987282814,0.3043448436352021,0.5084777987282814,0.4995797943813357
13,19,0.503764911126799,0.5299922468860574,0.503764911126799,0.6350653385826265,0.5021097102295642,0.503764911126799,0.503764911126799,0.43906362470022803,0.503764911126799,0.48546789379337246
13,20,0.5171999442820473,0.45805406453812847,0.5171999442820473,0.5919882054538126,0.46387389081266783,0.5171999442820473,0.5171999442820473,0.397420058794701,0.5171999442820473,0.474870056056172
13,21,0.48482090014229634,0.42221734090844293,0.48482090014229634,0.5631395856854182,0.36141808025312766,0.48482090014229634,0.4848209001422964,0.30301195226629796,0.48482090014229634,0.47262805404738906
13,22,0.4356998006661436,0.5476611814210823,0.4356998006661436,0.6519094107525617,0.5116595505326759,0.4356998006661436,0.4356998006661436,0.39036730640663453,0.4356998006661436,0.4134052351428221
13,23,0.5146578823851261,0.5342220981502022,0.5146578823851261,0.6260596418321172,0.5254536645589516,0.5146578823851261,0.514657882385126,0.45910787925890273,0.5146578823851261,0.4843673652919255
13,24,0.43061223863973114,0.5097183608275752,0.43061223863973114,0.6134379636660685,0.5181744729563673,0.43061223863973114,0.4306122386397311,0.412522763412313,0.43061223863973114,0.39368383860070866
13,25,0.4314348125508127,0.4770491587355675,0.4314348125508127,0.6108015506234223,0.5606495249204644,0.4314348125508127,0.4314348125508126,0.4243618701622351,0.4314348125508127,0.39450541205879364
13,26,0.487301259703366,0.49406936843301263,0.487301259703366,0.5865106767507947,0.47286375971713246,0.487301259703366,0.487301259703366,0.4187392473653676,0.487301259703366,0.49784443880649043
13,27,0.4959164483466422,0.5053393200755871,0.4959164483466422,0.6240913518722713,0.47623986735535484,0.4959164483466422,0.4959164483466422,0.4051624469440832,0.4959164483466422,0.48880785173388197
13,28,0.406624805100999,0.528215867723411,0.406624805100999,0.6440342620191095,0.5569714417921942,0.406624805100999,0.40662480510099897,0.4300431083599291,0.406624805100999,0.35627335439092206
13,29,0.37682703729450867,0.5386953758832437,0.37682703729450867,0.6316232111535073,0.49994532723485874,0.37682703729450867,0.3768270372945087,0.38992936953032886,0.37682703729450867,0.34632246917242687
13,30,0.4430072529051439,0.4988174787293536,0.4430072529051439,0.5924084305420905,0.5262254676314548,0.4430072529051439,0.4430072529051439,0.4246042920093054,0.4430072529051439,0.41025431246502614
13,31,0.5259760793796834,0.5448465515572183,0.5259760793796834,0.6583288113821149,0.5763350681436071,0.5259760793796834,0.5259760793796834,0.4953243774293926,0.5259760793796834,0.5368667720044569
13,32,0.4801587497025232,0.4679069649734312,0.4801587497025232,0.6098456730483783,0.36437170525621293,0.4801587497025232,0.48015874970252326,0.2996247138724539,0.4801587497025232,0.4605028118080713
13,33,0.4141183865248046,0.5516941803000304,0.4141183865248046,0.6175519484542685,0.4839833829390313,0.4141183865248046,0.41411838652480454,0.42127336105297375,0.4141183865248046,0.40494468331269745
13,34,0.39961471351670513,0.5752011334945892,0.39961471351670513,0.618979767934479,0.48304804505088794,0.39961471351670513,0.39961471351670513,0.4058681271209549,0.39961471351670513,0.3596439223277575
13,35,0.5457555808787063,0.44896590831498845,0.5457555808787063,0.605995763774319,0.45329754290383467,0.5457555808787063,0.5457555808787063,0.3700768375679362,0.5457555808787063,0.5345794943544722
13,36,0.42067881304405963,0.5785008459316425,0.42067881304405963,0.6341543145096068,0.41671812078462395,0.42067881304405963,0.42067881304405963,0.36591416538428423,0.42067881304405963,0.40324991849602926
13,37,0.5315241787200724,0.5887373629265293,0.5315241787200724,0.6632748920012206,0.5103599577189325,0.5315241787200724,0.5315241787200724,0.42620082996125197,0.5315241787200724,0.5328582522617169
13,38,0.502545918292912,0.5017211636102045,0.502545918292912,0.6231345311498995,0.4506565438946397,0.502545918292912,0.502545918292912,0.3892743126106425,0.502545918292912,0.5154048699946837
13,39,0.4432561995282559,0.532492370229044,0.4432561995282559,0.6548593499169664,0.47136342050323704,0.4432561995282559,0.4432561995282559,0.3787936480495233,0.4432561995282559,0.4342211475192419
13,40,0.52772502465538,0.5226545471150095,0.52772502465538,0.6290881954531432,0.5044488466777233,0.52772502465538,0.52772502465538,0.45418082667620785,0.52772502465538,0.5400456500444287
13,41,0.4810524113951205,0.5918209690081428,0.4810524113951205,0.6616320687053122,0.4758373315112919,0.4810524113951205,0.4810524113951205,0.4325790187382813,0.4810524113951205,0.4768596904860771
13,42,0.371862043612958,0.4974711280148511,0.371862043612958,0.6420760116937543,0.5307104617549228,0.371862043612958,0.37186204361295794,0.3819371418860719,0.371862043612958,0.33718754342075896
13,43,0.46224016835073467,0.5006797512627423,0.46224016835073467,0.6287050431400029,0.5205042996105097,0.46224016835073467,0.4622401683507347,0.4315942254949656,0.46224016835073467,0.4672538483137498
13,44,0.5201702055217458,0.519367371234837,0.5201702055217458,0.6188057455367173,0.40278789692718353,0.5201702055217458,0.5201702055217458,0.3726209699998311,0.5201702055217458,0.5224812773146592
13,45,0.4576972409484578,0.42941288164411945,0.4576972409484578,0.6016356639093399,0.4552542379681706,0.4576972409484578,0.4576972409484578,0.36235151734706583,0.4576972409484578,0.45006017805574544
13,46,0.5475771007391921,0.5946169930533128,0.5475771007391921,0.669377288367487,0.5180492476014268,0.5475771007391921,0.5475771007391922,0.48190154501746624,0.5475771007391921,0.5432023850534368
13,47,0.4217747729070619,0.5308207225373258,0.4217747729070619,0.6289816980159192,0.5507103576279034,0.4217747729070619,0.4217747729070619,0.46458579702854974,0.4217747729070619,0.4205912138803702
13,48,0.40032159554806496,0.5199083556269448,0.40032159554806496,0.6320997983478686,0.5355341427627338,0.40032159554806496,0.40032159554806496,0.42460697125900093,0.40032159554806496,0.3719248787612722
13,49,0.4582378797887959,0.5836608394156745,0.4582378797887959,0.6784780551543059,0.542144371622527,0.4582378797887959,0.4582378797887959,0.49785843388241635,0.4582378797887959,0.48736073414509773
13,50,0.45424283939281557,0.4813987188879174,0.45424283939281557,0.5780052108808602,0.39773068545367907,0.45424283939281557,0.4542428393928155,0.3614996531230356,0.45424283939281557,0.4722328449898278
13,51,0.48166460264299726,0.49440912470163756,0.48166460264299726,0.6286775733712152,0.5211568517229603,0.48166460264299726,0.48166460264299726,0.4210931169577167,0.48166460264299726,0.47549426856959587
13,52,0.36014910034927794,0.5600195095644649,0.36014910034927794,0.6349130295705778,0.47090586354757447,0.36014910034927794,0.36014910034927794,0.3896285349625282,0.36014910034927794,0.3306922906283406
13,53,0.44214063244708396,0.4997751330829273,0.44214063244708396,0.6109180447792311,0.508482599833078,0.44214063244708396,0.44214063244708396,0.4083940874681223,0.44214063244708396,0.3919825322427133
13,54,0.34948890672846317,0.46919316330390587,0.34948890672846317,0.6331858719179426,0.5067614004552357,0.34948890672846317,0.34948890672846317,0.3499361048277142,0.34948890672846317,0.3005714490170521
13,55,0.396747134628085,0.6376631907077748,0.396747134628085,0.6642876272017919,0.498570800810609,0.396747134628085,0.396747134628085,0.45515294172487825,0.396747134628085,0.36963156720991686
13,56,0.4137738198661636,0.5102414858485479,0.4137738198661636,0.5927812371929717,0.5040037686754186,0.4137738198661636,0.4137738198661635,0.38692193449979584,0.4137738198661636,0.37934577189579666
13,57,0.5082308035344659,0.576879661646652,0.5082308035344659,0.6617634280425038,0.5164989014761595,0.5082308035344659,0.5082308035344659,0.4468689724178212,0.5082308035344659,0.4900267141379664
13,58,0.49752108077960155,0.5944769677709314,0.49752108077960155,0.6635622768266204,0.4941270303301739,0.49752108077960155,0.49752108077960155,0.44363695641461537,0.49752108077960155,0.4996263219762421
13,59,0.407716676254999,0.5196158639959625,0.407716676254999,0.6387870733142897,0.5251681132758315,0.407716676254999,0.407716676254999,0.41709213887830726,0.407716676254999,0.3633489036836737
13,60,0.44413201958157084,0.5700624967336261,0.44413201958157084,0.6635697020897704,0.5570037762953085,0.44413201958157084,0.44413201958157084,0.5120292074280796,0.44413201958157084,0.46072570239919447
13,61,0.4855777759337287,0.5172586146300853,0.4855777759337287,0.6284547259559378,0.45870195512888673,0.4855777759337287,0.4855777759337287,0.4299920923175121,0.4855777759337287,0.5052905587780819
13,62,0.40200818801147775,0.5655391617803337,0.40200818801147775,0.65283301885034,0.535695789806231,0.40200818801147775,0.4020081880114777,0.43987483519613657,0.40200818801147775,0.3795245137055245
13,63,0.487983051929485,0.5671595030372858,0.487983051929485,0.653197698782646,0.5175095105179559,0.487983051929485,0.48798305192948505,0.43797090509633707,0.487983051929485,0.47343430371335776
13,64,0.48137114484688387,0.5340734620213929,0.48137114484688387,0.6298349242817471,0.4803636489888705,0.48137114484688387,0.48137114484688387,0.44794428141109943,0.48137114484688387,0.49410231879482636
13,65,0.45488829786393764,0.5481467623233288,0.45488829786393764,0.6348015080152658,0.4775227053001702,0.45488829786393764,0.4548882978639376,0.4114997849419568,0.45488829786393764,0.46921954728644466
13,66,0.436893424919176,0.43823308754427925,0.436893424919176,0.5848468172976707,0.4159339470250909,0.436893424919176,0.436893424919176,0.3189723464482659,0.436893424919176,0.42574980521995665
13,67,0.49556472644724736,0.39374548738860393,0.49556472644724736,0.5653257941341268,0.5107861769886755,0.49556472644724736,0.49556472644724736,0.390334023883399,0.49556472644724736,0.4639235548326108
13,68,0.48100037328054684,0.48147694270416497,0.48100037328054684,0.6168116355618383,0.4448094112894742,0.48100037328054684,0.4810003732805468,0.38986475414535415,0.48100037328054684,0.47792012579907867
13,69,0.3510233806319527,0.5184509494621685,0.3510233806319527,0.6310337376423362,0.4588251533096502,0.3510233806319527,0.3510233806319527,0.3473667071699763,0.3510233806319527,0.30072913748700186
13,70,0.3561307357269441,0.556947604343029,0.3561307357269441,0.6282986166735818,0.4543694331077386,0.3561307357269441,0.3561307357269441,0.36841449565179446,0.3561307357269441,0.2914462255844874
13,71,0.5148336039470166,0.48306012340951815,0.5148336039470166,0.629840687622979,0.5393797624579229,0.5148336039470166,0.5148336039470167,0.46219481849330263,0.5148336039470166,0.5031091910228628
13,72,0.432655106337564,0.44512803332735906,0.432655106337564,0.5944813802140563,0.506564150490785,0.432655106337564,0.432655106337564,0.4013558364506496,0.432655106337564,0.40212287889270737
13,73,0.43960275218436956,0.5330745991617357,0.43960275218436956,0.6563302388827847,0.5572070469142605,0.43960275218436956,0.43960275218436956,0.4330246613196601,0.43960275218436956,0.411712483438756
13,74,0.4635516217631944,0.5703046250318573,0.4635516217631944,0.6321594221120013,0.5196250407995356,0.4635516217631944,0.46355162176319437,0.4613117152380901,0.4635516217631944,0.4671200399001939
13,75,0.5124221019625524,0.4400997212962277,0.5124221019625524,0.6126203699268606,0.4990671053806289,0.5124221019625524,0.5124221019625524,0.3670089403016209,0.5124221019625524,0.48860449835756203
13,76,0.5130727642451318,0.5312138603953418,0.5130727642451318,0.6517749120243729,0.5795398611935382,0.5130727642451318,0.5130727642451318,0.49710001413312055,0.5130727642451318,0.535034373970219
13,77,0.5064642024698962,0.5320346805928077,0.5064642024698962,0.661897158511352,0.4448657099090445,0.5064642024698962,0.5064642024698962,0.4020385236974804,0.5064642024698962,0.4880135016038252
13,78,0.4648625176244266,0.5367034272738442,0.4648625176244266,0.6093819482782026,0.4256221879529548,0.4648625176244266,0.4648625176244266,0.3865594528903272,0.4648625176244266,0.46031331284607413
13,79,0.3804229639367503,0.4549777830467683,0.3804229639367503,0.6058358347156463,0.5570317981689841,0.3804229639367503,0.3804229639367503,0.39415836428420997,0.3804229639367503,0.3260236713562611
13,80,0.5320679770173667,0.483617708416383,0.5320679770173667,0.6124527062056405,0.3859877803489883,0.5320679770173667,0.5320679770173666,0.3488713695059112,0.5320679770173667,0.5233490017945674
13,81,0.4341426530127327,0.557030289452142,0.4341426530127327,0.6289375618675821,0.48184229425792413,0.4341426530127327,0.4341426530127327,0.42271272552700684,0.4341426530127327,0.4238714471336992
13,82,0.5120830178909825,0.5310509212873245,0.5120830178909825,0.6017631160062803,0.44684541239569353,0.5120830178909825,0.5120830178909825,0.393310162171546,0.5120830178909825,0.4912857217553858
13,83,0.47875297720739873,0.48703556558011923,0.47875297720739873,0.6119295271719061,0.3813761349475331,0.47875297720739873,0.4787529772073988,0.29053414506450503,0.47875297720739873,0.4276534936697556
13,84,0.45689483180677354,0.5183508777802626,0.45689483180677354,0.6152814530197587,0.4733654076139937,0.45689483180677354,0.4568948318067736,0.41650309152403137,0.45689483180677354,0.4651762361740013
13,85,0.47167514314895453,0.5425954999658084,0.47167514314895453,0.6585919965163496,0.4574752734091757,0.47167514314895453,0.47167514314895453,0.3983741434285424,0.47167514314895453,0.45419204837333615
13,86,0.478074809064259,0.49224379606172824,0.478074809064259,0.5946945706414636,0.34410787431926876,0.478074809064259,0.478074809064259,0.3276123335050035,0.478074809064259,0.4839478055104049
13,87,0.47996509357614564,0.617202719327953,0.47996509357614564,0.6702819228885524,0.4920429142157609,0.47996509357614564,0.47996509357614564,0.45364249674884916,0.47996509357614564,0.5071712427948563
13,88,0.4015856571061809,0.5326155679952514,0.4015856571061809,0.5926073635149015,0.41148313381292584,0.4015856571061809,0.4015856571061809,0.3218746009772099,0.4015856571061809,0.38320486069775267
13,89,0.5094895683559199,0.5224115074385045,0.5094895683559199,0.6331666654282211,0.5027584024961718,0.5094895683559199,0.50948956835592,0.4602136497440927,0.5094895683559199,0.5286458670446521
13,90,0.47442396362610134,0.4849266921009999,0.47442396362610134,0.6180710979201258,0.41848094184926693,0.47442396362610134,0.47442396362610134,0.3767577786783669,0.47442396362610134,0.47458460060736424
13,91,0.4425221833371541,0.5578247312712494,0.4425221833371541,0.6318088220828844,0.5541243299962346,0.4425221833371541,0.4425221833371541,0.45887682859632706,0.4425221833371541,0.40164167742638146
13,92,0.43949430847060633,0.5596958230828485,0.43949430847060633,0.661564867707088,0.5847315519132916,0.43949430847060633,0.43949430847060633,0.4773832838987598,0.43949430847060633,0.42166990176152885
13,93,0.395441256727901,0.4986816891232973,0.395441256727901,0.6356771305904786,0.5543379424749435,0.395441256727901,0.395441256727901,0.41298992061804385,0.395441256727901,0.33494927280503284
13,94,0.35955056910647676,0.4332469507067355,0.35955056910647676,0.5293914580202594,0.4504343734242724,0.35955056910647676,0.35955056910647676,0.3440480922278568,0.35955056910647676,0.2823701814023309
13,95,0.46896219180078175,0.4947207871591881,0.46896219180078175,0.6044141532240018,0.5449347474954545,0.46896219180078175,0.46896219180078175,0.454140131420751,0.46896219180078175,0.4414479244003928
13,96,0.49071691144869184,0.4768237941440821,0.49071691144869184,0.6106745115570109,0.41329154847437594,0.49071691144869184,0.4907169114486919,0.3466983457537967,0.49071691144869184,0.48529496577811126
13,97,0.42366645129701747,0.5223034095201657,0.42366645129701747,0.6033664985232197,0.47214947057252793,0.42366645129701747,0.4236664512970175,0.37206724623974585,0.42366645129701747,0.3791858035180996
13,98,0.4626221838668278,0.5748693566363445,0.4626221838668278,0.6570952906523206,0.5233994398029144,0.4626221838668278,0.46262218386682774,0.48435464498513325,0.4626221838668278,0.47478679959028186
13,99,0.508761778153526,0.48240985442367934,0.508761778153526,0.6193158357988746,0.43575402685169135,0.508761778153526,0.508761778153526,0.3984462425978569,0.508761778153526,0.5216869950379286
14,0,0.4803878103318517,0.5197756862274993,0.4803878103318517,0.6093682425084166,0.38317710193893584,0.4803878103318517,0.4803878103318517,0.37179333531601566,0.4803878103318517,0.4992766281452007
14,1,0.4396654766974717,0.49482705343367334,0.4396654766974717,0.6058990576225166,0.465582703972726,0.4396654766974717,0.4396654766974717,0.39143776779455774,0.4396654766974717,0.44918926734847475
14,2,0.4023741274671758,0.5356544069740099,0.4023741274671758,0.61910038296304,0.5276611190669818,0.4023741274671758,0.4023741274671758,0.42105399882685474,0.4023741274671758,0.37036582203293766
14,3,0.49982181592018765,0.5368591010050416,0.49982181592018765,0.6163792138792934,0.5332939341528286,0.49982181592018765,0.49982181592018765,0.473533751714654,0.49982181592018765,0.49608312295347956
14,4,0.40573021415635574,0.5759544631180167,0.40573021415635574,0.668797059250146,0.46433456662885536,0.40573021415635574,0.40573021415635574,0.38402159726723495,0.40573021415635574,0.43431725187748593
14,5,0.40489481656704,0.5107237849696299,0.40489481656704,0.597633013615019,0.5391911525601427,0.40489481656704,0.40489481656703996,0.43157217815138116,0.40489481656704,0.364420534746295
14,6,0.38929694927482567,0.48550081433459336,0.38929694927482567,0.5964823064025521,0.5077932128231768,0.38929694927482567,0.3892969492748256,0.398210461459245,0.38929694927482567,0.3770053033037552
14,7,0.4383195480341069,0.5309700654552966,0.4383195480341069,0.6396409190667346,0.575080153623768,0.4383195480341069,0.4383195480341069,0.4802363480036794,0.4383195480341069,0.4200610763870674
14,8,0.4994537391847839,0.5571997748718888,0.4994537391847839,0.6354053531292863,0.5014036442058167,0.4994537391847839,0.49945373918478386,0.4339883383855525,0.4994537391847839,0.5041896714924382
14,9,0.4710859973518175,0.49291956517905616,0.4710859973518175,0.6028831015858516,0.35842762435734565,0.4710859973518175,0.47108599735181755,0.3065158212545366,0.4710859973518175,0.4668416201944532
14,10,0.4894958742603038,0.5787812190800596,0.4894958742603038,0.6254566269398416,0.4192790839129141,0.4894958742603038,0.4894958742603037,0.40913538331881194,0.4894958742603038,0.5034541976868753
14,11,0.4801949905323155,0.4917407170219463,0.4801949905323155,0.6327389956754307,0.6003430330185638,0.4801949905323155,0.4801949905323155,0.4747495999930588,0.4801949905323155,0.4723172029910767
14,12,0.45706776561252627,0.5568710356814711,0.45706776561252627,0.6313644271398466,0.5648608811945044,0.45706776561252627,0.45706776561252627,0.5102540130764943,0.45706776561252627,0.45576648394907626
14,13,0.46672250851961505,0.5376282985976748,0.46672250851961505,0.6356059338536912,0.5278654398153801,0.46672250851961505,0.46672250851961505,0.43466112821913283,0.46672250851961505,0.45390162206957985
14,14,0.3941476449547236,0.5389582684501382,0.3941476449547236,0.6417953575506238,0.43150090193778,0.3941476449547236,0.39414764495472354,0.3424061477228182,0.3941476449547236,0.3479573302681893
14,15,0.48983802486362527,0.5788415515090696,0.48983802486362527,0.6334263549798058,0.4674441309563039,0.48983802486362527,0.48983802486362527,0.41531002447370446,0.48983802486362527,0.47276765741893273
14,16,0.5347199694313247,0.531112087617181,0.5347199694313247,0.6307691233982977,0.451031021460898,0.5347199694313247,0.5347199694313247,0.4389184478094955,0.5347199694313247,0.5558437227371794
14,17,0.38742506395344894,0.4832854584908681,0.38742506395344894,0.5798562974216647,0.4812661578122341,0.38742506395344894,0.387425063953449,0.3759419801661259,0.38742506395344894,0.3390704592773437
14,18,0.4954087050287311,0.3792661180772382,0.4954087050287311,0.5588047163414149,0.38076608112840693,0.4954087050287311,0.49540870502873113,0.298191342808391,0.4954087050287311,0.4862117543549519
14,19,0.4977567390984564,0.5210286893298901,0.4977567390984564,0.6366449393574656,0.5040663417272002,0.4977567390984564,0.4977567390984564,0.4346628112989327,0.4977567390984564,0.4791693405767814
14,20,0.46347449384337996,0.43201794009425243,0.46347449384337996,0.5669657572704508,0.4246848257065049,0.46347449384337996,0.46347449384337996,0.3508039328988451,0.46347449384337996,0.4322303061088534
14,21,0.47917876049485647,0.42213965728196595,0.47917876049485647,0.5659869488544267,0.3539615751479356,0.47917876049485647,0.47917876049485647,0.30500931411293813,0.47917876049485647,0.4737000953038367
14,22,0.4472060782748027,0.5534911854517818,0.4472060782748027,0.6568071431097974,0.5120369797385859,0.4472060782748027,0.4472060782748027,0.39606952283070296,0.4472060782748027,0.43034644669429406
14,23,0.47672804407405284,0.5003475701297809,0.47672804407405284,0.6123781423187765,0.5034371315801434,0.47672804407405284,0.4767280440740528,0.4253694312648356,0.47672804407405284,0.44602374607756606
14,24,0.4437288171188299,0.5232745958870575,0.4437288171188299,0.622891715520799,0.5367428524229615,0.4437288171188299,0.44372881711882983,0.43029194450483454,0.4437288171188299,0.41508865601190525
14,25,0.4175630309339643,0.47159102073367987,0.4175630309339643,0.6100377740007129,0.5637723356550357,0.4175630309339643,0.41756303093396435,0.4247936993130301,0.4175630309339643,0.373033396371118
14,26,0.47522135480673744,0.48267649722187767,0.47522135480673744,0.578181546579538,0.4616457064344217,0.47522135480673744,0.4752213548067374,0.4025749953764226,0.47522135480673744,0.48385568410152835
14,27,0.4659444457815349,0.47848149792468303,0.4659444457815349,0.6085060429399354,0.43810929043754343,0.4659444457815349,0.46594444578153493,0.3750419793603152,0.4659444457815349,0.45459604522521463
14,28,0.3936542121183202,0.5390628045833528,0.3936542121183202,0.6619694778104163,0.542016388322712,0.3936542121183202,0.3936542121183202,0.41823937569726993,0.3936542121183202,0.34249498707915205
14,29,0.3872155176170855,0.5198579299736298,0.3872155176170855,0.6290095160444791,0.5208529823413964,0.3872155176170855,0.3872155176170855,0.39697525839540015,0.3872155176170855,0.34976109889784773
14,30,0.4578570723003625,0.5178982773855813,0.4578570723003625,0.6141155731609467,0.531206190435299,0.4578570723003625,0.45785707230036254,0.43960447296733185,0.4578570723003625,0.43944800643992465
14,31,0.48757789803744755,0.503631962549266,0.48757789803744755,0.6401174711858121,0.5402250582026915,0.48757789803744755,0.48757789803744755,0.4425549770772532,0.48757789803744755,0.49666358617642675
14,32,0.47070899979677255,0.4597673081793097,0.47070899979677255,0.6119458607460252,0.369267605953849,0.47070899979677255,0.47070899979677255,0.29973604358020467,0.47070899979677255,0.44860144704377924
14,33,0.39673997938733113,0.569355729457625,0.39673997938733113,0.6210947884754447,0.4701825970341686,0.39673997938733113,0.3967399793873311,0.4243932767668999,0.39673997938733113,0.3959203430971175
14,34,0.40327094861672935,0.5794844763074831,0.40327094861672935,0.6216076411490253,0.49033260130189765,0.40327094861672935,0.4032709486167293,0.4106898303604395,0.40327094861672935,0.3662528050150034
14,35,0.5647589710689456,0.4640610623596394,0.5647589710689456,0.6171911214882735,0.4590733999919462,0.5647589710689456,0.5647589710689456,0.38690633207726105,0.5647589710689456,0.5551038955106307
14,36,0.5246695510030672,0.6363188630967185,0.5246695510030672,0.673044349545154,0.5242544992069262,0.5246695510030672,0.5246695510030672,0.48047321755377737,0.5246695510030672,0.5092382669310571
14,37,0.5184212602460492,0.5815777491928593,0.5184212602460492,0.6564057838522006,0.4990534060271232,0.5184212602460492,0.5184212602460492,0.4121706164563169,0.5184212602460492,0.5187459002079424
14,38,0.5025685920428333,0.4987471609778512,0.5025685920428333,0.6216745360005742,0.45055898692626817,0.5025685920428333,0.5025685920428333,0.38963876732841257,0.5025685920428333,0.5166279423294947
14,39,0.5127156526838704,0.581243443485199,0.5127156526838704,0.696429904059753,0.5531471668283398,0.5127156526838704,0.5127156526838704,0.4665147839790189,0.5127156526838704,0.4983678620412375
14,40,0.5038103515518463,0.5034569296435372,0.5038103515518463,0.6094576191450749,0.4449562813037421,0.5038103515518463,0.5038103515518463,0.3998100132211021,0.5038103515518463,0.5145242805651187
14,41,0.4642707699215609,0.5688078406057511,0.4642707699215609,0.6495433966092474,0.46678495042251844,0.4642707699215609,0.4642707699215609,0.42092928428558096,0.4642707699215609,0.4623565685820956
14,42,0.36990327322528427,0.49226418156571417,0.36990327322528427,0.6337033199369869,0.5308261658311917,0.36990327322528427,0.36990327322528427,0.3800080163675727,0.36990327322528427,0.32943974740979853
14,43,0.45859889420865035,0.5065574142909584,0.45859889420865035,0.6392956633409894,0.5304592171952833,0.45859889420865035,0.45859889420865035,0.43492458443596294,0.45859889420865035,0.46645068131103945
14,44,0.5164360991002703,0.5548781298709171,0.5164360991002703,0.6356291185953383,0.40652413646546237,0.5164360991002703,0.5164360991002703,0.37371179788238296,0.5164360991002703,0.5206861423708031
14,45,0.442236717108636,0.41254032645194516,0.442236717108636,0.6006465542982934,0.4349853358820357,0.442236717108636,0.442236717108636,0.3334236167937683,0.442236717108636,0.43309351616919745
14,46,0.5283067364361492,0.5890137000324887,0.5283067364361492,0.6710665142083052,0.5082898600652235,0.5283067364361492,0.5283067364361492,0.4672355826779812,0.5283067364361492,0.5262763824804221
14,47,0.39433145100941397,0.5112886954413284,0.39433145100941397,0.6177641191077048,0.5223216963626278,0.39433145100941397,0.39433145100941397,0.4157697653623197,0.39433145100941397,0.38174217598770477
14,48,0.4101530821942949,0.513269302831429,0.4101530821942949,0.6282829746148156,0.5435909896816367,0.4101530821942949,0.4101530821942949,0.42944511129303364,0.4101530821942949,0.3784239264671837
14,49,0.42489622345463757,0.5592901281265547,0.42489622345463757,0.6557606789699177,0.5035997957543035,0.42489622345463757,0.42489622345463757,0.45170700952148435,0.42489622345463757,0.4530232524867388
14,50,0.49852420836321265,0.5679955591085527,0.49852420836321265,0.6476342888817348,0.4873394327760498,0.49852420836321265,0.49852420836321265,0.45060961330000737,0.49852420836321265,0.5222873336342962
14,51,0.48516621020257417,0.4877524963603673,0.48516621020257417,0.6280720135925828,0.5193649323414053,0.48516621020257417,0.48516621020257417,0.41887135705216616,0.48516621020257417,0.4742801011256076
14,52,0.36808119581357085,0.5720187610997091,0.36808119581357085,0.6556731341537008,0.4998354344441856,0.36808119581357085,0.3680811958135708,0.4320491943206366,0.36808119581357085,0.3515120390266969
14,53,0.43170132203759326,0.48133381631876393,0.43170132203759326,0.6039216372810144,0.5084749033723255,0.43170132203759326,0.43170132203759326,0.395445300713437,0.43170132203759326,0.3844366001034386
14,54,0.34293489204832517,0.45621970398275763,0.34293489204832517,0.6206793780938547,0.500605590061631,0.34293489204832517,0.3429348920483252,0.34510807454884707,0.34293489204832517,0.2977310103651276
14,55,0.4056185180604317,0.6292294123706039,0.4056185180604317,0.6760957720990252,0.4858957472945723,0.4056185180604317,0.4056185180604317,0.44985097735217794,0.4056185180604317,0.38314800212147804
14,56,0.4289345669959595,0.5386478713862763,0.4289345669959595,0.6924933095098509,0.5304799961644983,0.4289345669959595,0.42893456699595955,0.4111040306701681,0.4289345669959595,0.39196709696701704
14,57,0.5022501373666837,0.5522571008161519,0.5022501373666837,0.6485901891383492,0.5119010267073992,0.5022501373666837,0.5022501373666837,0.43515215171810784,0.5022501373666837,0.4823637833005546
14,58,0.4786332895438794,0.5773569567545767,0.4786332895438794,0.6553790612786041,0.485698566180928,0.4786332895438794,0.4786332895438794,0.42227203581935935,0.4786332895438794,0.47765764919458775
14,59,0.39886452834000363,0.4831798987723035,0.39886452834000363,0.5796572422659837,0.5412502405342559,0.39886452834000363,0.39886452834000363,0.40480928867894805,0.39886452834000363,0.3425853299856606
14,60,0.47347287415706385,0.5736815554836339,0.47347287415706385,0.6739009431084051,0.5810405014625302,0.47347287415706385,0.4734728741570638,0.5310355856753564,0.47347287415706385,0.49546602070546
14,61,0.4812487623524313,0.5094889418402122,0.4812487623524313,0.6279410452351694,0.4518190659865894,0.4812487623524313,0.4812487623524313,0.4217566715018732,0.4812487623524313,0.5033150161274595
14,62,0.40317514273079114,0.5268338913448813,0.40317514273079114,0.6202672190007201,0.5370302749343261,0.40317514273079114,0.40317514273079114,0.4251796333332587,0.40317514273079114,0.38047456779628497
14,63,0.4858165007843352,0.5331754058751201,0.4858165007843352,0.6279079782841444,0.5154929889638304,0.4858165007843352,0.4858165007843352,0.4243789119864988,0.4858165007843352,0.4629836101880891
14,64,0.4749168389112772,0.5325818403823805,0.4749168389112772,0.6248253825527506,0.46077793493886227,0.4749168389112772,0.4749168389112771,0.4349119874445072,0.4749168389112772,0.484307324927501
14,65,0.4742516802967808,0.5853686567667576,0.4742516802967808,0.6585969326939791,0.5386810059046637,0.4742516802967808,0.47425168029678083,0.471016990023265,0.4742516802967808,0.48920702971660335
14,66,0.5200294238367832,0.4846264160852537,0.5200294238367832,0.6246856277841202,0.5493606926936715,0.5200294238367832,0.5200294238367833,0.43979184030971014,0.5200294238367832,0.5123769144662604
14,67,0.4996923711101858,0.39059759503244473,0.4996923711101858,0.5629683156834379,0.5070340961688504,0.4996923711101858,0.4996923711101858,0.3900597274732382,0.4996923711101858,0.46508134132367945
14,68,0.4707010082291773,0.478275085589989,0.4707010082291773,0.6156669579374958,0.4412819381558568,0.4707010082291773,0.4707010082291774,0.3860131040564131,0.4707010082291773,0.4758024348770248
14,69,0.35415328737314666,0.5201966976123489,0.35415328737314666,0.616684076098031,0.4902429426997662,0.35415328737314666,0.35415328737314666,0.3761985322509255,0.35415328737314666,0.3052870869481026
14,70,0.35844067046278516,0.5566893015709384,0.35844067046278516,0.6400674377067299,0.4760714443960507,0.35844067046278516,0.35844067046278516,0.38936994938514147,0.35844067046278516,0.29578654639777713
14,71,0.4975862213480232,0.4633692636005408,0.4975862213480232,0.6340431320054731,0.5207228101463734,0.4975862213480232,0.4975862213480232,0.44012986040841173,0.4975862213480232,0.48972345338595724
14,72,0.3976388448913858,0.4585211901401884,0.3976388448913858,0.5881688704220449,0.4741882844987792,0.3976388448913858,0.3976388448913858,0.37995078359076634,0.3976388448913858,0.361517465875446
14,73,0.44163939389349455,0.5733587848373252,0.44163939389349455,0.6659577283538312,0.577494434549828,0.44163939389349455,0.4416393938934945,0.4715552075925058,0.44163939389349455,0.41289343187951044
14,74,0.4462408641746667,0.4888744611463034,0.4462408641746667,0.5791513145898185,0.49601579988474,0.4462408641746667,0.4462408641746667,0.42982317272365955,0.4462408641746667,0.4447514522301347
14,75,0.4934795777813234,0.4439543845513182,0.4934795777813234,0.6131846063503943,0.48462269407123393,0.4934795777813234,0.4934795777813234,0.35355054454762835,0.4934795777813234,0.47223176858946275
14,76,0.4996071586975715,0.5241319165344482,0.4996071586975715,0.6395950778621695,0.5491882035122786,0.4996071586975715,0.4996071586975715,0.4805047524585365,0.4996071586975715,0.5267036449301418
14,77,0.5023236412035189,0.5407674343224732,0.5023236412035189,0.6487111342076832,0.440297673903328,0.5023236412035189,0.5023236412035189,0.40573175966879815,0.5023236412035189,0.4855459031682059
14,78,0.4206667327674622,0.5056682535905215,0.4206667327674622,0.5923402009955967,0.41575291669368575,0.4206667327674622,0.4206667327674622,0.371409637004105,0.4206667327674622,0.4048932108784692
14,79,0.39223700982303045,0.4689324368935185,0.39223700982303045,0.6135910412280132,0.5671692580609881,0.39223700982303045,0.39223700982303045,0.41362769811604627,0.39223700982303045,0.3399515565014718
14,80,0.5388951917990161,0.5003607957165868,0.5388951917990161,0.6294722695671875,0.3903897721466356,0.5388951917990161,0.5388951917990161,0.3517920199186463,0.5388951917990161,0.5310501139629502
14,81,0.4330264354551286,0.5719054600546535,0.4330264354551286,0.6361712496445839,0.4808694009833995,0.4330264354551286,0.4330264354551286,0.43126761217624826,0.4330264354551286,0.4229060821022003
14,82,0.4995429473811958,0.5157228586036313,0.4995429473811958,0.607888245770876,0.41737708699077913,0.4995429473811958,0.4995429473811958,0.36818755850656526,0.4995429473811958,0.4933678326883557
14,83,0.48139865070744425,0.47835078401868036,0.48139865070744425,0.6125030430296675,0.38803968110752357,0.48139865070744425,0.48139865070744425,0.3040076759097613,0.48139865070744425,0.4347118604480731
14,84,0.43466145442999077,0.5105172343927147,0.43466145442999077,0.6088279033796542,0.4496298580349703,0.43466145442999077,0.43466145442999077,0.3852717663300903,0.43466145442999077,0.4351089527702888
14,85,0.4601894020105111,0.5336925527276959,0.4601894020105111,0.6614495727962211,0.4769504983427606,0.4601894020105111,0.4601894020105111,0.40812438712739774,0.4601894020105111,0.4498095187895409
14,86,0.45474398502120045,0.4831197087166974,0.45474398502120045,0.5900630449181665,0.3336477597824874,0.45474398502120045,0.45474398502120045,0.3124386474028481,0.45474398502120045,0.46327777598513786
14,87,0.4377730549058793,0.5624752989837378,0.4377730549058793,0.6479213667661066,0.4640258464064985,0.4377730549058793,0.43777305490587937,0.3957239971036818,0.4377730549058793,0.4537982368437944
14,88,0.42578616813905107,0.5408906720863426,0.42578616813905107,0.6107346630954132,0.43157124223832743,0.42578616813905107,0.425786168139051,0.3483849284653893,0.42578616813905107,0.4145595902902748
14,89,0.505061589431728,0.5189660514786976,0.505061589431728,0.6264118729531079,0.48836579554695847,0.505061589431728,0.505061589431728,0.44977342506003215,0.505061589431728,0.5264480019462467
14,90,0.4729675468944722,0.46043474816982355,0.4729675468944722,0.6029507316672793,0.4251429176774751,0.4729675468944722,0.4729675468944722,0.37726512777081866,0.4729675468944722,0.46947404841593765
14,91,0.4499196800994077,0.5436793525591144,0.4499196800994077,0.630609307652907,0.5669880766910746,0.4499196800994077,0.44991968009940764,0.47002594982516566,0.4499196800994077,0.40793566139171034
14,92,0.44664806242120525,0.5642985424629385,0.44664806242120525,0.6624349101652253,0.5864368065530341,0.44664806242120525,0.4466480624212052,0.4966641591697116,0.44664806242120525,0.4364613859936919
14,93,0.4120732886220614,0.5030752685490113,0.4120732886220614,0.6466743875677904,0.5716813278983448,0.4120732886220614,0.4120732886220614,0.43171782115791707,0.4120732886220614,0.36738589122129783
14,94,0.3757320066835524,0.4643308217125097,0.3757320066835524,0.5381729093387915,0.4814877214628086,0.3757320066835524,0.3757320066835524,0.3801077016270678,0.3757320066835524,0.2918578602922721
14,95,0.44847041860853243,0.48423121335007746,0.44847041860853243,0.5969916927301459,0.528051309560221,0.44847041860853243,0.44847041860853243,0.4289412055737344,0.44847041860853243,0.4112517506236911
14,96,0.50297049355271,0.4717934254118771,0.50297049355271,0.6216344644793519,0.4247075926464524,0.50297049355271,0.50297049355271,0.3556206762859825,0.50297049355271,0.4958251308113382
14,97,0.5443248115035456,0.5850333345610024,0.5443248115035456,0.6699425021537854,0.5667410938333606,0.5443248115035456,0.5443248115035456,0.5071667156053892,0.5443248115035456,0.5428560446341866
14,98,0.46508284328452315,0.5568484498613451,0.46508284328452315,0.651798149329409,0.5259524235212663,0.46508284328452315,0.46508284328452304,0.4837282393068868,0.46508284328452315,0.47948767145441723
14,99,0.5168472002054019,0.49906344438349737,0.5168472002054019,0.6290096302883614,0.4472829172708911,0.5168472002054019,0.5168472002054019,0.4168723568600835,0.5168472002054019,0.5312269102322033
15,0,0.47697234443693504,0.5194294938753912,0.47697234443693504,0.6056518217600171,0.3847903863160287,0.47697234443693504,0.4769723444369351,0.36995325077510205,0.47697234443693504,0.4946552260772541
15,1,0.49566675832189344,0.5146642296890399,0.49566675832189344,0.6276121676481156,0.5562070576282953,0.49566675832189344,0.49566675832189344,0.46342411611385464,0.49566675832189344,0.49853411612168785
15,2,0.37400945216596104,0.4994760686796705,0.37400945216596104,0.5886793433663896,0.49536584190667,0.37400945216596104,0.37400945216596104,0.3843844280539838,0.37400945216596104,0.33526680381245544
15,3,0.48996821307526395,0.5374587114722165,0.48996821307526395,0.6084549778417923,0.5179311953306254,0.48996821307526395,0.48996821307526395,0.4625757977815943,0.48996821307526395,0.4885030473392336
15,4,0.4226124007012879,0.590899354127967,0.4226124007012879,0.6726091072889318,0.4813398422874606,0.4226124007012879,0.4226124007012879,0.41978876125299225,0.4226124007012879,0.4509987612551299
15,5,0.4092356316493211,0.5240918717911383,0.4092356316493211,0.5975054601644834,0.5507612545462203,0.4092356316493211,0.4092356316493211,0.45568139193247664,0.4092356316493211,0.37087300596954353
15,6,0.32099794607420284,0.43713398019153943,0.32099794607420284,0.5613066320413969,0.41414641365309723,0.32099794607420284,0.3209979460742028,0.3146127800003929,0.32099794607420284,0.30454363165221565
15,7,0.4389821047428746,0.5395105731611637,0.4389821047428746,0.6329604868238184,0.5628859243332156,0.4389821047428746,0.4389821047428746,0.4762157547198408,0.4389821047428746,0.4239620754119007
15,8,0.43727906451824833,0.5085845107643441,0.43727906451824833,0.5978465977979279,0.4251475268502196,0.43727906451824833,0.4372790645182483,0.3466119676564471,0.43727906451824833,0.43712352540985366
15,9,0.4859389762039924,0.45715073726675903,0.4859389762039924,0.588149273374861,0.3597752144844554,0.4859389762039924,0.4859389762039924,0.31223142297051276,0.4859389762039924,0.48044424318928336
15,10,0.46154341516667574,0.5421683645044932,0.46154341516667574,0.5953292809265576,0.3815098966946297,0.46154341516667574,0.46154341516667574,0.3708048235790725,0.46154341516667574,0.4735156484973484
15,11,0.4477194900301942,0.47299184136543715,0.4477194900301942,0.6178028972354415,0.5623479594992384,0.4477194900301942,0.44771949003019423,0.4357308757890749,0.4477194900301942,0.4338939877201695
15,12,0.4248032982500418,0.5368043054592158,0.4248032982500418,0.6225695935494715,0.5404956623553193,0.4248032982500418,0.4248032982500418,0.480348692253189,0.4248032982500418,0.4273878709831026
15,13,0.4427246673579682,0.5224375965777862,0.4427246673579682,0.6249288035947845,0.5192383956209488,0.4427246673579682,0.44272466735796817,0.4102404131919434,0.4427246673579682,0.4279264561696422
15,14,0.3594301380413207,0.5362824514688305,0.3594301380413207,0.6285893999661782,0.4005383633009505,0.3594301380413207,0.3594301380413206,0.3171418396438641,0.3594301380413207,0.31683872739470054
15,15,0.4575006112155332,0.5682617163047634,0.4575006112155332,0.6230963604001494,0.4185335621219369,0.4575006112155332,0.4575006112155332,0.3620997074653176,0.4575006112155332,0.4394924676701475
15,16,0.5091886765434389,0.5160208415066989,0.5091886765434389,0.614133212907825,0.4321185699978941,0.5091886765434389,0.5091886765434388,0.4129191867264,0.5091886765434389,0.5273207409251628
15,17,0.3886380166490372,0.5185604857757686,0.3886380166490372,0.6024965155149,0.5199847383180052,0.3886380166490372,0.3886380166490372,0.4265737647992446,0.3886380166490372,0.33469115712578135
15,18,0.4816160956861983,0.3761945188317075,0.4816160956861983,0.5495841780021733,0.37402200719727186,0.4816160956861983,0.48161609568619823,0.29524049165336963,0.4816160956861983,0.47514005038084905
15,19,0.5083270740464271,0.5452318918769807,0.5083270740464271,0.6487724490266309,0.5017455850400405,0.5083270740464271,0.5083270740464271,0.4509652299631279,0.5083270740464271,0.49333434823928285
15,20,0.5110666949283189,0.46161989038438533,0.5110666949283189,0.5931145174936076,0.4515013667715139,0.5110666949283189,0.5110666949283189,0.3929145028286716,0.5110666949283189,0.4777364902077049
15,21,0.48938473571560726,0.4267645057858376,0.48938473571560726,0.5639228496649675,0.3512642890747142,0.48938473571560726,0.48938473571560726,0.3075531792863698,0.48938473571560726,0.48281904060726827
15,22,0.4673924992447504,0.5540898007281014,0.4673924992447504,0.6535335978459619,0.5234311550916075,0.4673924992447504,0.4673924992447504,0.4085185407303806,0.4673924992447504,0.45208606223893827
15,23,0.45745015282943774,0.4718093320991692,0.45745015282943774,0.5987917183448369,0.47763151057334213,0.45745015282943774,0.45745015282943774,0.3650230078990446,0.45745015282943774,0.4075595305348497
15,24,0.4417272082118375,0.5189483372349578,0.4417272082118375,0.6236904205239371,0.5408993411434077,0.4417272082118375,0.44172720821183753,0.433361348959772,0.4417272082118375,0.4094011826346944
15,25,0.4358946648201809,0.4847875925308823,0.4358946648201809,0.6177622067270593,0.5735829388605704,0.4358946648201809,0.4358946648201809,0.4417448156032064,0.4358946648201809,0.39497139782396434
15,26,0.45732265944873235,0.4697636376237193,0.45732265944873235,0.5729896590893735,0.4557749860746527,0.45732265944873235,0.4573226594487324,0.39415049670710467,0.45732265944873235,0.46953544876095776
15,27,0.47702921466214765,0.492559543148122,0.47702921466214765,0.6103028095934263,0.4486746478193926,0.47702921466214765,0.47702921466214765,0.3879579436200513,0.47702921466214765,0.46832503602226183
15,28,0.40119267641594547,0.5385547208018842,0.40119267641594547,0.6473813924175841,0.5494349403067064,0.40119267641594547,0.40119267641594547,0.42630644970014464,0.40119267641594547,0.34744495982620477
15,29,0.3827599399071287,0.5227630429157213,0.3827599399071287,0.6308539754359566,0.5222506298962386,0.3827599399071287,0.3827599399071287,0.3815648357198307,0.3827599399071287,0.3413306513171929
15,30,0.44976746861427985,0.4380419118118749,0.44976746861427985,0.4525926184551913,0.5304252759238317,0.44976746861427985,0.44976746861427985,0.430629665500103,0.44976746861427985,0.41258143068389663
15,31,0.47905191759058324,0.483081099074337,0.47905191759058324,0.626948953883744,0.5284765328120221,0.47905191759058324,0.4790519175905833,0.4218435128452308,0.47905191759058324,0.48138043858270557
15,32,0.4627243086666785,0.4810546028552277,0.4627243086666785,0.6215154514320713,0.3602110350833361,0.4627243086666785,0.4627243086666784,0.29211046857830486,0.4627243086666785,0.44331834702503103
15,33,0.39519983704636125,0.5917108080817511,0.39519983704636125,0.6391166386047922,0.4910520616790326,0.39519983704636125,0.3951998370463612,0.43631250486891726,0.39519983704636125,0.38758325780072456
15,34,0.3911235800215642,0.57347480378818,0.3911235800215642,0.6119746505780777,0.46832507717666916,0.3911235800215642,0.3911235800215642,0.38775232986512426,0.3911235800215642,0.34971152077637135
15,35,0.5540180254453371,0.45577622918941757,0.5540180254453371,0.6115914495697626,0.44966273535427914,0.5540180254453371,0.5540180254453372,0.378724930969909,0.5540180254453371,0.5503394244176805
15,36,0.49336184154710055,0.6316993982818888,0.49336184154710055,0.6756976461313923,0.49579935256993823,0.49336184154710055,0.4933618415471006,0.4600709090154863,0.49336184154710055,0.48174962145202094
15,37,0.510356374664389,0.5859912067078392,0.510356374664389,0.653887751071911,0.4909328818391001,0.510356374664389,0.510356374664389,0.40643243439695076,0.510356374664389,0.5116275004329672
15,38,0.4664416885513267,0.46977015525039933,0.4664416885513267,0.6030655944053367,0.42357499504246615,0.4664416885513267,0.4664416885513267,0.36297951972638715,0.4664416885513267,0.48544043090813677
15,39,0.49333833147033784,0.5627138666256422,0.49333833147033784,0.6831412164990684,0.5348956126313908,0.49333833147033784,0.49333833147033784,0.44275896164941586,0.49333833147033784,0.4826835710997079
15,40,0.5178165030145401,0.5093539191662729,0.5178165030145401,0.6161171285739148,0.47623741838138467,0.5178165030145401,0.5178165030145401,0.4232721927272319,0.5178165030145401,0.5244069269635294
15,41,0.47943579161076827,0.5619737872739732,0.47943579161076827,0.6477322610014847,0.48280653821671715,0.47943579161076827,0.4794357916107682,0.4304392979208028,0.47943579161076827,0.47245203218667253
15,42,0.37280040232896583,0.488580707712104,0.37280040232896583,0.6340724800330407,0.533596336974403,0.37280040232896583,0.37280040232896583,0.382143980312852,0.37280040232896583,0.3338003127291771
15,43,0.46750531044312965,0.5025456439381852,0.46750531044312965,0.635948005955093,0.5374743179387154,0.46750531044312965,0.4675053104431296,0.4428253022646734,0.46750531044312965,0.46814448947966875
15,44,0.49042856453883127,0.564073772586905,0.49042856453883127,0.6336690949519973,0.39858466615669935,0.49042856453883127,0.4904285645388312,0.3598690753341443,0.49042856453883127,0.49729182061753946
15,45,0.5301000999596426,0.5691131025461131,0.5301000999596426,0.6439763972094967,0.5276883025821989,0.5301000999596426,0.5301000999596426,0.4286364603965517,0.5301000999596426,0.5083405060454498
15,46,0.5215609241337257,0.5663472651793628,0.5215609241337257,0.657779950042652,0.4872335812774874,0.5215609241337257,0.5215609241337258,0.43644413872660065,0.5215609241337257,0.516526347920416
15,47,0.40608007755165876,0.5319238062997721,0.40608007755165876,0.631773373386541,0.5385563550470875,0.40608007755165876,0.40608007755165876,0.43633996683562204,0.40608007755165876,0.39945011809752273
15,48,0.3996984391260459,0.5126998624663863,0.3996984391260459,0.628161045685441,0.5226675093746002,0.3996984391260459,0.39969843912604586,0.41213611371668646,0.3996984391260459,0.3716520560206339
15,49,0.5001770689773571,0.5832375329829411,0.5001770689773571,0.6654254960719626,0.6122037135735825,0.5001770689773571,0.5001770689773571,0.5473226088112226,0.5001770689773571,0.5197774458252984
15,50,0.49936146445662033,0.5764869724716786,0.49936146445662033,0.6445031399742777,0.4713016316224786,0.49936146445662033,0.49936146445662033,0.43934924123758107,0.49936146445662033,0.5141032122487237
15,51,0.4865266351978559,0.4870981668321769,0.4865266351978559,0.6348007073102369,0.5271238006552699,0.4865266351978559,0.48652663519785594,0.42604973415163017,0.4865266351978559,0.4785101062709023
15,52,0.3688513599092604,0.5738367865452179,0.3688513599092604,0.6512325241948395,0.5044004067876563,0.3688513599092604,0.36885135990926043,0.42649842899347,0.3688513599092604,0.34321291608200255
15,53,0.4445279738783533,0.4934182497508658,0.4445279738783533,0.60731584081469,0.5228708810394229,0.4445279738783533,0.4445279738783533,0.41564038538617953,0.4445279738783533,0.3924200963996173
15,54,0.34626012756957936,0.47580820116321104,0.34626012756957936,0.6225910730041367,0.5000743490030692,0.34626012756957936,0.34626012756957936,0.35248361341616385,0.34626012756957936,0.2965147705148129
15,55,0.39732661620394405,0.6205187289026846,0.39732661620394405,0.667602527898924,0.49729491402780546,0.39732661620394405,0.39732661620394405,0.450846275188258,0.39732661620394405,0.3613657784380037
15,56,0.43729133064525494,0.5122319580301412,0.43729133064525494,0.5781221988356142,0.5378110876177475,0.43729133064525494,0.43729133064525494,0.42434318811939964,0.43729133064525494,0.39768523869696193
15,57,0.5020504411020075,0.5497869664345327,0.5020504411020075,0.6390588099248424,0.5106651674359971,0.5020504411020075,0.5020504411020074,0.43643277400702896,0.5020504411020075,0.4815248148004497
15,58,0.47593706473253383,0.5847568219405204,0.47593706473253383,0.6616843861252681,0.4514878546993689,0.47593706473253383,0.47593706473253383,0.4099974637337736,0.47593706473253383,0.48312047528829927
15,59,0.40600341425786723,0.5089741294745156,0.40600341425786723,0.5996095894891512,0.522140932331691,0.40600341425786723,0.40600341425786723,0.39749013726171145,0.40600341425786723,0.3575236070897286
15,60,0.4390843224679299,0.5575225859689259,0.4390843224679299,0.6597963132361846,0.5431377028182128,0.4390843224679299,0.4390843224679299,0.49636250535998316,0.4390843224679299,0.4624717031512757
15,61,0.47348811389061757,0.513202836467862,0.47348811389061757,0.6215117837775921,0.43503558221581107,0.47348811389061757,0.4734881138906175,0.4041148825249623,0.47348811389061757,0.48838125050382475
15,62,0.42101027724885265,0.5539508468011739,0.42101027724885265,0.6456741185207847,0.5493979163668015,0.42101027724885265,0.42101027724885265,0.4532874383678215,0.42101027724885265,0.4106396801693569
15,63,0.4899923736284588,0.5418913809600862,0.4899923736284588,0.6519552410653735,0.5243778955798738,0.4899923736284588,0.48999237362845893,0.43047069613177524,0.4899923736284588,0.4761971626333457
15,64,0.4646882828658096,0.5132627674551185,0.4646882828658096,0.6122517435835961,0.4507309476265011,0.4646882828658096,0.4646882828658096,0.41435420478592955,0.4646882828658096,0.4750537123113106
15,65,0.4814908325104032,0.5648680439609548,0.4814908325104032,0.6495554307611437,0.5149614837514646,0.4814908325104032,0.4814908325104032,0.4446728281190807,0.4814908325104032,0.4955195235347037
15,66,0.5725861539772499,0.5143366570506624,0.5725861539772499,0.6444197925840638,0.5667061628680572,0.5725861539772499,0.5725861539772499,0.4811893658715024,0.5725861539772499,0.562263994731361
15,67,0.48202933407103554,0.3778646037260863,0.48202933407103554,0.5629187937142077,0.4865205702733349,0.48202933407103554,0.48202933407103554,0.3689264054047716,0.48202933407103554,0.4484772197736736
15,68,0.4676445123996141,0.48728884977097103,0.4676445123996141,0.6219458744422505,0.44476424477091236,0.4676445123996141,0.4676445123996141,0.3870731845933074,0.4676445123996141,0.47281388471685504
15,69,0.3664124449894404,0.5228779573239657,0.3664124449894404,0.6352934535996378,0.4936185917140048,0.3664124449894404,0.3664124449894405,0.3786679958513255,0.3664124449894404,0.3181993322546718
15,70,0.3577438243535217,0.5487251226894727,0.3577438243535217,0.6323328944893127,0.487353899042101,0.3577438243535217,0.3577438243535217,0.389276882386589,0.3577438243535217,0.29434773366593053
15,71,0.4808772473844575,0.45073985398978117,0.4808772473844575,0.6154232823244667,0.5211395637721101,0.4808772473844575,0.4808772473844574,0.4324860694447812,0.4808772473844575,0.4729455207563049
15,72,0.42666375377125326,0.4591404619508108,0.42666375377125326,0.59676259261824,0.5291566908755599,0.42666375377125326,0.42666375377125326,0.41595652133488425,0.42666375377125326,0.3849235991612163
15,73,0.45151260395658793,0.5500243736666166,0.45151260395658793,0.6555265561607904,0.5753740889379575,0.45151260395658793,0.45151260395658793,0.46601927180512837,0.45151260395658793,0.42367292474655854
15,74,0.478611080419981,0.57113960899816,0.478611080419981,0.6342970473818919,0.5356386969356222,0.478611080419981,0.478611080419981,0.48760528112394186,0.478611080419981,0.49040450327021134
15,75,0.46860535901513406,0.4197910407151919,0.46860535901513406,0.596722774512348,0.4718372060257609,0.46860535901513406,0.4686053590151341,0.33436681724231276,0.46860535901513406,0.4418885686873134
15,76,0.4849778508128586,0.5259356873538019,0.4849778508128586,0.6498810365481992,0.5582680687134136,0.4849778508128586,0.4849778508128586,0.48088869790970157,0.4849778508128586,0.5132446216001374
15,77,0.4973343940435687,0.5206371048353915,0.4973343940435687,0.6471188577880662,0.4439635178442879,0.4973343940435687,0.4973343940435688,0.39358458729528967,0.4973343940435687,0.4789995993316123
15,78,0.46461756678511223,0.5828801066583547,0.46461756678511223,0.615475599099266,0.4960577725598604,0.46461756678511223,0.4646175667851122,0.4547213412761718,0.46461756678511223,0.4486494417168375
15,79,0.3899400846158328,0.4597011357800688,0.3899400846158328,0.6121301336247525,0.5725750334390621,0.3899400846158328,0.3899400846158328,0.3983754422960937,0.3899400846158328,0.33318803561813193
15,80,0.5397435059917707,0.47949920490755327,0.5397435059917707,0.6134367048717295,0.4048783754499983,0.5397435059917707,0.5397435059917708,0.36138652159708634,0.5397435059917707,0.5328113141226472
15,81,0.45590378449975993,0.5859943300739683,0.45590378449975993,0.64022296292177,0.5064093191850494,0.45590378449975993,0.45590378449975993,0.4621919705010856,0.45590378449975993,0.4496823145104382
15,82,0.48293879304841414,0.5099487607967244,0.48293879304841414,0.6051413540586366,0.40510583352074764,0.48293879304841414,0.48293879304841414,0.3651804440278637,0.48293879304841414,0.4856093517015647
15,83,0.4713664456192875,0.5090363771832149,0.4713664456192875,0.6326828196338687,0.3776870314121801,0.4713664456192875,0.4713664456192875,0.30228126924963833,0.4713664456192875,0.42964105444236267
15,84,0.475317067767471,0.5576709863709008,0.475317067767471,0.6369454940300981,0.5345600539328219,0.475317067767471,0.475317067767471,0.4837108371609741,0.475317067767471,0.48746657806745
15,85,0.427507886329801,0.5200433150345074,0.427507886329801,0.6513067944924987,0.4540136790645666,0.427507886329801,0.42750788632980097,0.3814278243104055,0.427507886329801,0.4168431792833812
15,86,0.5784935021586061,0.6036316376747806,0.5784935021586061,0.6558424152123011,0.48979712882971227,0.5784935021586061,0.5784935021586061,0.48233486264643344,0.5784935021586061,0.5807901107473571
15,87,0.48993029959178885,0.6212156936497392,0.48993029959178885,0.6840361856175592,0.534246832094466,0.48993029959178885,0.4899302995917889,0.49622327037816766,0.48993029959178885,0.5197478515135574
15,88,0.40044462851894974,0.5143879197873522,0.40044462851894974,0.5856969018266738,0.42053881548249195,0.40044462851894974,0.4004446285189497,0.3289352184203454,0.40044462851894974,0.38229627576465186
15,89,0.4885884596374263,0.4970192211413589,0.4885884596374263,0.6146773677323505,0.4880643776076059,0.4885884596374263,0.48858845963742625,0.4445838400757603,0.4885884596374263,0.5117264982697092
15,90,0.48107053181001663,0.47020110146517063,0.48107053181001663,0.5964686744323857,0.43573697115519555,0.48107053181001663,0.4810705318100167,0.38843026381458634,0.48107053181001663,0.4729328301631155
15,91,0.4629465857560715,0.5442031562890277,0.4629465857560715,0.6303872922587053,0.5836348293129039,0.4629465857560715,0.4629465857560715,0.4763533546817739,0.4629465857560715,0.413770433845734
15,92,0.4566427257267053,0.555692429635906,0.4566427257267053,0.6639702714835402,0.6047822258265377,0.4566427257267053,0.4566427257267053,0.5128403234877201,0.4566427257267053,0.4452623857067953
15,93,0.4137452918283526,0.49561271142360397,0.4137452918283526,0.6343942617337345,0.5724106186846087,0.4137452918283526,0.4137452918283527,0.4271567642732239,0.4137452918283526,0.36396520213704603
15,94,0.38438975507053347,0.4730589407717609,0.38438975507053347,0.5511775608651382,0.4878627216927319,0.38438975507053347,0.38438975507053347,0.3891086466078294,0.38438975507053347,0.302980721838238
15,95,0.47154802146906755,0.4951798132640914,0.47154802146906755,0.6055318294837904,0.5698422289417404,0.47154802146906755,0.4715480214690676,0.4683283807245062,0.47154802146906755,0.4406117558850166
15,96,0.4978017148974807,0.4959333861515378,0.4978017148974807,0.6218454635803021,0.4272071827004588,0.4978017148974807,0.49780171489748076,0.3633289170626494,0.4978017148974807,0.49409390630561684
15,97,0.4644891441523609,0.5556515639147002,0.4644891441523609,0.645368969728302,0.5058237142920633,0.4644891441523609,0.4644891441523609,0.42369671557468097,0.4644891441523609,0.4646111615552063
15,98,0.3937080158117811,0.5498532449237841,0.3937080158117811,0.6380130253627379,0.44892504300282887,0.3937080158117811,0.3937080158117811,0.4118430206527374,0.3937080158117811,0.4092418571808518
15,99,0.5120223377323816,0.47847964289567235,0.5120223377323816,0.6146140965176661,0.4299428700002669,0.5120223377323816,0.5120223377323816,0.3896554466573814,0.5120223377323816,0.5230029881198129
16,0,0.467265005864045,0.513772864791777,0.467265005864045,0.6073697261461883,0.38146404826145275,0.467265005864045,0.467265005864045,0.36128425677617343,0.467265005864045,0.4855220026650473
16,1,0.496734375997494,0.5146550649530051,0.496734375997494,0.6217179911466328,0.5165029957761611,0.496734375997494,0.496734375997494,0.4331842436370345,0.496734375997494,0.4949357989362816
16,2,0.3752387596975582,0.5073823410243453,0.3752387596975582,0.6007155087446869,0.5029488389039917,0.3752387596975582,0.37523875969755816,0.39023505820757204,0.3752387596975582,0.3333123556648735
16,3,0.4510509515401563,0.5132359837740236,0.4510509515401563,0.5915848111168721,0.4958073681919797,0.4510509515401563,0.4510509515401563,0.4308381152945981,0.4510509515401563,0.4474483720923026
16,4,0.4513122572154795,0.5947997542540098,0.4513122572154795,0.6858318810280257,0.4954582532948848,0.4513122572154795,0.4513122572154795,0.42115582075681035,0.4513122572154795,0.46819387349956776
16,5,0.4113500517546927,0.5191086921786041,0.4113500517546927,0.5891671556802636,0.5519294968134034,0.4113500517546927,0.4113500517546927,0.44864133111136634,0.4113500517546927,0.36740987251989465
16,6,0.3760177516876843,0.46078859296663244,0.3760177516876843,0.5897368238758794,0.4922087997109681,0.3760177516876843,0.37601775168768437,0.37470429193990473,0.3760177516876843,0.3645371132052568
16,7,0.4341494365526682,0.5431843936161882,0.4341494365526682,0.6378319467328113,0.5526136748994973,0.4341494365526682,0.4341494365526682,0.46783634697948684,0.4341494365526682,0.4156430685376975
16,8,0.4876514018742828,0.5599624705954588,0.4876514018742828,0.6427079148676887,0.4919136645798904,0.4876514018742828,0.4876514018742828,0.4213599964977654,0.4876514018742828,0.49291957261598573
16,9,0.48040509441990653,0.4796494030264471,0.48040509441990653,0.601725495893783,0.35531484499332266,0.48040509441990653,0.4804050944199064,0.3033129240167901,0.48040509441990653,0.47687556578548573
16,10,0.4682387690830039,0.5283847657140424,0.4682387690830039,0.5905518705653487,0.3890788368450096,0.4682387690830039,0.4682387690830039,0.37223995073537863,0.4682387690830039,0.47327415359763525
16,11,0.48518767592483575,0.49657420710448363,0.48518767592483575,0.6181200617834406,0.6051068918417835,0.48518767592483575,0.4851876759248357,0.4833228321996893,0.48518767592483575,0.4657035751632559
16,12,0.453350850353901,0.5367956200506874,0.453350850353901,0.6287414695313849,0.5727527609085107,0.453350850353901,0.453350850353901,0.5010240764252742,0.453350850353901,0.45178525397406244
16,13,0.4497067884556788,0.5608383478099663,0.4497067884556788,0.6374695117570576,0.5334540366215815,0.4497067884556788,0.4497067884556788,0.4412164568542992,0.4497067884556788,0.42809778488809436
16,14,0.3691984355484255,0.5238901621984491,0.3691984355484255,0.6232286144505819,0.42133323059286354,0.3691984355484255,0.36919843554842546,0.3323333691166581,0.3691984355484255,0.32566907068291273
16,15,0.46693911717152775,0.5426172158762138,0.46693911717152775,0.6084055111535509,0.43675912272488016,0.46693911717152775,0.4669391171715278,0.3820272202294349,0.46693911717152775,0.4481115759917465
16,16,0.5300675761380341,0.5152169535486556,0.5300675761380341,0.6122803870413235,0.4256356134519521,0.5300675761380341,0.530067576138034,0.41441490037187456,0.5300675761380341,0.5392071645453933
16,17,0.3969913420657626,0.49829745362390204,0.3969913420657626,0.5963286196867841,0.5164257862190162,0.3969913420657626,0.3969913420657626,0.41357248915155775,0.3969913420657626,0.34976062880349934
16,18,0.48924869321607906,0.3936813303600607,0.48924869321607906,0.5597365237018759,0.3720040406091404,0.48924869321607906,0.489248693216079,0.2933047886221008,0.48924869321607906,0.4844222655171091
16,19,0.5081504232324906,0.5373200346017458,0.5081504232324906,0.6494115663964197,0.4970277304319489,0.5081504232324906,0.5081504232324906,0.4479391866208493,0.5081504232324906,0.49469189554556575
16,20,0.5076201920150673,0.4653472951867659,0.5076201920150673,0.6001161128825555,0.46010004209127253,0.5076201920150673,0.5076201920150673,0.39685288970442,0.5076201920150673,0.4692511119945951
16,21,0.4630360727280972,0.41425891768679607,0.4630360727280972,0.5582369886207956,0.3516558966255253,0.4630360727280972,0.4630360727280972,0.29177076850377964,0.4630360727280972,0.45429316835273303
16,22,0.4559921563693305,0.540420100910584,0.4559921563693305,0.6436077462283373,0.5023476444801853,0.4559921563693305,0.45599215636933055,0.3900524263612467,0.4559921563693305,0.4367553220596556
16,23,0.4401474797337098,0.4610585847859555,0.4401474797337098,0.587088818163852,0.4685078174358067,0.4401474797337098,0.4401474797337098,0.35040272183964016,0.4401474797337098,0.3881408923990949
16,24,0.41304221973038124,0.49136807601268395,0.41304221973038124,0.600349224260982,0.5099266349662791,0.41304221973038124,0.41304221973038124,0.40687295264607226,0.41304221973038124,0.3751561664557125
16,25,0.4272068086669108,0.4759889839814355,0.4272068086669108,0.6087117222171995,0.5765084801558608,0.4272068086669108,0.4272068086669108,0.4386267479856423,0.4272068086669108,0.3807709253626426
16,26,0.43808677039659455,0.4632620506649621,0.43808677039659455,0.5669344026369201,0.46498428685820536,0.43808677039659455,0.43808677039659455,0.3893409727658257,0.43808677039659455,0.44840969822496496
16,27,0.4716516330721918,0.4917156363680951,0.4716516330721918,0.6096530748272078,0.4545332784460473,0.4716516330721918,0.4716516330721918,0.3938357163509357,0.4716516330721918,0.4669963154317468
16,28,0.40462914340710077,0.5301551866813684,0.40462914340710077,0.6496913118567538,0.5608578575549156,0.40462914340710077,0.40462914340710077,0.4333277643943715,0.40462914340710077,0.3500703999949577
16,29,0.38307737240602774,0.5225079965249899,0.38307737240602774,0.6390867353252515,0.5251406246501238,0.38307737240602774,0.3830773724060278,0.38074384810095846,0.38307737240602774,0.3334956708121316
16,30,0.4633680944841178,0.523092411262742,0.4633680944841178,0.6150583766357738,0.533834330761574,0.4633680944841178,0.46336809448411787,0.449885986198453,0.4633680944841178,0.43099962558168103
16,31,0.4902221776594241,0.5025295358761288,0.4902221776594241,0.6383564550042746,0.5462598694199544,0.4902221776594241,0.49022217765942405,0.4447301271024281,0.4902221776594241,0.5015243686796995
16,32,0.46350320773160003,0.4693807734480638,0.46350320773160003,0.6186959275037658,0.35261796001067935,0.46350320773160003,0.46350320773160003,0.2851435148863539,0.46350320773160003,0.443964503393427
16,33,0.41025028195830204,0.5929170005734826,0.41025028195830204,0.6485434537105192,0.4942115159261541,0.41025028195830204,0.41025028195830204,0.4384036829878678,0.41025028195830204,0.40281650157056337
16,34,0.3918545296809144,0.5471543462592763,0.3918545296809144,0.600388692825004,0.4720654650279104,0.3918545296809144,0.3918545296809144,0.3852246233598724,0.3918545296809144,0.3465332415302035
16,35,0.5491163138281161,0.43506337004636936,0.5491163138281161,0.6050532934262308,0.4464334549258293,0.5491163138281161,0.5491163138281161,0.35684929865438564,0.5491163138281161,0.5373209327475917
16,36,0.48161460888292473,0.6277275361406105,0.48161460888292473,0.6673466909776562,0.4792949066409808,0.48161460888292473,0.48161460888292473,0.45184100692797824,0.48161460888292473,0.4762984211129422
16,37,0.49686010379931206,0.5597051120888918,0.49686010379931206,0.637525115177711,0.4775741154534144,0.49686010379931206,0.496860103799312,0.3836967686509052,0.49686010379931206,0.49387925841434943
16,38,0.4469610345102837,0.46096769194929665,0.4469610345102837,0.5934292616185682,0.42001045731322784,0.4469610345102837,0.4469610345102837,0.3490314256039431,0.4469610345102837,0.4671469434988109
16,39,0.49253666573029037,0.5606182235101865,0.49253666573029037,0.6812607296132555,0.5300857511358521,0.49253666573029037,0.4925366657302903,0.4357171235681673,0.49253666573029037,0.48187782594278755
16,40,0.5125416037756626,0.5171462607647639,0.5125416037756626,0.6236386569140665,0.4770071194295008,0.5125416037756626,0.5125416037756626,0.42960286666553227,0.5125416037756626,0.5266712220281266
16,41,0.4678161452525024,0.5380422850707998,0.4678161452525024,0.6444406079650296,0.46351342255318173,0.4678161452525024,0.46781614525250237,0.4221681396719854,0.4678161452525024,0.4686980188344309
16,42,0.3848453673486664,0.4988606395230962,0.3848453673486664,0.6446393920919498,0.545732018865548,0.3848453673486664,0.3848453673486664,0.3964888023274562,0.3848453673486664,0.34933797540608236
16,43,0.44699681071405306,0.47604657162888797,0.44699681071405306,0.6194884094950379,0.522467685155143,0.44699681071405306,0.44699681071405306,0.4239935104839938,0.44699681071405306,0.4510678498918391
16,44,0.5032925723118388,0.48721160370771177,0.5032925723118388,0.5957366159820286,0.3844244362450251,0.5032925723118388,0.5032925723118387,0.3647210441444053,0.5032925723118388,0.5064638163982241
16,45,0.5225429576958935,0.4984300777556473,0.5225429576958935,0.6316865897169064,0.5198662569547765,0.5225429576958935,0.5225429576958935,0.4294655244306298,0.5225429576958935,0.5087441425054711
16,46,0.5156888875301159,0.5572478987526384,0.5156888875301159,0.6479680106374925,0.4808406229825591,0.5156888875301159,0.5156888875301159,0.4287473194554968,0.5156888875301159,0.5130126088090364
16,47,0.42698109334494777,0.5235020204440834,0.42698109334494777,0.6324836902103173,0.554323276039868,0.42698109334494777,0.4269810933449477,0.4577357818665894,0.42698109334494777,0.41963998021416454
16,48,0.4071578240745602,0.5438215292411425,0.4071578240745602,0.6355109733187974,0.5308428004853825,0.4071578240745602,0.4071578240745602,0.41983070771650943,0.4071578240745602,0.37180749259248524
16,49,0.4679356470656125,0.5748777839969322,0.4679356470656125,0.6712113702871829,0.558042939691308,0.4679356470656125,0.4679356470656125,0.5006293629930132,0.4679356470656125,0.4955927581267227
16,50,0.48862423584119563,0.5061994375651289,0.48862423584119563,0.5867440052922427,0.4692273205960071,0.48862423584119563,0.4886242358411957,0.43300914436521254,0.48862423584119563,0.5025986743578114
16,51,0.4941961240339612,0.4656304176520717,0.4941961240339612,0.6301184843230601,0.529186054010374,0.4941961240339612,0.4941961240339612,0.4178742318456426,0.4941961240339612,0.4790656618199887
16,52,0.3876487349209109,0.5772338033353478,0.3876487349209109,0.6527317063089495,0.5178687666084794,0.3876487349209109,0.3876487349209109,0.43934785189631564,0.3876487349209109,0.3618359524722813
16,53,0.44840416293765567,0.5070004224341795,0.44840416293765567,0.604270513876658,0.5092072358603471,0.44840416293765567,0.44840416293765567,0.42087537018904025,0.44840416293765567,0.3988686364332279
16,54,0.35095526645698405,0.46985392067536724,0.35095526645698405,0.625818352678292,0.5033083060338729,0.35095526645698405,0.35095526645698405,0.3574690930391513,0.35095526645698405,0.30875355853152936
16,55,0.4109439686106093,0.6288682051998342,0.4109439686106093,0.6694071205156391,0.5176666027634498,0.4109439686106093,0.4109439686106093,0.471396258634488,0.4109439686106093,0.38510762022695794
16,56,0.4217155795517344,0.5185138909400416,0.4217155795517344,0.6122270746968628,0.5214953642918025,0.4217155795517344,0.42171557955173433,0.40700885108675205,0.4217155795517344,0.38070029801503
16,57,0.5163039594593352,0.5584638163137667,0.5163039594593352,0.6523059794610149,0.5156519375271353,0.5163039594593352,0.5163039594593352,0.44589281440964174,0.5163039594593352,0.4935880394697866
16,58,0.4028604979880299,0.5321069823284993,0.4028604979880299,0.6043286365495768,0.39076794859757924,0.4028604979880299,0.4028604979880299,0.32949768313044636,0.4028604979880299,0.4040806435704516
16,59,0.40186303884189917,0.5233728027080604,0.40186303884189917,0.6471665119953889,0.5032092518342939,0.40186303884189917,0.40186303884189917,0.39262558948492376,0.40186303884189917,0.35778382931565816
16,60,0.43395810355640557,0.5555053733252991,0.43395810355640557,0.6549567032704069,0.5588355875997723,0.43395810355640557,0.43395810355640557,0.5014798667541639,0.43395810355640557,0.44414974088949094
16,61,0.4620500433821318,0.49796035861933574,0.4620500433821318,0.6143420102440929,0.43860491861882867,0.4620500433821318,0.4620500433821318,0.4009905000722234,0.4620500433821318,0.4782861129350807
16,62,0.41835020034209486,0.5555728904106874,0.41835020034209486,0.6323449686911631,0.5404132790721492,0.41835020034209486,0.4183502003420948,0.448655003218696,0.41835020034209486,0.4040488940770978
16,63,0.44572141228097645,0.5233494139513681,0.44572141228097645,0.6304008344823685,0.5004923264019652,0.44572141228097645,0.44572141228097645,0.40079337741217835,0.44572141228097645,0.4265368661373387
16,64,0.4549369906711458,0.5409934368284941,0.4549369906711458,0.6291495701583987,0.43611088332971815,0.4549369906711458,0.4549369906711458,0.41630306272634293,0.4549369906711458,0.4721499419882967
16,65,0.43865668067638025,0.5528308514430452,0.43865668067638025,0.6353148713770411,0.4924243161927919,0.43865668067638025,0.43865668067638025,0.422783975476543,0.43865668067638025,0.45262173503022374
16,66,0.538361243573409,0.5124957504200314,0.538361243573409,0.6387512072426216,0.5488172371708452,0.538361243573409,0.538361243573409,0.4636580909787347,0.538361243573409,0.5353161232869071
16,67,0.48104246839822873,0.3709653880414675,0.48104246839822873,0.5472403949065677,0.5005642639845651,0.48104246839822873,0.4810424683982288,0.3775708206831032,0.48104246839822873,0.44440458825979334
16,68,0.46598300974144213,0.4726281557128108,0.46598300974144213,0.6139907960455722,0.44012230742054104,0.46598300974144213,0.46598300974144213,0.37369894261435443,0.46598300974144213,0.4644488285296555
16,69,0.3629832261642436,0.5213288821034526,0.3629832261642436,0.6298066916760777,0.4881422082051222,0.3629832261642436,0.3629832261642436,0.37428942306035684,0.3629832261642436,0.30895291614456344
16,70,0.3678963675816299,0.5533383325422924,0.3678963675816299,0.6496935441229479,0.49840003685114265,0.3678963675816299,0.3678963675816299,0.3998849788894524,0.3678963675816299,0.3039434578935454
16,71,0.4703324668677506,0.4570001015244739,0.4703324668677506,0.609822311689774,0.5014753905186935,0.4703324668677506,0.47033246686775065,0.428479233351038,0.4703324668677506,0.4658625285393857
16,72,0.43053994283055563,0.47278412314164653,0.43053994283055563,0.6009199271277254,0.506071300234638,0.43053994283055563,0.43053994283055563,0.4106688818239057,0.43053994283055563,0.39758717291602463
16,73,0.4668447980888631,0.5578233013881928,0.4668447980888631,0.6522447590736545,0.5793810652152183,0.4668447980888631,0.4668447980888631,0.47454365926540837,0.4668447980888631,0.440980580911971
16,74,0.47631266840950987,0.5550575805526372,0.47631266840950987,0.6337666553556343,0.5454713285410684,0.47631266840950987,0.4763126684095099,0.4734230485149459,0.47631266840950987,0.4818901401691905
16,75,0.5003763935412151,0.4364969671261426,0.5003763935412151,0.5955595135206215,0.4728730187924178,0.5003763935412151,0.5003763935412151,0.35048889754332707,0.5003763935412151,0.4664533362174674
16,76,0.4770374850053567,0.5155590905008028,0.4770374850053567,0.6406858111871109,0.5504060930350183,0.4770374850053567,0.4770374850053566,0.4684783250372905,0.4770374850053567,0.504953198799164
16,77,0.49395247414751114,0.5222001971555916,0.49395247414751114,0.6439375462838997,0.43516896106507563,0.49395247414751114,0.49395247414751114,0.37622976521751483,0.49395247414751114,0.4703377388120119
16,78,0.46841857935389664,0.580444721101754,0.46841857935389664,0.6173216521834817,0.48196523850336187,0.46841857935389664,0.4684185793538966,0.4486996033766632,0.46841857935389664,0.45862587561085233
16,79,0.3866791533361589,0.44779422994793294,0.3866791533361589,0.5986198982560356,0.5740613451381193,0.3866791533361589,0.3866791533361589,0.3943608784443451,0.3866791533361589,0.31915749077352107
16,80,0.5215813676787368,0.4980543544818783,0.5215813676787368,0.619324280584987,0.3811473499918826,0.5215813676787368,0.5215813676787368,0.3383627193735744,0.5215813676787368,0.515323510486805
16,81,0.4398531856107551,0.595143934781035,0.4398531856107551,0.6486284294336044,0.4967789681688628,0.4398531856107551,0.4398531856107551,0.4619710066313014,0.4398531856107551,0.4338444171247745
16,82,0.4797494141762789,0.50077892189836,0.4797494141762789,0.6060599779808604,0.3840497810374533,0.4797494141762789,0.4797494141762789,0.34516270870838334,0.4797494141762789,0.48001603340551324
16,83,0.4797023010975489,0.48904605547053,0.4797023010975489,0.6243447009335302,0.38440931355436603,0.4797023010975489,0.47970230109754886,0.29604450331571597,0.4797023010975489,0.4303280230724487
16,84,0.49116778454139043,0.560697951680948,0.49116778454139043,0.6343744995206844,0.532412419473923,0.49116778454139043,0.49116778454139043,0.48687275209724085,0.49116778454139043,0.5031738561771806
16,85,0.5071990549878393,0.590088661161263,0.5071990549878393,0.6896895384590278,0.5322741245864038,0.5071990549878393,0.5071990549878393,0.47080559619516915,0.5071990549878393,0.49049410369992996
16,86,0.565365493879342,0.5969145813439463,0.565365493879342,0.6392356063203758,0.4477335169776038,0.565365493879342,0.565365493879342,0.4466539063583021,0.565365493879342,0.5619592687206212
16,87,0.45087337147417383,0.5666654469555394,0.45087337147417383,0.6607263439394576,0.49299152792141177,0.45087337147417383,0.45087337147417383,0.42102496936561895,0.45087337147417383,0.4635865023173837
16,88,0.41619164076454024,0.5456973668613267,0.41619164076454024,0.6124876112890474,0.43709601188815395,0.41619164076454024,0.4161916407645403,0.35567875935238863,0.41619164076454024,0.40331035870752974
16,89,0.46300094700076005,0.5060634511724613,0.46300094700076005,0.6044680663628718,0.46587509962034834,0.46300094700076005,0.46300094700076005,0.4214976051218837,0.46300094700076005,0.4886678540845685
16,90,0.4803963594506745,0.4769947421716256,0.4803963594506745,0.6042192909891775,0.4310516957587637,0.4803963594506745,0.4803963594506745,0.38229727907996086,0.4803963594506745,0.4736860831829016
16,91,0.4448791382265206,0.5271112441032604,0.4448791382265206,0.6248895859044694,0.5449015137646516,0.4448791382265206,0.44487913822652064,0.4373962541850517,0.4448791382265206,0.39690401848546075
16,92,0.41652208279208275,0.5624855226295121,0.41652208279208275,0.651364394250264,0.5503443320912021,0.41652208279208275,0.4165220827920827,0.4784733743140184,0.41652208279208275,0.4174144144746244
16,93,0.4005683119662667,0.5128903731562222,0.4005683119662667,0.6373354815401912,0.5571980355730163,0.4005683119662667,0.40056831196626663,0.42087438778847897,0.4005683119662667,0.34922474032217077
16,94,0.36675059980896435,0.4694927973297585,0.36675059980896435,0.5452588547548693,0.46686803368165186,0.36675059980896435,0.3667505998089644,0.3666712653093834,0.36675059980896435,0.2875438304360674
16,95,0.4618180091462562,0.4809482395221939,0.4618180091462562,0.5958581975306776,0.5650396945029728,0.4618180091462562,0.4618180091462562,0.44529756099683215,0.4618180091462562,0.41508481572615397
16,96,0.5082844213775176,0.480982050263269,0.5082844213775176,0.6209874362953105,0.4420429080773307,0.5082844213775176,0.5082844213775177,0.37199064562543716,0.5082844213775176,0.5037643955447537
16,97,0.4408156119547532,0.5206672633132421,0.4408156119547532,0.6150325800810025,0.4917416734921385,0.4408156119547532,0.4408156119547533,0.3876204000143395,0.4408156119547532,0.4166526024039816
16,98,0.5081205942418153,0.6029061392481896,0.5081205942418153,0.6714581851530348,0.5583652441719473,0.5081205942418153,0.5081205942418153,0.5190604767292726,0.5081205942418153,0.5103695657065657
16,99,0.5055597614535657,0.48669690088578144,0.5055597614535657,0.6114358923988135,0.41731623595564754,0.5055597614535657,0.5055597614535658,0.38109561982557294,0.5055597614535657,0.5154426375796584
17,0,0.4877474865358348,0.48807421453276995,0.4877474865358348,0.6027547727085553,0.401879154232157,0.4877474865358348,0.48774748653583483,0.3718702539458568,0.4877474865358348,0.5019871839073189
17,1,0.4869959074810644,0.5141821929746568,0.4869959074810644,0.6156631707466891,0.5002824060162736,0.4869959074810644,0.48699590748106436,0.4154205352907559,0.4869959074810644,0.48365693935734666
17,2,0.4081235028007192,0.5202635864690345,0.4081235028007192,0.6101296258789584,0.5333439160538491,0.4081235028007192,0.4081235028007192,0.42992591710593386,0.4081235028007192,0.37415657267369873
17,3,0.5814866229986351,0.5924846223398302,0.5814866229986351,0.6543403625460863,0.621166308202273,0.5814866229986351,0.5814866229986351,0.5618116853731996,0.5814866229986351,0.5689044804098887
17,4,0.44474532593190275,0.57821075931232,0.44474532593190275,0.6775792841305417,0.5011895423689878,0.44474532593190275,0.4447453259319027,0.4249263953511794,0.44474532593190275,0.468377758839171
17,5,0.41983198565457863,0.5301569259645476,0.41983198565457863,0.5863915311061306,0.5614554631611424,0.41983198565457863,0.4198319856545786,0.4627749022719903,0.41983198565457863,0.3739142934227983
17,6,0.3801230013763152,0.48209491614467315,0.3801230013763152,0.6027430290559181,0.4966586718736318,0.3801230013763152,0.3801230013763152,0.3887271800718306,0.3801230013763152,0.37096063281241076
17,7,0.4380146604378283,0.5484670883079249,0.4380146604378283,0.6471781116260777,0.5560271151962026,0.4380146604378283,0.4380146604378283,0.4613477781623877,0.4380146604378283,0.4189197803054356
17,8,0.4840317793048693,0.558815396998772,0.4840317793048693,0.6354111916334104,0.48567641566522196,0.4840317793048693,0.4840317793048693,0.4167001230781846,0.4840317793048693,0.48533000984238495
17,9,0.4850344422624574,0.46441945155781933,0.4850344422624574,0.5929327289835267,0.3540182544878489,0.4850344422624574,0.48503444226245745,0.30386538694037646,0.4850344422624574,0.47841899092105555
17,10,0.468830423860665,0.5346635721706776,0.468830423860665,0.6096631174214737,0.4003030476179531,0.468830423860665,0.468830423860665,0.38598196168994126,0.468830423860665,0.4850848888285292
17,11,0.4668988805579378,0.4922853071614545,0.4668988805579378,0.6223350390412532,0.569979097953476,0.4668988805579378,0.4668988805579378,0.45847358483771383,0.4668988805579378,0.4560012814252373
17,12,0.4689057862015921,0.5483260500037138,0.4689057862015921,0.6365994098843922,0.5871482167900147,0.4689057862015921,0.46890578620159207,0.5188885524069462,0.4689057862015921,0.4641867922980411
17,13,0.44427326589255633,0.5684969412371473,0.44427326589255633,0.6356854784378609,0.5188383457980743,0.44427326589255633,0.44427326589255633,0.4398839878698199,0.44427326589255633,0.4341421267338761
17,14,0.3760356862521713,0.551540975721788,0.3760356862521713,0.6396679488534126,0.4322555972186807,0.3760356862521713,0.3760356862521713,0.34963836103960244,0.3760356862521713,0.3330894346708497
17,15,0.4575728140995041,0.5234559412439812,0.4575728140995041,0.6118950847709361,0.4171423189024491,0.4575728140995041,0.4575728140995042,0.35970769033649125,0.4575728140995041,0.4414587283589984
17,16,0.532902352429432,0.49888137647449005,0.532902352429432,0.6074087653804299,0.43560060161679726,0.532902352429432,0.532902352429432,0.4220868361313731,0.532902352429432,0.5422518694306317
17,17,0.3958794919927745,0.5136657705361313,0.3958794919927745,0.5955518150421425,0.5065658062416343,0.3958794919927745,0.3958794919927745,0.41264286313373166,0.3958794919927745,0.35247678575080577
17,18,0.4990210794321861,0.3811389867774949,0.4990210794321861,0.555898151016595,0.3770589964895345,0.4990210794321861,0.4990210794321861,0.3005927199071515,0.4990210794321861,0.49194435750893123
17,19,0.5034007372499882,0.5282785329708521,0.5034007372499882,0.6481926689062734,0.4990239516565358,0.5034007372499882,0.5034007372499882,0.44234807384014463,0.5034007372499882,0.49050945580072225
17,20,0.5224091454012757,0.4627659121258614,0.5224091454012757,0.5944153241419323,0.4680945138737079,0.5224091454012757,0.5224091454012756,0.40846510837987626,0.5224091454012757,0.49000911726784024
17,21,0.4656275708338634,0.41194167622502587,0.4656275708338634,0.5542922280689494,0.35110108616449187,0.4656275708338634,0.4656275708338634,0.29046546529240413,0.4656275708338634,0.4534975105722932
17,22,0.4285201205834625,0.5286999766230083,0.4285201205834625,0.6293915459345085,0.48236006181212954,0.4285201205834625,0.4285201205834625,0.367507343597233,0.4285201205834625,0.4099630671725687
17,23,0.4995302166281662,0.5111046037229002,0.4995302166281662,0.617186384837473,0.5405682311115063,0.4995302166281662,0.4995302166281662,0.4503621700576125,0.4995302166281662,0.46205272065865954
17,24,0.4408114303205464,0.491445617556173,0.4408114303205464,0.6045484364206557,0.555274014358113,0.4408114303205464,0.44081143032054637,0.4355490844638688,0.4408114303205464,0.40715947996441576
17,25,0.4227857991330636,0.4747966249209409,0.4227857991330636,0.6117285323793602,0.5777222477618502,0.4227857991330636,0.4227857991330636,0.4350267506188133,0.4227857991330636,0.3766954411435883
17,26,0.5870424351310055,0.5477633996832197,0.5870424351310055,0.6425027276880979,0.5617667230413201,0.5870424351310055,0.5870424351310055,0.5000788524373745,0.5870424351310055,0.5824172285690068
17,27,0.45619194555921133,0.48546705407099916,0.45619194555921133,0.6105710553454615,0.4539378217190503,0.45619194555921133,0.45619194555921133,0.38494050697497106,0.45619194555921133,0.4455342976831349
17,28,0.39573053288980753,0.5323796745884263,0.39573053288980753,0.6354803383513138,0.5473011440930216,0.39573053288980753,0.3957305328898075,0.41888022683463927,0.39573053288980753,0.3355184987042892
17,29,0.37654658902703875,0.5413927956892285,0.37654658902703875,0.6393628352098397,0.5172600727697838,0.37654658902703875,0.3765465890270387,0.3876425323622705,0.37654658902703875,0.32573180116212813
17,30,0.4504370876385968,0.5228833896823175,0.4504370876385968,0.6153330930359682,0.5411814179065024,0.4504370876385968,0.45043708763859674,0.44444033809744965,0.4504370876385968,0.41840206954654824
17,31,0.4665091522498632,0.49085657598266785,0.4665091522498632,0.6317859704298872,0.5352796264510109,0.4665091522498632,0.4665091522498632,0.43310168412345407,0.4665091522498632,0.4794395340966818
17,32,0.4719799378200286,0.4475745846089563,0.4719799378200286,0.5996450375829119,0.355628419601257,0.4719799378200286,0.47197993782002856,0.28840410202573535,0.4719799378200286,0.4561266106492451
17,33,0.4258984217862027,0.5714848298720058,0.4258984217862027,0.6374703000955166,0.5029709299724398,0.4258984217862027,0.42589842178620274,0.44617948733359714,0.4258984217862027,0.42060366677511757
17,34,0.40413608227151576,0.5523941477072902,0.40413608227151576,0.6050854409663127,0.5050006230343329,0.40413608227151576,0.4041360822715157,0.4090463349857383,0.40413608227151576,0.3539560355378399
17,35,0.5133917764725091,0.437211508455247,0.5133917764725091,0.6054574421964742,0.4152408547079941,0.5133917764725091,0.5133917764725091,0.3323734313333611,0.5133917764725091,0.5141965129038196
17,36,0.48213471125304713,0.6100441879167376,0.48213471125304713,0.6684229014409487,0.4816785346650172,0.48213471125304713,0.48213471125304713,0.4536338479299611,0.48213471125304713,0.4859296131808951
17,37,0.4733688908531212,0.5549907104334334,0.4733688908531212,0.6357744095268336,0.46937142773205065,0.4733688908531212,0.47336889085312117,0.3723937829719862,0.4733688908531212,0.47551792736029175
17,38,0.5761760404811928,0.588482561085089,0.5761760404811928,0.6757945124600513,0.5759161825877318,0.5761760404811928,0.5761760404811928,0.4933276017496807,0.5761760404811928,0.5773242072236624
17,39,0.4889091445184862,0.5478721717131774,0.4889091445184862,0.6762106927179603,0.5281995724973922,0.4889091445184862,0.4889091445184862,0.43196834629476005,0.4889091445184862,0.4760286004874579
17,40,0.5015349849921148,0.5151632134682526,0.5015349849921148,0.6093986962057301,0.4691328873618053,0.5015349849921148,0.5015349849921148,0.425221661643093,0.5015349849921148,0.5121633056804669
17,41,0.4673902690398401,0.5046110230405074,0.4673902690398401,0.6222077636809793,0.45047913727906896,0.4673902690398401,0.46739026903984016,0.3960428290515968,0.4673902690398401,0.45745601615765125
17,42,0.39389237941769906,0.5077289451748609,0.39389237941769906,0.646852663113872,0.5513146813892356,0.39389237941769906,0.39389237941769906,0.40342815017128103,0.39389237941769906,0.35558457330427873
17,43,0.5103507062269087,0.5400146934287247,0.5103507062269087,0.657124506208102,0.6128288178331652,0.5103507062269087,0.5103507062269086,0.5090284678699734,0.5103507062269087,0.5051622298109067
17,44,0.5153526841398884,0.5506662556777016,0.5153526841398884,0.6329724815472342,0.3984477703263193,0.5153526841398884,0.5153526841398884,0.37001250937820157,0.5153526841398884,0.5178497059964634
17,45,0.5146061230461663,0.4871980234842521,0.5146061230461663,0.6281078117595926,0.5102943595813975,0.5146061230461663,0.5146061230461663,0.40653701740505843,0.5146061230461663,0.4976922537277569
17,46,0.49833454802063276,0.5288450953979338,0.49833454802063276,0.620111734777361,0.43605688035916235,0.49833454802063276,0.49833454802063276,0.394987186535541,0.49833454802063276,0.49254215850279315
17,47,0.4172244114884174,0.5274065818875968,0.4172244114884174,0.6266818822995671,0.5464316302380949,0.4172244114884174,0.4172244114884174,0.44895344700557005,0.4172244114884174,0.4123112559233642
17,48,0.39356305249261175,0.5291509903231375,0.39356305249261175,0.6347781123490248,0.5191259785254079,0.39356305249261175,0.39356305249261175,0.40990093836067326,0.39356305249261175,0.361781604183115
17,49,0.44538074848092846,0.5479814342060886,0.44538074848092846,0.644179123785462,0.5460119900037793,0.44538074848092846,0.44538074848092846,0.4806840067591445,0.44538074848092846,0.46791131924639917
17,50,0.49288783007845766,0.49973380457345595,0.49288783007845766,0.5923592994708311,0.4430255753599191,0.49288783007845766,0.4928878300784577,0.4086058479041718,0.49288783007845766,0.509345397814033
17,51,0.49645327725359184,0.46965300702847257,0.49645327725359184,0.6256539458456577,0.5346242188594064,0.49645327725359184,0.4964532772535919,0.42615282771624274,0.49645327725359184,0.4799362683457217
17,52,0.36820794579263944,0.5635878954711755,0.36820794579263944,0.63627652028943,0.5113495184537463,0.36820794579263944,0.36820794579263944,0.43021883837782915,0.36820794579263944,0.33467144749593064
17,53,0.41456247607756763,0.4774628504778454,0.41456247607756763,0.5891292888405724,0.48423705859795074,0.41456247607756763,0.41456247607756763,0.38815435710049984,0.41456247607756763,0.3671433821921286
17,54,0.36143444177924633,0.4603023302309776,0.36143444177924633,0.6235728811341336,0.5164452056512233,0.36143444177924633,0.36143444177924633,0.3674789287984952,0.36143444177924633,0.32160580447965254
17,55,0.397510979809862,0.638877557407134,0.397510979809862,0.6666332535871653,0.48318672995657,0.397510979809862,0.397510979809862,0.443312669204152,0.397510979809862,0.3697793336155827
17,56,0.4315495751784884,0.5395759345347702,0.4315495751784884,0.6654976590212125,0.5489222349736758,0.4315495751784884,0.43154957517848846,0.43690720886339457,0.4315495751784884,0.39245502986932873
17,57,0.46181429213807235,0.5230259198233669,0.46181429213807235,0.6272401915219668,0.4244881574327568,0.46181429213807235,0.4618142921380724,0.3660155404303994,0.46181429213807235,0.4414563789316262
17,58,0.5200422475150174,0.5958356899970045,0.5200422475150174,0.6679391579633889,0.5375182985406526,0.5200422475150174,0.5200422475150174,0.4825264718504416,0.5200422475150174,0.5141946397132441
17,59,0.39533048988402286,0.5091452634444593,0.39533048988402286,0.6231188869155324,0.5236995605068768,0.39533048988402286,0.39533048988402286,0.40632708291711195,0.39533048988402286,0.3371142015974956
17,60,0.4536022130323325,0.5783571009355017,0.4536022130323325,0.669343801562495,0.5633166586710722,0.4536022130323325,0.4536022130323325,0.5159951696222485,0.4536022130323325,0.4768282923249569
17,61,0.4480902615965312,0.5050897740240634,0.4480902615965312,0.6200416631828225,0.43825957488322953,0.4480902615965312,0.44809026159653126,0.39700957566180767,0.4480902615965312,0.4640569362631496
17,62,0.4166069235038787,0.5325694358854434,0.4166069235038787,0.617733746759674,0.5391802250285967,0.4166069235038787,0.4166069235038786,0.43460890818696685,0.4166069235038787,0.3942285025580796
17,63,0.5111828514340636,0.5602397324528756,0.5111828514340636,0.6612876223595789,0.5694251109565355,0.5111828514340636,0.5111828514340635,0.4594311791936035,0.5111828514340636,0.48291968075977776
17,64,0.5188360783593646,0.5545802429844393,0.5188360783593646,0.6584182057207254,0.5350122327520039,0.5188360783593646,0.5188360783593646,0.4786227249968552,0.5188360783593646,0.5166093283885181
17,65,0.4931950408048512,0.5878921518663545,0.4931950408048512,0.6559549984508228,0.5529172171031893,0.4931950408048512,0.4931950408048512,0.48811648084932424,0.4931950408048512,0.5054274333622467
17,66,0.5150238218408242,0.49012087335566434,0.5150238218408242,0.6274165559976437,0.515426385451951,0.5150238218408242,0.5150238218408242,0.42461765077986446,0.5150238218408242,0.5064491253431558
17,67,0.4873364783559078,0.3744631875828387,0.4873364783559078,0.5516271838544453,0.5050861269095055,0.4873364783559078,0.48733647835590777,0.3765056562388871,0.4873364783559078,0.44917789257667806
17,68,0.42943989425855117,0.46428971128101454,0.42943989425855117,0.6115622096400263,0.4297297098567245,0.42943989425855117,0.42943989425855117,0.37039148650562126,0.42943989425855117,0.445944824844575
17,69,0.3688184643868335,0.5241119847227915,0.3688184643868335,0.6339069946630022,0.49433156149203933,0.3688184643868335,0.3688184643868335,0.38158991202921166,0.3688184643868335,0.3177838355925352
17,70,0.36428836066279086,0.5502529169697372,0.36428836066279086,0.6386497751768203,0.4808405443359054,0.36428836066279086,0.3642883606627909,0.3916447599842213,0.36428836066279086,0.2987255555169201
17,71,0.4896064552537727,0.4586452899832382,0.4896064552537727,0.6141800580106698,0.5156237255185667,0.4896064552537727,0.48960645525377267,0.4366159018427311,0.4896064552537727,0.47866435847791294
17,72,0.41886268284544037,0.4619185163558775,0.41886268284544037,0.6005499749966132,0.5081639500481681,0.41886268284544037,0.41886268284544037,0.4075206652998993,0.41886268284544037,0.38984562629993263
17,73,0.44173947433884414,0.5501275929273801,0.44173947433884414,0.6527812762235173,0.5641484299936536,0.44173947433884414,0.4417394743388441,0.4501509329849464,0.44173947433884414,0.41058924809701247
17,74,0.45730314515576725,0.5474442476419669,0.45730314515576725,0.6332475270424014,0.517165780382449,0.45730314515576725,0.45730314515576725,0.4548711053626111,0.45730314515576725,0.465109614586608
17,75,0.4968766444857301,0.43840606807975946,0.4968766444857301,0.6078790980463415,0.48598086906502225,0.4968766444857301,0.4968766444857301,0.3494037419144607,0.4968766444857301,0.4655674084392228
17,76,0.4605004226702931,0.49561857155986255,0.4605004226702931,0.6272575161560592,0.5245678531958247,0.4605004226702931,0.4605004226702931,0.4430458024951904,0.4605004226702931,0.48972151742349573
17,77,0.49175079727502413,0.5313898214684123,0.49175079727502413,0.6495686775259264,0.4403885540618782,0.49175079727502413,0.491750797275024,0.3898200594942347,0.49175079727502413,0.4711721033019203
17,78,0.44396651979218577,0.5636831710630407,0.44396651979218577,0.6102772670464401,0.43412410492198933,0.44396651979218577,0.44396651979218577,0.4059862986338811,0.44396651979218577,0.43738709087014693
17,79,0.3871237075149449,0.45763517943995013,0.3871237075149449,0.6063021755988531,0.5659860117571469,0.3871237075149449,0.3871237075149449,0.39666955397309517,0.3871237075149449,0.32165760326196646
17,80,0.5179490143562936,0.501988601526016,0.5179490143562936,0.6311824493234368,0.37383158603733413,0.5179490143562936,0.5179490143562937,0.32703615442262574,0.5179490143562936,0.5078398394341337
17,81,0.44495914682767757,0.5816820247508265,0.44495914682767757,0.6440081444948407,0.5063238482464351,0.44495914682767757,0.44495914682767757,0.4641280917050201,0.44495914682767757,0.4333828350851343
17,82,0.47996592990298703,0.48208126177716176,0.47996592990298703,0.5856564260864937,0.38680510156403447,0.47996592990298703,0.47996592990298703,0.3322324931828692,0.47996592990298703,0.46659437268755233
17,83,0.46752064310188796,0.47430522295393174,0.46752064310188796,0.6152111844241062,0.3678235658895472,0.46752064310188796,0.4675206431018879,0.2722105466773813,0.46752064310188796,0.418358186899776
17,84,0.4662758170611233,0.538921312701625,0.4662758170611233,0.6278880389926174,0.47576326683918957,0.4662758170611233,0.4662758170611233,0.42920260501785423,0.4662758170611233,0.47538946121560205
17,85,0.4860588497179209,0.5558624806474046,0.4860588497179209,0.6695589309185958,0.5262767825597392,0.4860588497179209,0.4860588497179209,0.4510701186053967,0.4860588497179209,0.46902678347647453
17,86,0.5855450383841496,0.6099033420543789,0.5855450383841496,0.6456671052475145,0.447702357213947,0.5855450383841496,0.5855450383841496,0.4502295726283956,0.5855450383841496,0.5776531075159199
17,87,0.5144022451472832,0.6260250166780618,0.5144022451472832,0.6880138261976986,0.5435323852171845,0.5144022451472832,0.5144022451472832,0.5044302921875597,0.5144022451472832,0.5398793204093535
17,88,0.42047419174353984,0.5363467092169749,0.42047419174353984,0.6024907344006688,0.42900487378263513,0.42047419174353984,0.42047419174353984,0.35273513296533465,0.42047419174353984,0.4053114608251639
17,89,0.4406247435845136,0.479290659498235,0.4406247435845136,0.5950021414530351,0.46337852245139144,0.4406247435845136,0.44062474358451353,0.408095120688431,0.4406247435845136,0.4634680036787836
17,90,0.4673341422162643,0.46515972904824165,0.4673341422162643,0.5968662146633029,0.41990750444148506,0.4673341422162643,0.46733414221626424,0.369348379424499,0.4673341422162643,0.4617407937379112
17,91,0.448177890064465,0.5247028953493496,0.448177890064465,0.6125312309420962,0.5273129546256534,0.448177890064465,0.448177890064465,0.4253509792235582,0.448177890064465,0.398837313820985
17,92,0.4275300025284948,0.567807089363378,0.4275300025284948,0.6577124271933548,0.5812090779542136,0.4275300025284948,0.4275300025284948,0.4863521874287884,0.4275300025284948,0.4084980207585824
17,93,0.4051776808898295,0.50053877470522,0.4051776808898295,0.6379512754230472,0.5563506252612929,0.4051776808898295,0.4051776808898294,0.4191188538851135,0.4051776808898295,0.35382531946518647
17,94,0.36239361574108364,0.46424860740264184,0.36239361574108364,0.5720677699276739,0.4678260013088743,0.36239361574108364,0.36239361574108364,0.3517667213385123,0.36239361574108364,0.28447623462013616
17,95,0.4573945835570895,0.4608675511256969,0.4573945835570895,0.5925821743259108,0.5509267176620698,0.4573945835570895,0.4573945835570895,0.43902179823986603,0.4573945835570895,0.4185673595436311
17,96,0.49377080537252643,0.4654254672146315,0.49377080537252643,0.6035288545588126,0.4226537654839335,0.49377080537252643,0.49377080537252643,0.34623391182409813,0.49377080537252643,0.48203118537627754
17,97,0.563150249926984,0.6093894443046941,0.563150249926984,0.6864219951205053,0.5760415380683118,0.563150249926984,0.563150249926984,0.5225943958944519,0.563150249926984,0.5535250996653158
17,98,0.47435306169499475,0.5728084122749373,0.47435306169499475,0.6572146636577954,0.5217148840618233,0.47435306169499475,0.4743530616949948,0.47929388852132027,0.47435306169499475,0.48122717096183953
17,99,0.4910580398747628,0.5036317658667135,0.4910580398747628,0.6216389602805005,0.42681489762699837,0.4910580398747628,0.4910580398747629,0.38699461469918117,0.4910580398747628,0.5034005287024406
18,0,0.4690041010680544,0.5057128404275419,0.4690041010680544,0.6045977746472214,0.3865432754467324,0.4690041010680544,0.46900410106805435,0.36747261411460413,0.4690041010680544,0.4881135346872858
18,1,0.46968765887306074,0.5181859948619114,0.46968765887306074,0.6131712538390142,0.48251441489606406,0.46968765887306074,0.46968765887306074,0.4036994246264269,0.46968765887306074,0.47297698479036865
18,2,0.3735341397444538,0.5039959024293454,0.3735341397444538,0.5999987377582776,0.5015282562293331,0.3735341397444538,0.3735341397444538,0.39567464215618064,0.3735341397444538,0.3363490579188739
18,3,0.5473750813444009,0.5733214771255416,0.5473750813444009,0.6397569976094142,0.6003069621572557,0.5473750813444009,0.5473750813444009,0.5373616810677792,0.5473750813444009,0.5420116291020517
18,4,0.45094269367680223,0.5749731802821891,0.45094269367680223,0.6750073662017165,0.5098299811953012,0.45094269367680223,0.4509426936768022,0.4171030285691884,0.45094269367680223,0.46926054186660415
18,5,0.42046880208167325,0.5135878154228078,0.42046880208167325,0.5869596762524828,0.56605517489505,0.42046880208167325,0.42046880208167325,0.45908672512493875,0.42046880208167325,0.37479287657902305
18,6,0.38938253338825835,0.502912676637798,0.38938253338825835,0.609473737726987,0.5193943088380405,0.38938253338825835,0.38938253338825835,0.4176658711674378,0.38938253338825835,0.37919089527365923
18,7,0.4437083735738188,0.5413824479328795,0.4437083735738188,0.6454939644117961,0.5659067569955554,0.4437083735738188,0.4437083735738188,0.4705066986863067,0.4437083735738188,0.42498612842253136
18,8,0.4862722989128773,0.5499953670893871,0.4862722989128773,0.6321201510025154,0.49412379936357304,0.4862722989128773,0.48627229891287727,0.4191691858629784,0.4862722989128773,0.4877674056702138
18,9,0.4771871875099604,0.45519129765371774,0.4771871875099604,0.5926814481735255,0.352115965908688,0.4771871875099604,0.4771871875099605,0.30624473564106186,0.4771871875099604,0.47479959730128796
18,10,0.4745879766122128,0.5278106416946333,0.4745879766122128,0.6029152901069754,0.39924561639378464,0.4745879766122128,0.4745879766122128,0.384939094233531,0.4745879766122128,0.4903580353002636
18,11,0.44700043479703233,0.47476467784786724,0.44700043479703233,0.6082399926973028,0.5403376129587996,0.44700043479703233,0.44700043479703233,0.43679652279755754,0.44700043479703233,0.4435530908448217
18,12,0.43418716418573405,0.5316260875084273,0.43418716418573405,0.6236845544294055,0.5447570897659297,0.43418716418573405,0.43418716418573405,0.4744524807175599,0.43418716418573405,0.4289356029814384
18,13,0.43709312118385224,0.5768534979518949,0.43709312118385224,0.6448960076236478,0.5017590142453656,0.43709312118385224,0.43709312118385224,0.4304075050643681,0.43709312118385224,0.4306202391434951
18,14,0.379621019421089,0.547738502322436,0.379621019421089,0.6467270826266158,0.4319595000408074,0.379621019421089,0.379621019421089,0.3456666969263473,0.379621019421089,0.3344880679127717
18,15,0.5068913796354229,0.6123842092379421,0.5068913796354229,0.6695095401696582,0.523478543877328,0.5068913796354229,0.5068913796354229,0.4802103419726228,0.5068913796354229,0.4920983521143977
18,16,0.5120270769178159,0.4841201212440266,0.5120270769178159,0.5915325795676483,0.4169865542220076,0.5120270769178159,0.512027076917816,0.39307925054819914,0.5120270769178159,0.5214906697185291
18,17,0.39546095687127525,0.5329411348560422,0.39546095687127525,0.6089585293817967,0.4987861460109612,0.39546095687127525,0.39546095687127525,0.41424715896239694,0.39546095687127525,0.35276490115981296
18,18,0.4997555602493109,0.3843768075350714,0.4997555602493109,0.5613051328017816,0.38080820068310317,0.4997555602493109,0.4997555602493109,0.2969419412199214,0.4997555602493109,0.4911853833709713
18,19,0.4984854585528962,0.521809339526661,0.4984854585528962,0.6392601191114868,0.4968366169327998,0.4984854585528962,0.4984854585528963,0.4358964696681803,0.4984854585528962,0.4852432535593617
18,20,0.5146115127080328,0.4538760208176261,0.5146115127080328,0.5905653922154672,0.45881452644327736,0.5146115127080328,0.5146115127080328,0.39249646326778703,0.5146115127080328,0.4729166237759175
18,21,0.4690851318464619,0.41927208621457573,0.4690851318464619,0.5634479606289228,0.3484763841933275,0.4690851318464619,0.46908513184646194,0.29968595152232774,0.4690851318464619,0.4674648413649306
18,22,0.44877558498042486,0.5571589142821252,0.44877558498042486,0.6570818200080696,0.5128480261933133,0.44877558498042486,0.44877558498042486,0.4133314659532267,0.44877558498042486,0.43823496290968195
18,23,0.5068155526684727,0.514078632292545,0.5068155526684727,0.6155563569425473,0.524440072581394,0.5068155526684727,0.5068155526684728,0.4450944741364314,0.5068155526684727,0.4637587822016776
18,24,0.43984974737818505,0.5178416146981344,0.43984974737818505,0.6290481630792538,0.5613201776168746,0.43984974737818505,0.43984974737818505,0.44425906996799147,0.43984974737818505,0.41222588796115855
18,25,0.4322705818409468,0.48252498580193093,0.4322705818409468,0.607856611192802,0.578884522189977,0.4322705818409468,0.4322705818409468,0.4371469193356337,0.4322705818409468,0.3814794104790359
18,26,0.5678666686862411,0.5200121629357448,0.5678666686862411,0.6270216605218988,0.5464991915527553,0.5678666686862411,0.5678666686862411,0.48346995371450585,0.5678666686862411,0.5679996851786483
18,27,0.5057285136251116,0.5496171319696663,0.5057285136251116,0.6274296124853054,0.5493645330500219,0.5057285136251116,0.5057285136251116,0.48192542061629956,0.5057285136251116,0.49137796178256204
18,28,0.40877946181996055,0.5633517332660942,0.40877946181996055,0.6599901201424896,0.5719566954066011,0.40877946181996055,0.40877946181996055,0.46372193750087115,0.40877946181996055,0.35853217511881863
18,29,0.38643225106754797,0.5415362541918547,0.38643225106754797,0.6471629649566533,0.523081272724724,0.38643225106754797,0.38643225106754797,0.3882137493512646,0.38643225106754797,0.3402538202888087
18,30,0.4886411482284321,0.5629483815073466,0.4886411482284321,0.637029989865796,0.5447224546767662,0.4886411482284321,0.4886411482284321,0.4792644895625161,0.4886411482284321,0.4709541686179499
18,31,0.4653324403840673,0.4878180137493694,0.4653324403840673,0.629605505429331,0.5243650963627183,0.4653324403840673,0.4653324403840673,0.4219508055830472,0.4653324403840673,0.4768134833638159
18,32,0.4642346220169732,0.5051550823024484,0.4642346220169732,0.6324732308221436,0.3544737281649145,0.4642346220169732,0.4642346220169732,0.29196478750043237,0.4642346220169732,0.4500298461576043
18,33,0.41887401972040106,0.5814626536239063,0.41887401972040106,0.6449383632778822,0.5048289035794749,0.41887401972040106,0.41887401972040106,0.4490539680475042,0.41887401972040106,0.41573750512178753
18,34,0.41563483293860254,0.5666264852959084,0.41563483293860254,0.6148488085925764,0.5171338317561942,0.41563483293860254,0.4156348329386026,0.4311719196575392,0.41563483293860254,0.3696416232005637
18,35,0.5245561822534603,0.4263788046249593,0.5245561822534603,0.600355739590588,0.4350157091076524,0.5245561822534603,0.5245561822534603,0.3378984749667926,0.5245561822534603,0.5186132551368947
18,36,0.44775954079337493,0.5648583042738877,0.44775954079337493,0.644782055769088,0.4527133550076756,0.44775954079337493,0.447759540793375,0.39670825754226247,0.44775954079337493,0.4458513391167742
18,37,0.4557472055300161,0.5315346637704466,0.4557472055300161,0.6189032673189006,0.4566672610275625,0.4557472055300161,0.45574720553001613,0.35227118424091247,0.4557472055300161,0.4526088153184227
18,38,0.5773862983458478,0.5699151535293652,0.5773862983458478,0.6656693379500433,0.5731145374528785,0.5773862983458478,0.5773862983458478,0.49448844596714087,0.5773862983458478,0.5781532444494918
18,39,0.4862331774017425,0.5458796784818718,0.4862331774017425,0.6730991191703519,0.5174382026308828,0.4862331774017425,0.48623317740174254,0.42470898193917583,0.4862331774017425,0.47378401849510987
18,40,0.5150687976398485,0.5209485775559617,0.5150687976398485,0.6238562183039504,0.48335130241647917,0.5150687976398485,0.5150687976398485,0.4421986270406371,0.5150687976398485,0.5332510233272745
18,41,0.456229951967891,0.5270127933472075,0.456229951967891,0.6333144630000989,0.44520358021167095,0.456229951967891,0.45622995196789096,0.398354750996187,0.456229951967891,0.4552973875124937
18,42,0.3859209765918622,0.5083668630529727,0.3859209765918622,0.6476456886189335,0.5397216222614851,0.3859209765918622,0.3859209765918622,0.39888122437779894,0.3859209765918622,0.3479563734676506
18,43,0.5102505328563545,0.5293170651072006,0.5102505328563545,0.6565264557842343,0.6040206326955311,0.5102505328563545,0.5102505328563545,0.49505508470456794,0.5102505328563545,0.5068389554679944
18,44,0.5214223726536734,0.4938459553425089,0.5214223726536734,0.6029708516242162,0.4120766497391676,0.5214223726536734,0.5214223726536734,0.3788315272721177,0.5214223726536734,0.522753482590711
18,45,0.47274963728969516,0.4658105355325053,0.47274963728969516,0.6108061392506765,0.47163303945464297,0.47274963728969516,0.47274963728969516,0.36938547188861387,0.47274963728969516,0.46037909632335716
18,46,0.5100640319707308,0.5462835643798633,0.5100640319707308,0.6409859647538905,0.45173429349629035,0.5100640319707308,0.5100640319707308,0.4096426521833807,0.5100640319707308,0.5065482835448858
18,47,0.4194062952923255,0.5178863909239955,0.4194062952923255,0.6225007657975024,0.5378530564655882,0.4194062952923255,0.4194062952923254,0.44207585181026987,0.4194062952923255,0.41792009997826424
18,48,0.41512151410841563,0.5658415956969465,0.41512151410841563,0.6417417236901264,0.5378059487702425,0.41512151410841563,0.4151215141084157,0.45211708133889666,0.41512151410841563,0.3918985901286951
18,49,0.4511481513041634,0.569141268351012,0.4511481513041634,0.6503075871707085,0.5565412818438632,0.4511481513041634,0.4511481513041634,0.4950510679064976,0.4511481513041634,0.4704528519418274
18,50,0.48901619435418053,0.4922279506299928,0.48901619435418053,0.5953553501679499,0.44752777207130623,0.48901619435418053,0.4890161943541805,0.4036740655703759,0.48901619435418053,0.5056821009371301
18,51,0.46380428539449026,0.47035637576117106,0.46380428539449026,0.6200380374860124,0.5097615941923599,0.46380428539449026,0.46380428539449026,0.4039300266701521,0.46380428539449026,0.4546028541872137
18,52,0.38716320072689814,0.5725208306749734,0.38716320072689814,0.6440980324524707,0.5411515341437301,0.38716320072689814,0.38716320072689814,0.46158772416652316,0.38716320072689814,0.36108050993270707
18,53,0.45324733167598136,0.4827257244070501,0.45324733167598136,0.6081520506578243,0.5128651866344113,0.45324733167598136,0.4532473316759813,0.40551642754444966,0.45324733167598136,0.39993174937062037
18,54,0.3711194783030334,0.47300519313280065,0.3711194783030334,0.6287881602035761,0.5280201650216544,0.3711194783030334,0.3711194783030333,0.3870934328583864,0.3711194783030334,0.3321115084841537
18,55,0.40475719433903373,0.5966334553244225,0.40475719433903373,0.6389230172969286,0.5283637830996571,0.40475719433903373,0.4047571943390337,0.4541260732401916,0.40475719433903373,0.3600502406828815
18,56,0.419479055727524,0.5260653064244268,0.419479055727524,0.6548199723758623,0.544351777510106,0.419479055727524,0.4194790557275239,0.42044424494595023,0.419479055727524,0.3720153840387945
18,57,0.4832469330268536,0.5522479010290038,0.4832469330268536,0.6565993268618858,0.4628531551687576,0.4832469330268536,0.4832469330268536,0.414602045643625,0.4832469330268536,0.4686277768469791
18,58,0.5044642662165866,0.5800004246114212,0.5044642662165866,0.6572927902432764,0.5070457973356192,0.5044642662165866,0.5044642662165866,0.43459726097336393,0.5044642662165866,0.49010886457694924
18,59,0.33097625454369406,0.4716202367641491,0.33097625454369406,0.48940570457479576,0.39233380167390386,0.33097625454369406,0.33097625454369406,0.29534164384856665,0.33097625454369406,0.28022229047378283
18,60,0.45269665691354694,0.578811146480944,0.45269665691354694,0.6680779333860123,0.5618918411838992,0.45269665691354694,0.45269665691354694,0.5169513613097366,0.45269665691354694,0.47323802721076813
18,61,0.551203785624155,0.5981724896495064,0.551203785624155,0.6622651293098114,0.584084682038689,0.551203785624155,0.5512037856241548,0.5546189490098525,0.551203785624155,0.5650209399677009
18,62,0.4275107670111435,0.551342096002481,0.4275107670111435,0.634925079810335,0.5555604458251086,0.4275107670111435,0.4275107670111435,0.4563199844910587,0.4275107670111435,0.4112709088505913
18,63,0.503101053465167,0.5499001526868241,0.503101053465167,0.6475896114614672,0.5609201990704492,0.503101053465167,0.503101053465167,0.4525528664858852,0.503101053465167,0.47590368316325826
18,64,0.5228860375512611,0.5729796239640172,0.5228860375512611,0.6643034944232836,0.5287558477655186,0.5228860375512611,0.5228860375512611,0.47902615343522364,0.5228860375512611,0.516808924173883
18,65,0.4685702332877969,0.5415467836567422,0.4685702332877969,0.6153892376615698,0.5116515936572668,0.4685702332877969,0.4685702332877969,0.434368955841819,0.4685702332877969,0.4659162702536736
18,66,0.48943036199106377,0.47124537100090663,0.48943036199106377,0.6207433092767971,0.5051172439790841,0.48943036199106377,0.48943036199106377,0.40631948709525934,0.48943036199106377,0.4862183792740115
18,67,0.4807567233940968,0.37120502469087835,0.4807567233940968,0.5579584993892523,0.4814474644156952,0.4807567233940968,0.48075672339409675,0.35579300067607594,0.4807567233940968,0.4386856706722862
18,68,0.577624837346045,0.629593697434037,0.577624837346045,0.7048678774123598,0.6176989475690973,0.577624837346045,0.577624837346045,0.5812597733197389,0.577624837346045,0.5761155335563065
18,69,0.3739647551425505,0.5396778966996025,0.3739647551425505,0.6266977691243218,0.5081507987977208,0.3739647551425505,0.37396475514255056,0.4053885114382524,0.3739647551425505,0.32804961995871235
18,70,0.3796930364546507,0.5625273450296122,0.3796930364546507,0.64531580674144,0.5203378562505765,0.3796930364546507,0.3796930364546507,0.42706950939803123,0.3796930364546507,0.31430753074185896
18,71,0.5030173278558262,0.46792201459553295,0.5030173278558262,0.6223035437053901,0.5287549179855746,0.5030173278558262,0.5030173278558261,0.44868904051823977,0.5030173278558262,0.4926715158771371
18,72,0.4359885192768226,0.47520174209531607,0.4359885192768226,0.6064395593887071,0.531207059110791,0.4359885192768226,0.4359885192768226,0.42702152404212107,0.4359885192768226,0.4073841520346376
18,73,0.4320565750947628,0.5163187406189564,0.4320565750947628,0.6360151964802461,0.5565610822303906,0.4320565750947628,0.4320565750947628,0.42808682597435366,0.4320565750947628,0.3946518531871248
18,74,0.46365681309479684,0.5829922804474843,0.46365681309479684,0.6450166003373086,0.5424383720211476,0.46365681309479684,0.46365681309479684,0.49252279311517977,0.46365681309479684,0.47307576565338394
18,75,0.49789770663382815,0.4163927362086279,0.49789770663382815,0.5904319297706431,0.48691030291348025,0.49789770663382815,0.4978977066338281,0.34415827432821455,0.49789770663382815,0.4606754246742053
18,76,0.5437788759265456,0.5562656439733838,0.5437788759265456,0.6738722702035665,0.6123713827855521,0.5437788759265456,0.5437788759265456,0.527437864878109,0.5437788759265456,0.5633984415413018
18,77,0.5019451568452005,0.5167135069773914,0.5019451568452005,0.6324912774035588,0.4458462213729525,0.5019451568452005,0.5019451568452005,0.39377743441175606,0.5019451568452005,0.47965074135944236
18,78,0.4467116232611487,0.575226558405673,0.4467116232611487,0.6032580784898882,0.46767358902388256,0.4467116232611487,0.44671162326114877,0.4327056622937924,0.4467116232611487,0.4389505982172043
18,79,0.3907157312985935,0.44970466882842125,0.3907157312985935,0.5956681893546776,0.5733167226308039,0.3907157312985935,0.3907157312985935,0.4052106721075446,0.3907157312985935,0.33035250862670107
18,80,0.5082185374074593,0.4596729545152325,0.5082185374074593,0.5992639370628371,0.37548109754289183,0.5082185374074593,0.5082185374074593,0.3241893235735697,0.5082185374074593,0.4987986749798037
18,81,0.45017420223479543,0.5739625059644544,0.45017420223479543,0.6399150184822472,0.5114975708948544,0.45017420223479543,0.45017420223479543,0.46292821681290586,0.45017420223479543,0.43248931930138323
18,82,0.47661894988385745,0.47915723086461753,0.47661894988385745,0.5932035255776122,0.3859557964879132,0.47661894988385745,0.47661894988385745,0.3329842517465872,0.47661894988385745,0.46948239407712156
18,83,0.46536914583988265,0.4810309291112306,0.46536914583988265,0.6171038284753019,0.37697538930199104,0.46536914583988265,0.46536914583988265,0.2857940278178239,0.46536914583988265,0.41978245568734407
18,84,0.45138185819372173,0.5267789596214971,0.45138185819372173,0.6186939924023187,0.483628299547681,0.45138185819372173,0.4513818581937217,0.4214617898796984,0.45138185819372173,0.45150098580196185
18,85,0.4722852900423302,0.5543280518981948,0.4722852900423302,0.6747542087001467,0.5091538624352043,0.4722852900423302,0.47228529004233016,0.43698801871382276,0.4722852900423302,0.45942851747707375
18,86,0.530964768988406,0.5899921941759505,0.530964768988406,0.6266298229326108,0.4292545776378885,0.530964768988406,0.530964768988406,0.42754901757481856,0.530964768988406,0.5328020377387701
18,87,0.5262604305057463,0.5998232664970705,0.5262604305057463,0.6866733077972588,0.5418103714304816,0.5262604305057463,0.5262604305057463,0.4864577657474553,0.5262604305057463,0.5480369963122407
18,88,0.4224228332839126,0.5282965075164898,0.4224228332839126,0.6075372865584016,0.4503327254720561,0.4224228332839126,0.4224228332839126,0.36730977215085003,0.4224228332839126,0.40602804926926533
18,89,0.5741547314308261,0.5934717007213788,0.5741547314308261,0.6676124817234788,0.5689697572328547,0.5741547314308261,0.5741547314308261,0.5317752915406143,0.5741547314308261,0.5881495238561277
18,90,0.4706629088952931,0.4799595805724761,0.4706629088952931,0.6102619001207571,0.4292086618314315,0.4706629088952931,0.47066290889529305,0.38233042315035937,0.4706629088952931,0.4710162276417552
18,91,0.45513677986102663,0.5651250644698214,0.45513677986102663,0.6399961728951331,0.5719815307397491,0.45513677986102663,0.45513677986102663,0.4826304497545669,0.45513677986102663,0.4141219666362629
18,92,0.4422829009353201,0.5672765400263804,0.4422829009353201,0.6493400716912477,0.5977370244563229,0.4422829009353201,0.4422829009353201,0.5055084571768174,0.4422829009353201,0.42404432380166446
18,93,0.4050645909158364,0.5013685831455306,0.4050645909158364,0.6504882106338754,0.5577678047959828,0.4050645909158364,0.40506459091583646,0.41752629919051054,0.4050645909158364,0.3532862098687016
18,94,0.3602616327720434,0.47217170305999456,0.3602616327720434,0.5622997306046189,0.43645143239738343,0.3602616327720434,0.3602616327720434,0.34604747620973453,0.3602616327720434,0.2843341308493284
18,95,0.47549093082526966,0.500497901009523,0.47549093082526966,0.6087911127650214,0.5952376693358605,0.47549093082526966,0.47549093082526966,0.48325718205520385,0.47549093082526966,0.43115849372785064
18,96,0.49928452238721505,0.47538378687091953,0.49928452238721505,0.6001397438794103,0.43383565268241686,0.49928452238721505,0.4992845223872151,0.3535564577255371,0.49928452238721505,0.48095563622376525
18,97,0.5017090339003226,0.5828665903092226,0.5017090339003226,0.6680352702812508,0.5313317603450016,0.5017090339003226,0.5017090339003226,0.4692941973793354,0.5017090339003226,0.501757976649895
18,98,0.45814160927683467,0.5596935630876931,0.45814160927683467,0.6476554928165577,0.504869088828648,0.45814160927683467,0.45814160927683467,0.4611572800870126,0.45814160927683467,0.46291025794748786
18,99,0.512081995713732,0.4995101178285156,0.512081995713732,0.617644222745122,0.4342796244703551,0.512081995713732,0.512081995713732,0.3980868800141576,0.512081995713732,0.5232693844017935
19,0,0.45511308393385475,0.48900703674229096,0.45511308393385475,0.5951110302543573,0.38743004473874826,0.45511308393385475,0.4551130839338547,0.3664136967655784,0.45511308393385475,0.47848239431307227
19,1,0.4564064169314183,0.4998716644636643,0.4564064169314183,0.6075448072067333,0.4837883945905263,0.4564064169314183,0.45640641693141826,0.38783315851020994,0.4564064169314183,0.45894687547519647
19,2,0.41089611213024246,0.5339366639540832,0.41089611213024246,0.6260486673647578,0.5390220916748911,0.41089611213024246,0.41089611213024246,0.43460304298292135,0.41089611213024246,0.3760658264753886
19,3,0.5035036983766803,0.5574274706683496,0.5035036983766803,0.6212849009206178,0.5449275601518074,0.5035036983766803,0.5035036983766803,0.49053127360988286,0.5035036983766803,0.5041170906323177
19,4,0.4366093525687268,0.5586124889971613,0.4366093525687268,0.6694244042786612,0.48987512124759897,0.4366093525687268,0.43660935256872685,0.397404967745913,0.4366093525687268,0.4580639205602969
19,5,0.4216820335528753,0.4979477570976683,0.4216820335528753,0.5977436084763826,0.5734412645879308,0.4216820335528753,0.4216820335528753,0.45793284772862775,0.4216820335528753,0.37200997479193765
19,6,0.4251820613839741,0.4972887838427209,0.4251820613839741,0.6188126658126142,0.5469745045056704,0.4251820613839741,0.4251820613839741,0.43047930550426217,0.4251820613839741,0.42417041695179697
19,7,0.43194841015661334,0.528806858419655,0.43194841015661334,0.6350546070729048,0.561642959672813,0.43194841015661334,0.43194841015661334,0.46219260473827334,0.43194841015661334,0.4070101511813776
19,8,0.48614452675655817,0.5394951091262501,0.48614452675655817,0.6265423800091278,0.47739103346294454,0.48614452675655817,0.48614452675655817,0.4000776032433392,0.48614452675655817,0.48470558399034847
19,9,0.4808055091265096,0.4604169184103227,0.4808055091265096,0.5921398024125815,0.3505926963995996,0.4808055091265096,0.4808055091265096,0.2995102134149167,0.4808055091265096,0.4739653956972293
19,10,0.45025560471402126,0.564967179219692,0.45025560471402126,0.6285444934387105,0.3631519391977384,0.45025560471402126,0.45025560471402126,0.35979723925206863,0.45025560471402126,0.48088712961980074
19,11,0.5025719373501988,0.5175276027576096,0.5025719373501988,0.6396303551708737,0.6080548142967707,0.5025719373501988,0.5025719373501987,0.5025511334932999,0.5025719373501988,0.49886719704665405
19,12,0.47729832605465694,0.5784712547619708,0.47729832605465694,0.6464244512334129,0.5830146382231269,0.47729832605465694,0.47729832605465694,0.5283773598271855,0.47729832605465694,0.47877928795380614
19,13,0.4088026931211095,0.5369617457110164,0.4088026931211095,0.6177037207444984,0.4933153045665433,0.4088026931211095,0.4088026931211095,0.4006558347680743,0.4088026931211095,0.38999106533681294
19,14,0.391573709712626,0.5474009117263785,0.391573709712626,0.6444448557306599,0.46271617545641536,0.391573709712626,0.391573709712626,0.3682306118727666,0.391573709712626,0.3460357500034234
19,15,0.4920100585958463,0.5827183188901918,0.4920100585958463,0.6419185583534517,0.47348143627104194,0.4920100585958463,0.49201005859584623,0.43765188516245435,0.4920100585958463,0.48108535791694174
19,16,0.5237612071281438,0.5049380880732715,0.5237612071281438,0.6122843421610304,0.44937592386297787,0.5237612071281438,0.5237612071281438,0.425850966061344,0.5237612071281438,0.5361044478930255
19,17,0.4350805471027176,0.5415936492156253,0.4350805471027176,0.6172864104392107,0.545309162387677,0.4350805471027176,0.43508054710271754,0.46151169170177214,0.4350805471027176,0.40407159507570906
19,18,0.497997972929587,0.37758438051102106,0.497997972929587,0.5503840995123608,0.37292659736343914,0.497997972929587,0.497997972929587,0.29171622830508026,0.497997972929587,0.4871214808483981
19,19,0.5089043254173758,0.5222420070778284,0.5089043254173758,0.63698340111702,0.4972629161014757,0.5089043254173758,0.5089043254173758,0.44000507593809596,0.5089043254173758,0.4919122183811678
19,20,0.5114649723552163,0.46339790044616214,0.5114649723552163,0.5901180834755464,0.4591994494858005,0.5114649723552163,0.5114649723552163,0.4004902925431358,0.5114649723552163,0.4790691561926745
19,21,0.4942967620305384,0.43838363585138784,0.4942967620305384,0.571145031915277,0.35399238084323065,0.4942967620305384,0.49429676203053835,0.3086433668147061,0.4942967620305384,0.4888292950534836
19,22,0.4586806683886946,0.5664516029190703,0.4586806683886946,0.6636454917046459,0.5393714990034644,0.4586806683886946,0.45868066838869465,0.43696238297471857,0.4586806683886946,0.4497660148902358
19,23,0.47901716356406443,0.5036217268320078,0.47901716356406443,0.6038632168153929,0.4984341256769165,0.47901716356406443,0.4790171635640645,0.4198140643994328,0.47901716356406443,0.432769205825725
19,24,0.42128245517311363,0.48004776984852204,0.42128245517311363,0.6077964781259328,0.5357378409778802,0.42128245517311363,0.42128245517311363,0.41339893538876715,0.42128245517311363,0.3871619140535935
19,25,0.4424440332400891,0.48792818817701944,0.4424440332400891,0.6143936506108735,0.5880731274713614,0.4424440332400891,0.4424440332400891,0.44899525750217306,0.4424440332400891,0.3956542743929532
19,26,0.5384388361192465,0.5294853644924826,0.5384388361192465,0.6195039080271801,0.5162137613398106,0.5384388361192465,0.5384388361192465,0.4654169544279996,0.5384388361192465,0.5468753917149429
19,27,0.48378227513052974,0.527917566162049,0.48378227513052974,0.6117632699584118,0.5164546365701683,0.48378227513052974,0.48378227513052974,0.4537195139850308,0.48378227513052974,0.4698341797741258
19,28,0.33272445641775383,0.41502592482547607,0.33272445641775383,0.5793449045294886,0.39330478202082897,0.33272445641775383,0.33272445641775383,0.2860158419920982,0.33272445641775383,0.2740695037485791
19,29,0.385569998094104,0.5453437717022631,0.385569998094104,0.6402291383141375,0.525684333603878,0.385569998094104,0.3855699980941041,0.39842776843348804,0.385569998094104,0.3438877808450011
19,30,0.4563431348670886,0.5260807240578655,0.4563431348670886,0.5997967657657949,0.527322950901689,0.4563431348670886,0.4563431348670886,0.4346670203706157,0.4563431348670886,0.4161650152698756
19,31,0.44604386274092367,0.4814107954526473,0.44604386274092367,0.6251542399240703,0.5194743193478204,0.44604386274092367,0.44604386274092367,0.40988339050166367,0.44604386274092367,0.46142102891624365
19,32,0.4680316388019599,0.4403450608713014,0.4680316388019599,0.601695458035153,0.36783795186369916,0.4680316388019599,0.4680316388019599,0.30013857391472876,0.4680316388019599,0.4522120629319822
19,33,0.4160447260160744,0.5825419055750798,0.4160447260160744,0.6404226508844997,0.500028368446215,0.4160447260160744,0.41604472601607434,0.44333045501166585,0.4160447260160744,0.41044898931857465
19,34,0.42356414064675757,0.5660765287014197,0.42356414064675757,0.6161051867573102,0.5081018742097346,0.42356414064675757,0.4235641406467575,0.4233050311628199,0.42356414064675757,0.38164308024290955
19,35,0.5317288929457968,0.43910191883759275,0.5317288929457968,0.5992539495322797,0.42837223907080396,0.5317288929457968,0.5317288929457968,0.3473704694869601,0.5317288929457968,0.5239288612742897
19,36,0.5285761266042723,0.6159027019568509,0.5285761266042723,0.6739281589839834,0.5201641005891938,0.5285761266042723,0.5285761266042723,0.4669792119658238,0.5285761266042723,0.5057907670110984
19,37,0.5797871139317834,0.6078735269221969,0.5797871139317834,0.6762731036811632,0.5495221740602731,0.5797871139317834,0.5797871139317834,0.479527180002728,0.5797871139317834,0.5716019833070793
19,38,0.5560247452385823,0.5667909801954285,0.5560247452385823,0.6665111237012145,0.5585108871287087,0.5560247452385823,0.5560247452385823,0.4793039560313953,0.5560247452385823,0.5612637291346063
19,39,0.4653849431246639,0.535941780546123,0.4653849431246639,0.6591391476355761,0.49643840291111935,0.4653849431246639,0.46538494312466394,0.3992980459652594,0.4653849431246639,0.4536972449596189
19,40,0.4902945663938042,0.5003669118783053,0.4902945663938042,0.6090878102646614,0.4685496987450536,0.4902945663938042,0.4902945663938042,0.4188652473787573,0.4902945663938042,0.5050884939192191
19,41,0.5234228664582107,0.6157313988813171,0.5234228664582107,0.6688208787543943,0.5496143634066999,0.5234228664582107,0.5234228664582106,0.5047014326971722,0.5234228664582107,0.5096472215853807
19,42,0.36497479914913966,0.4750307862841004,0.36497479914913966,0.631123074831603,0.5134873423956209,0.36497479914913966,0.36497479914913966,0.3758380500398485,0.36497479914913966,0.32918212170263716
19,43,0.4970401928458186,0.5236080161459752,0.4970401928458186,0.6516150481584164,0.5876133723210812,0.4970401928458186,0.4970401928458186,0.48493023203266683,0.4970401928458186,0.49805372709367723
19,44,0.49949648477889796,0.5506293658251158,0.49949648477889796,0.6313413156190992,0.39213910741564395,0.49949648477889796,0.49949648477889796,0.36197712505701796,0.49949648477889796,0.5082194462093724
19,45,0.4803379094969838,0.47516590861326197,0.4803379094969838,0.6142348216800853,0.4785520347026317,0.4803379094969838,0.48033790949698374,0.38331059769624554,0.4803379094969838,0.4699503188802718
19,46,0.4961379820343985,0.5419434972516511,0.4961379820343985,0.6267847852768355,0.4550949332078621,0.4961379820343985,0.4961379820343985,0.4069623421801376,0.4961379820343985,0.4950779881373244
19,47,0.42743531174501176,0.5227771472945562,0.42743531174501176,0.6359922765433453,0.55987165898935,0.42743531174501176,0.42743531174501176,0.45366609360919613,0.42743531174501176,0.42130326526748285
19,48,0.42218113482675906,0.5686174853007706,0.42218113482675906,0.6555772001470733,0.5489499710837709,0.42218113482675906,0.42218113482675906,0.45758025345018727,0.42218113482675906,0.4028196292891423
19,49,0.477991362230532,0.5848499202790762,0.477991362230532,0.6751597164911245,0.6033540782597049,0.477991362230532,0.477991362230532,0.5269167478835567,0.477991362230532,0.4948496230546854
19,50,0.4740315404870935,0.49203188281861093,0.4740315404870935,0.5792991876864862,0.4273332371691401,0.4740315404870935,0.47403154048709345,0.39227092649441925,0.4740315404870935,0.48717383326143504
19,51,0.5532998994642212,0.5585708575656825,0.5532998994642212,0.6781565616664964,0.6169303058286089,0.5532998994642212,0.5532998994642211,0.5262876403806218,0.5532998994642212,0.5379450347840694
19,52,0.38001734541868987,0.5662836940047936,0.38001734541868987,0.6443821704483057,0.5223418259052708,0.38001734541868987,0.3800173454186898,0.4432623185128667,0.38001734541868987,0.3527819914072891
19,53,0.45800017711543994,0.4807711201486909,0.45800017711543994,0.6057593318895729,0.5240576724022912,0.45800017711543994,0.45800017711543994,0.4157954774873117,0.45800017711543994,0.40223440721023324
19,54,0.3718032219584489,0.4692003040937039,0.3718032219584489,0.6284554575249679,0.5349927598137273,0.3718032219584489,0.37180322195844884,0.38331311983503036,0.3718032219584489,0.3269042543335994
19,55,0.40497436054217395,0.6094238477438308,0.40497436054217395,0.6598186856228052,0.5158578310591346,0.40497436054217395,0.404974360542174,0.4566614761154678,0.40497436054217395,0.3713529626298695
19,56,0.4199607799881483,0.5377594096371283,0.4199607799881483,0.6520630069589323,0.5369911833797454,0.4199607799881483,0.4199607799881483,0.423639476567343,0.4199607799881483,0.37973403585618326
19,57,0.5104673273586763,0.5508627139345319,0.5104673273586763,0.6635276435740572,0.5052778020876345,0.5104673273586763,0.5104673273586764,0.43933753606164805,0.5104673273586763,0.48476846982748983
19,58,0.49475200260785296,0.5719185897259231,0.49475200260785296,0.6548321897783029,0.49866033657969433,0.49475200260785296,0.49475200260785296,0.42995747709405907,0.49475200260785296,0.4878379841061148
19,59,0.3839595113732552,0.4965170234557654,0.3839595113732552,0.5758253571374735,0.48435211312865495,0.3839595113732552,0.3839595113732552,0.38050478997569853,0.3839595113732552,0.3413645941405674
19,60,0.46249366830887184,0.5585073921002863,0.46249366830887184,0.6589944560249935,0.5896138153426442,0.46249366830887184,0.46249366830887184,0.5213694089908638,0.46249366830887184,0.47131205225002154
19,61,0.5430694849146617,0.6032326673547719,0.5430694849146617,0.6658575747208784,0.5701201784378324,0.5430694849146617,0.5430694849146617,0.5515401977528968,0.5430694849146617,0.5639648109210493
19,62,0.42988993102440837,0.5514832116492776,0.42988993102440837,0.6439806273141024,0.5555367861457782,0.42988993102440837,0.4298899310244084,0.45980783900356054,0.42988993102440837,0.41582486909247296
19,63,0.5078591956412876,0.5506118965129845,0.5078591956412876,0.6454205393152903,0.5481487535417284,0.5078591956412876,0.5078591956412875,0.44563080645702846,0.5078591956412876,0.48296454212754236
19,64,0.5093308521064703,0.578392688001856,0.5093308521064703,0.6613247803978545,0.508517378933911,0.5093308521064703,0.5093308521064703,0.4677404323762635,0.5093308521064703,0.5089034321625845
19,65,0.45173358009311665,0.5357929816847271,0.45173358009311665,0.6108704366174688,0.4909883422115986,0.45173358009311665,0.4517335800931166,0.4250249548001566,0.45173358009311665,0.4598907244324736
19,66,0.4985090615548636,0.4816263044498119,0.4985090615548636,0.6217670302342656,0.5095208942922835,0.4985090615548636,0.4985090615548636,0.4222057940633279,0.4985090615548636,0.49339362767174055
19,67,0.4900123525474469,0.36724456345279405,0.4900123525474469,0.5477937536110049,0.4972704195073529,0.4900123525474469,0.49001235254744685,0.36398129779553123,0.4900123525474469,0.44825781658147296
19,68,0.568917188124196,0.6093437174531571,0.568917188124196,0.6867299861090717,0.5923321247714208,0.568917188124196,0.568917188124196,0.5561767003766724,0.568917188124196,0.5658591516272188
19,69,0.37616894099556164,0.5375861406071036,0.37616894099556164,0.6209827550533611,0.4926567392762372,0.37616894099556164,0.3761689409955616,0.39037449754095804,0.37616894099556164,0.327000492674181
19,70,0.36354114909263646,0.5382580373349386,0.36354114909263646,0.6235349944119246,0.4875136411754275,0.36354114909263646,0.36354114909263646,0.38839342842840346,0.36354114909263646,0.2946240140199001
19,71,0.4944873516251643,0.4708051925746385,0.4944873516251643,0.6350586735731603,0.5240763797472043,0.4944873516251643,0.4944873516251642,0.4442617024423563,0.4944873516251643,0.4875880590961364
19,72,0.43252138696815073,0.48247737157160525,0.43252138696815073,0.6033682033972383,0.5203256470548117,0.43252138696815073,0.4325213869681507,0.42355676798718667,0.43252138696815073,0.40987397887662036
19,73,0.43983469349504056,0.5549389381301517,0.43983469349504056,0.6633821068555891,0.5753092691631841,0.43983469349504056,0.43983469349504056,0.4579297855833845,0.43983469349504056,0.40576514632542393
19,74,0.4908450553058294,0.590262058138332,0.4908450553058294,0.6493539934186183,0.5626941284627156,0.4908450553058294,0.4908450553058294,0.5111072654924387,0.4908450553058294,0.5032980320133822
19,75,0.48761451056805827,0.4247759879259271,0.48761451056805827,0.6035235714709588,0.4697859248850262,0.48761451056805827,0.48761451056805827,0.33817879745138424,0.48761451056805827,0.4614668354652066
19,76,0.5210496496580399,0.5453184575255194,0.5210496496580399,0.66179749851189,0.5737511911478551,0.5210496496580399,0.5210496496580399,0.49851007125578856,0.5210496496580399,0.539379667830193
19,77,0.49325990259765906,0.5077531756648244,0.49325990259765906,0.629987068750702,0.4367519267912041,0.49325990259765906,0.493259902597659,0.3817845303559795,0.49325990259765906,0.47339922208101637
19,78,0.47133392179767897,0.5807332231866662,0.47133392179767897,0.6253754596961054,0.4881532987448989,0.47133392179767897,0.47133392179767897,0.45613532108033084,0.47133392179767897,0.4674478150426687
19,79,0.39251058162536034,0.45777627026873885,0.39251058162536034,0.6002979705735081,0.5758873125840106,0.39251058162536034,0.39251058162536034,0.4048814005674258,0.39251058162536034,0.3342041769034374
19,80,0.5195675855699423,0.4668921287482879,0.5195675855699423,0.6084566487507963,0.39012982049609435,0.5195675855699423,0.5195675855699423,0.3477679841057625,0.5195675855699423,0.5138733869955908
19,81,0.43194878185743174,0.5776756584065258,0.43194878185743174,0.6424319557727372,0.5148003176259548,0.43194878185743174,0.4319487818574317,0.46421646319798915,0.43194878185743174,0.4177243160778749
19,82,0.45698738531055094,0.47397739628829527,0.45698738531055094,0.5877620296607816,0.3761589811581831,0.45698738531055094,0.45698738531055094,0.324441476549135,0.45698738531055094,0.45884075826054393
19,83,0.46986189363167774,0.492797410117905,0.46986189363167774,0.6231090123714196,0.37482624743252235,0.46986189363167774,0.46986189363167774,0.295243234890773,0.46986189363167774,0.43033370223234607
19,84,0.5140463416136815,0.5720014080410896,0.5140463416136815,0.6483953604206254,0.5772250524846749,0.5140463416136815,0.5140463416136816,0.5264117681051861,0.5140463416136815,0.5222026073974569
19,85,0.45999277227758656,0.5451395587584751,0.45999277227758656,0.653441895479725,0.5002412063369529,0.45999277227758656,0.4599927722775865,0.4234694004171694,0.45999277227758656,0.4455833079993343
19,86,0.5502111585886631,0.5936975483393595,0.5502111585886631,0.6397617440804075,0.4299172982509972,0.5502111585886631,0.5502111585886632,0.4302393426067071,0.5502111585886631,0.5496507120908254
19,87,0.4868932251299861,0.582503574803473,0.4868932251299861,0.6567651271766817,0.4967365847814832,0.4868932251299861,0.4868932251299861,0.4315762009781413,0.4868932251299861,0.5009737043397569
19,88,0.44109717532467835,0.5516395846490326,0.44109717532467835,0.6128999354712426,0.4628595083043219,0.44109717532467835,0.44109717532467835,0.3860974208451645,0.44109717532467835,0.43263328108549814
19,89,0.532075968584962,0.5817894318695696,0.532075968584962,0.6511222727298291,0.550379271496285,0.532075968584962,0.5320759685849619,0.505070638538873,0.532075968584962,0.5494372387262526
19,90,0.4553891647167087,0.4671685960567332,0.4553891647167087,0.5977295060832355,0.41837804465787054,0.4553891647167087,0.45538916471670865,0.37577412537160826,0.4553891647167087,0.45611341867223154
19,91,0.43639655385020254,0.5650760792535505,0.43639655385020254,0.6370925399668029,0.5551975152025543,0.43639655385020254,0.43639655385020254,0.4573450552396441,0.43639655385020254,0.39080886148269856
19,92,0.4460964584067249,0.5627207913211092,0.4460964584067249,0.6646286001691061,0.6044267273442927,0.4460964584067249,0.44609645840672496,0.5064912501898223,0.4460964584067249,0.4303797891693518
19,93,0.4023363069089053,0.4996860412324347,0.4023363069089053,0.6488470050836219,0.5577897418892259,0.4023363069089053,0.4023363069089053,0.41452346086816744,0.4023363069089053,0.34698163712829544
19,94,0.39080010738436644,0.48645386133615404,0.39080010738436644,0.5758877229386994,0.4646917241271159,0.39080010738436644,0.39080010738436644,0.3815918841661088,0.39080010738436644,0.3358231668822717
19,95,0.4670921649834969,0.49347664773061667,0.4670921649834969,0.5949709506309018,0.5857296558491871,0.4670921649834969,0.4670921649834969,0.4717629328768316,0.4670921649834969,0.415213406816034
19,96,0.49614318584585587,0.47569769171490295,0.49614318584585587,0.607331760905194,0.41548900436984976,0.49614318584585587,0.49614318584585587,0.34022084723833323,0.49614318584585587,0.47909853265971153
19,97,0.4366016397767453,0.5296244842562458,0.4366016397767453,0.6269121744944368,0.471059675959762,0.4366016397767453,0.4366016397767454,0.38493295924181903,0.4366016397767453,0.42253985740299926
19,98,0.48470084077795866,0.5859696065400779,0.48470084077795866,0.6577658566780624,0.5497105558497748,0.48470084077795866,0.4847008407779586,0.5019212223651808,0.48470084077795866,0.48191856479129513
19,99,0.4857215312252383,0.4891031247207497,0.4857215312252383,0.611458978900534,0.41958169606371365,0.4857215312252383,0.4857215312252383,0.3744312712985862,0.4857215312252383,0.49332437459448397
20,0,0.5935742406872451,0.6336319267250762,0.5935742406872451,0.6762157805181895,0.5249580811005798,0.5935742406872451,0.5935742406872451,0.5178155824965818,0.5935742406872451,0.6004913751229513
20,1,0.5133778376918197,0.5287258420490264,0.5133778376918197,0.6323128449373573,0.5560939391748894,0.5133778376918197,0.5133778376918197,0.46365834154534835,0.5133778376918197,0.49897120447344806
20,2,0.39992499077485033,0.53348801923775,0.39992499077485033,0.6130250866384198,0.5356708689692866,0.39992499077485033,0.39992499077485033,0.4272513831026479,0.39992499077485033,0.36390577803912316
20,3,0.4709891692886288,0.546463765417119,0.4709891692886288,0.6112847455785242,0.5305839531715599,0.4709891692886288,0.4709891692886287,0.46963091609030616,0.4709891692886288,0.4786759412150849
20,4,0.45156073921256856,0.5795902978295623,0.45156073921256856,0.6856054770911165,0.5153144827498688,0.45156073921256856,0.45156073921256856,0.4351193817557236,0.45156073921256856,0.4752477337016254
20,5,0.43080803204581436,0.5250728178904235,0.43080803204581436,0.6132809145440596,0.581393179613227,0.43080803204581436,0.4308080320458143,0.4791881165127813,0.43080803204581436,0.39332509687153655
20,6,0.3996374801918311,0.48320781004822383,0.3996374801918311,0.6111706788359015,0.5240373541109817,0.3996374801918311,0.3996374801918311,0.4093909152955747,0.3996374801918311,0.3978108286712049
20,7,0.4231986658170825,0.53083978979878,0.4231986658170825,0.6341968869931818,0.5647863583481015,0.4231986658170825,0.42319866581708243,0.4618745674056523,0.4231986658170825,0.4006627190705725
20,8,0.4635916725263752,0.5182403364521675,0.4635916725263752,0.619237133500855,0.4717027978173721,0.4635916725263752,0.46359167252637523,0.38355837596099995,0.4635916725263752,0.4594843268107846
20,9,0.4782528537562644,0.46725293009625,0.4782528537562644,0.584751082806364,0.34955229721435627,0.4782528537562644,0.4782528537562644,0.3000741776546194,0.4782528537562644,0.46998740793601956
20,10,0.5700213254052027,0.6681690259743489,0.5700213254052027,0.6783891065412436,0.5165975797156225,0.5700213254052027,0.5700213254052027,0.5047979754066629,0.5700213254052027,0.5761885154262814
20,11,0.4848505432825624,0.48354470249952936,0.4848505432825624,0.6223462841946321,0.5852488194281146,0.4848505432825624,0.4848505432825624,0.4688337162659462,0.4848505432825624,0.48144534802013184
20,12,0.4395710646896024,0.5517035329331041,0.4395710646896024,0.6334861065601722,0.5524296367313728,0.4395710646896024,0.4395710646896024,0.4957230283806017,0.4395710646896024,0.45283368209589825
20,13,0.44753280329416134,0.5498974429347183,0.44753280329416134,0.6358477582175412,0.5353354831622819,0.44753280329416134,0.44753280329416134,0.420943579325561,0.44753280329416134,0.4301944577516659
20,14,0.3904232027545261,0.5512273028304828,0.3904232027545261,0.6473186486016292,0.4746623744842475,0.3904232027545261,0.3904232027545261,0.3822505112514075,0.3904232027545261,0.34785521068575076
20,15,0.47857381741293814,0.5570229668057345,0.47857381741293814,0.6333388062440801,0.4676339512447516,0.47857381741293814,0.47857381741293814,0.41132917081424364,0.47857381741293814,0.46570713004072173
20,16,0.5173500184874694,0.5085449347613816,0.5173500184874694,0.6051732023561507,0.4429104775248375,0.5173500184874694,0.5173500184874695,0.4328186098950797,0.5173500184874694,0.5371160861957706
20,17,0.41953434622425845,0.5465370251507966,0.41953434622425845,0.6194657212538768,0.54022312586756,0.41953434622425845,0.41953434622425845,0.4595924808844871,0.41953434622425845,0.38147728579523665
20,18,0.49643645779156004,0.36974186778763113,0.49643645779156004,0.5518253810427929,0.3748719804360312,0.49643645779156004,0.49643645779156004,0.29812644019539075,0.49643645779156004,0.49007205285126687
20,19,0.5049918955282812,0.5285665767709659,0.5049918955282812,0.645900093764582,0.5049291845154127,0.5049918955282812,0.5049918955282813,0.445307982956725,0.5049918955282812,0.4940479028535776
20,20,0.5088211573592627,0.4381874066888008,0.5088211573592627,0.5810333686678724,0.45910725373471417,0.5088211573592627,0.5088211573592627,0.39658294773618,0.5088211573592627,0.48459817675301614
20,21,0.48396041274773977,0.43353102396352555,0.48396041274773977,0.5728562627277529,0.35090412471243737,0.48396041274773977,0.48396041274773977,0.30028643905600305,0.48396041274773977,0.47773926203028266
20,22,0.4784143577618518,0.554616289827708,0.4784143577618518,0.6577953238559566,0.5593943497711568,0.4784143577618518,0.4784143577618518,0.4560857000085369,0.4784143577618518,0.4677381327435931
20,23,0.47282165432325685,0.4849584052489049,0.47282165432325685,0.6013259009118057,0.4767046017084171,0.47282165432325685,0.47282165432325685,0.38890593732912726,0.47282165432325685,0.42228184230554056
20,24,0.4549161754253163,0.500753744091381,0.4549161754253163,0.6229343039856579,0.5556718548484836,0.4549161754253163,0.4549161754253163,0.4341572105914696,0.4549161754253163,0.4276484261160269
20,25,0.44318762072726425,0.4929156596466282,0.44318762072726425,0.6247403768980382,0.5940691388489765,0.44318762072726425,0.4431876207272643,0.454724071534535,0.44318762072726425,0.39743972514724357
20,26,0.5232956518531191,0.5128191505799167,0.5232956518531191,0.6128841647243684,0.49376332018891633,0.5232956518531191,0.523295651853119,0.4386817260889932,0.5232956518531191,0.5327668321285969
20,27,0.4770913816240222,0.534570936112799,0.4770913816240222,0.6152572118957939,0.5052241006530619,0.4770913816240222,0.4770913816240222,0.43705390361706364,0.4770913816240222,0.46155513754286326
20,28,0.34057301212311514,0.47899155939885885,0.34057301212311514,0.6399768607690426,0.4441160879020849,0.34057301212311514,0.3405730121231151,0.33266706270095403,0.34057301212311514,0.27601975778330934
20,29,0.3991525964742505,0.5429958224900528,0.3991525964742505,0.6441835413507851,0.538179392672916,0.3991525964742505,0.3991525964742505,0.4050969468788981,0.3991525964742505,0.36033016135585577
20,30,0.47923321466474955,0.5248077853483301,0.47923321466474955,0.6151932243459216,0.5299949974261766,0.47923321466474955,0.47923321466474955,0.45426210806643286,0.47923321466474955,0.4673607786263786
20,31,0.5205097542193386,0.5613758996591942,0.5205097542193386,0.670624629018772,0.6040499781566728,0.5205097542193386,0.5205097542193386,0.5193217958036198,0.5205097542193386,0.5332447190590597
20,32,0.47628432622210815,0.4692873448625935,0.47628432622210815,0.6289978252021509,0.36720505127664843,0.47628432622210815,0.47628432622210815,0.3000338854481936,0.47628432622210815,0.45594430615843745
20,33,0.4115289327735395,0.5865143321273201,0.4115289327735395,0.6402999881675621,0.4998464298823924,0.4115289327735395,0.4115289327735395,0.4446028791492126,0.4115289327735395,0.4023376539745236
20,34,0.4272564307261649,0.5882930182060762,0.4272564307261649,0.6280507451911084,0.5234089281717613,0.4272564307261649,0.4272564307261649,0.45135236322804595,0.4272564307261649,0.38818737900676453
20,35,0.5369955218414654,0.4505901173860606,0.5369955218414654,0.6194403834136282,0.44294511377481915,0.5369955218414654,0.5369955218414654,0.3632012059763724,0.5369955218414654,0.5304138796176959
20,36,0.5252203186907062,0.6307467312284165,0.5252203186907062,0.6742836316477168,0.5222292170434681,0.5252203186907062,0.5252203186907062,0.47753130325954884,0.5252203186907062,0.5091055843097341
20,37,0.5425110044350412,0.5782053956225622,0.5425110044350412,0.6553618120927297,0.5136209571540034,0.5425110044350412,0.5425110044350412,0.43127480943676083,0.5425110044350412,0.5428647519223423
20,38,0.5666666325940917,0.5714574248665267,0.5666666325940917,0.6652841926867443,0.556152677926766,0.5666666325940917,0.5666666325940917,0.4848657834730398,0.5666666325940917,0.571025879852185
20,39,0.4698240730734073,0.5441147961696032,0.4698240730734073,0.6635893735973026,0.5076751708678667,0.4698240730734073,0.46982407307340723,0.40636602867276633,0.4698240730734073,0.4602638824277825
20,40,0.5061345038439905,0.5045467573726565,0.5061345038439905,0.615354585857455,0.4811650698414185,0.5061345038439905,0.5061345038439905,0.4346481226126331,0.5061345038439905,0.5216143524606176
20,41,0.490666081361778,0.615601790143096,0.490666081361778,0.6655395847583818,0.5119941345788921,0.490666081361778,0.49066608136177803,0.4773991498870781,0.490666081361778,0.4876098520355149
20,42,0.3753180248970784,0.49444597600081736,0.3753180248970784,0.6450284132431003,0.5368093532355859,0.3753180248970784,0.3753180248970784,0.3920746018240596,0.3753180248970784,0.34226556712363365
20,43,0.49003614139982343,0.5141014531899809,0.49003614139982343,0.6548527515333669,0.5844827313601758,0.49003614139982343,0.4900361413998234,0.47011699546709895,0.49003614139982343,0.4896509925861282
20,44,0.5179206721688919,0.4908798515302109,0.5179206721688919,0.6090889673083058,0.3962091785719295,0.5179206721688919,0.5179206721688919,0.3668013292398272,0.5179206721688919,0.5195825870154033
20,45,0.4727725898152303,0.4722169418411601,0.4727725898152303,0.6115697237346842,0.4656014729077386,0.4727725898152303,0.4727725898152303,0.3724153052106753,0.4727725898152303,0.459818642978016
20,46,0.48990939142075485,0.5341647455665218,0.48990939142075485,0.6236812603005164,0.4401118388758608,0.48990939142075485,0.4899093914207549,0.38442906926612025,0.48990939142075485,0.4823581938357505
20,47,0.42792010253738777,0.5230214173084574,0.42792010253738777,0.6243079639449102,0.565169995102109,0.42792010253738777,0.42792010253738777,0.4586651788452417,0.42792010253738777,0.4071335929583426
20,48,0.423743579216832,0.5595656809799947,0.423743579216832,0.6547356595423979,0.5609653422519231,0.423743579216832,0.423743579216832,0.46269449971122606,0.423743579216832,0.4014811455396944
20,49,0.4540558738811689,0.5794312943906681,0.4540558738811689,0.6773212557419566,0.5718840529445862,0.4540558738811689,0.45405587388116897,0.4991260420320459,0.4540558738811689,0.4731014673351461
20,50,0.4610537922636608,0.4687655562459705,0.4610537922636608,0.5730953559765468,0.4289549456997318,0.4610537922636608,0.4610537922636608,0.3793322553948674,0.4610537922636608,0.4735570537989956
20,51,0.5660039829601193,0.5558344377533326,0.5660039829601193,0.6784302849534257,0.6174222544105569,0.5660039829601193,0.5660039829601193,0.528786784405865,0.5660039829601193,0.5432367277006096
20,52,0.390831237327906,0.5621284061027964,0.390831237327906,0.6374586300971687,0.5412326489393573,0.390831237327906,0.39083123732790603,0.45905808490711675,0.390831237327906,0.36176138683924314
20,53,0.46413482034723735,0.486750456527994,0.46413482034723735,0.6111912074932215,0.5169150599635128,0.46413482034723735,0.4641348203472373,0.4115299615418932,0.46413482034723735,0.4078397916513312
20,54,0.37645635865337623,0.4707089591255697,0.37645635865337623,0.6320401095449446,0.5416276378910155,0.37645635865337623,0.37645635865337623,0.3874587884182886,0.37645635865337623,0.33161962521534205
20,55,0.4195884286933332,0.6262221162338312,0.4195884286933332,0.6671149123380389,0.5419012246667204,0.4195884286933332,0.4195884286933331,0.490729090673429,0.4195884286933332,0.38956112692639133
20,56,0.4398376671015876,0.536456780613649,0.4398376671015876,0.6272128021249453,0.5648286175533443,0.4398376671015876,0.43983766710158756,0.4576520979680205,0.4398376671015876,0.4063796254265424
20,57,0.5058053627693123,0.541874380464475,0.5058053627693123,0.6496164419498459,0.497392297423692,0.5058053627693123,0.5058053627693123,0.4253826003239315,0.5058053627693123,0.47892173452907705
20,58,0.5062711038947463,0.5848753516386531,0.5062711038947463,0.6585186102999808,0.5037915131038402,0.5062711038947463,0.5062711038947463,0.43815840176461085,0.5062711038947463,0.499391268227213
20,59,0.41185723752137626,0.5099311539329303,0.41185723752137626,0.6307457291320355,0.5370542306308425,0.41185723752137626,0.41185723752137626,0.41511897159141786,0.41185723752137626,0.36929287303666836
20,60,0.4516181669890087,0.5701867338533896,0.4516181669890087,0.6595393239230194,0.585460624265023,0.4516181669890087,0.4516181669890087,0.5241729517925652,0.4516181669890087,0.45706561724064426
20,61,0.5221010054228362,0.6014744294540548,0.5221010054228362,0.6563876317575614,0.5385788501728537,0.5221010054228362,0.5221010054228361,0.5229462940085416,0.5221010054228362,0.5431664769410673
20,62,0.42766242094504375,0.5574148020898935,0.42766242094504375,0.6375999344070471,0.5619990888188464,0.42766242094504375,0.4276624209450437,0.4627292113399352,0.42766242094504375,0.40794729072426783
20,63,0.4790217168990896,0.5396192489219054,0.4790217168990896,0.6371999023500654,0.5351307052675713,0.4790217168990896,0.4790217168990896,0.4322318034896844,0.4790217168990896,0.4560310020585715
20,64,0.4968107605156717,0.570272272332915,0.4968107605156717,0.6487806335616485,0.4967387123895272,0.4968107605156717,0.4968107605156717,0.46028122195063065,0.4968107605156717,0.4998369793336865
20,65,0.5121770581980335,0.5796605076105343,0.5121770581980335,0.6412170739180987,0.575812155519067,0.5121770581980335,0.5121770581980334,0.5079214630964226,0.5121770581980335,0.518098958926033
20,66,0.4754395431871282,0.4690040372556483,0.4754395431871282,0.61871340350598,0.49494205610734177,0.4754395431871282,0.4754395431871282,0.4008583966658826,0.4754395431871282,0.4716800359117395
20,67,0.49390629032082706,0.36775969857870117,0.49390629032082706,0.5468510151168806,0.5000881950893843,0.49390629032082706,0.4939062903208271,0.3661146673515647,0.49390629032082706,0.44695973081215024
20,68,0.5644144973355092,0.5972850353709733,0.5644144973355092,0.6809720920674736,0.5870521412874341,0.5644144973355092,0.5644144973355091,0.5358446397708212,0.5644144973355092,0.5594688367065943
20,69,0.37409986839003273,0.5203783913554775,0.37409986839003273,0.6175682119850578,0.5108094126649273,0.37409986839003273,0.37409986839003273,0.3995042097957651,0.37409986839003273,0.3213008663569373
20,70,0.364862080875965,0.5524311118353509,0.364862080875965,0.6309566117023808,0.49423492461626367,0.364862080875965,0.36486208087596506,0.40623383443371786,0.364862080875965,0.29874718867460337
20,71,0.4801953622331339,0.4694544380485963,0.4801953622331339,0.6162976813410203,0.513662790544048,0.4801953622331339,0.4801953622331339,0.44072721370016316,0.4801953622331339,0.47558666022161694
20,72,0.479359314167386,0.4923064992622809,0.479359314167386,0.6144388032750384,0.5573630890851626,0.479359314167386,0.479359314167386,0.46063166184710835,0.479359314167386,0.45120461301088666
20,73,0.456903009224778,0.5556131064294968,0.456903009224778,0.6532534388618819,0.5863218549239064,0.456903009224778,0.456903009224778,0.4775350828597412,0.456903009224778,0.430917629771566
20,74,0.4994844974275051,0.5794132136079845,0.4994844974275051,0.6500409868541835,0.5591005696920814,0.4994844974275051,0.4994844974275051,0.5048758208730573,0.4994844974275051,0.5103117247633873
20,75,0.47826614206052165,0.40756901456684824,0.47826614206052165,0.580867125940046,0.4748566162679771,0.47826614206052165,0.47826614206052154,0.3382689099587236,0.47826614206052165,0.449469364581327
20,76,0.4927171264776153,0.5264241426029289,0.4927171264776153,0.6517202911416426,0.5502683581854824,0.4927171264776153,0.49271712647761534,0.47578925564381813,0.4927171264776153,0.5157486985306858
20,77,0.4905547569666723,0.5228872115613717,0.4905547569666723,0.6347429152611944,0.4299208178397002,0.4905547569666723,0.4905547569666723,0.3797017290687664,0.4905547569666723,0.4698822369034878
20,78,0.43989825433498403,0.561535804000647,0.43989825433498403,0.6114050811293594,0.44356402878656903,0.43989825433498403,0.439898254334984,0.411865633759226,0.43989825433498403,0.4340705737449767
20,79,0.392880052238833,0.46041934292631936,0.392880052238833,0.5928044194341868,0.5764737876118506,0.392880052238833,0.39288005223883304,0.41200328372768824,0.392880052238833,0.32736132563232645
20,80,0.5180160134288072,0.45746921939843005,0.5180160134288072,0.6009157119470426,0.38730324111043657,0.5180160134288072,0.5180160134288072,0.3452807245608776,0.5180160134288072,0.5129264784576936
20,81,0.46524165245917726,0.5835599751783864,0.46524165245917726,0.6477399088740458,0.5271452694645753,0.46524165245917726,0.46524165245917726,0.483956954882545,0.46524165245917726,0.462036592562093
20,82,0.5606518628762228,0.5691659148464511,0.5606518628762228,0.6443217191086817,0.5066239397355374,0.5606518628762228,0.5606518628762228,0.4681714907559723,0.5606518628762228,0.5461231718104996
20,83,0.4703997447158779,0.4904831102752922,0.4703997447158779,0.6247749589012331,0.3780978784591875,0.4703997447158779,0.4703997447158779,0.2921379579930521,0.4703997447158779,0.42826765591992855
20,84,0.4707688436285322,0.5272704799014254,0.4707688436285322,0.6232581202418114,0.5162143550090732,0.4707688436285322,0.47076884362853216,0.4500509899392645,0.4707688436285322,0.47663210557271124
20,85,0.4806033968065138,0.5888673112942775,0.4806033968065138,0.6760027196365199,0.5048846612226785,0.4806033968065138,0.4806033968065138,0.4415689595737236,0.4806033968065138,0.4652210564398704
20,86,0.5320164964540206,0.5792041385869207,0.5320164964540206,0.6344205999369535,0.4127036953126944,0.5320164964540206,0.5320164964540206,0.4101222938373341,0.5320164964540206,0.5357910939821711
20,87,0.4701690114328667,0.6041602246834304,0.4701690114328667,0.6699369873966412,0.4951915195778456,0.4701690114328667,0.4701690114328667,0.44308153152356367,0.4701690114328667,0.49307143482746646
20,88,0.4272959239381181,0.5464582801474112,0.4272959239381181,0.6042168651745544,0.471220494147355,0.4272959239381181,0.4272959239381181,0.39437368821834645,0.4272959239381181,0.4132239811458711
20,89,0.5113309742101891,0.5598052306010333,0.5113309742101891,0.6355347527277206,0.5333864746458761,0.5113309742101891,0.5113309742101892,0.49365104093036327,0.5113309742101891,0.5326564089705019
20,90,0.5413933000741636,0.6452943834818677,0.5413933000741636,0.6891033380055407,0.5611747838837984,0.5413933000741636,0.5413933000741635,0.5301015276756458,0.5413933000741636,0.5390724553762098
20,91,0.4457882255030808,0.5680673840563945,0.4457882255030808,0.63794119148238,0.5739884003399384,0.4457882255030808,0.4457882255030808,0.47982592807799296,0.4457882255030808,0.398718952229384
20,92,0.4526168341627992,0.5714402798714371,0.4526168341627992,0.6583344088589527,0.6138246661032647,0.4526168341627992,0.4526168341627992,0.5196670416544436,0.4526168341627992,0.4342507571800802
20,93,0.4250073619993341,0.5198481576367296,0.4250073619993341,0.6553846230952964,0.5828845772926776,0.4250073619993341,0.4250073619993341,0.45243075101380137,0.4250073619993341,0.382207082161791
20,94,0.35906810144421564,0.48629491704475436,0.35906810144421564,0.5738573266068259,0.4283705147705054,0.35906810144421564,0.35906810144421564,0.3354234228867028,0.35906810144421564,0.28650955101024583
20,95,0.4689916490906386,0.4710910266079938,0.4689916490906386,0.6012313994726621,0.5725401121704872,0.4689916490906386,0.46899164909063856,0.45470773281211563,0.4689916490906386,0.4184402741938698
20,96,0.4794794664569283,0.4722155332649869,0.4794794664569283,0.6031737283209171,0.4121403286487976,0.4794794664569283,0.47947946645692835,0.33862043411071624,0.4794794664569283,0.47323798128019035
20,97,0.5637581666154494,0.6171487891802283,0.5637581666154494,0.6828908581410374,0.5854368700101331,0.5637581666154494,0.5637581666154494,0.5421134204453033,0.5637581666154494,0.5623905695109073
20,98,0.44137938917103564,0.5524346429795419,0.44137938917103564,0.6400105008386702,0.506307690157741,0.44137938917103564,0.44137938917103564,0.4650242934132811,0.44137938917103564,0.4486052998652106
20,99,0.4868733391362026,0.4858952977426887,0.4868733391362026,0.6098328084586567,0.4171818112194989,0.4868733391362026,0.48687333913620257,0.37595213253896054,0.4868733391362026,0.4959791095731613
21,0,0.5382291968576784,0.6242621685868253,0.5382291968576784,0.6486216129495812,0.47157557863865485,0.5382291968576784,0.5382291968576784,0.47125628312631695,0.5382291968576784,0.5533517163847494
21,1,0.4923394784461382,0.5166668780149732,0.4923394784461382,0.618925141160158,0.5134487749206319,0.4923394784461382,0.4923394784461382,0.430696447888583,0.4923394784461382,0.4815231669363501
21,2,0.41469805395107284,0.5423420608844634,0.41469805395107284,0.6256274469471962,0.5509830460011258,0.41469805395107284,0.41469805395107284,0.44839843744375907,0.41469805395107284,0.38050524538967817
21,3,0.4792633224310386,0.5424897429533568,0.4792633224310386,0.6168185491680901,0.5305578134605705,0.4792633224310386,0.47926332243103864,0.46975714341360336,0.4792633224310386,0.4811678670419778
21,4,0.3802806025233096,0.4703329546697653,0.3802806025233096,0.6034210573803811,0.4132373531767656,0.3802806025233096,0.38028060252330964,0.33604067448306546,0.3802806025233096,0.40080833791669707
21,5,0.44308698273068703,0.5373109566639671,0.44308698273068703,0.6026614295504757,0.5937340782329927,0.44308698273068703,0.44308698273068703,0.5029747179304905,0.44308698273068703,0.40908305404058254
21,6,0.40774901422619836,0.4844710337332041,0.40774901422619836,0.6184362728381695,0.539925065268889,0.40774901422619836,0.40774901422619836,0.41684302967597775,0.40774901422619836,0.4017902050174059
21,7,0.43234538663064637,0.5470251576824383,0.43234538663064637,0.6443175819226155,0.5766881800258497,0.43234538663064637,0.43234538663064637,0.4745103269025523,0.43234538663064637,0.4067462247583502
21,8,0.5198093769523005,0.5748413606244135,0.5198093769523005,0.6497157990040223,0.5480791779926322,0.5198093769523005,0.5198093769523005,0.4921612692508227,0.5198093769523005,0.5322909225893804
21,9,0.4860638676789691,0.48064873452690793,0.4860638676789691,0.5984520760777605,0.36255521787917616,0.4860638676789691,0.48606386767896903,0.31144910424712896,0.4860638676789691,0.48000148787422814
21,10,0.5342935356674349,0.6534528092542036,0.5342935356674349,0.6678157778554937,0.5096208309263711,0.5342935356674349,0.5342935356674348,0.4993734295664142,0.5342935356674349,0.5521631671792988
21,11,0.466479323259188,0.4962351316488718,0.466479323259188,0.6155863540515295,0.5433460290999906,0.466479323259188,0.466479323259188,0.45692158579578185,0.466479323259188,0.46553711571041595
21,12,0.48711503759335617,0.5573631275363669,0.48711503759335617,0.6584343934507675,0.6098410411579744,0.48711503759335617,0.48711503759335617,0.5321608851693117,0.48711503759335617,0.49686970323414154
21,13,0.4687439104951863,0.5653307590792557,0.4687439104951863,0.6443121166856011,0.5329242747856301,0.4687439104951863,0.4687439104951863,0.4345011549764375,0.4687439104951863,0.4674735668069695
21,14,0.38847707019467737,0.5560512333433953,0.38847707019467737,0.6443029380151976,0.4727996874246738,0.38847707019467737,0.3884770701946774,0.3801353424695897,0.38847707019467737,0.34540214767504657
21,15,0.4743412601940111,0.5530918570268273,0.4743412601940111,0.6340964788384968,0.45744716215301573,0.4743412601940111,0.4743412601940111,0.4098248976837631,0.4743412601940111,0.46612725440379943
21,16,0.5189119053263147,0.5136170362536785,0.5189119053263147,0.6084087378663119,0.43453045426884424,0.5189119053263147,0.5189119053263147,0.42063887210991074,0.5189119053263147,0.5330478180723526
21,17,0.43053529657032585,0.5585749236504001,0.43053529657032585,0.626288493275419,0.5616729510738843,0.43053529657032585,0.43053529657032585,0.4810035225384159,0.43053529657032585,0.39185703979556796
21,18,0.4932634337554337,0.3833501065998315,0.4932634337554337,0.5615780908043552,0.3719408750497484,0.4932634337554337,0.4932634337554337,0.29840405965539174,0.4932634337554337,0.4905614508326146
21,19,0.49236428947576527,0.5286382966526153,0.49236428947576527,0.6400199676127152,0.4928601619635956,0.49236428947576527,0.49236428947576527,0.4398683669829774,0.49236428947576527,0.4808099129838954
21,20,0.49808950425611376,0.44616269680055354,0.49808950425611376,0.5848551753296338,0.4598663917873015,0.49808950425611376,0.49808950425611376,0.38538263318124305,0.49808950425611376,0.4620408750935877
21,21,0.46196027763449227,0.4185239936336406,0.46196027763449227,0.5584641559069397,0.3388272228761654,0.46196027763449227,0.4619602776344922,0.2871286164883782,0.46196027763449227,0.4611458503535417
21,22,0.45811856382609495,0.549674816564774,0.45811856382609495,0.6539734647221478,0.5213802442374461,0.45811856382609495,0.4581185638260949,0.41831369300068744,0.45811856382609495,0.4438456511370067
21,23,0.46036967690742686,0.4784824774283183,0.46036967690742686,0.6041292713521351,0.4783747216468559,0.46036967690742686,0.4603696769074269,0.3746474864097334,0.46036967690742686,0.4081868634071063
21,24,0.448152149782792,0.5257648704576114,0.448152149782792,0.6375764238086661,0.5648773135427255,0.448152149782792,0.44815214978279194,0.44884887169701193,0.448152149782792,0.41776172067209544
21,25,0.43041904713937656,0.473455172464032,0.43041904713937656,0.6204438913257283,0.5823937438223639,0.43041904713937656,0.43041904713937656,0.4310639805330839,0.43041904713937656,0.38144444475835704
21,26,0.5043327770520836,0.5007089620393756,0.5043327770520836,0.607047304865576,0.504928772608856,0.5043327770520836,0.5043327770520836,0.43965162345756914,0.5043327770520836,0.5158793143722845
21,27,0.47976604778790155,0.5133025146025039,0.47976604778790155,0.6235935634282499,0.47903970634220555,0.47976604778790155,0.4797660477879016,0.4083895301537029,0.47976604778790155,0.46843470632173223
21,28,0.3918328781082436,0.503733905388845,0.3918328781082436,0.6411398953295585,0.5171413321604507,0.3918328781082436,0.3918328781082435,0.3872801259899404,0.3918328781082436,0.33452510171237393
21,29,0.3941869523162676,0.5549606184712461,0.3941869523162676,0.6515793276233623,0.541933200771812,0.3941869523162676,0.3941869523162676,0.4148225916222042,0.3941869523162676,0.35231956999730574
21,30,0.45830041845148883,0.5060319547087285,0.45830041845148883,0.5905773988072169,0.5221494904271398,0.45830041845148883,0.45830041845148883,0.4282757447297981,0.45830041845148883,0.41747696286802843
21,31,0.4886106687613247,0.5354358469290497,0.4886106687613247,0.6516153393679758,0.5626174986526711,0.4886106687613247,0.48861066876132464,0.47423551881640574,0.4886106687613247,0.5024845820211039
21,32,0.46673012838639194,0.4897348160886188,0.46673012838639194,0.6399061785760588,0.3667222680036576,0.46673012838639194,0.46673012838639194,0.28915574735045446,0.46673012838639194,0.4407928374604344
21,33,0.4245575110838861,0.5895683162603813,0.4245575110838861,0.6494119970391324,0.49889309696350226,0.4245575110838861,0.42455751108388606,0.4368804998894191,0.4245575110838861,0.41671621857062674
21,34,0.41909304442763323,0.578679313807893,0.41909304442763323,0.6254582189930291,0.5091076975391288,0.41909304442763323,0.41909304442763323,0.4397470386811184,0.41909304442763323,0.3808388505140936
21,35,0.5426172179438942,0.4569406796731237,0.5426172179438942,0.6184897328780038,0.44078704686506365,0.5426172179438942,0.5426172179438943,0.365753696161514,0.5426172179438942,0.5396831752109732
21,36,0.5162803564573678,0.6011703784132709,0.5162803564573678,0.6666040173237064,0.5259040556980477,0.5162803564573678,0.5162803564573678,0.46219669700009197,0.5162803564573678,0.49716640783879107
21,37,0.544543557435164,0.5772644397512557,0.544543557435164,0.6556838700131794,0.5135111373838681,0.544543557435164,0.544543557435164,0.4316101477065266,0.544543557435164,0.5414917599298632
21,38,0.5416860144686402,0.56611980368873,0.5416860144686402,0.6522816977130312,0.5304933123023057,0.5416860144686402,0.5416860144686402,0.4694686849446683,0.5416860144686402,0.5511713931496568
21,39,0.5390715638373389,0.5938694845696499,0.5390715638373389,0.6998057395231397,0.6023293304845793,0.5390715638373389,0.5390715638373389,0.5098789105082772,0.5390715638373389,0.525049561756074
21,40,0.5267318400686606,0.5191299601969518,0.5267318400686606,0.6273035856267066,0.489395911706237,0.5267318400686606,0.5267318400686606,0.4470916280756223,0.5267318400686606,0.5400498578231043
21,41,0.46767675744560877,0.5855039447211661,0.46767675744560877,0.6554747829219729,0.4899995040072591,0.46767675744560877,0.46767675744560877,0.44751817653587567,0.46767675744560877,0.46470144813242353
21,42,0.38550829575825246,0.5109972059502651,0.38550829575825246,0.6491673130872923,0.544979194214199,0.38550829575825246,0.38550829575825246,0.4047628031814434,0.38550829575825246,0.35307633560315427
21,43,0.4972644213645081,0.5169392180380845,0.4972644213645081,0.6542002741589593,0.57903968985489,0.4972644213645081,0.4972644213645081,0.4731290071951738,0.4972644213645081,0.49878619872589736
21,44,0.5072029578464323,0.49273039913509703,0.5072029578464323,0.6042861922158307,0.3825842994847181,0.5072029578464323,0.5072029578464323,0.3597590076516999,0.5072029578464323,0.507428849350668
21,45,0.4612694716635275,0.4644244527232625,0.4612694716635275,0.6113163542101917,0.4709918367013999,0.4612694716635275,0.4612694716635275,0.365265781630152,0.4612694716635275,0.4398967718941019
21,46,0.4792097975131914,0.5264057764665959,0.4792097975131914,0.6214141737946403,0.4463611321760237,0.4792097975131914,0.47920979751319137,0.39510770248107263,0.4792097975131914,0.4790999819874089
21,47,0.44521970910136405,0.5446088064888372,0.44521970910136405,0.639314979421981,0.5870163056673687,0.44521970910136405,0.445219709101364,0.4883471806576777,0.44521970910136405,0.4347750621169126
21,48,0.4243173923552107,0.5526739376860665,0.4243173923552107,0.6511928184157838,0.5665643532728246,0.4243173923552107,0.42431739235521065,0.4645319801847154,0.4243173923552107,0.3961054048635877
21,49,0.49026492325353815,0.58192878724186,0.49026492325353815,0.6771045752849694,0.6177704740095343,0.49026492325353815,0.4902649232535381,0.5360021356972762,0.49026492325353815,0.4988286608324908
21,50,0.5704274085492861,0.6275823398382316,0.5704274085492861,0.6827540216953932,0.5875980257864604,0.5704274085492861,0.5704274085492861,0.5631538580065459,0.5704274085492861,0.5949650535878511
21,51,0.5369444129789377,0.5344179997109069,0.5369444129789377,0.6688219231391779,0.5990905041848873,0.5369444129789377,0.5369444129789377,0.49770720941536184,0.5369444129789377,0.5210364796171325
21,52,0.3950864682967544,0.5798665789910513,0.3950864682967544,0.6468022860832503,0.5564117004890474,0.3950864682967544,0.3950864682967544,0.4740163303877215,0.3950864682967544,0.3672243932552347
21,53,0.3764401896677766,0.46918795482707265,0.3764401896677766,0.5920446067042576,0.4415075793981946,0.3764401896677766,0.3764401896677766,0.3385460472366691,0.3764401896677766,0.33516211501070037
21,54,0.37521060336056566,0.4678524916510719,0.37521060336056566,0.6311766240581659,0.5402815869651985,0.37521060336056566,0.37521060336056566,0.38339461629977123,0.37521060336056566,0.32870695847276943
21,55,0.41464768849018196,0.6281838242272635,0.41464768849018196,0.6759886896936775,0.5282322347150015,0.41464768849018196,0.41464768849018196,0.477302126102525,0.41464768849018196,0.3938581484043239
21,56,0.3963076913355517,0.4823485800155154,0.3963076913355517,0.6209098468007949,0.487116775676518,0.3963076913355517,0.39630769133555166,0.3420904290317832,0.3963076913355517,0.34688861334644905
21,57,0.50505536344302,0.5524211763536424,0.50505536344302,0.6556423584064759,0.5014394507142472,0.50505536344302,0.50505536344302,0.433618178088104,0.50505536344302,0.4825429357471911
21,58,0.5000242999410018,0.5824066688766518,0.5000242999410018,0.654786291776764,0.48462750387155684,0.5000242999410018,0.5000242999410018,0.42569062667824575,0.5000242999410018,0.4976289711538343
21,59,0.42429062989628713,0.5124020922923977,0.42429062989628713,0.6168217955101363,0.5574347770171214,0.42429062989628713,0.4242906298962871,0.43171149886933863,0.42429062989628713,0.3779227469421032
21,60,0.4752840793198395,0.5815334155609774,0.4752840793198395,0.6700097626833192,0.6023570148552655,0.4752840793198395,0.4752840793198395,0.5441916408099047,0.4752840793198395,0.48796442058448686
21,61,0.49835861564862305,0.5715271566632076,0.49835861564862305,0.6398088262330817,0.5211879393776941,0.49835861564862305,0.49835861564862305,0.4954259065092679,0.49835861564862305,0.5178691950000875
21,62,0.42193005092394137,0.5562656126402827,0.42193005092394137,0.636151983356563,0.5613676058065971,0.42193005092394137,0.4219300509239413,0.4579644743358622,0.42193005092394137,0.4001566678978213
21,63,0.47884738921526804,0.5298539679389307,0.47884738921526804,0.6299578120592247,0.5126848840775999,0.47884738921526804,0.478847389215268,0.41029686316636893,0.47884738921526804,0.45658125894731183
21,64,0.49800903102893385,0.5524514795504729,0.49800903102893385,0.6427992765902755,0.5138997357850763,0.49800903102893385,0.49800903102893385,0.46333860472924787,0.49800903102893385,0.494698663763546
21,65,0.49202659928226433,0.575686127425294,0.49202659928226433,0.6311732225285124,0.5461424674147354,0.49202659928226433,0.49202659928226433,0.4822296799797341,0.49202659928226433,0.4937260031934212
21,66,0.49879750138992873,0.48284472481914975,0.49879750138992873,0.6223977777152977,0.49156852472918383,0.49879750138992873,0.49879750138992873,0.4030299362827759,0.49879750138992873,0.4911273180174532
21,67,0.4847984122427842,0.3711346861944062,0.4847984122427842,0.5552921269679113,0.5010606697359963,0.4847984122427842,0.4847984122427842,0.368269508116332,0.4847984122427842,0.44659662012943246
21,68,0.5480263941034126,0.5895938500977436,0.5480263941034126,0.6765904621412367,0.5728570601585431,0.5480263941034126,0.5480263941034126,0.5329683910859726,0.5480263941034126,0.5523340266306039
21,69,0.37709893644315584,0.5346522756884634,0.37709893644315584,0.6256290280681553,0.5027060796063275,0.37709893644315584,0.37709893644315584,0.40150287313205346,0.37709893644315584,0.3285525306151826
21,70,0.36995995760008765,0.5514217714092833,0.36995995760008765,0.6365144599924942,0.49790742714828484,0.36995995760008765,0.36995995760008765,0.4057479493393484,0.36995995760008765,0.30135608068924913
21,71,0.46829052842196367,0.44234165534455,0.46829052842196367,0.5975687291771038,0.4891022834577641,0.46829052842196367,0.4682905284219637,0.41515995447694654,0.46829052842196367,0.46409194378487245
21,72,0.4392800229488085,0.47688443299209743,0.4392800229488085,0.5980473944294753,0.5061051746179298,0.4392800229488085,0.4392800229488085,0.41898294931896307,0.4392800229488085,0.4112692059906029
21,73,0.4709883329617874,0.5508189540137278,0.4709883329617874,0.6600183471781992,0.5939194125073648,0.4709883329617874,0.4709883329617874,0.4827067001354771,0.4709883329617874,0.44374394448605936
21,74,0.46467415823471103,0.5405459083836074,0.46467415823471103,0.6262567090436999,0.5441673187996935,0.46467415823471103,0.46467415823471103,0.4711061517751687,0.46467415823471103,0.47119807060821406
21,75,0.49407643637044185,0.4445409007698182,0.49407643637044185,0.6156452601404772,0.47867784392568075,0.49407643637044185,0.49407643637044185,0.35200422233378337,0.49407643637044185,0.46839460029888036
21,76,0.5081671497693179,0.5349245787990624,0.5081671497693179,0.6621607640993253,0.5663605804582569,0.5081671497693179,0.5081671497693178,0.483309186935764,0.5081671497693179,0.5284881032083879
21,77,0.49481138181358963,0.5085635229710932,0.49481138181358963,0.6339305933892714,0.44037146841173075,0.49481138181358963,0.49481138181358963,0.3862673718975894,0.49481138181358963,0.4727839591023364
21,78,0.4155964548291045,0.5815581649834487,0.4155964548291045,0.6122510865146973,0.4405129488752253,0.4155964548291045,0.41559645482910446,0.3987465927717352,0.4155964548291045,0.40138953180714937
21,79,0.38944953246077185,0.45970125388365507,0.38944953246077185,0.5992387538496895,0.5768271468935025,0.38944953246077185,0.38944953246077185,0.40132963247056147,0.38944953246077185,0.3249946433902511
21,80,0.5111125999793892,0.506592375596461,0.5111125999793892,0.6310475723627896,0.3855443306022551,0.5111125999793892,0.5111125999793892,0.337326487822336,0.5111125999793892,0.5062191706171301
21,81,0.4308843236387875,0.5486578137443789,0.4308843236387875,0.6281766291294484,0.5014968016123924,0.4308843236387875,0.4308843236387874,0.43875177336731164,0.4308843236387875,0.40927871155814916
21,82,0.532931066317652,0.5275494926512083,0.532931066317652,0.6257998862558387,0.49139210682227896,0.532931066317652,0.532931066317652,0.4289855905690154,0.532931066317652,0.5206434718920524
21,83,0.5497049020740256,0.639422833864318,0.5497049020740256,0.6852601598340876,0.5398466535326989,0.5497049020740256,0.5497049020740254,0.49749112327245193,0.5497049020740256,0.5228170616972676
21,84,0.47176509474700323,0.55006637945917,0.47176509474700323,0.6328786609076027,0.5114789269600315,0.47176509474700323,0.47176509474700323,0.4589426594377888,0.47176509474700323,0.47639022632974776
21,85,0.49937261548117184,0.5781661784848511,0.49937261548117184,0.6773866883376305,0.5316149121192186,0.49937261548117184,0.4993726154811718,0.4707463793406306,0.49937261548117184,0.48470174213624667
21,86,0.5123244375725223,0.5670218883403702,0.5123244375725223,0.6260769563933742,0.4123697258740708,0.5123244375725223,0.5123244375725223,0.4060037355213936,0.5123244375725223,0.519214564592603
21,87,0.5118848084295798,0.6116424887838434,0.5118848084295798,0.6775702782408185,0.5229152358142106,0.5118848084295798,0.5118848084295798,0.4704654558450459,0.5118848084295798,0.5275257236404916
21,88,0.4460156134787266,0.5536537254838181,0.4460156134787266,0.6140422460957451,0.47733134181925285,0.4460156134787266,0.4460156134787266,0.4077402151399562,0.4460156134787266,0.4396709827575357
21,89,0.5114801191635654,0.5543261551782321,0.5114801191635654,0.6369805665653819,0.5238414381844243,0.5114801191635654,0.5114801191635654,0.4804737662785124,0.5114801191635654,0.5304493520984053
21,90,0.537998277724258,0.6285070212291384,0.537998277724258,0.6913821856758129,0.539482402598678,0.537998277724258,0.537998277724258,0.49584508261946486,0.537998277724258,0.528787103766462
21,91,0.4505072461680666,0.5628275309207036,0.4505072461680666,0.6372617492252595,0.5684290617135941,0.4505072461680666,0.45050724616806653,0.46958104147187957,0.4505072461680666,0.4013160131654797
21,92,0.4601830830965986,0.5770039727553873,0.4601830830965986,0.6658223982194433,0.6155309383169871,0.4601830830965986,0.4601830830965986,0.5259603833025787,0.4601830830965986,0.44495525603038244
21,93,0.4118043630799613,0.5154558291875947,0.4118043630799613,0.6555684701447331,0.5908788025516976,0.4118043630799613,0.41180436307996127,0.445737791402355,0.4118043630799613,0.35421156799710607
21,94,0.3568520211650163,0.47134513170532005,0.3568520211650163,0.5684074466251359,0.43605832839280145,0.3568520211650163,0.3568520211650163,0.34556210150843203,0.3568520211650163,0.2786763088132699
21,95,0.46846643583426345,0.4903308906224776,0.46846643583426345,0.607504458844508,0.5983761295251466,0.46846643583426345,0.4684664358342634,0.4754969054009089,0.46846643583426345,0.41276493572164064
21,96,0.48885571252584364,0.4681812538952819,0.48885571252584364,0.6088588007331249,0.40221064168410525,0.48885571252584364,0.4888557125258437,0.3371672428902957,0.48885571252584364,0.4834793703439074
21,97,0.5074362930351722,0.5692722924200196,0.5074362930351722,0.6681035656104259,0.5439445715124513,0.5074362930351722,0.5074362930351723,0.47021512233626106,0.5074362930351722,0.5082971291057805
21,98,0.5041125443171917,0.6009947609338386,0.5041125443171917,0.6791530046622187,0.5734477356155099,0.5041125443171917,0.5041125443171917,0.5263859095357812,0.5041125443171917,0.5065873424199965
21,99,0.5008921284267215,0.49013030607315544,0.5008921284267215,0.6187638340433941,0.4306686212238864,0.5008921284267215,0.5008921284267214,0.394220537223537,0.5008921284267215,0.5129150718391394
22,0,0.5515458433022719,0.6305595872191414,0.5515458433022719,0.6591383258637789,0.4813760336399479,0.5515458433022719,0.5515458433022719,0.4849998977820901,0.5515458433022719,0.567894766939148
22,1,0.5118078663601746,0.5125112587037772,0.5118078663601746,0.6213348889104049,0.527764230522607,0.5118078663601746,0.5118078663601746,0.4401917168980692,0.5118078663601746,0.5022924176801288
22,2,0.39175166147942686,0.5139229301792526,0.39175166147942686,0.6014541025606,0.5252812072995674,0.39175166147942686,0.39175166147942686,0.41069819986464445,0.39175166147942686,0.3553716130544609
22,3,0.4410286894488913,0.5353891854464333,0.4410286894488913,0.594096018790155,0.5040239473674333,0.4410286894488913,0.4410286894488913,0.43772933884216114,0.4410286894488913,0.43413543264584176
22,4,0.4230430160993846,0.5635696977689604,0.4230430160993846,0.6697762738169619,0.4698475576087161,0.4230430160993846,0.42304301609938466,0.3915449643236386,0.4230430160993846,0.4486784710401294
22,5,0.42386995749508216,0.5386387283866765,0.42386995749508216,0.6064425001672591,0.5792568123733126,0.42386995749508216,0.42386995749508216,0.48305127451318375,0.42386995749508216,0.38631129139358
22,6,0.3132392490416856,0.46115314760151127,0.3132392490416856,0.5742116731434266,0.404284825291684,0.3132392490416856,0.3132392490416856,0.3214009342092641,0.3132392490416856,0.30412436730030457
22,7,0.43025800775981216,0.5329491225959988,0.43025800775981216,0.6423554221591085,0.5650572035427563,0.43025800775981216,0.4302580077598121,0.4657257062694047,0.43025800775981216,0.40516210338572695
22,8,0.4995439695584464,0.5756501521786851,0.4995439695584464,0.6482468727163798,0.5171499022755421,0.4995439695584464,0.4995439695584464,0.4603148224121324,0.4995439695584464,0.5093560135746048
22,9,0.45159382058540465,0.47258087609937105,0.45159382058540465,0.5881704313308808,0.3417156790550311,0.45159382058540465,0.4515938205854046,0.28792840779716944,0.45159382058540465,0.44347859420244007
22,10,0.5179767989924677,0.6090803006227523,0.5179767989924677,0.6296335389552128,0.47123522491826764,0.5179767989924677,0.5179767989924677,0.4550423271950965,0.5179767989924677,0.527917308373927
22,11,0.5057226593372222,0.5152161507813576,0.5057226593372222,0.6463993371963979,0.6181275230508767,0.5057226593372222,0.5057226593372222,0.5051755264139745,0.5057226593372222,0.49959850865459376
22,12,0.4493704921402468,0.5543333646036626,0.4493704921402468,0.6388114842301164,0.57658499183953,0.4493704921402468,0.4493704921402468,0.5096951293288794,0.4493704921402468,0.4558112225509626
22,13,0.4609287149382749,0.5519826816962468,0.4609287149382749,0.6442057577785467,0.554091591613064,0.4609287149382749,0.4609287149382748,0.4400184657461135,0.4609287149382749,0.4516875081034154
22,14,0.387527560454118,0.5586392688112738,0.387527560454118,0.6482168572504834,0.4618786929086768,0.387527560454118,0.387527560454118,0.369382393007357,0.387527560454118,0.34343486680072643
22,15,0.4511780732200433,0.5446769268140812,0.4511780732200433,0.619402681903385,0.4437570720767415,0.4511780732200433,0.45117807322004333,0.38605763026710804,0.4511780732200433,0.4408737406523557
22,16,0.5245144588365969,0.5235433134507327,0.5245144588365969,0.6132892318597278,0.4392326250982032,0.5245144588365969,0.5245144588365969,0.42021375599899163,0.5245144588365969,0.5343750417133152
22,17,0.43124366540495923,0.5338083086603249,0.43124366540495923,0.6300718616327714,0.5698508733165328,0.43124366540495923,0.4312436654049592,0.47234394178419714,0.43124366540495923,0.3915725333424791
22,18,0.493623797698856,0.3802516604773624,0.493623797698856,0.5574140137071928,0.3702980342084038,0.493623797698856,0.493623797698856,0.29521219322955217,0.493623797698856,0.48795224012026184
22,19,0.48737290503610936,0.5275271687628341,0.48737290503610936,0.6360609118947329,0.48102557312149774,0.48737290503610936,0.48737290503610936,0.43053638036930314,0.48737290503610936,0.47680649431982713
22,20,0.4888970642418888,0.45399496536654654,0.4888970642418888,0.5854541503895987,0.44823094230275656,0.4888970642418888,0.4888970642418887,0.3774148576890498,0.4888970642418888,0.45046010116212076
22,21,0.6261238955026338,0.6107141654596706,0.6261238955026338,0.6910039877605627,0.5862869442296503,0.6261238955026338,0.6261238955026338,0.5594244076625553,0.6261238955026338,0.627474718977173
22,22,0.4573852910366299,0.5563243700165663,0.4573852910366299,0.6492318119065701,0.5249165593819974,0.4573852910366299,0.45738529103662995,0.4197432983562991,0.4573852910366299,0.44022204412341415
22,23,0.5085186858183035,0.5178026795083596,0.5085186858183035,0.6264445386452673,0.5494550292690172,0.5085186858183035,0.5085186858183035,0.4601354411001087,0.5085186858183035,0.4668122989576929
22,24,0.4494097065765862,0.5330852414633072,0.4494097065765862,0.6386992570331684,0.5693737305654359,0.4494097065765862,0.4494097065765862,0.4527812595713394,0.4494097065765862,0.4117637329503708
22,25,0.42597573555642637,0.48118220386416205,0.42597573555642637,0.6188125641626656,0.5800742785221135,0.42597573555642637,0.42597573555642637,0.4370547456248357,0.42597573555642637,0.3760683363823932
22,26,0.5086363291273217,0.4968015563417832,0.5086363291273217,0.6049852214667137,0.5135709870420204,0.5086363291273217,0.5086363291273218,0.44507676593158085,0.5086363291273217,0.519610997823784
22,27,0.47729572414892824,0.5202594512408587,0.47729572414892824,0.6231313092305251,0.48490346461681655,0.47729572414892824,0.4772957241489282,0.42240514368402354,0.47729572414892824,0.46965336895417986
22,28,0.3961580817561526,0.4980821324730007,0.3961580817561526,0.6340360378452512,0.5412298388917561,0.3961580817561526,0.39615808175615264,0.39907804600087315,0.3961580817561526,0.3335311551884752
22,29,0.39856307897629506,0.5646011214884024,0.39856307897629506,0.6509635776079027,0.5469005353287966,0.39856307897629506,0.39856307897629506,0.4261839985185666,0.39856307897629506,0.35567150867094477
22,30,0.510886698807017,0.527691225238982,0.510886698807017,0.6163618802218616,0.5465328363635163,0.510886698807017,0.510886698807017,0.46918737567760765,0.510886698807017,0.5058690331952777
22,31,0.4904999310959608,0.5342045884581879,0.4904999310959608,0.648165544661568,0.5533783368376128,0.4904999310959608,0.4904999310959608,0.4685488748299374,0.4904999310959608,0.5046786955771898
22,32,0.5479972155891695,0.6244806417794967,0.5479972155891695,0.6837886291388184,0.5390092079692396,0.5479972155891695,0.5479972155891695,0.500117266589003,0.5479972155891695,0.5476433704096884
22,33,0.42423487477352967,0.5746418039078893,0.42423487477352967,0.646933904995519,0.49555551820984656,0.42423487477352967,0.4242348747735296,0.4286200217459862,0.42423487477352967,0.4053887315871209
22,34,0.43102919403275225,0.5813487784873258,0.43102919403275225,0.6202571443257875,0.5267799741828871,0.43102919403275225,0.4310291940327523,0.44945401398284035,0.43102919403275225,0.38831728150252787
22,35,0.5287182092420992,0.4425194278479157,0.5287182092420992,0.6065679239304282,0.42077337740199794,0.5287182092420992,0.5287182092420992,0.3498082931967822,0.5287182092420992,0.5304835085954267
22,36,0.4733847810631071,0.6150950308115283,0.4733847810631071,0.6584044871628173,0.4859916509557997,0.4733847810631071,0.47338478106310705,0.4429984423250508,0.4733847810631071,0.46426810416787734
22,37,0.49417772484345124,0.5483567480479257,0.49417772484345124,0.63896575971019,0.48842451158036454,0.49417772484345124,0.49417772484345124,0.39105198935482455,0.49417772484345124,0.4959940585188234
22,38,0.525369556569287,0.5405167799202841,0.525369556569287,0.6421833938346385,0.5246320728007252,0.525369556569287,0.5253695565692869,0.45098607803347646,0.525369556569287,0.5344238115912348
22,39,0.528902851623631,0.5813301236521732,0.528902851623631,0.6994623887745588,0.5794959952298795,0.528902851623631,0.5289028516236309,0.4867204236261321,0.528902851623631,0.5153901082843884
22,40,0.5414361385934823,0.528944844446662,0.5414361385934823,0.636829648036279,0.5058606493873212,0.5414361385934823,0.5414361385934823,0.46236605685480553,0.5414361385934823,0.556799944450692
22,41,0.5229772901021741,0.6403535847932973,0.5229772901021741,0.687139738943291,0.5806713643674991,0.5229772901021741,0.5229772901021741,0.5413312921495524,0.5229772901021741,0.5167865899613766
22,42,0.3970631732489151,0.5078268974188589,0.3970631732489151,0.6517739044245148,0.5530942688342682,0.3970631732489151,0.39706317324891516,0.40143817739830456,0.3970631732489151,0.3586837080062921
22,43,0.46223310603518536,0.5043814263644062,0.46223310603518536,0.6396473542039325,0.5664694986122415,0.46223310603518536,0.4622331060351853,0.45634447994995525,0.46223310603518536,0.4593565155354822
22,44,0.5047886681058303,0.5274849106204255,0.5047886681058303,0.6194929298782559,0.3901289084050753,0.5047886681058303,0.5047886681058303,0.3639259620706018,0.5047886681058303,0.5079316414552892
22,45,0.5202071897531748,0.5694916993579436,0.5202071897531748,0.6452317263335702,0.5322858370550406,0.5202071897531748,0.5202071897531748,0.436788583508267,0.5202071897531748,0.49821391914318613
22,46,0.5031897970355559,0.5311110046896477,0.5031897970355559,0.6290599408612098,0.46032976065643005,0.5031897970355559,0.5031897970355559,0.42027559691107713,0.5031897970355559,0.5031203536615234
22,47,0.43958751245081584,0.5584790795023011,0.43958751245081584,0.656578940240651,0.5863972128760377,0.43958751245081584,0.43958751245081584,0.48686844464039997,0.43958751245081584,0.43231110823875335
22,48,0.44048795768334864,0.5531027190398567,0.44048795768334864,0.6499769640437116,0.5809755087206355,0.44048795768334864,0.4404879576833486,0.48030848181770414,0.44048795768334864,0.4144021829762952
22,49,0.49532600159664086,0.5888919448690729,0.49532600159664086,0.6829178924263656,0.5999390338355726,0.49532600159664086,0.49532600159664086,0.5324380508181012,0.49532600159664086,0.5101165269761758
22,50,0.5016600623175007,0.5953010774405844,0.5016600623175007,0.6574162399980603,0.5173928418180122,0.5016600623175007,0.5016600623175007,0.49109735411397604,0.5016600623175007,0.5295669627513431
22,51,0.5415126160368645,0.5226403847753289,0.5415126160368645,0.6621975599869155,0.5921875281185212,0.5415126160368645,0.5415126160368646,0.4884179662889922,0.5415126160368645,0.5208033767879507
22,52,0.3966768831734106,0.5683188293115105,0.3966768831734106,0.6576980340192212,0.5722473696296209,0.3966768831734106,0.3966768831734106,0.4714164219826172,0.3966768831734106,0.36649741177351924
22,53,0.4447378919155351,0.5072255578170514,0.4447378919155351,0.6187173452321649,0.5108050441473229,0.4447378919155351,0.44473789191553503,0.41138895020859234,0.4447378919155351,0.395809949306059
22,54,0.373845810880668,0.481898406494648,0.373845810880668,0.630452340472911,0.5424781750117997,0.373845810880668,0.37384581088066793,0.3929947453922341,0.373845810880668,0.32948707953593587
22,55,0.40628906633679457,0.6192588359921996,0.40628906633679457,0.6633605959710691,0.5312653169661004,0.40628906633679457,0.40628906633679457,0.47482309581444815,0.40628906633679457,0.37762665893726244
22,56,0.4175567120200518,0.5006440031484951,0.4175567120200518,0.6330714677730988,0.5175679612618862,0.4175567120200518,0.4175567120200518,0.38007144074753,0.4175567120200518,0.37167231252591004
22,57,0.49321659945231744,0.538746442129456,0.49321659945231744,0.6601891598365331,0.49869491324804727,0.49321659945231744,0.49321659945231744,0.4277618359916759,0.49321659945231744,0.47522790169849294
22,58,0.4865926120931189,0.5816809945661562,0.4865926120931189,0.6555766509550309,0.4879283147264821,0.4865926120931189,0.48659261209311877,0.42889398455760186,0.4865926120931189,0.48754334566145374
22,59,0.4077738252558254,0.5152148872694293,0.4077738252558254,0.6375087666891733,0.5516625800019374,0.4077738252558254,0.4077738252558254,0.41935780837226727,0.4077738252558254,0.3549767248167853
22,60,0.4322262565183546,0.5400115033374551,0.4322262565183546,0.6422927668509051,0.541102914511659,0.4322262565183546,0.43222625651835467,0.4839889996585351,0.4322262565183546,0.44556641218762366
22,61,0.46700481529117693,0.5632959880298251,0.46700481529117693,0.6381406926721929,0.5193140891901367,0.46700481529117693,0.467004815291177,0.49015317919260637,0.46700481529117693,0.48707730386546516
22,62,0.4278711309545658,0.5620064064497706,0.4278711309545658,0.654565574324952,0.5611040628941718,0.4278711309545658,0.4278711309545658,0.4565048475922927,0.4278711309545658,0.4128162393914487
22,63,0.46275134990121586,0.5218137793858165,0.46275134990121586,0.6342723087636765,0.5222257213917213,0.46275134990121586,0.46275134990121586,0.41706300006091923,0.46275134990121586,0.4439018500607518
22,64,0.47998274936501883,0.551159072782712,0.47998274936501883,0.6414432567898827,0.48267248766359827,0.47998274936501883,0.47998274936501883,0.4438376456317147,0.47998274936501883,0.48263445088818
22,65,0.4701826714379423,0.5575871756053599,0.4701826714379423,0.6238877196634357,0.5081802957362582,0.4701826714379423,0.4701826714379423,0.4501420520303946,0.4701826714379423,0.48028673181726617
22,66,0.5032048509187004,0.48923225265643655,0.5032048509187004,0.6259471386087255,0.5064733550494765,0.5032048509187004,0.5032048509187004,0.421282163605076,0.5032048509187004,0.5028847461792545
22,67,0.4849544336613005,0.37663268791887544,0.4849544336613005,0.5545020575257849,0.5037765400532359,0.4849544336613005,0.4849544336613005,0.38060658260375224,0.4849544336613005,0.4485257565311027
22,68,0.542363717985757,0.5642144338106732,0.542363717985757,0.6611862314646182,0.5528403883449178,0.542363717985757,0.542363717985757,0.505065567987723,0.542363717985757,0.5337479440796243
22,69,0.39164126633636714,0.5375661620260983,0.39164126633636714,0.6400719273308598,0.5320300348279655,0.39164126633636714,0.39164126633636714,0.4300823353860119,0.39164126633636714,0.3484563068459522
22,70,0.3748141844377602,0.5418037901963186,0.3748141844377602,0.6232132078138103,0.5114743744793475,0.3748141844377602,0.37481418443776027,0.4161756400748827,0.3748141844377602,0.3073362172838833
22,71,0.5636894019640485,0.6472088169832516,0.5636894019640485,0.7131528996956662,0.6024982539187356,0.5636894019640485,0.5636894019640486,0.5302175446125694,0.5636894019640485,0.5483806506900795
22,72,0.42340737582660454,0.474222461069855,0.42340737582660454,0.6043043301482904,0.534661879769312,0.42340737582660454,0.42340737582660454,0.4241313414469047,0.42340737582660454,0.3914871748841431
22,73,0.4434616571556171,0.5569437006161175,0.4434616571556171,0.6590768050895399,0.5650791417490864,0.4434616571556171,0.44346165715561714,0.4606557045880667,0.4434616571556171,0.41572365057929717
22,74,0.4820706857870807,0.5867914685061673,0.4820706857870807,0.6492219734207665,0.5714502062060329,0.4820706857870807,0.4820706857870807,0.510402160133022,0.4820706857870807,0.48755951951240417
22,75,0.4813017297190509,0.4211523171465248,0.4813017297190509,0.5997074164576331,0.46316935076593585,0.4813017297190509,0.48130172971905083,0.33112461797132264,0.4813017297190509,0.4562464166831649
22,76,0.4767662363331417,0.5293769518106304,0.4767662363331417,0.6537267275863621,0.5308438869006264,0.4767662363331417,0.47676623633314164,0.4628409432721212,0.4767662363331417,0.5056413486449967
22,77,0.4887310069012762,0.5270610468530226,0.4887310069012762,0.6449732052239192,0.42720393991604255,0.4887310069012762,0.48873100690127613,0.36953822595206615,0.4887310069012762,0.4639238184998933
22,78,0.4660861567185434,0.6012785705115006,0.4660861567185434,0.6261786922711123,0.4834442854305138,0.4660861567185434,0.4660861567185434,0.45260396601894626,0.4660861567185434,0.45609711262291286
22,79,0.3934217132564216,0.4674507627082638,0.3934217132564216,0.6046510172798675,0.5842647664697634,0.3934217132564216,0.3934217132564216,0.42110899162450705,0.3934217132564216,0.3313988498755855
22,80,0.5192266429942806,0.4957368779179233,0.5192266429942806,0.6253296209387097,0.38224727334757347,0.5192266429942806,0.5192266429942806,0.34532396305701896,0.5192266429942806,0.5155427843426473
22,81,0.4700291589999501,0.5840765731274504,0.4700291589999501,0.6526352679457899,0.5362749506444181,0.4700291589999501,0.4700291589999501,0.48426301425858803,0.4700291589999501,0.46955537968055094
22,82,0.5145876309304517,0.5303965802652995,0.5145876309304517,0.6263453306641995,0.4528802800977457,0.5145876309304517,0.5145876309304517,0.4007523096146998,0.5145876309304517,0.5093382517959957
22,83,0.5223407524506932,0.6142323159903482,0.5223407524506932,0.6721882689293246,0.49992648267932493,0.5223407524506932,0.5223407524506931,0.4456241481018551,0.5223407524506932,0.49073302405097663
22,84,0.4924271998392766,0.5486217375550926,0.4924271998392766,0.6246211170630782,0.5207363196778019,0.4924271998392766,0.4924271998392765,0.4712772698193639,0.4924271998392766,0.5025043430628289
22,85,0.4902353730384767,0.5805504035504744,0.4902353730384767,0.6832165818868885,0.5155642533546755,0.4902353730384767,0.4902353730384767,0.4529231049439676,0.4902353730384767,0.4775897081727381
22,86,0.5051968885296194,0.5552561964762768,0.5051968885296194,0.6177654183995751,0.4001017063840735,0.5051968885296194,0.5051968885296194,0.3880673787943553,0.5051968885296194,0.5085578907958909
22,87,0.4891606001221223,0.6174647673172939,0.4891606001221223,0.6762076168595024,0.5241464804575209,0.4891606001221223,0.4891606001221223,0.47413036891937854,0.4891606001221223,0.5077461840049033
22,88,0.43958305204099524,0.5502763082850536,0.43958305204099524,0.607701663814554,0.4661530784320012,0.43958305204099524,0.43958305204099524,0.387638399543818,0.43958305204099524,0.4262222285235906
22,89,0.5169063935607293,0.5414175868100163,0.5169063935607293,0.6263994276695994,0.5359788241086514,0.5169063935607293,0.5169063935607294,0.4919756479055153,0.5169063935607293,0.5357820112648489
22,90,0.5361344768956812,0.6285307386630391,0.5361344768956812,0.6915207184015123,0.5351090065359358,0.5361344768956812,0.5361344768956812,0.4935100377208865,0.5361344768956812,0.5264846151716502
22,91,0.4581745047992616,0.5787898595294438,0.4581745047992616,0.6465373468175198,0.5775584319785598,0.4581745047992616,0.4581745047992616,0.48687731369072296,0.4581745047992616,0.41396713649135597
22,92,0.462307446198862,0.5656057071788487,0.462307446198862,0.6567715061404773,0.6202768954047335,0.462307446198862,0.462307446198862,0.5202590301866343,0.462307446198862,0.4439171628722991
22,93,0.40484398648012615,0.5102118959522304,0.40484398648012615,0.6600884196757932,0.5874072384501606,0.40484398648012615,0.40484398648012615,0.4307320604270612,0.40484398648012615,0.34196991229429885
22,94,0.35731841276688237,0.46671114384560625,0.35731841276688237,0.5762048263712253,0.45420533410451686,0.35731841276688237,0.35731841276688237,0.3552768076827615,0.35731841276688237,0.28004034596736294
22,95,0.4845490939188538,0.5128760928700205,0.4845490939188538,0.6129608343127538,0.6011110208547733,0.4845490939188538,0.4845490939188538,0.48607970408572754,0.4845490939188538,0.4336273532914541
22,96,0.4960857580694157,0.4699962733809436,0.4960857580694157,0.6087520518038687,0.41286688295261187,0.4960857580694157,0.4960857580694157,0.3450712873071638,0.4960857580694157,0.48982440370738217
22,97,0.5076011423481251,0.5352791977087862,0.5076011423481251,0.6534289466659892,0.5352775615047005,0.5076011423481251,0.507601142348125,0.4536369405567823,0.5076011423481251,0.5092296826793075
22,98,0.47132797458458486,0.5892097186809726,0.47132797458458486,0.6590497967985904,0.5476826714755485,0.47132797458458486,0.47132797458458486,0.5010052986022058,0.47132797458458486,0.47862773633636857
22,99,0.49122651327069494,0.47029895175010383,0.49122651327069494,0.60818372906846,0.42943868125140083,0.49122651327069494,0.4912265132706949,0.38647618088963936,0.49122651327069494,0.5012230235951132
23,0,0.527523191110998,0.6014649718830797,0.527523191110998,0.6400748544616781,0.47503185901827794,0.527523191110998,0.5275231911109979,0.4638120706520942,0.527523191110998,0.5436137576794859
23,1,0.48619061765803767,0.5149351754276599,0.48619061765803767,0.6219531905084447,0.5221413135973967,0.48619061765803767,0.4861906176580376,0.4346611714318378,0.48619061765803767,0.4891117173566722
23,2,0.3919382552902551,0.5307288668709125,0.3919382552902551,0.6078632365954236,0.5229901848948992,0.3919382552902551,0.3919382552902551,0.41624519523231895,0.3919382552902551,0.3526138779513073
23,3,0.5850094175048598,0.6192201629049956,0.5850094175048598,0.681035698631713,0.6223735156431329,0.5850094175048598,0.5850094175048597,0.5665149270676075,0.5850094175048598,0.5670659271601046
23,4,0.43451240240181915,0.5653842526233208,0.43451240240181915,0.6807958561173716,0.48367082411395507,0.43451240240181915,0.4345124024018191,0.39140274369319017,0.43451240240181915,0.4478918763120036
23,5,0.43985207050829994,0.5399882192499098,0.43985207050829994,0.5969266315973002,0.5720433913961154,0.43985207050829994,0.43985207050829994,0.48720335863546105,0.43985207050829994,0.41065077187773824
23,6,0.39794029425509436,0.5036817119432078,0.39794029425509436,0.62392633146212,0.5010280985804378,0.39794029425509436,0.39794029425509436,0.4120803109079797,0.39794029425509436,0.409497686169982
23,7,0.44220670226755154,0.5378093757181823,0.44220670226755154,0.6401946970079679,0.5641067032397018,0.44220670226755154,0.44220670226755154,0.4721062332798041,0.44220670226755154,0.4206629980822206
23,8,0.4743714608855047,0.5450131613664866,0.4743714608855047,0.6225834439955364,0.5066867836631579,0.4743714608855047,0.4743714608855047,0.43473282314996764,0.4743714608855047,0.4758516669635983
23,9,0.5723658283171533,0.6574426798747419,0.5723658283171533,0.6808330307930192,0.5102089595858779,0.5723658283171533,0.5723658283171533,0.49948313146094303,0.5723658283171533,0.5770481141457046
23,10,0.5160129177185413,0.6318946750643564,0.5160129177185413,0.6380363046200859,0.4731984524828653,0.5160129177185413,0.5160129177185413,0.45952405744889735,0.5160129177185413,0.5273652158217538
23,11,0.4551141990363099,0.49282200011639377,0.4551141990363099,0.6255562635161397,0.5696224441260335,0.4551141990363099,0.45511419903630984,0.4571803987785327,0.4551141990363099,0.45135834847798606
23,12,0.5054202807214676,0.5945770028148925,0.5054202807214676,0.663618264582477,0.6048904340218682,0.5054202807214676,0.5054202807214676,0.5596327478006633,0.5054202807214676,0.5268784121270698
23,13,0.44827955023829275,0.5719068448240572,0.44827955023829275,0.6428145295280923,0.5400926418199883,0.44827955023829275,0.4482795502382927,0.4424408882330637,0.44827955023829275,0.4370040756377097
23,14,0.3976044625656853,0.5519307671758169,0.3976044625656853,0.6459063872940274,0.4708901000750092,0.3976044625656853,0.3976044625656854,0.3809566147020169,0.3976044625656853,0.3532520433086937
23,15,0.4928365353655208,0.6100310760623653,0.4928365353655208,0.6584835682243755,0.548133168675946,0.4928365353655208,0.4928365353655208,0.5063148494804297,0.4928365353655208,0.4869851307063377
23,16,0.5162871399973034,0.5208735803141802,0.5162871399973034,0.6148022514389778,0.4330597315803771,0.5162871399973034,0.5162871399973034,0.4228781113477529,0.5162871399973034,0.5334925205737515
23,17,0.40934704896963137,0.5287234866322307,0.40934704896963137,0.6102466210396351,0.5387451698982567,0.40934704896963137,0.4093470489696314,0.43868292764168126,0.40934704896963137,0.35494276183784523
23,18,0.49299720304426686,0.3711383961491391,0.49299720304426686,0.5530617760089279,0.37321321284918874,0.49299720304426686,0.49299720304426686,0.29133770098166334,0.49299720304426686,0.48638269185850225
23,19,0.4823256725484914,0.518551942598733,0.4823256725484914,0.6370920315155281,0.4707365749541219,0.4823256725484914,0.4823256725484914,0.413901679267651,0.4823256725484914,0.46929952206825964
23,20,0.48771988775006986,0.4401188520156136,0.48771988775006986,0.5784406021689963,0.4505928818084216,0.48771988775006986,0.48771988775006986,0.37783217070629604,0.48771988775006986,0.4548771955417441
23,21,0.6088300503013425,0.5951347032189035,0.6088300503013425,0.677855553325043,0.5360611847905715,0.6088300503013425,0.6088300503013425,0.5129090625465499,0.6088300503013425,0.6107665459207243
23,22,0.45535069368200604,0.5508047307260037,0.45535069368200604,0.6498905542315284,0.5382006466006628,0.45535069368200604,0.455350693682006,0.4358479817734357,0.45535069368200604,0.4406593220439725
23,23,0.4861680368333209,0.5167371177163389,0.4861680368333209,0.616057090528266,0.510024063248185,0.4861680368333209,0.48616803683332094,0.42649484000118376,0.4861680368333209,0.4398073152718237
23,24,0.4417627056399931,0.5214194037750357,0.4417627056399931,0.6292103427806655,0.5769563784767137,0.4417627056399931,0.44176270563999304,0.45220414643004947,0.4417627056399931,0.398276629474561
23,25,0.43482360891201033,0.4800226007793928,0.43482360891201033,0.6132658252604819,0.5908055270409813,0.43482360891201033,0.4348236089120104,0.4455366030484778,0.43482360891201033,0.3841118324565351
23,26,0.49946628408740434,0.48745108560398076,0.49946628408740434,0.5917145867089878,0.49752475976837884,0.49946628408740434,0.49946628408740434,0.4265231154756775,0.49946628408740434,0.5058473341574247
23,27,0.48151843129616817,0.5096420287520603,0.48151843129616817,0.6227717468245743,0.4905866729621864,0.48151843129616817,0.4815184312961681,0.43016312194249995,0.48151843129616817,0.47568304077105306
23,28,0.40917773924685796,0.5071663386292733,0.40917773924685796,0.6419287999674466,0.5573348249182454,0.40917773924685796,0.40917773924685796,0.41595644895899453,0.40917773924685796,0.3530956751122779
23,29,0.41210683462092046,0.5577791297000141,0.41210683462092046,0.6477049091161271,0.5607990048406701,0.41210683462092046,0.41210683462092046,0.43428251150728936,0.41210683462092046,0.37628327473708023
23,30,0.4579595688010316,0.5169413757696557,0.4579595688010316,0.6112654808004314,0.5310588206692243,0.4579595688010316,0.4579595688010316,0.434406113820921,0.4579595688010316,0.42863963631637064
23,31,0.46473009920787767,0.5244426492406586,0.46473009920787767,0.6435652045359689,0.5391534898128396,0.46473009920787767,0.46473009920787767,0.4470916746986129,0.46473009920787767,0.48056736143401135
23,32,0.5323148792859776,0.6205550557376209,0.5323148792859776,0.6794170064352731,0.5139861023330203,0.5323148792859776,0.5323148792859775,0.4593853170509501,0.5323148792859776,0.5236710773531001
23,33,0.43923829953194504,0.6040445535844237,0.43923829953194504,0.6543029129067903,0.5136810719492586,0.43923829953194504,0.43923829953194504,0.4522951795222778,0.43923829953194504,0.422174953178063
23,34,0.42670268943197887,0.5692144198873715,0.42670268943197887,0.6210502739290568,0.5318019312699742,0.42670268943197887,0.42670268943197887,0.4436606113941921,0.42670268943197887,0.3807955794959601
23,35,0.5211510310562538,0.4386407614376831,0.5211510310562538,0.6074662831816782,0.43218020498002463,0.5211510310562538,0.5211510310562538,0.3510044427222409,0.5211510310562538,0.5244261533143264
23,36,0.4485809996020014,0.5715034005779798,0.4485809996020014,0.6295973845766998,0.47260582392026607,0.4485809996020014,0.4485809996020014,0.41647805301791274,0.4485809996020014,0.4356800052733482
23,37,0.5087100188145661,0.5715527156203396,0.5087100188145661,0.6526376798972443,0.4854403857569902,0.5087100188145661,0.5087100188145662,0.4027586099221771,0.5087100188145661,0.5124112075930214
23,38,0.5133598102021281,0.5204376636083211,0.5133598102021281,0.6275299099657257,0.5346375451664394,0.5133598102021281,0.5133598102021281,0.4535128465431957,0.5133598102021281,0.5220275094620963
23,39,0.5095886266240189,0.5663447487344179,0.5095886266240189,0.6833908375482513,0.5604442387373596,0.5095886266240189,0.5095886266240189,0.4610615170708277,0.5095886266240189,0.4975588786091798
23,40,0.5245165961163026,0.5109404923258776,0.5245165961163026,0.6238593978295437,0.4896732525517616,0.5245165961163026,0.5245165961163025,0.4389365617992168,0.5245165961163026,0.5379195873005312
23,41,0.5065075985404424,0.6278680373754929,0.5065075985404424,0.6794016101160757,0.5461841825094527,0.5065075985404424,0.5065075985404424,0.5116508611926647,0.5065075985404424,0.5043495012739674
23,42,0.4059240561331425,0.5094759395863,0.4059240561331425,0.6594228924223154,0.5658951748140282,0.4059240561331425,0.4059240561331424,0.4104336745491681,0.4059240561331425,0.36806233174264696
23,43,0.5400844485674325,0.5732877126592504,0.5400844485674325,0.6794816723095154,0.6336478519256329,0.5400844485674325,0.5400844485674325,0.5425671104796007,0.5400844485674325,0.5392726117144655
23,44,0.48734372652186625,0.5065236598617173,0.48734372652186625,0.6100271742900276,0.40665955546001076,0.48734372652186625,0.48734372652186625,0.36778826166344725,0.48734372652186625,0.49565221472448523
23,45,0.5053970494203186,0.5568191969830154,0.5053970494203186,0.633415353855564,0.5279248921885993,0.5053970494203186,0.5053970494203186,0.4253720465758006,0.5053970494203186,0.48454109872503537
23,46,0.4853578219744506,0.5128221714723853,0.4853578219744506,0.6136480532614708,0.4529525109785758,0.4853578219744506,0.48535782197445065,0.4097309437243786,0.4853578219744506,0.4862681308980049
23,47,0.4348599426670073,0.5239927307440274,0.4348599426670073,0.6373768148954322,0.582115151066635,0.4348599426670073,0.4348599426670073,0.46467711855010324,0.4348599426670073,0.42205252416175454
23,48,0.42346201584690685,0.5570229327468681,0.42346201584690685,0.6458778685591873,0.5736041895549134,0.42346201584690685,0.42346201584690685,0.47098348676837976,0.42346201584690685,0.38800894173878253
23,49,0.4944945068659181,0.5883399041157666,0.4944945068659181,0.6793289261748229,0.5976700870849524,0.4944945068659181,0.4944945068659181,0.539500895165699,0.4944945068659181,0.513343341096433
23,50,0.5044324857966148,0.5766013958087617,0.5044324857966148,0.6426096171997076,0.5048802027326266,0.5044324857966148,0.5044324857966148,0.4668939403990703,0.5044324857966148,0.5238895292437937
23,51,0.5273988571872489,0.5109557169780996,0.5273988571872489,0.6496177762429629,0.5734684311514933,0.5273988571872489,0.5273988571872489,0.47237219978440936,0.5273988571872489,0.508946864235801
23,52,0.40131338625671537,0.575414194228814,0.40131338625671537,0.650650083038664,0.5631235322823978,0.40131338625671537,0.40131338625671537,0.4871804089639092,0.40131338625671537,0.37522710671329756
23,53,0.45526157841079873,0.495580890504997,0.45526157841079873,0.6161560432354544,0.5305451009762862,0.45526157841079873,0.4552615784107987,0.4252420547587369,0.45526157841079873,0.4066520490623462
23,54,0.3853089711943946,0.4877475071079022,0.3853089711943946,0.6346396914513173,0.5480340119217963,0.3853089711943946,0.38530897119439456,0.40919318766355384,0.3853089711943946,0.34335562071555226
23,55,0.42890845501346814,0.6171574063783092,0.42890845501346814,0.6709005354086568,0.5556760786115696,0.42890845501346814,0.4289084550134681,0.5018822829150189,0.42890845501346814,0.40727828837677427
23,56,0.41426520834806585,0.5232171346194538,0.41426520834806585,0.6506468419578115,0.5394881324264797,0.41426520834806585,0.41426520834806585,0.4052862076115905,0.41426520834806585,0.35885936066905955
23,57,0.4940274647876199,0.5452414850413765,0.4940274647876199,0.6466520841803981,0.4974694508298781,0.4940274647876199,0.49402746478761994,0.4238837402761943,0.4940274647876199,0.4730202574101886
23,58,0.4945911490786977,0.5945329659156688,0.4945911490786977,0.6633352692088899,0.4981822143351241,0.4945911490786977,0.4945911490786976,0.4427620048372368,0.4945911490786977,0.49501001438971604
23,59,0.42780701256339476,0.5209715321150096,0.42780701256339476,0.6426472854403172,0.5514282711165605,0.42780701256339476,0.42780701256339476,0.43271623010350857,0.42780701256339476,0.3878459237977543
23,60,0.45825785870778396,0.5693931092312707,0.45825785870778396,0.6633257414833162,0.5886265636114383,0.45825785870778396,0.4582578587077839,0.5286781686953038,0.45825785870778396,0.4682699486959594
23,61,0.5420778800564204,0.6007706177255341,0.5420778800564204,0.6618872078379032,0.5942859830091508,0.5420778800564204,0.5420778800564204,0.5590501249155944,0.5420778800564204,0.558748626142722
23,62,0.4318533476723119,0.5622923944215206,0.4318533476723119,0.6451652923647124,0.5638577920564685,0.4318533476723119,0.43185334767231187,0.4699565239857221,0.4318533476723119,0.42052310958947753
23,63,0.4876186922022651,0.5712796771088124,0.4876186922022651,0.65479490763044,0.5703091344668237,0.4876186922022651,0.48761869220226506,0.47363613178557673,0.4876186922022651,0.4659889648357457
23,64,0.4886391967991356,0.5381152622381461,0.4886391967991356,0.6422226982705557,0.48247390264043727,0.4886391967991356,0.4886391967991356,0.4343232236289041,0.4886391967991356,0.48989911987989637
23,65,0.5078749929260687,0.5719345545364836,0.5078749929260687,0.6457140517941087,0.5827791311835006,0.5078749929260687,0.5078749929260689,0.5027804770976881,0.5078749929260687,0.5135767946586446
23,66,0.4936300236875639,0.47799263159621763,0.4936300236875639,0.6159094463141705,0.4955689778264987,0.4936300236875639,0.4936300236875639,0.4050658759794755,0.4936300236875639,0.48759996104246695
23,67,0.46981347960008335,0.37252051774675987,0.46981347960008335,0.5502826483589439,0.4947141531839421,0.46981347960008335,0.4698134796000834,0.3741705819470633,0.46981347960008335,0.4367220317548297
23,68,0.5297693791564864,0.5675002433910277,0.5297693791564864,0.6581245640672833,0.5410464090498395,0.5297693791564864,0.5297693791564864,0.4896340587730986,0.5297693791564864,0.52455173852987
23,69,0.3933388239739222,0.5262931718167094,0.3933388239739222,0.6363041169834469,0.5375132807834174,0.3933388239739222,0.39333882397392217,0.42653018434493345,0.3933388239739222,0.3474106084892966
23,70,0.356338795260034,0.5232953341396872,0.356338795260034,0.6133921403454948,0.476472376307711,0.356338795260034,0.356338795260034,0.38409563653607737,0.356338795260034,0.2912877806621358
23,71,0.5370425419949908,0.6197559660156806,0.5370425419949908,0.6929690934133332,0.5747240205587392,0.5370425419949908,0.5370425419949908,0.4917807743256354,0.5370425419949908,0.5216519980280687
23,72,0.4380157755402834,0.4823635493570152,0.4380157755402834,0.6061030200198603,0.5319098249742676,0.4380157755402834,0.43801577554028337,0.43248758321540165,0.4380157755402834,0.41127262724655556
23,73,0.42537079247450804,0.5372795581053837,0.42537079247450804,0.655259455917999,0.559175632825424,0.42537079247450804,0.42537079247450804,0.4326463933111566,0.42537079247450804,0.38786298163606103
23,74,0.46369035909365586,0.5706858476427884,0.46369035909365586,0.6317831607342741,0.5563982317953876,0.46369035909365586,0.46369035909365586,0.49491796698994284,0.46369035909365586,0.469765921322415
23,75,0.5033223083773094,0.43956716073684726,0.5033223083773094,0.5922832799626865,0.47608164987896207,0.5033223083773094,0.5033223083773094,0.35264543376905527,0.5033223083773094,0.4635018361417489
23,76,0.46313002010994353,0.5191221290137888,0.46313002010994353,0.6548237353812876,0.5378369944341592,0.46313002010994353,0.46313002010994353,0.45165059785517514,0.46313002010994353,0.4928097350218561
23,77,0.48867051259308436,0.518827403118108,0.48867051259308436,0.6358310028213944,0.4368388593572251,0.48867051259308436,0.4886705125930843,0.3875098809421695,0.48867051259308436,0.46940186850937443
23,78,0.4996807554596113,0.5936911252043748,0.4996807554596113,0.6399742843814358,0.5224140406770577,0.4996807554596113,0.4996807554596113,0.4966520091780843,0.4996807554596113,0.5030507273533942
23,79,0.39658395796881485,0.4628651493545467,0.39658395796881485,0.6060143819489254,0.5867752232130923,0.39658395796881485,0.39658395796881485,0.42085623325822574,0.39658395796881485,0.3337541101756878
23,80,0.5076632163847951,0.49610900376255956,0.5076632163847951,0.6233933607407982,0.3870276442009826,0.5076632163847951,0.5076632163847952,0.3377998710637883,0.5076632163847951,0.5023256207539669
23,81,0.4602622553709142,0.5825772065537016,0.4602622553709142,0.6418542059049629,0.5201960166724421,0.4602622553709142,0.4602622553709142,0.47620115126598794,0.4602622553709142,0.4520230397778112
23,82,0.49504648258121686,0.5337682639256731,0.49504648258121686,0.6232860469381611,0.4438996500229202,0.49504648258121686,0.4950464825812169,0.39270881439422495,0.49504648258121686,0.4886900292240989
23,83,0.5249876339783984,0.6258621146769123,0.5249876339783984,0.6773371714306783,0.4952021493900083,0.5249876339783984,0.5249876339783984,0.4462283523862331,0.5249876339783984,0.4922950145260898
23,84,0.49466521046676054,0.5510400535963291,0.49466521046676054,0.6290157286268899,0.5172153237165891,0.49466521046676054,0.4946652104667605,0.4726394076170326,0.49466521046676054,0.5073109285807951
23,85,0.4841407805698601,0.5648762275925133,0.4841407805698601,0.6723632746898884,0.49029793300618524,0.4841407805698601,0.4841407805698601,0.42772506038405167,0.4841407805698601,0.469046707762328
23,86,0.5149349853452306,0.5418083431985026,0.5149349853452306,0.616699592790592,0.4054699025149634,0.5149349853452306,0.5149349853452306,0.39378333367842233,0.5149349853452306,0.5157084509487746
23,87,0.4991191155230346,0.6252028578479908,0.4991191155230346,0.6734712930537332,0.52069619256143,0.4991191155230346,0.4991191155230347,0.47495362910742456,0.4991191155230346,0.5176681329682369
23,88,0.4576982631257084,0.5638609262077983,0.4576982631257084,0.6154768533759101,0.48734281108446414,0.4576982631257084,0.4576982631257083,0.42441035588345954,0.4576982631257084,0.4503350317593535
23,89,0.4920511315362776,0.523294975483571,0.4920511315362776,0.6248282452824071,0.5150328062767783,0.4920511315362776,0.49205113153627755,0.45983979243947304,0.4920511315362776,0.5075995073852715
23,90,0.5261346097787237,0.6114465688113648,0.5261346097787237,0.684751952533736,0.5305393922541779,0.5261346097787237,0.5261346097787237,0.4787634638049029,0.5261346097787237,0.5175828022158141
23,91,0.4411310000991512,0.5517145477281806,0.4411310000991512,0.6399596501327999,0.5747860987098572,0.4411310000991512,0.4411310000991512,0.46509222129868444,0.4411310000991512,0.38953051222032364
23,92,0.4650612846370569,0.5656481379838406,0.4650612846370569,0.6671802884820162,0.6246898542259083,0.4650612846370569,0.4650612846370569,0.5230302417958671,0.4650612846370569,0.44680688248835654
23,93,0.40881774700425405,0.5061722544230698,0.40881774700425405,0.6551890433763149,0.5947250847717016,0.40881774700425405,0.408817747004254,0.44090648347536765,0.40881774700425405,0.34796792514561947
23,94,0.3777618648527419,0.47426065624943986,0.3777618648527419,0.5620650085325612,0.4874467164193461,0.3777618648527419,0.3777618648527419,0.3874202566303303,0.3777618648527419,0.30726330064726914
23,95,0.48257294651792065,0.5070066204256478,0.48257294651792065,0.6171917390533985,0.5942917105048222,0.48257294651792065,0.4825729465179207,0.48501203137359183,0.48257294651792065,0.44444857722252507
23,96,0.48288164404758777,0.46322392987018685,0.48288164404758777,0.5994862047638051,0.42370436481301366,0.48288164404758777,0.4828816440475878,0.3408345313370536,0.48288164404758777,0.47065499916197395
23,97,0.45242828892267445,0.5345202925989463,0.45242828892267445,0.6305009185414612,0.49977649462417695,0.45242828892267445,0.45242828892267445,0.4206259847395573,0.45242828892267445,0.4461594246197682
23,98,0.46142614355847594,0.5829737669246734,0.46142614355847594,0.6541577862695419,0.5346421697509184,0.46142614355847594,0.46142614355847594,0.4928684638477115,0.46142614355847594,0.4683519788700776
23,99,0.464224307319263,0.4741774913885352,0.464224307319263,0.6062293783276981,0.3946029532116072,0.464224307319263,0.464224307319263,0.3596388484311806,0.464224307319263,0.47901956121948125
24,0,0.5067045070489807,0.5619706720080533,0.5067045070489807,0.6084102780627584,0.42898910613487146,0.5067045070489807,0.5067045070489808,0.413354351842256,0.5067045070489807,0.511578635525582
24,1,0.4660145113858001,0.5022771451194241,0.4660145113858001,0.6106160138504115,0.48730009553790765,0.4660145113858001,0.4660145113858001,0.40097019969853065,0.4660145113858001,0.46476101481291904
24,2,0.4259615180001232,0.5426094708728634,0.4259615180001232,0.6344530633945894,0.5644235541073591,0.4259615180001232,0.4259615180001232,0.45154481168171207,0.4259615180001232,0.39354925960413145
24,3,0.5584564119924437,0.5925884343453767,0.5584564119924437,0.6507078572449785,0.5791024154495874,0.5584564119924437,0.5584564119924438,0.528630949530116,0.5584564119924437,0.5535393294466932
24,4,0.45039480667050574,0.5672397270627431,0.45039480667050574,0.6767442069329535,0.4700966648478843,0.45039480667050574,0.4503948066705057,0.39378733202278526,0.45039480667050574,0.4617970103154088
24,5,0.4266992511994088,0.5352359186541003,0.4266992511994088,0.6075551549540291,0.5813052970173243,0.4266992511994088,0.4266992511994089,0.47997989258982776,0.4266992511994088,0.3823874256564681
24,6,0.41289837151366704,0.5152392712695685,0.41289837151366704,0.6237989678517158,0.5511978801136186,0.41289837151366704,0.41289837151366704,0.4505919436679096,0.41289837151366704,0.4109837229626333
24,7,0.448649578402993,0.540737681022447,0.448649578402993,0.6440998520165604,0.58007383898582,0.448649578402993,0.44864957840299297,0.4782292633640065,0.448649578402993,0.4248371294179519
24,8,0.44849374283488597,0.5230126297194453,0.44849374283488597,0.6028622395277508,0.45991408104501186,0.44849374283488597,0.44849374283488597,0.3817305768927722,0.44849374283488597,0.4458700278641548
24,9,0.5626612775004012,0.6339953148210177,0.5626612775004012,0.6594045496331691,0.4738955322770615,0.5626612775004012,0.5626612775004012,0.45686484961178875,0.5626612775004012,0.5629343509837821
24,10,0.4977307200411696,0.609499128097128,0.4977307200411696,0.6388428315463499,0.4551436346935659,0.4977307200411696,0.4977307200411696,0.44930476657194934,0.4977307200411696,0.518200402399595
24,11,0.4822876661398117,0.5110275584234365,0.4822876661398117,0.6316610499135941,0.5980327688277445,0.4822876661398117,0.4822876661398118,0.4899555266738797,0.4822876661398117,0.47938675550093185
24,12,0.4708294308619287,0.5580899460419364,0.4708294308619287,0.6422912395000255,0.5740687553542436,0.4708294308619287,0.47082943086192863,0.5108419364999706,0.4708294308619287,0.47388707806441377
24,13,0.46199391655855593,0.5716609120462524,0.46199391655855593,0.6469377194491792,0.559363525808765,0.46199391655855593,0.46199391655855593,0.4516046481587993,0.46199391655855593,0.4485769227075712
24,14,0.39781363720123036,0.563121256506518,0.39781363720123036,0.6481056461654581,0.4826077830790537,0.39781363720123036,0.3978136372012303,0.39354547018598723,0.39781363720123036,0.3540412702565805
24,15,0.49139851782440164,0.5870949627445817,0.49139851782440164,0.6590410501556923,0.5333067678199663,0.49139851782440164,0.4913985178244017,0.4783852372430719,0.49139851782440164,0.4815195349744571
24,16,0.5283377734544843,0.510719515452932,0.5283377734544843,0.6222468771473273,0.4413064894499532,0.5283377734544843,0.5283377734544843,0.4185482399928312,0.5283377734544843,0.5418541778235069
24,17,0.4212673083647645,0.549314048135202,0.4212673083647645,0.6257297468858045,0.5585205562763116,0.4212673083647645,0.4212673083647645,0.4680555887896413,0.4212673083647645,0.37832675654301295
24,18,0.48750820413400076,0.3664992194142812,0.48750820413400076,0.548774960022972,0.3748959409643677,0.48750820413400076,0.48750820413400076,0.2928121991605598,0.48750820413400076,0.48015987904343227
24,19,0.4900762850882088,0.5195147579688995,0.4900762850882088,0.6386352595853588,0.4933243008768201,0.4900762850882088,0.4900762850882088,0.42457872150913495,0.4900762850882088,0.4748283341117713
24,20,0.4911752185577581,0.45112112564104945,0.4911752185577581,0.5795688864855711,0.4399962233471574,0.4911752185577581,0.49117521855775814,0.38389511224856343,0.4911752185577581,0.4535763442634928
24,21,0.5917712129424738,0.6028289810916831,0.5917712129424738,0.6762961197429951,0.5311869710865652,0.5917712129424738,0.5917712129424739,0.5136652841063077,0.5917712129424738,0.5985813856641699
24,22,0.4622003034379631,0.5611975359241513,0.4622003034379631,0.6594818731150952,0.5636040147583601,0.4622003034379631,0.46220030343796314,0.45836266500726874,0.4622003034379631,0.4477446074370305
24,23,0.46833318109087313,0.5040561953372793,0.46833318109087313,0.6072601774540457,0.4817936166761337,0.46833318109087313,0.46833318109087313,0.3991068269610883,0.46833318109087313,0.42392277808570716
24,24,0.4574440197659344,0.5331004075843523,0.4574440197659344,0.6349145701269007,0.5838604876008003,0.4574440197659344,0.4574440197659344,0.4680593427712184,0.4574440197659344,0.42689815414192245
24,25,0.44322683516360367,0.4926628036075037,0.44322683516360367,0.6289107527405127,0.5921712405086141,0.44322683516360367,0.4432268351636036,0.4498919585335758,0.44322683516360367,0.39745740161039134
24,26,0.48780119730409116,0.48641910175953085,0.48780119730409116,0.6004183971220919,0.5000432072800988,0.48780119730409116,0.4878011973040911,0.4220982113552807,0.48780119730409116,0.498986689062932
24,27,0.5036352804663878,0.525796378503767,0.5036352804663878,0.6207830064632733,0.4817810319947013,0.5036352804663878,0.5036352804663878,0.4231921457937326,0.5036352804663878,0.4946723760281698
24,28,0.40002033203476556,0.5065303562309624,0.40002033203476556,0.6380114079876109,0.5574180475975916,0.40002033203476556,0.4000203320347656,0.41401573889302823,0.40002033203476556,0.3380088947021751
24,29,0.41588842582194435,0.5675715468585544,0.41588842582194435,0.6596693558654304,0.5659066220786482,0.41588842582194435,0.4158884258219443,0.44252887910168714,0.41588842582194435,0.37842450527385785
24,30,0.5642205624335178,0.5945842130294166,0.5642205624335178,0.6635099316714022,0.6075774145885058,0.5642205624335178,0.5642205624335179,0.555338573513688,0.5642205624335178,0.5667266808597032
24,31,0.5475302664360758,0.5370193756263333,0.5475302664360758,0.6636159803101707,0.6196124433601744,0.5475302664360758,0.5475302664360758,0.5102767014960392,0.5475302664360758,0.5467627895941949
24,32,0.5143405428114316,0.5665195977907025,0.5143405428114316,0.6266073204779465,0.48607752033657026,0.5143405428114316,0.5143405428114316,0.41872727634882895,0.5143405428114316,0.48321314322398
24,33,0.4408436753665411,0.6028450296812569,0.4408436753665411,0.6533497367017977,0.5107343270040055,0.4408436753665411,0.4408436753665411,0.45579166186171005,0.4408436753665411,0.4260376286501391
24,34,0.4253131788476587,0.579973818455132,0.4253131788476587,0.6260346168400546,0.5357848089885116,0.4253131788476587,0.42531317884765873,0.45321774104398227,0.4253131788476587,0.37917990806695323
24,35,0.5380431605980778,0.43024416860920484,0.5380431605980778,0.5955249569125994,0.44688381983341774,0.5380431605980778,0.5380431605980778,0.3661227661509833,0.5380431605980778,0.535003912412581
24,36,0.5593332542230092,0.6355253730351379,0.5593332542230092,0.6886440028873005,0.5684091641989644,0.5593332542230092,0.5593332542230092,0.5148050983810399,0.5593332542230092,0.5303597432819622
24,37,0.4721477607395285,0.5366443289882672,0.4721477607395285,0.6224093184771123,0.4600006317076182,0.4721477607395285,0.47214776073952847,0.36247784728360505,0.4721477607395285,0.47058845874957617
24,38,0.5243495165984394,0.5084593465187818,0.5243495165984394,0.6228622561319667,0.5182599199955789,0.5243495165984394,0.5243495165984394,0.4362379948174857,0.5243495165984394,0.5298156263626685
24,39,0.5099731511206361,0.5729761190139583,0.5099731511206361,0.6787433703118368,0.547495473299223,0.5099731511206361,0.5099731511206361,0.46452489889785276,0.5099731511206361,0.49705510719039103
24,40,0.5295985826304394,0.5083131650878333,0.5295985826304394,0.6297228169536082,0.4888707713732089,0.5295985826304394,0.5295985826304394,0.44234983284911533,0.5295985826304394,0.5464157172339278
24,41,0.499714859009698,0.6258631892245388,0.499714859009698,0.6772433487916034,0.5319217364255129,0.499714859009698,0.4997148590096979,0.5027296757157652,0.499714859009698,0.49687280786254484
24,42,0.4041332945153779,0.5095877091116718,0.4041332945153779,0.6546136937478635,0.5750902775529625,0.4041332945153779,0.40413329451537794,0.4274892140176656,0.4041332945153779,0.36722859062087915
24,43,0.5331504627257025,0.5622458135086271,0.5331504627257025,0.6735222307446086,0.6266126307382291,0.5331504627257025,0.5331504627257025,0.5292974892253106,0.5331504627257025,0.5278582070774422
24,44,0.5003746279623278,0.519213426431134,0.5003746279623278,0.6162832740900843,0.3888768520335495,0.5003746279623278,0.5003746279623278,0.3602969164270894,0.5003746279623278,0.5052043345588837
24,45,0.49845014697514983,0.5430937116998139,0.49845014697514983,0.6291115766157336,0.5170986722214298,0.49845014697514983,0.4984501469751499,0.4122635097101527,0.49845014697514983,0.48018233410586003
24,46,0.48958796313805814,0.5109230708350951,0.48958796313805814,0.6196701947524831,0.4492509249185722,0.48958796313805814,0.4895879631380581,0.4042712680498046,0.48958796313805814,0.49623216657279273
24,47,0.449703071447495,0.5296144665834743,0.449703071447495,0.6424980284033531,0.5957486663455538,0.449703071447495,0.44970307144749494,0.4791875939317338,0.449703071447495,0.445278555234865
24,48,0.42800847440695833,0.555811386481355,0.42800847440695833,0.6524991078496563,0.581182634926952,0.42800847440695833,0.42800847440695833,0.47615821436035993,0.42800847440695833,0.3975315195355269
24,49,0.4513322361344676,0.5825559092634713,0.4513322361344676,0.6789084303392546,0.570989437778241,0.4513322361344676,0.4513322361344676,0.508475523243082,0.4513322361344676,0.47693849625958673
24,50,0.47712771537901916,0.5658145865936576,0.47712771537901916,0.6363729782121494,0.4682111218108045,0.47712771537901916,0.4771277153790191,0.42835748806174456,0.47712771537901916,0.49328080353971004
24,51,0.5114847654237952,0.5180524586484174,0.5114847654237952,0.6477712726916831,0.560083369299746,0.5114847654237952,0.5114847654237952,0.4661247164152286,0.5114847654237952,0.49704098773483396
24,52,0.3982168396639713,0.5658114810916661,0.3982168396639713,0.652131254140021,0.5622716112786577,0.3982168396639713,0.3982168396639713,0.4699607862730769,0.3982168396639713,0.36846614460162525
24,53,0.4583702052801402,0.5068145940381422,0.4583702052801402,0.6231782385041783,0.5465363240081198,0.4583702052801402,0.4583702052801402,0.4373034668875023,0.4583702052801402,0.4103570720492057
24,54,0.3777109418406234,0.4867843362635689,0.3777109418406234,0.6372146002679,0.5463742157456601,0.3777109418406234,0.3777109418406234,0.40201250742262595,0.3777109418406234,0.33203306793013126
24,55,0.42639278387465207,0.6229833018693157,0.42639278387465207,0.6637583599273699,0.5624982298167533,0.42639278387465207,0.42639278387465207,0.5061558970606649,0.42639278387465207,0.3931784178273805
24,56,0.4299183661370147,0.5289164777116309,0.4299183661370147,0.6430887873868851,0.5664927970312746,0.4299183661370147,0.42991836613701473,0.44159276441095535,0.4299183661370147,0.38518296561936416
24,57,0.48778818777544775,0.5460323313601997,0.48778818777544775,0.6547519955325674,0.4934706608826426,0.48778818777544775,0.48778818777544775,0.4229792321070528,0.48778818777544775,0.46998647019193035
24,58,0.46512317282331767,0.5674767706937942,0.46512317282331767,0.6447763007497467,0.470708449790872,0.46512317282331767,0.46512317282331767,0.41358409069898217,0.46512317282331767,0.4691966020303671
24,59,0.43431186981030157,0.5273555241223167,0.43431186981030157,0.6421127914231097,0.5721029664495695,0.43431186981030157,0.4343118698103015,0.44923741384714044,0.43431186981030157,0.39029971243726125
24,60,0.4326421897341252,0.5503621144177864,0.4326421897341252,0.6486062823714689,0.565938230240435,0.4326421897341252,0.43264218973412516,0.5001264607626448,0.4326421897341252,0.436578947770247
24,61,0.5423354687235599,0.6070902778987294,0.5423354687235599,0.666721849149881,0.5776107907295175,0.5423354687235599,0.54233546872356,0.553569020613465,0.5423354687235599,0.5624344167650994
24,62,0.4428215883463616,0.5659427921016831,0.4428215883463616,0.6330623552301918,0.5807370718944094,0.4428215883463616,0.4428215883463616,0.49021577642806546,0.4428215883463616,0.428504631688543
24,63,0.5075782827477946,0.5602731767330971,0.5075782827477946,0.6562930311569026,0.5690079715863667,0.5075782827477946,0.5075782827477946,0.4685911378097397,0.5075782827477946,0.4826675087895855
24,64,0.4853519676865611,0.5221489934612487,0.4853519676865611,0.6321095761474536,0.49327208521422417,0.4853519676865611,0.4853519676865611,0.4346199139602663,0.4853519676865611,0.48502049020004867
24,65,0.4914367100834905,0.58859551491617,0.4914367100834905,0.6536076141100009,0.5583685033201158,0.4914367100834905,0.4914367100834905,0.4938187612602849,0.4914367100834905,0.5068821969390184
24,66,0.49927801762289337,0.47688472855800135,0.49927801762289337,0.6180531502031026,0.5138814231408186,0.49927801762289337,0.49927801762289337,0.4211368609887788,0.49927801762289337,0.49281627875659123
24,67,0.5402505059080451,0.5336437725570993,0.5402505059080451,0.670168609661093,0.6041532995921335,0.5402505059080451,0.5402505059080451,0.48623091851472455,0.5402505059080451,0.5116926070448314
24,68,0.5405337419316529,0.5704488716826481,0.5405337419316529,0.6705353506296637,0.5460789076725955,0.5405337419316529,0.5405337419316529,0.4982864015075935,0.5405337419316529,0.5406741160308322
24,69,0.3956452275519886,0.5293886035120436,0.3956452275519886,0.6411030410686341,0.5283494577156609,0.3956452275519886,0.3956452275519886,0.41885199273066787,0.3956452275519886,0.3527055544498914
24,70,0.3651976337897603,0.5385781608619399,0.3651976337897603,0.6216018229770306,0.49807264425941356,0.3651976337897603,0.36519763378976033,0.40867772687651166,0.3651976337897603,0.29894910678063846
24,71,0.527408242632913,0.6237312580029634,0.527408242632913,0.6917936907936907,0.5575054925023732,0.527408242632913,0.527408242632913,0.4794126534276843,0.527408242632913,0.5130898989309051
24,72,0.44819870531029443,0.4842614636959732,0.44819870531029443,0.6058186465587483,0.5585808758109463,0.44819870531029443,0.4481987053102945,0.44765396027692,0.44819870531029443,0.4173789461888373
24,73,0.4461721924484704,0.5213388718032597,0.4461721924484704,0.6481241495009948,0.5829366171345159,0.4461721924484704,0.44617219244847045,0.44601955698577483,0.4461721924484704,0.4103573460723936
24,74,0.49264529529446277,0.6051049011768526,0.49264529529446277,0.6567347060945479,0.5909434405859408,0.49264529529446277,0.49264529529446277,0.5334029930428956,0.49264529529446277,0.5013977283551412
24,75,0.4762004147623582,0.44720191837638035,0.4762004147623582,0.5984936786457302,0.4630582412672456,0.4762004147623582,0.47620041476235814,0.3418540674986209,0.4762004147623582,0.4431895979831675
24,76,0.5742327886026865,0.5738996584823921,0.5742327886026865,0.68659290328444,0.6325102665759159,0.5742327886026865,0.5742327886026865,0.5473885815674396,0.5742327886026865,0.5871965454112942
24,77,0.488664379529581,0.5254937785437179,0.488664379529581,0.6355757483348476,0.432093319333612,0.488664379529581,0.48866437952958097,0.38128214390514326,0.488664379529581,0.46779187967877367
24,78,0.47844660280784657,0.590995005260974,0.47844660280784657,0.6328292763116,0.5000608222418254,0.47844660280784657,0.4784466028078465,0.4748281763262704,0.47844660280784657,0.4775015049839352
24,79,0.4054601735118005,0.4791240991931863,0.4054601735118005,0.606968699966983,0.5984992030292492,0.4054601735118005,0.4054601735118005,0.4348987145399956,0.4054601735118005,0.3455362770076327
24,80,0.5035588030230056,0.4943893244595789,0.5035588030230056,0.6245554380382643,0.37236406468137623,0.5035588030230056,0.5035588030230056,0.32822190093853854,0.5035588030230056,0.49841599027139694
24,81,0.4488922061121925,0.5636109887110181,0.4488922061121925,0.634078329868638,0.5106189197984285,0.4488922061121925,0.4488922061121925,0.45711742730792126,0.4488922061121925,0.43505355563707815
24,82,0.493723785219001,0.5316554266069551,0.493723785219001,0.6200164083918792,0.43280064605134805,0.493723785219001,0.49372378521900107,0.384538551160696,0.493723785219001,0.4851292223772669
24,83,0.5087352944702163,0.5823667941257218,0.5087352944702163,0.6615625904706383,0.4847363705989619,0.5087352944702163,0.5087352944702163,0.42525302501683815,0.5087352944702163,0.47891422443515186
24,84,0.47646515867025147,0.5427054822327659,0.47646515867025147,0.62727606473603,0.5175033942843448,0.47646515867025147,0.47646515867025147,0.4603525797481927,0.47646515867025147,0.4857344941959537
24,85,0.48194783866660507,0.5683129568287768,0.48194783866660507,0.6821003591614057,0.5027116452954693,0.48194783866660507,0.48194783866660507,0.437045575059028,0.48194783866660507,0.46883574863468835
24,86,0.49459384390963096,0.5427620964504838,0.49459384390963096,0.607690571907367,0.3904855777680405,0.49459384390963096,0.494593843909631,0.38414706032502094,0.49459384390963096,0.4938452953278434
24,87,0.4802212883652161,0.6107479475075348,0.4802212883652161,0.6746457865390979,0.5101985251537604,0.4802212883652161,0.48022128836521616,0.45901446384502087,0.4802212883652161,0.49913293245856194
24,88,0.4353303300526709,0.5262879130031421,0.4353303300526709,0.6031271260982731,0.47475533334073206,0.4353303300526709,0.43533033005267097,0.3844799244106093,0.4353303300526709,0.4202806709699267
24,89,0.48761990022992485,0.51968687609194,0.48761990022992485,0.6194439016594591,0.4998611186055116,0.48761990022992485,0.48761990022992485,0.4548191427672268,0.48761990022992485,0.5098155736946999
24,90,0.5261161176630091,0.6176600394799923,0.5261161176630091,0.6881785132706681,0.5267030611397372,0.5261161176630091,0.5261161176630091,0.4779317813160837,0.5261161176630091,0.5168998961350162
24,91,0.4538152905264705,0.5716686267812463,0.4538152905264705,0.6576688141591147,0.5940223501879524,0.4538152905264705,0.4538152905264705,0.49131956174402347,0.4538152905264705,0.4068903609075427
24,92,0.46519361012840127,0.5773701153559282,0.46519361012840127,0.6693929744670972,0.6232396312452444,0.46519361012840127,0.46519361012840127,0.5238376703718137,0.46519361012840127,0.4461842693860242
24,93,0.4174752166156213,0.5110767434408049,0.4174752166156213,0.6583095523200697,0.5984072480708685,0.4174752166156213,0.41747521661562126,0.44906812602597407,0.4174752166156213,0.3569569111841004
24,94,0.3671560324766156,0.4594491453263501,0.3671560324766156,0.559007134422287,0.5018865381147675,0.3671560324766156,0.36715603247661555,0.38097677277546893,0.3671560324766156,0.2834344689609151
24,95,0.4604635313640686,0.4855849242313813,0.4604635313640686,0.6104510156781499,0.5625333795725432,0.4604635313640686,0.46046353136406865,0.4515091622009088,0.4604635313640686,0.4219425720204282
24,96,0.4909377017348113,0.488478950930301,0.4909377017348113,0.6059139255010695,0.42338795466797896,0.4909377017348113,0.4909377017348113,0.3517287577417856,0.4909377017348113,0.47833400907866463
24,97,0.5869008171192016,0.6330185414575592,0.5869008171192016,0.6978647015033008,0.6215756959158818,0.5869008171192016,0.5869008171192015,0.5720426737661444,0.5869008171192016,0.5809963545356802
24,98,0.5154743232327044,0.5955414415953892,0.5154743232327044,0.6725480356569704,0.5992441824323671,0.5154743232327044,0.5154743232327043,0.5395861703872692,0.5154743232327044,0.5138663419862779
24,99,0.5899464406998272,0.5904580627226592,0.5899464406998272,0.6786110001775179,0.5936138490539584,0.5899464406998272,0.5899464406998272,0.5337562840124507,0.5899464406998272,0.5967195640863812
25,0,0.522357107286702,0.5654735372233896,0.522357107286702,0.6147036023126004,0.46846961405551296,0.522357107286702,0.5223571072867021,0.44912294858865853,0.522357107286702,0.5280111080181249
25,1,0.5343204839767676,0.5413858435767624,0.5343204839767676,0.6350858216492836,0.5920752686332704,0.5343204839767676,0.5343204839767677,0.504210544959623,0.5343204839767676,0.5248898203925956
25,2,0.4225413129197722,0.5396204040443457,0.4225413129197722,0.6304576526160195,0.5691768946708835,0.4225413129197722,0.42254131291977215,0.45720761146593547,0.4225413129197722,0.3860235364056286
25,3,0.5609357493762628,0.5877171754576731,0.5609357493762628,0.6471494118153648,0.5844708777600567,0.5609357493762628,0.5609357493762628,0.5328320089004477,0.5609357493762628,0.5522254727540621
25,4,0.4365976439929477,0.5876426464233345,0.4365976439929477,0.6888408876145633,0.4936616284334139,0.4365976439929477,0.43659764399294776,0.4162416463322208,0.4365976439929477,0.46071448609496224
25,5,0.4364542604022565,0.5265960852150591,0.4364542604022565,0.6065165109672096,0.5818685861108465,0.4364542604022565,0.43645426040225654,0.4858585110549475,0.4364542604022565,0.403926361397701
25,6,0.35840814664117665,0.46587592749172213,0.35840814664117665,0.5824674509851411,0.47677324341897975,0.35840814664117665,0.3584081466411767,0.38434318578429855,0.35840814664117665,0.3502954771021195
25,7,0.43855130349436866,0.5480904894854247,0.43855130349436866,0.6425499891544468,0.5805611210716239,0.43855130349436866,0.43855130349436866,0.4852666576380077,0.43855130349436866,0.41323914673479
25,8,0.5407853833856983,0.5907838317174561,0.5407853833856983,0.6548888663139553,0.5673241025046554,0.5407853833856983,0.5407853833856981,0.5111601437706159,0.5407853833856983,0.548403216845761
25,9,0.5193322989519059,0.4925303106281034,0.5193322989519059,0.5884684064549537,0.3999224495572803,0.5193322989519059,0.5193322989519058,0.3510145916057037,0.5193322989519059,0.4935961448494006
25,10,0.47372563071356427,0.627990582066243,0.47372563071356427,0.6446706464201829,0.45247795543095093,0.47372563071356427,0.47372563071356427,0.43850816246017266,0.47372563071356427,0.4973443124200329
25,11,0.4812632586843482,0.5094811954008944,0.4812632586843482,0.6299202996036282,0.5817319153919867,0.4812632586843482,0.4812632586843482,0.47996329514289054,0.4812632586843482,0.4845038082837974
25,12,0.5100221227034581,0.5675813544892161,0.5100221227034581,0.6556225104991915,0.612364488887116,0.5100221227034581,0.510022122703458,0.5427680111686524,0.5100221227034581,0.5143820228104845
25,13,0.44410711562673916,0.5452528175926468,0.44410711562673916,0.6251120475279496,0.5335467906003952,0.44410711562673916,0.4441071156267391,0.4210623449701379,0.44410711562673916,0.42631599363343686
25,14,0.36392474433720773,0.5356431634922257,0.36392474433720773,0.6228976503722101,0.435644496853397,0.36392474433720773,0.3639247443372077,0.35707074887195706,0.36392474433720773,0.32035355310362174
25,15,0.4607017915886521,0.5589653583091956,0.4607017915886521,0.6241570771491168,0.49173393831439116,0.4607017915886521,0.4607017915886521,0.4416183042353252,0.4607017915886521,0.44690433227628645
25,16,0.5119510641004567,0.4977390946697357,0.5119510641004567,0.6047182861723576,0.4208196984011299,0.5119510641004567,0.5119510641004565,0.40796518001248855,0.5119510641004567,0.5269736018240408
25,17,0.4301968629751881,0.5500745544424035,0.4301968629751881,0.6229696707834321,0.5786002154294265,0.4301968629751881,0.4301968629751881,0.4819633141266941,0.4301968629751881,0.3812757183618146
25,18,0.486623834961863,0.35649602477562176,0.486623834961863,0.545926208180104,0.3713364550645901,0.486623834961863,0.486623834961863,0.291138395530374,0.486623834961863,0.48239447699130367
25,19,0.4958410860057151,0.5186231410905845,0.4958410860057151,0.6370478779298727,0.4869445952079351,0.4958410860057151,0.4958410860057151,0.42518847977981766,0.4958410860057151,0.4827707085098586
25,20,0.4750206363648106,0.4359787364408462,0.4750206363648106,0.5768315803826436,0.4348071909419172,0.4750206363648106,0.4750206363648106,0.36547512288003403,0.4750206363648106,0.4378481721877449
25,21,0.5469808926265058,0.5752689054691733,0.5469808926265058,0.6582747826816133,0.48052725840932237,0.5469808926265058,0.5469808926265058,0.4546703241391429,0.5469808926265058,0.5515061339808989
25,22,0.45718410796868014,0.5619433755449615,0.45718410796868014,0.6614868677558339,0.548551839116531,0.45718410796868014,0.4571841079686801,0.43871502656936945,0.45718410796868014,0.4406881152150065
25,23,0.48164025623939316,0.5299040263364474,0.48164025623939316,0.618451656980658,0.5211380903847664,0.48164025623939316,0.48164025623939316,0.43580287063782513,0.48164025623939316,0.4453142788447434
25,24,0.4451557765606021,0.5197250340374819,0.4451557765606021,0.6369562706825546,0.5755956851552528,0.4451557765606021,0.4451557765606021,0.45016299100283547,0.4451557765606021,0.4031796735752601
25,25,0.44095202615509976,0.4818744140244732,0.44095202615509976,0.6114765692018848,0.602889295978398,0.44095202615509976,0.44095202615509976,0.4535784022545689,0.44095202615509976,0.390354676787697
25,26,0.4483462705351925,0.4407746276075835,0.4483462705351925,0.5658343785011473,0.43799977287770286,0.4483462705351925,0.44834627053519255,0.3550205131714528,0.4483462705351925,0.45165236405293985
25,27,0.4863595556799927,0.5176669094250479,0.4863595556799927,0.618710753679564,0.48181490289436263,0.4863595556799927,0.48635955567999267,0.4158131777502154,0.4863595556799927,0.4707601447543035
25,28,0.40941813675114713,0.5256031815028492,0.40941813675114713,0.6449246233857888,0.5718385563844135,0.40941813675114713,0.40941813675114713,0.4339090349138598,0.40941813675114713,0.3485257440983105
25,29,0.41760484727603236,0.5702878114348324,0.41760484727603236,0.6631910080207013,0.5662838208835728,0.41760484727603236,0.41760484727603236,0.4430122225706382,0.41760484727603236,0.38249483573951776
25,30,0.4956220612984829,0.4892165063281884,0.4956220612984829,0.6015346552166254,0.5739280759194738,0.4956220612984829,0.4956220612984829,0.4730749132931166,0.4956220612984829,0.47333217080168716
25,31,0.5133536771386248,0.5334327270089769,0.5133536771386248,0.6596454615523057,0.596160704460284,0.5133536771386248,0.5133536771386248,0.489360028147433,0.5133536771386248,0.52110316343899
25,32,0.49198013667996643,0.550963059125382,0.49198013667996643,0.6281826345471067,0.4665628737006027,0.49198013667996643,0.49198013667996643,0.39888308866851285,0.49198013667996643,0.4769859867650151
25,33,0.4476758151840342,0.5891779155648029,0.4476758151840342,0.653688146911463,0.5243338646214584,0.4476758151840342,0.44767581518403415,0.46049111441031054,0.4476758151840342,0.4400514861689717
25,34,0.4392393217091956,0.5987634839383529,0.4392393217091956,0.6320856179707014,0.5575774249981537,0.4392393217091956,0.43923932170919555,0.48638526497313994,0.4392393217091956,0.3977272430482406
25,35,0.537443607178026,0.441161288545466,0.537443607178026,0.5926836005986285,0.4307209739051834,0.537443607178026,0.537443607178026,0.3557944910374923,0.537443607178026,0.5287691388835083
25,36,0.5327945591921008,0.6256700439298968,0.5327945591921008,0.6853789287194585,0.5338822623570577,0.5327945591921008,0.5327945591921008,0.48556388006456197,0.5327945591921008,0.5164935798280165
25,37,0.6041353760399608,0.6386830604937093,0.6041353760399608,0.6945091815384156,0.5720212833179563,0.6041353760399608,0.6041353760399608,0.5177794770419701,0.6041353760399608,0.6023795590634397
25,38,0.5254231744123387,0.5111417564076213,0.5254231744123387,0.6292326011659657,0.5108749074216717,0.5254231744123387,0.5254231744123387,0.4413393357720582,0.5254231744123387,0.5330965122744711
25,39,0.5001281903197399,0.5592076844277072,0.5001281903197399,0.6804624813625665,0.5456165891861218,0.5001281903197399,0.5001281903197398,0.4452445260328792,0.5001281903197399,0.4842747737911489
25,40,0.4963474354455573,0.48157113183420874,0.4963474354455573,0.6077878863814299,0.48221452230244455,0.4963474354455573,0.49634743544555726,0.4233947703546062,0.4963474354455573,0.511135369139233
25,41,0.4773366112389504,0.6067341604049633,0.4773366112389504,0.6706539267902509,0.5050837871819694,0.4773366112389504,0.4773366112389503,0.4739196734281859,0.4773366112389504,0.48095494858196786
25,42,0.405376169126846,0.5138573683666479,0.405376169126846,0.6562183813657895,0.5693140309267938,0.405376169126846,0.405376169126846,0.4264121587523275,0.405376169126846,0.3691632037214857
25,43,0.5091338506727273,0.5488962102885728,0.5091338506727273,0.6638760556559603,0.6086843342547563,0.5091338506727273,0.5091338506727274,0.506983896782043,0.5091338506727273,0.5070613213254123
25,44,0.49769280655769454,0.533648863670008,0.49769280655769454,0.6296239245131765,0.38914616112734035,0.49769280655769454,0.49769280655769443,0.3622475818352011,0.49769280655769454,0.506624285031615
25,45,0.511116781613596,0.48232219684819744,0.511116781613596,0.622822227530177,0.5073551981774337,0.511116781613596,0.511116781613596,0.4073901847447558,0.511116781613596,0.49381705567277046
25,46,0.4851854457199255,0.5107607125044136,0.4851854457199255,0.6178743085752813,0.45418231846914175,0.4851854457199255,0.4851854457199255,0.40704921657454557,0.4851854457199255,0.48753228215496514
25,47,0.4577713952617252,0.5542229047709426,0.4577713952617252,0.6530768061620901,0.6050478509445495,0.4577713952617252,0.4577713952617252,0.5053328090873692,0.4577713952617252,0.4556995987014344
25,48,0.4291295240752014,0.5519687646450683,0.4291295240752014,0.6510006260524566,0.5769934175320408,0.4291295240752014,0.42912952407520144,0.47393318505193566,0.4291295240752014,0.39627074861409645
25,49,0.516170425940331,0.6068410894740341,0.516170425940331,0.6877058442876134,0.6394944455653,0.516170425940331,0.516170425940331,0.5678400223799656,0.516170425940331,0.5288066872181183
25,50,0.5553505728792401,0.6132486218965555,0.5553505728792401,0.6785698508921626,0.6001522125512511,0.5553505728792401,0.5553505728792401,0.5537211206919667,0.5553505728792401,0.5770140676707247
25,51,0.5108828888736285,0.5122954159643116,0.5108828888736285,0.6433434712868614,0.560935774488101,0.5108828888736285,0.5108828888736285,0.4612110717074852,0.5108828888736285,0.4966501525628918
25,52,0.40099223674963247,0.590534592993081,0.40099223674963247,0.6672435656033496,0.5722806492614954,0.40099223674963247,0.40099223674963247,0.4798824142822658,0.40099223674963247,0.373714157571766
25,53,0.479644129919472,0.5146768961036573,0.479644129919472,0.6257030495320172,0.5714682539115357,0.479644129919472,0.4796441299194719,0.4644376464783322,0.479644129919472,0.42733527602239396
25,54,0.3837259903341061,0.4857214775920472,0.3837259903341061,0.641628844537413,0.5496712041865934,0.3837259903341061,0.38372599033410604,0.4027395232998475,0.3837259903341061,0.33810061353978466
25,55,0.4287196309977296,0.6185504954613092,0.4287196309977296,0.6657008049575837,0.5746333108970804,0.4287196309977296,0.4287196309977296,0.5126560706660054,0.4287196309977296,0.393304470484715
25,56,0.4299746788109997,0.5495548053832642,0.4299746788109997,0.6763451237705079,0.5767979716616549,0.4299746788109997,0.4299746788109997,0.45793384722300634,0.4299746788109997,0.38131719202057
25,57,0.4959060407237275,0.5420177326610991,0.4959060407237275,0.657235429864997,0.5037407353328567,0.4959060407237275,0.49590604072372746,0.4205472406762788,0.4959060407237275,0.4717374987920602
25,58,0.5575133140910015,0.6302325433293664,0.5575133140910015,0.6899544867789084,0.603624669771008,0.5575133140910015,0.5575133140910015,0.5561231016522115,0.5575133140910015,0.5536096308267605
25,59,0.4359080460496427,0.5211108351774723,0.4359080460496427,0.6404424296139184,0.5818336899323853,0.4359080460496427,0.4359080460496427,0.44892275100984536,0.4359080460496427,0.38765941665848147
25,60,0.4838159140545934,0.570014035757905,0.4838159140545934,0.6689404032781923,0.6213069952210145,0.4838159140545934,0.4838159140545934,0.5479299300800666,0.4838159140545934,0.4919170977676695
25,61,0.5352539176569319,0.6060033960666453,0.5352539176569319,0.6631021655661764,0.5650043267090172,0.5352539176569319,0.5352539176569319,0.5430187770473401,0.5352539176569319,0.5537792980639591
25,62,0.44695527314759875,0.5675442112238274,0.44695527314759875,0.6394075661432459,0.5823611597517218,0.44695527314759875,0.4469552731475988,0.48995994726470926,0.44695527314759875,0.4360772998747139
25,63,0.4974704365430969,0.5452901107542101,0.4974704365430969,0.6473632294201133,0.5594642716035485,0.4974704365430969,0.49747043654309697,0.4531228919937452,0.4974704365430969,0.47204741815735207
25,64,0.4768006186588421,0.5318913373772987,0.4768006186588421,0.6282267710513327,0.48871541359101844,0.4768006186588421,0.47680061865884216,0.4407361106231156,0.4768006186588421,0.4782239118626004
25,65,0.46723805755471226,0.5693268947946979,0.46723805755471226,0.635866201499452,0.5348794120596687,0.46723805755471226,0.46723805755471226,0.4684738596685948,0.46723805755471226,0.48061888069679637
25,66,0.49564687232811,0.47777367430120854,0.49564687232811,0.615960515435154,0.48910417493731306,0.49564687232811,0.49564687232811,0.40297587857724704,0.49564687232811,0.4959240644611751
25,67,0.5157449214284872,0.5098685231952595,0.5157449214284872,0.6481963416566124,0.5658538945981478,0.5157449214284872,0.5157449214284872,0.4334133951610124,0.5157449214284872,0.479449398246992
25,68,0.5424235618175166,0.5698834605192291,0.5424235618175166,0.6650787523770234,0.5613898260989406,0.5424235618175166,0.5424235618175166,0.5122267884433374,0.5424235618175166,0.5455593190894598
25,69,0.3935822880099631,0.5196441706323633,0.3935822880099631,0.6400397866447394,0.5425584237618917,0.3935822880099631,0.39358228800996303,0.4263572877543822,0.3935822880099631,0.3473486095894365
25,70,0.37794817988795637,0.5569064850736045,0.37794817988795637,0.6258839574413613,0.5307466343120073,0.37794817988795637,0.37794817988795637,0.4367554662134244,0.37794817988795637,0.3152971609439425
25,71,0.5183904090781234,0.5481961524425234,0.5183904090781234,0.6668124935885237,0.5519589030423317,0.5183904090781234,0.5183904090781234,0.4684890259133491,0.5183904090781234,0.5032698690133081
25,72,0.43585479990740933,0.46465773482647865,0.43585479990740933,0.60257660447663,0.553060286754867,0.43585479990740933,0.4358547999074094,0.4299140937377561,0.43585479990740933,0.39718304555718453
25,73,0.4345185354653225,0.5339119990646537,0.4345185354653225,0.6591951250930401,0.5782445430720129,0.4345185354653225,0.4345185354653225,0.44731497584286584,0.4345185354653225,0.3987621196235743
25,74,0.47047408487955455,0.6018175279256537,0.47047408487955455,0.6539705651180043,0.5565778857056343,0.47047408487955455,0.47047408487955455,0.5053604905973035,0.47047408487955455,0.4814242001801997
25,75,0.5582223334020671,0.5342457759088025,0.5582223334020671,0.6686083537831861,0.6006994181675154,0.5582223334020671,0.5582223334020671,0.4763606320110129,0.5582223334020671,0.5342650912916908
25,76,0.5438782129702584,0.553933372977923,0.5438782129702584,0.6673930846939296,0.6034143700861839,0.5438782129702584,0.5438782129702584,0.5189712584278963,0.5438782129702584,0.5586513622649214
25,77,0.49781416687489655,0.5289994305472242,0.49781416687489655,0.6508711073938895,0.44687571767768863,0.49781416687489655,0.49781416687489655,0.39927281631412037,0.49781416687489655,0.47955196529787825
25,78,0.467143645546843,0.56017550744708,0.467143645546843,0.6201865387350499,0.48262603274779436,0.467143645546843,0.46714364554684296,0.4432848436807628,0.467143645546843,0.4591053127342056
25,79,0.40789249074209416,0.48096732931646086,0.40789249074209416,0.6109386280424642,0.6013873420870264,0.40789249074209416,0.4078924907420942,0.4416488137039682,0.40789249074209416,0.3490717398146215
25,80,0.49483442726432936,0.48947380052865563,0.49483442726432936,0.6223586493501716,0.37300305941319545,0.49483442726432936,0.49483442726432936,0.3244833792335066,0.49483442726432936,0.48515708013868747
25,81,0.47351905798374794,0.5768730230539434,0.47351905798374794,0.649151645191707,0.5663299254552163,0.47351905798374794,0.47351905798374794,0.504813803356972,0.47351905798374794,0.45958037491742154
25,82,0.4758232313569041,0.5284601953607424,0.4758232313569041,0.6177373075892028,0.4312254765880551,0.4758232313569041,0.4758232313569041,0.38382108061708253,0.4758232313569041,0.47467645720448726
25,83,0.5005813865425532,0.5602652884810837,0.5005813865425532,0.6600662507783807,0.477096218341031,0.5005813865425532,0.5005813865425532,0.4046956807194898,0.5005813865425532,0.47017904269563426
25,84,0.5019059424088611,0.5805947104212994,0.5019059424088611,0.6524372721470255,0.5799511849269432,0.5019059424088611,0.501905942408861,0.525708275105992,0.5019059424088611,0.5087231150946587
25,85,0.46349363643552666,0.551590541525861,0.46349363643552666,0.6678231415381157,0.48836070900377304,0.46349363643552666,0.4634936364355267,0.4186777794102902,0.46349363643552666,0.4510786296359758
25,86,0.5242143104257526,0.5668155475062993,0.5242143104257526,0.6270309827669239,0.4014484701030553,0.5242143104257526,0.5242143104257526,0.4014064441427385,0.5242143104257526,0.5268870997610059
25,87,0.4635757823163893,0.6047406774245173,0.4635757823163893,0.6722718777835628,0.5000716494469561,0.4635757823163893,0.4635757823163893,0.4494570942844696,0.4635757823163893,0.4843798935838639
25,88,0.4350382661346265,0.5426771046042305,0.4350382661346265,0.6120972166971113,0.4691449520007586,0.4350382661346265,0.4350382661346265,0.38951765845906045,0.4350382661346265,0.42404397651288933
25,89,0.4847611492357413,0.5127773578068386,0.4847611492357413,0.6164168695321196,0.5219452835555669,0.4847611492357413,0.48476114923574126,0.46709474900400827,0.4847611492357413,0.5054978131570007
25,90,0.5057924461658735,0.6019330852560343,0.5057924461658735,0.6785281726563004,0.5058177875885198,0.5057924461658735,0.5057924461658735,0.45250015539962674,0.5057924461658735,0.5029651992258624
25,91,0.4442461317328144,0.5789399888860651,0.4442461317328144,0.651295568056818,0.5845621332630606,0.4442461317328144,0.44424613173281435,0.4947934621106016,0.4442461317328144,0.3982012182249365
25,92,0.4631038152022475,0.5828735116106099,0.4631038152022475,0.6666043320282065,0.6251829817143634,0.4631038152022475,0.4631038152022475,0.5277560036933042,0.4631038152022475,0.4410531697117742
25,93,0.42198301829056095,0.4907428288464965,0.42198301829056095,0.643307138204721,0.6012067832195253,0.42198301829056095,0.42198301829056095,0.44289938927488126,0.42198301829056095,0.36601684444995525
25,94,0.37706557629470594,0.4747146262931209,0.37706557629470594,0.5740693398556385,0.5189543763611759,0.37706557629470594,0.37706557629470594,0.4035763414228463,0.37706557629470594,0.2916395926927039
25,95,0.48373581252823183,0.5218070432425151,0.48373581252823183,0.6166368754224724,0.6047000358469827,0.48373581252823183,0.48373581252823183,0.4956859211186399,0.48373581252823183,0.4430741787798006
25,96,0.4937196035847942,0.47600642851559,0.4937196035847942,0.6120666614569985,0.415382828160952,0.4937196035847942,0.4937196035847942,0.34106343913789966,0.4937196035847942,0.47966229792391873
25,97,0.5315292896063252,0.5978523131559165,0.5315292896063252,0.6806839319319105,0.5714288293808361,0.5315292896063252,0.5315292896063251,0.5128385315525688,0.5315292896063252,0.5290243543392991
25,98,0.4948334050870788,0.5827725811663389,0.4948334050870788,0.6615379236700689,0.558065623009492,0.4948334050870788,0.4948334050870788,0.508576613606082,0.4948334050870788,0.4933677755170901
25,99,0.5838797257925893,0.5967419139763213,0.5838797257925893,0.6778266236883266,0.5742013772410961,0.5838797257925893,0.5838797257925893,0.5265923675165128,0.5838797257925893,0.5902180769054246
26,0,0.5101342834254051,0.5654599086353227,0.5101342834254051,0.6116123923254824,0.45619148509823526,0.5101342834254051,0.5101342834254052,0.44202909733903417,0.5101342834254051,0.5199769730635087
26,1,0.5140372349436311,0.5281535330988786,0.5140372349436311,0.6359894740054126,0.5727562783421372,0.5140372349436311,0.5140372349436311,0.47753539835690256,0.5140372349436311,0.5070223464713477
26,2,0.42540405969775336,0.5467128126073664,0.42540405969775336,0.6382171943057435,0.5674745983034591,0.42540405969775336,0.4254040596977533,0.4584528271426359,0.42540405969775336,0.3885135610128053
26,3,0.5212629130025871,0.5901646956115499,0.5212629130025871,0.6451486111016125,0.5621581689769255,0.5212629130025871,0.5212629130025871,0.5154066772299566,0.5212629130025871,0.5192060773182193
26,4,0.45185809986727493,0.5875557014476087,0.45185809986727493,0.6874058440836748,0.5145689688869236,0.45185809986727493,0.4518580998672749,0.4358424473251685,0.45185809986727493,0.4741412107245596
26,5,0.4312212704306516,0.5193702389098007,0.4312212704306516,0.6036270914497756,0.5910868786944503,0.4312212704306516,0.4312212704306516,0.4835445420597304,0.4312212704306516,0.3893876248393099
26,6,0.32632915798706535,0.45522317457881867,0.32632915798706535,0.5760586146839337,0.4199717858007863,0.32632915798706535,0.32632915798706535,0.3382221720980468,0.32632915798706535,0.31820329694655736
26,7,0.43828386475554215,0.5550148501202483,0.43828386475554215,0.645349422877929,0.5868033033320992,0.43828386475554215,0.43828386475554215,0.4957001381545565,0.43828386475554215,0.4108168867703753
26,8,0.5141446564801437,0.5895442379296507,0.5141446564801437,0.6471993848705848,0.5456523264069117,0.5141446564801437,0.5141446564801437,0.4926990219885978,0.5141446564801437,0.5211613292370327
26,9,0.508416746868862,0.5765585876713784,0.508416746868862,0.6199451136749169,0.4207111515801409,0.508416746868862,0.508416746868862,0.381613968098678,0.508416746868862,0.49798920522480367
26,10,0.567948071165467,0.6662539158436822,0.567948071165467,0.6884768854850036,0.5542906307950597,0.567948071165467,0.567948071165467,0.5286748484651116,0.567948071165467,0.5784667361431651
26,11,0.4791158501313451,0.5033250989738851,0.4791158501313451,0.6421701386192544,0.5842216393980346,0.4791158501313451,0.47911585013134517,0.47430771582192943,0.4791158501313451,0.48034858348124787
26,12,0.47731412333943823,0.5653586947854244,0.47731412333943823,0.6385301801905864,0.6007199851211339,0.47731412333943823,0.4773141233394382,0.5327392121138737,0.47731412333943823,0.4736959663735849
26,13,0.4528283319284591,0.5552529444091325,0.4528283319284591,0.639154057901387,0.5472897713103588,0.4528283319284591,0.45282833192845906,0.4336519260496824,0.4528283319284591,0.43183186789975236
26,14,0.39283303208530757,0.5364153956875527,0.39283303208530757,0.6344159028955382,0.4775442684017232,0.39283303208530757,0.39283303208530757,0.38734086735289547,0.39283303208530757,0.3483909770597903
26,15,0.4959386574705406,0.5740574877189166,0.4959386574705406,0.631268099981335,0.571456710322108,0.4959386574705406,0.49593865747054067,0.5137542893996512,0.4959386574705406,0.48572162415446907
26,16,0.533831232774571,0.5158765102591841,0.533831232774571,0.6155722603150955,0.43237547296722123,0.533831232774571,0.5338312327745709,0.42454509676369445,0.533831232774571,0.5492495928328154
26,17,0.4247336972717996,0.5232682450531351,0.4247336972717996,0.6132725516383208,0.5664930421296213,0.4247336972717996,0.4247336972717996,0.46364017372195343,0.4247336972717996,0.3822675761954277
26,18,0.4821339678514104,0.36385014236912816,0.4821339678514104,0.5460222667056154,0.37012711703894263,0.4821339678514104,0.4821339678514103,0.28982550869305385,0.4821339678514104,0.4774640677423456
26,19,0.4903951114651768,0.5140836554690111,0.4903951114651768,0.6313320038037155,0.46746857773743,0.4903951114651768,0.4903951114651768,0.41436214138702127,0.4903951114651768,0.47777928251126955
26,20,0.6759758517129321,0.6331248398500613,0.6759758517129321,0.6874885085092857,0.6268071971165755,0.6759758517129321,0.6759758517129322,0.5999572619197349,0.6759758517129321,0.6611603230473779
26,21,0.5473594699100289,0.5630065065418012,0.5473594699100289,0.6496810018913701,0.4622796059651759,0.5473594699100289,0.5473594699100289,0.43143468111132166,0.5473594699100289,0.5441331364970048
26,22,0.4443358974804539,0.5528885484740844,0.4443358974804539,0.6448435813377682,0.5319599316184681,0.4443358974804539,0.4443358974804539,0.4247236869571962,0.4443358974804539,0.4255243477732034
26,23,0.5117013740757078,0.5258338162100742,0.5117013740757078,0.6273146894277549,0.5171086776223889,0.5117013740757078,0.5117013740757077,0.43283143013146175,0.5117013740757078,0.4803169431932355
26,24,0.4597686366841016,0.527369350857106,0.4597686366841016,0.6297557239660763,0.577481512062592,0.4597686366841016,0.4597686366841016,0.4582211564122112,0.4597686366841016,0.4249106033016103
26,25,0.4341118947700115,0.469355319470559,0.4341118947700115,0.6248641619983918,0.5861439527560612,0.4341118947700115,0.4341118947700115,0.4323567111935652,0.4341118947700115,0.38350428800237
26,26,0.5883025938305284,0.5467826186950195,0.5883025938305284,0.643067929502082,0.5860041061004865,0.5883025938305284,0.5883025938305284,0.5149119184255436,0.5883025938305284,0.5799599957760125
26,27,0.4933614698462822,0.5026933074663384,0.4933614698462822,0.6178770141381222,0.4686764561265414,0.4933614698462822,0.49336146984628215,0.4033610315391348,0.4933614698462822,0.48330940162969727
26,28,0.41809019561963595,0.5357987160833275,0.41809019561963595,0.6470953561483381,0.5859519423175743,0.41809019561963595,0.41809019561963595,0.4432413190107429,0.41809019561963595,0.3629484716164081
26,29,0.41586891152897926,0.5659353817111024,0.41586891152897926,0.6567939276396207,0.5572454292821942,0.41586891152897926,0.4158689115289792,0.4373026041864157,0.41586891152897926,0.37869953746780693
26,30,0.44007044473909995,0.500572162055506,0.44007044473909995,0.5879487679189161,0.5433887063026632,0.44007044473909995,0.44007044473909995,0.43959332046072075,0.44007044473909995,0.4009635855207454
26,31,0.5016977899505666,0.5090549196742506,0.5016977899505666,0.6405639408672847,0.5758616987213396,0.5016977899505666,0.5016977899505666,0.46777077668982736,0.5016977899505666,0.5063281177620423
26,32,0.49082665611531945,0.571199518928877,0.49082665611531945,0.6427016150834827,0.4503808301612366,0.49082665611531945,0.49082665611531945,0.3945768409917686,0.49082665611531945,0.4786531090081696
26,33,0.4077732677045978,0.5141924388942524,0.4077732677045978,0.6131762348582526,0.4723550012426264,0.4077732677045978,0.4077732677045978,0.38751731863727457,0.4077732677045978,0.388297241899768
26,34,0.4308810712566266,0.5723046272522749,0.4308810712566266,0.6266388625063599,0.5261331213122036,0.4308810712566266,0.43088107125662667,0.4414864489546392,0.4308810712566266,0.38677073706136117
26,35,0.5296622363955874,0.4388348058898467,0.5296622363955874,0.6008025112715523,0.4327804351721619,0.5296622363955874,0.5296622363955874,0.3540871823401951,0.5296622363955874,0.5268427779050634
26,36,0.518356956004469,0.5746102495038293,0.518356956004469,0.6525847881220828,0.5219973274214755,0.518356956004469,0.518356956004469,0.4586251726725508,0.518356956004469,0.49628029028447923
26,37,0.561586690434456,0.6059594830837983,0.561586690434456,0.6735639137221912,0.5458944160681808,0.561586690434456,0.561586690434456,0.47768740086185546,0.561586690434456,0.5607543546652491
26,38,0.512631369523302,0.5160959135044045,0.512631369523302,0.6243104914010829,0.5097038067311219,0.512631369523302,0.512631369523302,0.44054149224163064,0.512631369523302,0.5246803690768017
26,39,0.5025623660541254,0.5517858689978152,0.5025623660541254,0.6740083534882135,0.543002947884267,0.5025623660541254,0.5025623660541254,0.4544348803640823,0.5025623660541254,0.49013047432133006
26,40,0.5083881259058465,0.4892911818816471,0.5083881259058465,0.6152088393337439,0.4696168197413423,0.5083881259058465,0.5083881259058465,0.4169088246548562,0.5083881259058465,0.5192957523092527
26,41,0.5289358400712625,0.6496693782683562,0.5289358400712625,0.6917124861663169,0.5892742052476235,0.5289358400712625,0.5289358400712625,0.5508908567797676,0.5289358400712625,0.5215379770358031
26,42,0.4114033908221307,0.533286034233533,0.4114033908221307,0.6559868584736503,0.5717561577175619,0.4114033908221307,0.4114033908221307,0.4406535313354123,0.4114033908221307,0.3757114442702144
26,43,0.5083020771663909,0.5478906234798556,0.5083020771663909,0.6672813346732893,0.6091430404609135,0.5083020771663909,0.5083020771663909,0.5092462643531985,0.5083020771663909,0.5073003785651067
26,44,0.5069491791126813,0.4779617696102922,0.5069491791126813,0.6007089383286845,0.38820055204842846,0.5069491791126813,0.5069491791126814,0.3575268781987604,0.5069491791126813,0.5104786810929246
26,45,0.5056416285588147,0.48079708171037955,0.5056416285588147,0.6244569279752855,0.5189497689462388,0.5056416285588147,0.5056416285588146,0.4206455211960839,0.5056416285588147,0.48696659875651116
26,46,0.49683157576150117,0.5351069166132082,0.49683157576150117,0.6408041419200416,0.46231233046013953,0.49683157576150117,0.49683157576150117,0.4189054229143254,0.49683157576150117,0.492547596736712
26,47,0.45665322627482463,0.5415146184998636,0.45665322627482463,0.6505407308190512,0.6067033518105702,0.45665322627482463,0.4566532262748246,0.49771903689467534,0.45665322627482463,0.45013704085036166
26,48,0.4161384875475115,0.5366509977286349,0.4161384875475115,0.6404737217455593,0.560599259264673,0.4161384875475115,0.41613848754751154,0.4485657608181137,0.4161384875475115,0.3791984486946296
26,49,0.4976212541501558,0.5985806712721203,0.4976212541501558,0.6860166213445154,0.618390000837851,0.4976212541501558,0.4976212541501558,0.5511689261365869,0.4976212541501558,0.5137935462401597
26,50,0.5455908244909581,0.6074918137172239,0.5455908244909581,0.6688190349788756,0.5732219260202047,0.5455908244909581,0.545590824490958,0.5406523828460803,0.5455908244909581,0.5683005511734551
26,51,0.5072860329793409,0.5119010522902607,0.5072860329793409,0.6400066055898765,0.5783242153070467,0.5072860329793409,0.5072860329793409,0.48017494197639143,0.5072860329793409,0.49141779046031403
26,52,0.4070136041570276,0.5870131372134121,0.4070136041570276,0.6687721562406572,0.5754653206528246,0.4070136041570276,0.4070136041570276,0.4874998736562526,0.4070136041570276,0.3786887535502506
26,53,0.4539387881233783,0.4968020386236935,0.4539387881233783,0.6111934536892598,0.5189119505187532,0.4539387881233783,0.4539387881233783,0.4197232795073957,0.4539387881233783,0.40085851505834696
26,54,0.3986745892218099,0.495104095085926,0.3986745892218099,0.6369425395012622,0.5798782968730029,0.3986745892218099,0.39867458922181,0.44219623801688285,0.3986745892218099,0.35327557759007056
26,55,0.41447652026331655,0.6135827797522309,0.41447652026331655,0.6648635286517459,0.5353204498375781,0.41447652026331655,0.4144765202633166,0.4845594364103988,0.41447652026331655,0.39268481038780817
26,56,0.4357853847795763,0.5373371097692873,0.4357853847795763,0.666585491999405,0.5713610035096526,0.4357853847795763,0.43578538477957635,0.4488739200546442,0.4357853847795763,0.39084463411496817
26,57,0.4935858842153809,0.5417447115908427,0.4935858842153809,0.6507358297248996,0.49913794964961716,0.4935858842153809,0.49358588421538097,0.4273233255884532,0.4935858842153809,0.4736309445083077
26,58,0.5469512494862397,0.6265638824934573,0.5469512494862397,0.6848047036231595,0.5743201241067707,0.5469512494862397,0.5469512494862397,0.5293151961676379,0.5469512494862397,0.5436701803945857
26,59,0.43701348428351366,0.5318430826283347,0.43701348428351366,0.6445935142441017,0.5761291527180958,0.43701348428351366,0.4370134842835137,0.4494988413743234,0.43701348428351366,0.3871567983069293
26,60,0.46578080449624176,0.5685085347549272,0.46578080449624176,0.6710979250429173,0.6036307386682288,0.46578080449624176,0.4657808044962418,0.5315651649421145,0.46578080449624176,0.4768362277611699
26,61,0.5068951895688113,0.5911857454534505,0.5068951895688113,0.6547130721377341,0.5358021922203593,0.5068951895688113,0.5068951895688112,0.516415569569862,0.5068951895688113,0.5291458577765871
26,62,0.4501400986847088,0.5764830354864886,0.4501400986847088,0.6448998852895912,0.5816542806864252,0.4501400986847088,0.4501400986847087,0.493399814486578,0.4501400986847088,0.44222354617425297
26,63,0.5041514799779172,0.5426875404475402,0.5041514799779172,0.6508457841034282,0.5599629207739225,0.5041514799779172,0.5041514799779172,0.45283720802650607,0.5041514799779172,0.48208325436187827
26,64,0.554424666140648,0.6070970060035876,0.554424666140648,0.6885669220499819,0.596487789129353,0.554424666140648,0.5544246661406481,0.5423265735573356,0.554424666140648,0.55590084200166
26,65,0.5225614498116081,0.5775048881891085,0.5225614498116081,0.6497465583324658,0.6088786437496527,0.5225614498116081,0.522561449811608,0.5281192489661735,0.5225614498116081,0.5308410019635241
26,66,0.48101068797825697,0.4743598183026145,0.48101068797825697,0.6092222494860449,0.5002337079809965,0.48101068797825697,0.481010687978257,0.41028763700777626,0.48101068797825697,0.4831492957051462
26,67,0.5003112529727934,0.5021109478944288,0.5003112529727934,0.6406984901259586,0.5600147905141766,0.5003112529727934,0.5003112529727934,0.41683269239516796,0.5003112529727934,0.46450736722778385
26,68,0.5139134585711096,0.5390213901075647,0.5139134585711096,0.6470620294747161,0.5284901772200337,0.5139134585711096,0.5139134585711095,0.462363572131375,0.5139134585711096,0.5116225650636441
26,69,0.39572737343285125,0.5282552259141935,0.39572737343285125,0.6399010594436233,0.5364306212633994,0.39572737343285125,0.39572737343285125,0.4279367676243454,0.39572737343285125,0.3510372840299144
26,70,0.3918179171503036,0.5737365997111454,0.3918179171503036,0.6551875201763226,0.564688411475879,0.3918179171503036,0.3918179171503037,0.4633960823564445,0.3918179171503036,0.3271879472765355
26,71,0.5139281407534357,0.5325577567889965,0.5139281407534357,0.6634282397578989,0.5512407433729481,0.5139281407534357,0.5139281407534356,0.45514290076224206,0.5139281407534357,0.4965481322875683
26,72,0.44667389562808285,0.4807140065877729,0.44667389562808285,0.6156642006410996,0.5502899846030439,0.44667389562808285,0.44667389562808285,0.4380654987018421,0.44667389562808285,0.4150818434224455
26,73,0.46464600189771854,0.5362479296558819,0.46464600189771854,0.649201924840376,0.598342438055695,0.46464600189771854,0.46464600189771854,0.4666454408167878,0.46464600189771854,0.43086331274774503
26,74,0.48914433821131803,0.6062744096208421,0.48914433821131803,0.6479351380226867,0.5953661113220088,0.48914433821131803,0.4891443382113181,0.5396801691395736,0.48914433821131803,0.4955091555594573
26,75,0.5626781898876376,0.5360078902149761,0.5626781898876376,0.6687466894178464,0.5951730889272714,0.5626781898876376,0.5626781898876376,0.46749473192667856,0.5626781898876376,0.5333727464913259
26,76,0.5372153828755388,0.5544092967644558,0.5372153828755388,0.6726705099509157,0.5957273275777979,0.5372153828755388,0.5372153828755388,0.5179841574616022,0.5372153828755388,0.5520747250358792
26,77,0.48525355989489416,0.5284547166408291,0.48525355989489416,0.63982943216857,0.4303937138811172,0.48525355989489416,0.48525355989489416,0.381705368915494,0.48525355989489416,0.466475004795357
26,78,0.4792211343881521,0.5817200773196547,0.4792211343881521,0.6347366677005913,0.5218768972118717,0.4792211343881521,0.4792211343881521,0.47904405097252745,0.4792211343881521,0.4715026569056958
26,79,0.4124032660235809,0.47802577056634005,0.4124032660235809,0.6021641793139301,0.6017992200453847,0.4124032660235809,0.4124032660235809,0.4463503076698714,0.4124032660235809,0.35079529383736396
26,80,0.5103002478408132,0.496951248998385,0.5103002478408132,0.6236956186550158,0.3912337396392492,0.5103002478408132,0.5103002478408132,0.34614799916686245,0.5103002478408132,0.5058439126274834
26,81,0.48794030633537094,0.5881847576163612,0.48794030633537094,0.6525554498863996,0.5582155643354756,0.48794030633537094,0.48794030633537094,0.5079154712382791,0.48794030633537094,0.48348946590914565
26,82,0.590150132748301,0.6220650471972233,0.590150132748301,0.6752265815919677,0.5676796601198397,0.590150132748301,0.590150132748301,0.541651880048504,0.590150132748301,0.5826769604049284
26,83,0.4881408389268886,0.5641080406402458,0.4881408389268886,0.6402350562895527,0.44861099949312466,0.4881408389268886,0.4881408389268886,0.38119999390853504,0.4881408389268886,0.4497279359604167
26,84,0.4913761228500941,0.5507174165687938,0.4913761228500941,0.6336901639458552,0.5583163659635995,0.4913761228500941,0.4913761228500941,0.4952569792595176,0.4913761228500941,0.4889919668258399
26,85,0.5252375098535563,0.6198357675850116,0.5252375098535563,0.6728350114932713,0.566835907031866,0.5252375098535563,0.5252375098535564,0.5126117883537621,0.5252375098535563,0.5124156563122497
26,86,0.5137182227162539,0.5476745696916563,0.5137182227162539,0.6123718981679526,0.4039225683432749,0.5137182227162539,0.5137182227162539,0.39727968739598307,0.5137182227162539,0.5121277869000458
26,87,0.5340766482399083,0.6463611722776287,0.5340766482399083,0.700723856103916,0.590012508701183,0.5340766482399083,0.5340766482399084,0.5515461530573351,0.5340766482399083,0.5575239648053527
26,88,0.4387514643850679,0.5437785037222354,0.4387514643850679,0.6132232719764676,0.48873522543963,0.4387514643850679,0.43875146438506796,0.4098274119128995,0.4387514643850679,0.42529370064449734
26,89,0.4815690755326728,0.5307706967079115,0.4815690755326728,0.6212921990631519,0.4986207161270021,0.4815690755326728,0.4815690755326728,0.4559175290085194,0.4815690755326728,0.5056154056102676
26,90,0.48613384035802965,0.5936938447313873,0.48613384035802965,0.6668979962140125,0.4961177242812551,0.48613384035802965,0.48613384035802965,0.44098144803732153,0.48613384035802965,0.48305363421567876
26,91,0.44579603122026684,0.5762434271367336,0.44579603122026684,0.6473296365900691,0.5842744661492913,0.44579603122026684,0.4457960312202668,0.48725347221242465,0.44579603122026684,0.39525194842191236
26,92,0.46574902407627006,0.5946325508699912,0.46574902407627006,0.6716064386778493,0.6243587081667872,0.46574902407627006,0.46574902407627,0.5352410501831151,0.46574902407627006,0.4473770238104443
26,93,0.4139356955725693,0.5081505292995413,0.4139356955725693,0.6454261822710993,0.5952344800339212,0.4139356955725693,0.4139356955725694,0.4508296255155384,0.4139356955725693,0.3568212940118354
26,94,0.3919648318987695,0.4854145241975054,0.3919648318987695,0.5741254060375102,0.5460788140562944,0.3919648318987695,0.3919648318987695,0.4284104406809594,0.3919648318987695,0.31695553142546345
26,95,0.47986371217793167,0.5115129371693067,0.47986371217793167,0.617570351716338,0.5999147930878985,0.47986371217793167,0.47986371217793167,0.48680978048782975,0.47986371217793167,0.44141292458496423
26,96,0.4893416184206748,0.47132098876244277,0.4893416184206748,0.6080517835423727,0.419940079425988,0.4893416184206748,0.48934161842067486,0.34747682565447086,0.4893416184206748,0.480888179769028
26,97,0.5185973535087581,0.5700560328719135,0.5185973535087581,0.6625358409041464,0.5578402309998182,0.5185973535087581,0.5185973535087582,0.4854318659842822,0.5185973535087581,0.5106774719313625
26,98,0.493300603837272,0.5761690959192084,0.493300603837272,0.6651668833669362,0.5683141850390179,0.493300603837272,0.493300603837272,0.5161350814392417,0.493300603837272,0.4964419706548754
26,99,0.5818916839654679,0.5689912078056746,0.5818916839654679,0.663822464412841,0.5712112598012208,0.5818916839654679,0.581891683965468,0.5200564473541085,0.5818916839654679,0.5898980189916457
27,0,0.5138896697187331,0.5716860534483975,0.5138896697187331,0.6188321086576108,0.43583148855456066,0.5138896697187331,0.5138896697187331,0.42578117632975915,0.5138896697187331,0.5248802459477655
27,1,0.4829756843546386,0.5169152470766245,0.4829756843546386,0.6247831108497459,0.5435382097497707,0.4829756843546386,0.48297568435463867,0.44302920251697275,0.4829756843546386,0.4738653177138619
27,2,0.3819942362212597,0.5040892896034189,0.3819942362212597,0.5974438072027457,0.49887901127252077,0.3819942362212597,0.3819942362212597,0.38767266729552663,0.3819942362212597,0.3381054514468841
27,3,0.5083947235953729,0.5640018184116444,0.5083947235953729,0.6278573087709617,0.5558144373176066,0.5083947235953729,0.5083947235953727,0.5014637140367522,0.5083947235953729,0.5104873980917268
27,4,0.41208527597345423,0.5255764666721068,0.41208527597345423,0.6470375240652171,0.444001700061269,0.41208527597345423,0.41208527597345423,0.35639716507647745,0.41208527597345423,0.42557619591714807
27,5,0.43475744616633816,0.5318895810688102,0.43475744616633816,0.6141477753987525,0.5950503951953128,0.43475744616633816,0.43475744616633816,0.4925704498525023,0.43475744616633816,0.3946167706919922
27,6,0.39823124307068364,0.5068934956233028,0.39823124307068364,0.613577659443973,0.5242060427727377,0.39823124307068364,0.3982312430706837,0.43131313011265165,0.39823124307068364,0.3945201631447557
27,7,0.45760533792111263,0.5624389974366286,0.45760533792111263,0.6521005120855929,0.6048267361381741,0.45760533792111263,0.45760533792111263,0.5116457645047994,0.45760533792111263,0.4346026056154774
27,8,0.48485788437372546,0.5607863027284437,0.48485788437372546,0.630411106689807,0.5185980366311052,0.48485788437372546,0.48485788437372546,0.4515237550693969,0.48485788437372546,0.48688823466472697
27,9,0.5110855587448518,0.5792023561287053,0.5110855587448518,0.6224761790744189,0.4102383345444889,0.5110855587448518,0.5110855587448518,0.3731997778489595,0.5110855587448518,0.5041880182466629
27,10,0.553289584766511,0.6635662813512083,0.553289584766511,0.684740085687801,0.528550269922123,0.553289584766511,0.553289584766511,0.5104915005936781,0.553289584766511,0.5667256382552723
27,11,0.503262185769936,0.5216526041726266,0.503262185769936,0.6462579655349339,0.6285066405243146,0.503262185769936,0.503262185769936,0.5102434885490578,0.503262185769936,0.492814449524869
27,12,0.5115304846244563,0.5668504604165094,0.5115304846244563,0.6614270201916007,0.6314292977760129,0.5115304846244563,0.5115304846244563,0.553218052489702,0.5115304846244563,0.5167520344626058
27,13,0.450300487587841,0.5593391191553775,0.450300487587841,0.6384986899795211,0.5601674210687894,0.450300487587841,0.450300487587841,0.4430936783956845,0.450300487587841,0.42555865714770136
27,14,0.3695717160952866,0.5187294312256334,0.3695717160952866,0.6159872397599095,0.4273050779146385,0.3695717160952866,0.3695717160952866,0.34905379807548054,0.3695717160952866,0.3259514032725607
27,15,0.48492664902512633,0.561288366454147,0.48492664902512633,0.6254744260378555,0.5273430023013684,0.48492664902512633,0.4849266490251263,0.47718610090176017,0.48492664902512633,0.4735011701997667
27,16,0.5341966146790414,0.5111185593999423,0.5341966146790414,0.6135128445224634,0.4477457025656045,0.5341966146790414,0.5341966146790414,0.42890412414179524,0.5341966146790414,0.5459339225622544
27,17,0.434079370948403,0.5563969501364371,0.434079370948403,0.6245174396955714,0.5740219027037073,0.434079370948403,0.434079370948403,0.48457117658120735,0.434079370948403,0.3888834768390441
27,18,0.5713060163587389,0.604822962977308,0.5713060163587389,0.6755324318307692,0.5671996711737981,0.5713060163587389,0.5713060163587389,0.5138331339797024,0.5713060163587389,0.5783843022094571
27,19,0.48588498666012225,0.514648432584796,0.48588498666012225,0.6370386931041215,0.4730749770949343,0.48588498666012225,0.4858849866601222,0.41378118757508564,0.48588498666012225,0.4712361111784897
27,20,0.6436872237972528,0.5976291936541163,0.6436872237972528,0.6741967011799466,0.6158635937799597,0.6436872237972528,0.6436872237972528,0.5740785365591933,0.6436872237972528,0.6361203650952099
27,21,0.5311515486496434,0.5514245073016474,0.5311515486496434,0.6423689133533572,0.4411530202205533,0.5311515486496434,0.5311515486496434,0.4058758223613563,0.5311515486496434,0.5279114545600385
27,22,0.4705143214931445,0.5723834088207438,0.4705143214931445,0.6635593371694866,0.5540192858777127,0.4705143214931445,0.47051432149314454,0.45653446691362143,0.4705143214931445,0.45776314596576845
27,23,0.5072187551312136,0.5101339663413375,0.5072187551312136,0.6198903635945274,0.5201160501600917,0.5072187551312136,0.5072187551312136,0.43192220087485644,0.5072187551312136,0.4702563684587027
27,24,0.47429879337551084,0.5490099107504638,0.47429879337551084,0.651105923801178,0.5882774080143095,0.47429879337551084,0.47429879337551084,0.47970884438051475,0.47429879337551084,0.4518425281420363
27,25,0.43598712539875367,0.5019472691444973,0.43598712539875367,0.6195847154212781,0.6003359172574763,0.43598712539875367,0.43598712539875367,0.46490725561378665,0.43598712539875367,0.38369617630285
27,26,0.5719556564640678,0.539460837663484,0.5719556564640678,0.6377848867215041,0.5771749758520739,0.5719556564640678,0.5719556564640678,0.5112723341877907,0.5719556564640678,0.5725374265379732
27,27,0.4687476275033702,0.49678265978978153,0.4687476275033702,0.6036465208827622,0.45084111118342496,0.4687476275033702,0.4687476275033701,0.3855547732649829,0.4687476275033702,0.4566628509777621
27,28,0.4272265088102851,0.5291041437235785,0.4272265088102851,0.6367470760300763,0.598728470332246,0.4272265088102851,0.4272265088102851,0.46060878832806706,0.4272265088102851,0.3774080131459233
27,29,0.4222855827567247,0.5702184334957302,0.4222855827567247,0.6531822267400182,0.5639872296327342,0.4222855827567247,0.4222855827567247,0.44691775922579846,0.4222855827567247,0.387623901127241
27,30,0.5694452820619137,0.5871457470628905,0.5694452820619137,0.6630856250619881,0.6163822092871571,0.5694452820619137,0.5694452820619136,0.557349766720104,0.5694452820619137,0.5739100689763483
27,31,0.5124678211632135,0.5308907972196893,0.5124678211632135,0.6476603542879542,0.567475860778072,0.5124678211632135,0.5124678211632135,0.48672214277007697,0.5124678211632135,0.5272600164056667
27,32,0.4999492163756884,0.5651325773323244,0.4999492163756884,0.6465533043044809,0.4637896580477494,0.4999492163756884,0.49994921637568845,0.40622740963860476,0.4999492163756884,0.4924301186021513
27,33,0.4314401092874746,0.5813195855390714,0.4314401092874746,0.6437183819964533,0.5101648483531402,0.4314401092874746,0.43144010928747467,0.4455679571255087,0.4314401092874746,0.4212226286598706
27,34,0.4143754176407164,0.5664255923400203,0.4143754176407164,0.6143682357335631,0.5105379899958891,0.4143754176407164,0.4143754176407164,0.42500125582331694,0.4143754176407164,0.3667658011078281
27,35,0.5302674582531195,0.4419807639441933,0.5302674582531195,0.6020973648511011,0.441075804299761,0.5302674582531195,0.5302674582531195,0.36655510299758687,0.5302674582531195,0.5305655526205122
27,36,0.5097938054757664,0.5770787135222992,0.5097938054757664,0.644060709734656,0.5164207895248396,0.5097938054757664,0.5097938054757664,0.4511965708783858,0.5097938054757664,0.4879703585105295
27,37,0.5712236846274671,0.5999173871466029,0.5712236846274671,0.6712218046604779,0.5318636822675554,0.5712236846274671,0.571223684627467,0.45712334356994705,0.5712236846274671,0.5654677188219418
27,38,0.48693104568825657,0.5050632730385443,0.48693104568825657,0.6237242689890403,0.4985141840080649,0.48693104568825657,0.4869310456882566,0.4170318041005112,0.48693104568825657,0.4988610872103886
27,39,0.47123179699782825,0.538404764992273,0.47123179699782825,0.6622723430573928,0.501691732017648,0.47123179699782825,0.4712317969978282,0.4083884748234723,0.47123179699782825,0.45727647561242385
27,40,0.5196062424550542,0.5041154000444033,0.5196062424550542,0.620426749252412,0.4828173727922216,0.5196062424550542,0.5196062424550542,0.42948710277822205,0.5196062424550542,0.5316839103939044
27,41,0.534629553207253,0.6427489483659052,0.534629553207253,0.692407166670163,0.5922558210255101,0.534629553207253,0.534629553207253,0.5548666551298193,0.534629553207253,0.5284619787818996
27,42,0.4145873800323993,0.5210786642358294,0.4145873800323993,0.6674258087788782,0.5769720386280806,0.4145873800323993,0.4145873800323993,0.4341673775704085,0.4145873800323993,0.38400088370510344
27,43,0.5014756057863782,0.5376213124364517,0.5014756057863782,0.6614012308829849,0.6037596358595605,0.5014756057863782,0.5014756057863782,0.4977088085065222,0.5014756057863782,0.4996334601510458
27,44,0.5069094071251145,0.5342312561565409,0.5069094071251145,0.6239305814779765,0.41389774202413204,0.5069094071251145,0.5069094071251143,0.36998976106196746,0.5069094071251145,0.5094983870505716
27,45,0.46995816414363895,0.468834178501909,0.46995816414363895,0.6155026849262311,0.4858839523385974,0.46995816414363895,0.46995816414363895,0.3832602112740493,0.46995816414363895,0.4542582300239081
27,46,0.48414784288540935,0.5277628961603109,0.48414784288540935,0.6335279169854163,0.4392423645999833,0.48414784288540935,0.48414784288540946,0.4009110403015633,0.48414784288540935,0.4890851240057783
27,47,0.46090576241273973,0.5406681539587082,0.46090576241273973,0.6508629675353684,0.609464279270088,0.46090576241273973,0.46090576241273973,0.5010858953842021,0.46090576241273973,0.4542722014914008
27,48,0.4338436197043436,0.5511471264607414,0.4338436197043436,0.645355113377637,0.5811854306966227,0.4338436197043436,0.4338436197043436,0.4783525160033012,0.4338436197043436,0.40176239274494757
27,49,0.47257688933435166,0.5859701027751651,0.47257688933435166,0.6821900898091501,0.6027104543525078,0.47257688933435166,0.47257688933435166,0.5314759234960389,0.47257688933435166,0.49126349992740626
27,50,0.44857440191247505,0.5479663609930367,0.44857440191247505,0.6177935245921856,0.45366318830777613,0.44857440191247505,0.44857440191247505,0.396690168154134,0.44857440191247505,0.4632879069168793
27,51,0.4993022711012928,0.5042478909553962,0.4993022711012928,0.6420133467325951,0.5735780029156634,0.4993022711012928,0.4993022711012928,0.46971353063012755,0.4993022711012928,0.4870794080179203
27,52,0.42190347431542696,0.596489925222213,0.42190347431542696,0.665901468101984,0.5906840261624859,0.42190347431542696,0.421903474315427,0.5116671878662462,0.42190347431542696,0.3952449373908867
27,53,0.4731252409666712,0.501684465353313,0.4731252409666712,0.6173153228980164,0.567758666109657,0.4731252409666712,0.4731252409666712,0.45280731374921757,0.4731252409666712,0.41605306794005553
27,54,0.3976618903421255,0.5002395091671118,0.3976618903421255,0.6389205698064593,0.56739182398503,0.3976618903421255,0.3976618903421255,0.43799594024109656,0.3976618903421255,0.3550726081212721
27,55,0.4195151107069071,0.625862343953411,0.4195151107069071,0.6759557751431271,0.5594550849358273,0.4195151107069071,0.4195151107069071,0.5006719184633652,0.4195151107069071,0.3906168334319277
27,56,0.41423863173955144,0.4912579187763449,0.41423863173955144,0.6256432372716008,0.507859029012713,0.41423863173955144,0.41423863173955144,0.37279427088594763,0.41423863173955144,0.36944919801359644
27,57,0.4808639590802003,0.527255767818483,0.4808639590802003,0.6480736165147832,0.4990637639570167,0.4808639590802003,0.4808639590802003,0.4262353837493525,0.4808639590802003,0.46639054067124075
27,58,0.506936169584038,0.5823593444467783,0.506936169584038,0.6539319028241172,0.5090960575432303,0.506936169584038,0.506936169584038,0.43727401168014113,0.506936169584038,0.49044220705578817
27,59,0.41688123870784527,0.5342836587779434,0.41688123870784527,0.6657294149385586,0.5795432838461181,0.41688123870784527,0.4168812387078453,0.44982712270751835,0.41688123870784527,0.36148888193614226
27,60,0.4925658442445334,0.5903295854268021,0.4925658442445334,0.6865144219639492,0.6216751221821029,0.4925658442445334,0.4925658442445334,0.5604861196854696,0.4925658442445334,0.5089685793546084
27,61,0.5010825321709381,0.5717195896379133,0.5010825321709381,0.6466327803467081,0.5298975234793548,0.5010825321709381,0.5010825321709381,0.49938331306648287,0.5010825321709381,0.5200591378444955
27,62,0.42522248384797323,0.5823016687253267,0.42522248384797323,0.6443254669496395,0.5774529050172261,0.42522248384797323,0.42522248384797323,0.49088208155112495,0.42522248384797323,0.40633375606960476
27,63,0.4953860312788097,0.5429726825766451,0.4953860312788097,0.6519577205556791,0.556904528930746,0.4953860312788097,0.49538603127880976,0.44078067996383075,0.4953860312788097,0.47055704179767704
27,64,0.5576510292442124,0.6066426516096288,0.5576510292442124,0.6867191945721511,0.5920389417952193,0.5576510292442124,0.5576510292442123,0.5410756842606741,0.5576510292442124,0.5610000310907611
27,65,0.4850346281128666,0.5810485693524128,0.4850346281128666,0.6467564497535203,0.5667900408917838,0.4850346281128666,0.4850346281128666,0.4979358976889686,0.4850346281128666,0.49546478757688855
27,66,0.5796057239324125,0.5455605601226093,0.5796057239324125,0.6585477846027608,0.6329360625000293,0.5796057239324125,0.5796057239324126,0.5435291413828458,0.5796057239324125,0.5731879979317724
27,67,0.508545262426818,0.5069012356688015,0.508545262426818,0.6518366660866277,0.5580662234482073,0.508545262426818,0.508545262426818,0.4217752370176212,0.508545262426818,0.4683453840545251
27,68,0.5150530003550672,0.5425206735463223,0.5150530003550672,0.6454696769881891,0.5287141630383909,0.5150530003550672,0.5150530003550672,0.4727739075857742,0.5150530003550672,0.5123309014070196
27,69,0.4052773896343607,0.5352799070902524,0.4052773896343607,0.6495966286920011,0.5611286062620263,0.4052773896343607,0.40527738963436066,0.4543164016549734,0.4052773896343607,0.36133273200930804
27,70,0.3829268335745826,0.5787213635483415,0.3829268335745826,0.6487074566681601,0.5357506578503908,0.3829268335745826,0.3829268335745826,0.449512518380356,0.3829268335745826,0.3178991922375395
27,71,0.5209662957495175,0.5392405285446076,0.5209662957495175,0.6536158971417589,0.5462180195243107,0.5209662957495175,0.5209662957495175,0.46000334364144807,0.5209662957495175,0.5014114106300509
27,72,0.44771010458453003,0.47913261255348916,0.44771010458453003,0.6092639872006719,0.5662355799736642,0.44771010458453003,0.44771010458453003,0.44703640390258953,0.44771010458453003,0.41119854519898014
27,73,0.4668349480171759,0.5477215052020026,0.4668349480171759,0.6582465538445885,0.6011810817721246,0.4668349480171759,0.46683494801717595,0.47630216536039605,0.4668349480171759,0.4353110191544833
27,74,0.4665559865529795,0.5458599135659052,0.4665559865529795,0.615356501238703,0.5530294985388226,0.4665559865529795,0.46655598655297953,0.4908902843041372,0.4665559865529795,0.4724000032993037
27,75,0.5431818314870179,0.5077796205924318,0.5431818314870179,0.6495730016456003,0.5857742628800929,0.5431818314870179,0.5431818314870179,0.44732075625430207,0.5431818314870179,0.5195795783842776
27,76,0.49443271160486196,0.5245620542374798,0.49443271160486196,0.646265423974511,0.5647997771072191,0.49443271160486196,0.49443271160486196,0.4817842303695379,0.49443271160486196,0.5109766492175917
27,77,0.49525723694524,0.5229379834505827,0.49525723694524,0.634306886397155,0.4483970657509902,0.49525723694524,0.49525723694524004,0.39721135152546705,0.49525723694524,0.47538820450988356
27,78,0.48288313085086126,0.6004695595337903,0.48288313085086126,0.626811564792995,0.5345068800838666,0.48288313085086126,0.4828831308508612,0.4939580058400617,0.48288313085086126,0.47153538570163683
27,79,0.4141899389323433,0.47861232395677367,0.4141899389323433,0.6103984406461801,0.6084603015796834,0.4141899389323433,0.41418993893234324,0.44946951219068165,0.4141899389323433,0.3537345816594408
27,80,0.5171828460444017,0.5048211412969756,0.5171828460444017,0.6280526730703072,0.38695451925071067,0.5171828460444017,0.5171828460444017,0.34907490080270154,0.5171828460444017,0.5157126205271446
27,81,0.45130250006899697,0.5760925269044822,0.45130250006899697,0.6445639711783664,0.5190444224373952,0.45130250006899697,0.45130250006899697,0.4669676779476101,0.45130250006899697,0.43624001147835056
27,82,0.5661735714585067,0.5827640776163159,0.5661735714585067,0.6567531121003269,0.5403006439544831,0.5661735714585067,0.5661735714585066,0.5028842666406583,0.5661735714585067,0.5563027639611802
27,83,0.4867947244131146,0.5710153944612573,0.4867947244131146,0.6429813736003384,0.44193137546377514,0.4867947244131146,0.48679472441311455,0.3784724605616172,0.4867947244131146,0.4459005344067163
27,84,0.5172061702707552,0.5554281389386634,0.5172061702707552,0.6407934548653667,0.5519384032738435,0.5172061702707552,0.5172061702707552,0.5044485256796976,0.5172061702707552,0.5290378149290087
27,85,0.5166487119683854,0.6125666479257421,0.5166487119683854,0.6971624991444996,0.562319845961393,0.5166487119683854,0.5166487119683854,0.5059643909259892,0.5166487119683854,0.5015327870086758
27,86,0.49645550745850214,0.5437945216048929,0.49645550745850214,0.605904414137064,0.41450889107552424,0.49645550745850214,0.4964555074585021,0.40224767325887184,0.49645550745850214,0.5007093744694087
27,87,0.5021691995134808,0.6045985941812609,0.5021691995134808,0.6773653605490091,0.534347527626718,0.5021691995134808,0.5021691995134807,0.4761445236227844,0.5021691995134808,0.5156991643200218
27,88,0.45491682590174853,0.5521835688301561,0.45491682590174853,0.6192699929036537,0.5053377758061484,0.45491682590174853,0.4549168259017485,0.4289516778331868,0.45491682590174853,0.4484052079518813
27,89,0.5945916787523639,0.6155792201463426,0.5945916787523639,0.6795128355613149,0.6158183470418577,0.5945916787523639,0.5945916787523639,0.5748177231267679,0.5945916787523639,0.6052898621217511
27,90,0.4988066080599791,0.606431408741225,0.4988066080599791,0.6687605081584569,0.4996514007915836,0.4988066080599791,0.4988066080599791,0.45109246146188664,0.4988066080599791,0.49331894697936496
27,91,0.4433327698968428,0.5609675055147261,0.4433327698968428,0.6380944736770784,0.5745066650840571,0.4433327698968428,0.4433327698968427,0.47651433437690294,0.4433327698968428,0.39165685024075814
27,92,0.4659376622415994,0.6050189966172623,0.4659376622415994,0.6825879992469506,0.627160334049659,0.4659376622415994,0.4659376622415994,0.534737703823974,0.4659376622415994,0.4454642093604366
27,93,0.37743095819917644,0.4610146793779406,0.37743095819917644,0.6118971548915235,0.5194168405903703,0.37743095819917644,0.3774309581991764,0.37485656948947277,0.37743095819917644,0.31292030188039754
27,94,0.3954850244992656,0.47580441927403155,0.3954850244992656,0.5766687897075875,0.5451808377489938,0.3954850244992656,0.39548502449926554,0.42311270411037744,0.3954850244992656,0.3192479269564751
27,95,0.4966265827601629,0.5210855490596413,0.4966265827601629,0.6214268623415692,0.6167249259759201,0.4966265827601629,0.4966265827601629,0.5062572576609952,0.4966265827601629,0.46064494830510805
27,96,0.48549386447397874,0.4707229943270965,0.48549386447397874,0.6047650049013675,0.4228080312715332,0.48549386447397874,0.4854938644739788,0.34694324533241355,0.48549386447397874,0.47697366759894694
27,97,0.46869354503429544,0.5658566892066778,0.46869354503429544,0.6473587267440204,0.5195364358393882,0.46869354503429544,0.46869354503429544,0.4478569878631008,0.46869354503429544,0.46678784544084406
27,98,0.46252693553211716,0.5588774872427148,0.46252693553211716,0.6455919727634931,0.5531918505070168,0.46252693553211716,0.4625269355321171,0.49488311593374884,0.46252693553211716,0.4625596087870296
27,99,0.5729669614656833,0.5688665715066643,0.5729669614656833,0.6613606096875745,0.5564849824366402,0.5729669614656833,0.5729669614656833,0.49866265378029795,0.5729669614656833,0.5769970848370845
28,0,0.5067590541440785,0.5653509667657284,0.5067590541440785,0.6139065305093143,0.4371791383332021,0.5067590541440785,0.5067590541440785,0.423380042544766,0.5067590541440785,0.5165671406912345
28,1,0.49263758250248135,0.5134140242616305,0.49263758250248135,0.6248002854278533,0.55527672178179,0.49263758250248135,0.49263758250248135,0.45538780933373246,0.49263758250248135,0.48246979724133066
28,2,0.4124704509465036,0.5458207998522917,0.4124704509465036,0.6252378561317479,0.5486767051228678,0.4124704509465036,0.4124704509465036,0.4450958945956005,0.4124704509465036,0.37736711159302017
28,3,0.4778734401459,0.555292415105042,0.4778734401459,0.6184918903210641,0.5277470443903011,0.4778734401459,0.4778734401459,0.47313007641932403,0.4778734401459,0.479165856646494
28,4,0.46392954857028534,0.5810789676885798,0.46392954857028534,0.6898636296073901,0.5088692047159615,0.46392954857028534,0.46392954857028534,0.42912279632847544,0.46392954857028534,0.48335454253805765
28,5,0.4397671368712994,0.5395829032705666,0.4397671368712994,0.6124889669375774,0.5946970889963163,0.4397671368712994,0.4397671368712994,0.4988325293658701,0.4397671368712994,0.4018910527851263
28,6,0.42859464659754826,0.5174608535698259,0.42859464659754826,0.627599814547505,0.5664767205070474,0.42859464659754826,0.4285946465975483,0.46440975264411594,0.42859464659754826,0.4299580530491778
28,7,0.44158605482605656,0.5561204908888204,0.44158605482605656,0.6492878403310257,0.5946400004911766,0.44158605482605656,0.44158605482605656,0.500632005765939,0.44158605482605656,0.4123110896084629
28,8,0.48859329174806526,0.5600945242026628,0.48859329174806526,0.633221859757711,0.5014266687901743,0.48859329174806526,0.4885932917480653,0.4343654817182244,0.48859329174806526,0.4900545710528108
28,9,0.49879787309074713,0.5761147483753238,0.49879787309074713,0.618840165670615,0.40733243780372397,0.49879787309074713,0.4987978730907472,0.36285724741519787,0.49879787309074713,0.4889978707057119
28,10,0.5450403355789328,0.654998394351056,0.5450403355789328,0.6748729235130165,0.5122106891235194,0.5450403355789328,0.5450403355789328,0.5009591291697023,0.5450403355789328,0.5633590777237613
28,11,0.4843193828130931,0.5061416029342728,0.4843193828130931,0.6415994100585526,0.6108654950962191,0.4843193828130931,0.48431938281309306,0.4856798475965038,0.4843193828130931,0.47332722163397073
28,12,0.4871502562458979,0.5524532955695984,0.4871502562458979,0.6493407031274991,0.6031572361999034,0.4871502562458979,0.4871502562458979,0.528793101852773,0.4871502562458979,0.49951842769474375
28,13,0.45284477968967257,0.5540456824208806,0.45284477968967257,0.6426431906944812,0.5649933105168625,0.45284477968967257,0.4528447796896725,0.43991971723821255,0.45284477968967257,0.4315055193813525
28,14,0.3976258353627424,0.5527846894501323,0.3976258353627424,0.643391587946254,0.47845537050292275,0.3976258353627424,0.3976258353627423,0.38897991320451436,0.3976258353627424,0.3534101143126577
28,15,0.46831134366779315,0.5628460112300687,0.46831134366779315,0.6317148673336381,0.513347091739079,0.46831134366779315,0.46831134366779315,0.4564036866315993,0.46831134366779315,0.4567931711726801
28,16,0.5156241186625127,0.5122935091031218,0.5156241186625127,0.6121053370104841,0.42893731402179436,0.5156241186625127,0.5156241186625126,0.41619776444872386,0.5156241186625127,0.5324868198010064
28,17,0.4514548044793294,0.5668031282336827,0.4514548044793294,0.6387295225078105,0.6016177930863209,0.4514548044793294,0.4514548044793294,0.5088179914274316,0.4514548044793294,0.4118913261589635
28,18,0.5415082485522486,0.5921778269167581,0.5415082485522486,0.6692707356169236,0.4956026780355936,0.5415082485522486,0.5415082485522486,0.4363662653268468,0.5415082485522486,0.5396784549309822
28,19,0.49368745146400406,0.5141496517055795,0.49368745146400406,0.6390917954843771,0.5038841889901826,0.49368745146400406,0.49368745146400406,0.4344341370999522,0.49368745146400406,0.48058634842884207
28,20,0.6512790271623161,0.5823499928357463,0.6512790271623161,0.6650423900474847,0.6069845227333305,0.6512790271623161,0.6512790271623161,0.5662763830418346,0.6512790271623161,0.6383132317197406
28,21,0.5378883472072212,0.5382215300735971,0.5378883472072212,0.6341102545288829,0.4537553827603311,0.5378883472072212,0.5378883472072212,0.40958052317865357,0.5378883472072212,0.5282766810451875
28,22,0.4708065712615981,0.5639605726810232,0.4708065712615981,0.6599719891049803,0.5656519219643545,0.4708065712615981,0.4708065712615981,0.4611160751343816,0.4708065712615981,0.4553236533250384
28,23,0.4937813059206458,0.5138449377022645,0.4937813059206458,0.613966879340517,0.5139961844380776,0.4937813059206458,0.4937813059206458,0.4309324480975748,0.4937813059206458,0.4506805451557784
28,24,0.47590258948162883,0.5534258637530949,0.47590258948162883,0.6534592581653496,0.5978473910122502,0.47590258948162883,0.47590258948162883,0.48147282891373033,0.47590258948162883,0.4519520444161792
28,25,0.4572902285523285,0.4996221098298365,0.4572902285523285,0.6264739640176401,0.6146716140094416,0.4572902285523285,0.4572902285523285,0.47436919245771025,0.4572902285523285,0.4088218376420649
28,26,0.5068572760853362,0.49724003063588906,0.5068572760853362,0.5959137434590799,0.5327570809668166,0.5068572760853362,0.5068572760853362,0.4566095863932432,0.5068572760853362,0.5085337057925593
28,27,0.5175971066064895,0.5585383616666209,0.5175971066064895,0.6468271285580872,0.5839651802384509,0.5175971066064895,0.5175971066064895,0.5091669329551589,0.5175971066064895,0.5005935192731539
28,28,0.42666421839727625,0.5270803211366539,0.42666421839727625,0.6438689513937436,0.6015913472617977,0.42666421839727625,0.4266642183972762,0.4706703878089944,0.42666421839727625,0.37488941398721665
28,29,0.41934208397594985,0.5671246149229938,0.41934208397594985,0.6492898466769401,0.5717535508076397,0.41934208397594985,0.41934208397594985,0.4541058781714544,0.41934208397594985,0.3830231303223928
28,30,0.47797853855229777,0.5450201923737478,0.47797853855229777,0.6230000139199388,0.5614668628405335,0.47797853855229777,0.47797853855229777,0.47743774591653854,0.47797853855229777,0.4617173616691888
28,31,0.4981919078315783,0.5122190740901487,0.4981919078315783,0.6416050877234591,0.5615395308704427,0.4981919078315783,0.4981919078315783,0.4664028136282824,0.4981919078315783,0.5112389314590908
28,32,0.5079622496931842,0.5711903605037874,0.5079622496931842,0.6549123520586857,0.4711970369441263,0.5079622496931842,0.5079622496931842,0.40220077830681267,0.5079622496931842,0.4956366830998157
28,33,0.40820629915801404,0.545635937675658,0.40820629915801404,0.6249341052068921,0.49192520903819936,0.40820629915801404,0.408206299158014,0.4169010736040132,0.40820629915801404,0.38672957922376633
28,34,0.41540818836459353,0.5611943811717732,0.41540818836459353,0.6132926283385485,0.5152321456745697,0.41540818836459353,0.4154081883645935,0.42462421774897374,0.41540818836459353,0.3671800912003873
28,35,0.5444934707498869,0.4472156350983068,0.5444934707498869,0.611071815643949,0.4526563655561534,0.5444934707498869,0.544493470749887,0.37135854263620605,0.5444934707498869,0.5427012161298195
28,36,0.514015211670142,0.5809763054533141,0.514015211670142,0.6489831376250927,0.5237278172613047,0.514015211670142,0.5140152116701419,0.4576703721201673,0.514015211670142,0.49475173769772895
28,37,0.5396797593014181,0.587805052121104,0.5396797593014181,0.6604215521195687,0.5094096674049875,0.5396797593014181,0.5396797593014181,0.42570747970339856,0.5396797593014181,0.5372358408515334
28,38,0.5115355025855044,0.5289562464531377,0.5115355025855044,0.630644636103683,0.4986423959252494,0.5115355025855044,0.5115355025855044,0.4336627531700532,0.5115355025855044,0.5232417140826058
28,39,0.5588093419194984,0.6217870861331705,0.5588093419194984,0.7089572412138819,0.631358784402555,0.5588093419194984,0.5588093419194984,0.550891079892299,0.5588093419194984,0.5440383748043709
28,40,0.5134682539158913,0.5144948420685582,0.5134682539158913,0.6206470191637814,0.4655088897675529,0.5134682539158913,0.5134682539158912,0.41931582011836066,0.5134682539158913,0.5238238867993024
28,41,0.5100303930466671,0.6418066551946505,0.5100303930466671,0.6880464837260435,0.5561198729560886,0.5100303930466671,0.5100303930466671,0.5220613872461064,0.5100303930466671,0.5073772146320723
28,42,0.41214409762796334,0.5221241673524826,0.41214409762796334,0.6637228074908499,0.5749154898419462,0.41214409762796334,0.41214409762796334,0.43238655466946396,0.41214409762796334,0.37601443979736465
28,43,0.4805939184356451,0.5268784355480045,0.4805939184356451,0.6553796965898174,0.5997708991156478,0.4805939184356451,0.48059391843564503,0.48729363321723224,0.4805939184356451,0.47907815843365004
28,44,0.5196359785205248,0.5021828063404286,0.5196359785205248,0.6036273604926768,0.40984301304857196,0.5196359785205248,0.5196359785205248,0.3746789889811206,0.5196359785205248,0.5209364424027796
28,45,0.5322529910997168,0.5837205095066171,0.5322529910997168,0.6531784635408147,0.5726967872380768,0.5322529910997168,0.5322529910997168,0.4804177601361931,0.5322529910997168,0.5103932122617705
28,46,0.4782583363433356,0.5110149349428112,0.4782583363433356,0.6240787915215518,0.4297248006057945,0.4782583363433356,0.4782583363433356,0.3854966841020208,0.4782583363433356,0.4784973760570764
28,47,0.4624011148050945,0.5450205335089149,0.4624011148050945,0.6452801855213712,0.6163247707178461,0.4624011148050945,0.4624011148050945,0.507757634140703,0.4624011148050945,0.45547104866122573
28,48,0.4230104922777761,0.5579553016743132,0.4230104922777761,0.6545000071970186,0.5758350859004434,0.4230104922777761,0.4230104922777761,0.47511179868247855,0.4230104922777761,0.38958833380587365
28,49,0.5012533286969851,0.5965348597015095,0.5012533286969851,0.6823487372155774,0.642993436143115,0.5012533286969851,0.5012533286969851,0.5591795199658218,0.5012533286969851,0.5102468964986953
28,50,0.5378039711214483,0.6184260012992407,0.5378039711214483,0.6720943269910333,0.5742371910525035,0.5378039711214483,0.5378039711214483,0.5391253275189833,0.5378039711214483,0.5618760599445034
28,51,0.5021740316241198,0.5010595536478024,0.5021740316241198,0.6303333250286529,0.5664141587133757,0.5021740316241198,0.5021740316241198,0.4660710738575563,0.5021740316241198,0.485967104031728
28,52,0.42509387536481275,0.5791460795806761,0.42509387536481275,0.6635265194495299,0.6101854795441755,0.42509387536481275,0.4250938753648128,0.5070455158236322,0.42509387536481275,0.3916233643564304
28,53,0.476753970206135,0.5161395949589386,0.476753970206135,0.6175867608721044,0.5601959364760376,0.476753970206135,0.4767539702061351,0.46044829539733584,0.476753970206135,0.4197311608557748
28,54,0.4041386841772444,0.4924064428121381,0.4041386841772444,0.6425027864468771,0.5751083920539379,0.4041386841772444,0.4041386841772444,0.4301491269787445,0.4041386841772444,0.35720326357366533
28,55,0.4435428737844338,0.6145361246760859,0.4435428737844338,0.669487780109554,0.5745615958040287,0.4435428737844338,0.4435428737844338,0.5164071139010523,0.4435428737844338,0.4249494488671572
28,56,0.43365395936176365,0.5281812331459239,0.43365395936176365,0.6468144258061921,0.5505459626299065,0.43365395936176365,0.4336539593617637,0.42519305769290033,0.43365395936176365,0.38841172254456113
28,57,0.5770000082703433,0.6359090770409819,0.5770000082703433,0.7120988191388158,0.6285190629737489,0.5770000082703433,0.5770000082703433,0.5744380290206953,0.5770000082703433,0.5549876191410585
28,58,0.5097059911574234,0.6000667716496442,0.5097059911574234,0.6661152592201862,0.536830462521158,0.5097059911574234,0.5097059911574233,0.47628855335571946,0.5097059911574234,0.5008791508498747
28,59,0.4259123605668921,0.5297685496623258,0.4259123605668921,0.6457168978344586,0.5814819223726579,0.4259123605668921,0.4259123605668921,0.45177542341194193,0.4259123605668921,0.37456884386095035
28,60,0.49067249320089507,0.5811438754022156,0.49067249320089507,0.678864104155257,0.610363261150195,0.49067249320089507,0.4906724932008951,0.5504896402947728,0.49067249320089507,0.5085101955436112
28,61,0.4810675582034696,0.5645712188336609,0.4810675582034696,0.6411051910719672,0.5304485424779869,0.4810675582034696,0.48106755820346964,0.4929718321401863,0.4810675582034696,0.4987016861979079
28,62,0.44612210576319333,0.5856735588504752,0.44612210576319333,0.6623361756882225,0.5853899460207058,0.44612210576319333,0.4461221057631933,0.4987451768112853,0.44612210576319333,0.43588748555467555
28,63,0.4699845549017441,0.5358929449809827,0.4699845549017441,0.6417309918192035,0.5376367161563985,0.4699845549017441,0.4699845549017442,0.42493337728818004,0.4699845549017441,0.4415829360268627
28,64,0.5425408334257165,0.5886924663486652,0.5425408334257165,0.676531885063279,0.5653121583793341,0.5425408334257165,0.5425408334257165,0.5144090479119235,0.5425408334257165,0.5445977110138663
28,65,0.48911618187432554,0.5640267762473403,0.48911618187432554,0.6345414271079526,0.5725147634133322,0.48911618187432554,0.4891161818743256,0.4852780922657869,0.48911618187432554,0.4898452030161553
28,66,0.5518836264209774,0.5248096309846603,0.5518836264209774,0.6491176152096172,0.610023780638552,0.5518836264209774,0.5518836264209774,0.5143297123615549,0.5518836264209774,0.5472842585580641
28,67,0.5076338520201429,0.4796038513871233,0.5076338520201429,0.6323201575986201,0.562573164133816,0.5076338520201429,0.5076338520201429,0.4084061960904467,0.5076338520201429,0.4639782539595989
28,68,0.5162049941164407,0.5508367472343316,0.5162049941164407,0.6500220026791161,0.5361266426608985,0.5162049941164407,0.5162049941164407,0.4846872498268883,0.5162049941164407,0.5208455869225603
28,69,0.4001681760352774,0.5205594469829835,0.4001681760352774,0.6399092736838429,0.5515242683818673,0.4001681760352774,0.4001681760352774,0.44076253555514633,0.4001681760352774,0.3555862075065143
28,70,0.39064492229269154,0.575732191241146,0.39064492229269154,0.6498559540195032,0.5524469791474413,0.39064492229269154,0.39064492229269154,0.45502001913457923,0.39064492229269154,0.32553655208790344
28,71,0.5073051755714877,0.5451374199688384,0.5073051755714877,0.6580557646825897,0.5414371776027347,0.5073051755714877,0.5073051755714877,0.4590886777840841,0.5073051755714877,0.49465828182049215
28,72,0.4504195247749282,0.47697434569268055,0.4504195247749282,0.6110159792710474,0.5609533103732084,0.4504195247749282,0.4504195247749282,0.44318300114401865,0.4504195247749282,0.41697429773274297
28,73,0.452790883071007,0.5556635728902519,0.452790883071007,0.6618679790531773,0.5943729256509891,0.452790883071007,0.452790883071007,0.4747679693937471,0.452790883071007,0.4201566369556964
28,74,0.49655865443560343,0.6128197423887622,0.49655865443560343,0.6558529603048084,0.6053548718052854,0.49655865443560343,0.49655865443560343,0.5500820549097334,0.49655865443560343,0.5037660889852444
28,75,0.5287340994520852,0.49853618882240175,0.5287340994520852,0.6524777279826981,0.5642665989205716,0.5287340994520852,0.5287340994520852,0.4311798556814515,0.5287340994520852,0.5042562610860177
28,76,0.503279191082377,0.5088738475352907,0.503279191082377,0.6373798045607113,0.5660352340267929,0.503279191082377,0.503279191082377,0.4758845049957512,0.503279191082377,0.5169599221704724
28,77,0.49468342380686126,0.5325329766352491,0.49468342380686126,0.6394179610590974,0.4489919879114951,0.49468342380686126,0.49468342380686126,0.40560345475921133,0.49468342380686126,0.4792846711275037
28,78,0.49895036335148873,0.5965260746088781,0.49895036335148873,0.619451651666041,0.5215358089458422,0.49895036335148873,0.49895036335148873,0.4880503385213849,0.49895036335148873,0.4928803196974141
28,79,0.4129624899048381,0.46834068413420155,0.4129624899048381,0.6073076075825818,0.6097218307665468,0.4129624899048381,0.4129624899048381,0.44221865627720847,0.4129624899048381,0.3496267706940037
28,80,0.5094633634482238,0.48750446929480634,0.5094633634482238,0.6125540808020602,0.38395498371871295,0.5094633634482238,0.509463363448224,0.3417598987511488,0.5094633634482238,0.5029726717546921
28,81,0.461250050295767,0.5749161961753273,0.461250050295767,0.6419370284497717,0.5463350929201265,0.461250050295767,0.461250050295767,0.4896776678502204,0.461250050295767,0.44557501292358404
28,82,0.5486431386863145,0.5565250160209999,0.5486431386863145,0.6395287128922356,0.5058306049760782,0.5486431386863145,0.5486431386863144,0.45459424014926675,0.5486431386863145,0.5345127451700178
28,83,0.49067927674083056,0.5633084295323595,0.49067927674083056,0.6526209317928973,0.4463807042026151,0.49067927674083056,0.49067927674083056,0.36988936870748945,0.49067927674083056,0.4523939815554303
28,84,0.4978780994156584,0.5711559340417203,0.4978780994156584,0.6497363238307277,0.5454828837779393,0.4978780994156584,0.49787809941565847,0.5012785867761385,0.4978780994156584,0.5113556977090887
28,85,0.492818786651443,0.5818540800444312,0.492818786651443,0.6755061884186885,0.5383838431969329,0.492818786651443,0.492818786651443,0.47259265803058226,0.492818786651443,0.47728447277213526
28,86,0.4776177099828525,0.5189977978456549,0.4776177099828525,0.5964984287705417,0.38199205045363605,0.4776177099828525,0.4776177099828525,0.35911648762878845,0.4776177099828525,0.4822452635140428
28,87,0.48232204846551213,0.5933693203824731,0.48232204846551213,0.6658090390089584,0.516337911388184,0.48232204846551213,0.4823220484655122,0.4531448335123487,0.48232204846551213,0.4956102651454527
28,88,0.446329050193828,0.5582429527690655,0.446329050193828,0.6275075455366987,0.5192027183503639,0.446329050193828,0.44632905019382807,0.43754475096887924,0.446329050193828,0.4364691560484334
28,89,0.5893036770596384,0.6161632698951042,0.5893036770596384,0.6819649913007194,0.6025107677175348,0.5893036770596384,0.5893036770596383,0.5669492908142006,0.5893036770596384,0.6019102587232099
28,90,0.4974868843043103,0.5886998925287836,0.4974868843043103,0.6727092373117601,0.5062698370082118,0.4974868843043103,0.4974868843043104,0.44643693253327704,0.4974868843043103,0.4962296798440773
28,91,0.4484633562929831,0.5655453380590783,0.4484633562929831,0.6443145142321379,0.5925846201817688,0.4484633562929831,0.4484633562929831,0.4851022114860368,0.4484633562929831,0.3936085565190793
28,92,0.4744966311360952,0.5867922961571208,0.4744966311360952,0.6765749575061644,0.6310887533695135,0.4744966311360952,0.47449663113609514,0.5322451481952053,0.4744966311360952,0.45498734532476126
28,93,0.40802686058793963,0.503968548275979,0.40802686058793963,0.645683924382922,0.5833361015055011,0.40802686058793963,0.4080268605879396,0.4327264100545668,0.40802686058793963,0.3431961164840464
28,94,0.39495525790786523,0.47023304217356304,0.39495525790786523,0.5682683849494314,0.5482963349380736,0.39495525790786523,0.39495525790786523,0.42057815033964097,0.39495525790786523,0.31843826866576497
28,95,0.4905700896254306,0.5125877125872321,0.4905700896254306,0.6135968731178295,0.603341404533609,0.4905700896254306,0.4905700896254306,0.49144564608951724,0.4905700896254306,0.44648599634378616
28,96,0.49160416130217205,0.4745188264856876,0.49160416130217205,0.608357564530846,0.41129522384116823,0.49160416130217205,0.49160416130217205,0.3398382952834841,0.49160416130217205,0.47703413430595215
28,97,0.5957280610793653,0.6497030500503318,0.5957280610793653,0.7084070302434091,0.6297061539138242,0.5957280610793653,0.5957280610793653,0.5781665346264726,0.5957280610793653,0.5850560755805052
28,98,0.5168833481099896,0.6028011505577484,0.5168833481099896,0.6775089274464645,0.5985057293657287,0.5168833481099896,0.5168833481099896,0.5379619508301929,0.5168833481099896,0.5064293691734709
28,99,0.549861573968974,0.5631234662846938,0.549861573968974,0.6558737985265397,0.5378444245960026,0.549861573968974,0.549861573968974,0.4826800232284122,0.549861573968974,0.5577918931470087
29,0,0.5024744588105778,0.5596199809389201,0.5024744588105778,0.6124467780825629,0.45123344893675277,0.5024744588105778,0.5024744588105778,0.43385735792528013,0.5024744588105778,0.515664563138531
29,1,0.49119036536610716,0.5030147581464486,0.49119036536610716,0.6186557069013221,0.545705520352739,0.49119036536610716,0.49119036536610716,0.4412523623915696,0.49119036536610716,0.4813003634222007
29,2,0.3910083527678655,0.5151118631087821,0.3910083527678655,0.6057975805209334,0.5380352412303162,0.3910083527678655,0.3910083527678655,0.41227176945479127,0.3910083527678655,0.34475743825918503
29,3,0.6007885818712404,0.6296069818273492,0.6007885818712404,0.6835883586739753,0.656340772308453,0.6007885818712404,0.6007885818712404,0.5963244729921824,0.6007885818712404,0.583098178102647
29,4,0.44144964062571,0.5548721406970925,0.44144964062571,0.6685391519947477,0.47501962286125515,0.44144964062571,0.44144964062571,0.389334951772652,0.44144964062571,0.458844502129621
29,5,0.44866807051870755,0.5412327549186986,0.44866807051870755,0.617286397761858,0.6034903729126117,0.44866807051870755,0.44866807051870755,0.5044735475440885,0.44866807051870755,0.41403405478525757
29,6,0.36262713678023273,0.468003166982346,0.36262713678023273,0.5866555197992767,0.47428095104953916,0.36262713678023273,0.36262713678023273,0.38667752790484433,0.36262713678023273,0.35513401098446157
29,7,0.45254732610976156,0.5485141156887504,0.45254732610976156,0.6527458432744655,0.6020839562946699,0.45254732610976156,0.45254732610976156,0.5050087226938564,0.45254732610976156,0.42574522922906893
29,8,0.4896287573028757,0.5398902995353698,0.4896287573028757,0.628705220402578,0.5031842494237123,0.4896287573028757,0.4896287573028757,0.4242223044606994,0.4896287573028757,0.4895492779476515
29,9,0.5031585741668118,0.5767739637584222,0.5031585741668118,0.6283465951506377,0.420075359625598,0.5031585741668118,0.5031585741668116,0.38457479575743303,0.5031585741668118,0.5000303602605333
29,10,0.5456479734917844,0.6654281479538606,0.5456479734917844,0.6839370785325998,0.5100256867956956,0.5456479734917844,0.5456479734917845,0.5009918211939535,0.5456479734917844,0.5624251374305245
29,11,0.519763286050821,0.516557664837556,0.519763286050821,0.6435859285268051,0.6457127082284131,0.519763286050821,0.5197632860508209,0.5184626160378978,0.519763286050821,0.5061982379342403
29,12,0.4611796129906834,0.5540832357707395,0.4611796129906834,0.6412234203087243,0.586931911353253,0.4611796129906834,0.4611796129906834,0.5098920853130919,0.4611796129906834,0.4589488019315633
29,13,0.4611508991024633,0.57002919345176,0.4611508991024633,0.6486907247833305,0.5661473431691275,0.4611508991024633,0.4611508991024633,0.45651969240052986,0.4611508991024633,0.44596472215675675
29,14,0.4060252516809473,0.5529454417437087,0.4060252516809473,0.6445744992014091,0.49365635182925494,0.4060252516809473,0.4060252516809473,0.40354013457589766,0.4060252516809473,0.3640165931334156
29,15,0.5386438291205846,0.6283771684273185,0.5386438291205846,0.6804538303429681,0.6171151949781037,0.5386438291205846,0.5386438291205846,0.5578196595929525,0.5386438291205846,0.528380185659671
29,16,0.5144388576778939,0.511793700735434,0.5144388576778939,0.6127951546200202,0.4421468253050766,0.5144388576778939,0.514438857677894,0.4240053743447292,0.5144388576778939,0.5316707703180512
29,17,0.44662854812824015,0.5583456367864276,0.44662854812824015,0.631063649246576,0.6071358006129939,0.44662854812824015,0.4466285481282401,0.5033290686094574,0.44662854812824015,0.3945082406785124
29,18,0.5331830794725156,0.5714334507570628,0.5331830794725156,0.6537543993736291,0.4946436472670511,0.5331830794725156,0.5331830794725156,0.42224712201671183,0.5331830794725156,0.5277550337716403
29,19,0.4852681491520157,0.5193661915531735,0.4852681491520157,0.6395279710339616,0.47628002217657006,0.4852681491520157,0.48526814915201566,0.42073970557710877,0.4852681491520157,0.47379970075215017
29,20,0.6153885253913011,0.5661906223557485,0.6153885253913011,0.6436487513142933,0.5913896430441085,0.6153885253913011,0.6153885253913011,0.5439075691837093,0.6153885253913011,0.6075890504186544
29,21,0.5386004330500385,0.4796324519464517,0.5386004330500385,0.5918695651641174,0.46596256388885954,0.5386004330500385,0.5386004330500385,0.42778788797747186,0.5386004330500385,0.5338134076367997
29,22,0.47925449453660196,0.5751752759367519,0.47925449453660196,0.6678984076272881,0.5695566298480381,0.47925449453660196,0.47925449453660196,0.46857937390075366,0.47925449453660196,0.4666446016649981
29,23,0.4668159912754384,0.49008404306738695,0.4668159912754384,0.6067576332003801,0.5000411598223276,0.4668159912754384,0.4668159912754384,0.3916432768454401,0.4668159912754384,0.4176833841912999
29,24,0.46894853179570617,0.5597997484233251,0.46894853179570617,0.6611968406771508,0.5996354586048206,0.46894853179570617,0.46894853179570617,0.4826967792150092,0.46894853179570617,0.4420863837446453
29,25,0.4334282440398006,0.4850642534931543,0.4334282440398006,0.6095343599308671,0.6009819679026025,0.4334282440398006,0.4334282440398006,0.4460453571431674,0.4334282440398006,0.37685206153792095
29,26,0.5150956530239766,0.4837660034013776,0.5150956530239766,0.5991151757230041,0.5204448131027015,0.5150956530239766,0.5150956530239766,0.43424140299737923,0.5150956530239766,0.5152234047755326
29,27,0.5205334501465105,0.5544445825359766,0.5205334501465105,0.6464192161010301,0.5719296091828538,0.5205334501465105,0.5205334501465106,0.5064143034201836,0.5205334501465105,0.5055938270718787
29,28,0.4137009665057605,0.5081947860312306,0.4137009665057605,0.6311139911029782,0.5795381197004751,0.4137009665057605,0.4137009665057605,0.4455533242538572,0.4137009665057605,0.3588600052311866
29,29,0.4102704467276993,0.5605308336419906,0.4102704467276993,0.6525214311231387,0.5642697395402528,0.4102704467276993,0.4102704467276993,0.4346895699869637,0.4102704467276993,0.3679151470758497
29,30,0.5853772154646497,0.6026135395901129,0.5853772154646497,0.6753106014719439,0.6090931842398164,0.5853772154646497,0.5853772154646497,0.5507456996604918,0.5853772154646497,0.582013016528152
29,31,0.5061829178755849,0.5291877120458043,0.5061829178755849,0.6472868987137352,0.5689785963865455,0.5061829178755849,0.5061829178755848,0.48334813495239803,0.5061829178755849,0.5212344190923913
29,32,0.4940326685990773,0.5470701854795593,0.4940326685990773,0.6328210482197375,0.4540554228295236,0.4940326685990773,0.4940326685990773,0.3719329884725097,0.4940326685990773,0.4667121925841212
29,33,0.427721893075985,0.5753744335053457,0.427721893075985,0.6415620540846785,0.524132100222117,0.427721893075985,0.427721893075985,0.45753557060270267,0.427721893075985,0.41446425225361566
29,34,0.43536127414580134,0.5687190912661226,0.43536127414580134,0.6172225726405819,0.5514099336681292,0.43536127414580134,0.43536127414580134,0.4601888834568742,0.43536127414580134,0.39006931834030345
29,35,0.5300201842836902,0.44342338343264714,0.5300201842836902,0.6065680730339399,0.43744551969357676,0.5300201842836902,0.5300201842836902,0.358801298595656,0.5300201842836902,0.5299330505967197
29,36,0.49242292527986514,0.592380721807338,0.49242292527986514,0.6560123101639228,0.5026115793383548,0.49242292527986514,0.4924229252798652,0.4484491325878358,0.49242292527986514,0.4787596110724315
29,37,0.5320284838054135,0.5853337373925418,0.5320284838054135,0.6561254748059016,0.5039565471917125,0.5320284838054135,0.5320284838054135,0.41976737209495685,0.5320284838054135,0.5314748211491875
29,38,0.49084747136114887,0.5188064570591466,0.49084747136114887,0.6184537269209643,0.48404641000087456,0.49084747136114887,0.49084747136114887,0.4126576761817117,0.49084747136114887,0.5023674042030478
29,39,0.5450818731453871,0.6040362054436218,0.5450818731453871,0.7083992849985825,0.6135355580897531,0.5450818731453871,0.5450818731453873,0.5356354619564738,0.5450818731453871,0.533485263677374
29,40,0.5033946971116895,0.5082285684795991,0.5033946971116895,0.6149286540971357,0.467512597804597,0.5033946971116895,0.5033946971116895,0.4196242304111033,0.5033946971116895,0.5136511619837281
29,41,0.5089558989059265,0.6200521527630051,0.5089558989059265,0.6751926661840186,0.5643123958594226,0.5089558989059265,0.5089558989059265,0.5261518761594746,0.5089558989059265,0.5038763169693379
29,42,0.41194941932433526,0.5245318275045315,0.41194941932433526,0.6613303523911374,0.5801760053368998,0.41194941932433526,0.41194941932433526,0.4337113181388376,0.41194941932433526,0.3742164928378914
29,43,0.5416721686131555,0.5664966695696723,0.5416721686131555,0.6816215564432113,0.6573303803551822,0.5416721686131555,0.5416721686131554,0.5525079472715426,0.5416721686131555,0.5335598378027315
29,44,0.5142703842819618,0.5429757480426567,0.5142703842819618,0.6255345942836745,0.40614990727866607,0.5142703842819618,0.5142703842819618,0.3759407361216833,0.5142703842819618,0.5220443913925339
29,45,0.53196492296547,0.574725344286968,0.53196492296547,0.6541764947185533,0.5514094738533227,0.53196492296547,0.53196492296547,0.45376894928562156,0.53196492296547,0.5144042086819163
29,46,0.5987608609817566,0.6580497388042068,0.5987608609817566,0.7227169573878842,0.6258108544483838,0.5987608609817566,0.5987608609817567,0.5804711355253375,0.5987608609817566,0.5966693303452827
29,47,0.4579994337138032,0.5523767020093455,0.4579994337138032,0.652918192503414,0.6131376719739146,0.4579994337138032,0.45799943371380314,0.5036953186357938,0.4579994337138032,0.4482748399518949
29,48,0.4173898183525978,0.5297240034017532,0.4173898183525978,0.6379853751948816,0.5584312141902086,0.4173898183525978,0.4173898183525978,0.4437735456143703,0.4173898183525978,0.37961895770552606
29,49,0.5008613701840002,0.6012746360226087,0.5008613701840002,0.6917922946762897,0.6351461693096611,0.5008613701840002,0.5008613701840003,0.5595257475218536,0.5008613701840002,0.5150978202858842
29,50,0.5341659493615248,0.6108128405011756,0.5341659493615248,0.6687910290379194,0.5649135423394672,0.5341659493615248,0.534165949361525,0.5238955048774316,0.5341659493615248,0.5566276239224186
29,51,0.4993859967106336,0.5084941564779384,0.4993859967106336,0.6313751138815629,0.561582685168133,0.4993859967106336,0.4993859967106336,0.4662044312221645,0.4993859967106336,0.48874715833256055
29,52,0.42492122033467383,0.5914632466539573,0.42492122033467383,0.6689837509167164,0.6097290657460381,0.42492122033467383,0.42492122033467383,0.5146323443711889,0.42492122033467383,0.3928275066163428
29,53,0.4849475571961604,0.5211082722973885,0.4849475571961604,0.6258925683533698,0.5798579287894742,0.4849475571961604,0.48494755719616034,0.4750652718173697,0.4849475571961604,0.433605239425283
29,54,0.40121665111873117,0.5014370492693095,0.40121665111873117,0.6448131588596745,0.5727834833712351,0.40121665111873117,0.40121665111873117,0.4342189178267937,0.40121665111873117,0.35633396810995865
29,55,0.45072450529641145,0.5890287136152113,0.45072450529641145,0.656975497358471,0.5970940688162443,0.45072450529641145,0.4507245052964114,0.5242650829900931,0.45072450529641145,0.4238181389601129
29,56,0.449545842001319,0.564269155564731,0.449545842001319,0.6834448992075883,0.582730197362988,0.449545842001319,0.449545842001319,0.472409980703578,0.449545842001319,0.4077490533253275
29,57,0.5597214957278102,0.6432962517403,0.5597214957278102,0.7050352142752375,0.5894741314488846,0.5597214957278102,0.5597214957278102,0.5444280780411695,0.5597214957278102,0.5371590034457487
29,58,0.4822663862679593,0.5721976479129319,0.4822663862679593,0.6416368253655202,0.5033330335754206,0.4822663862679593,0.4822663862679593,0.434983857543371,0.4822663862679593,0.47223377016616624
29,59,0.4235254837616457,0.514485052688255,0.4235254837616457,0.6365876557553143,0.5648645963440402,0.4235254837616457,0.4235254837616458,0.4344344988709935,0.4235254837616457,0.3750193880004721
29,60,0.4506832465055709,0.5593123068174031,0.4506832465055709,0.6667868940568316,0.5735096141045719,0.4506832465055709,0.4506832465055709,0.5061145047490554,0.4506832465055709,0.4620110564706275
29,61,0.5625195665633926,0.6289815219135308,0.5625195665633926,0.6804917542803945,0.6041712585734191,0.5625195665633926,0.5625195665633926,0.5789534807828414,0.5625195665633926,0.578920033114837
29,62,0.4302196296503141,0.5624173409157028,0.4302196296503141,0.6294644852135655,0.5776427120435246,0.4302196296503141,0.4302196296503141,0.48152712747632653,0.4302196296503141,0.40512674497597156
29,63,0.5312095339773112,0.576115173067834,0.5312095339773112,0.6707722069644824,0.6029187837525108,0.5312095339773112,0.5312095339773112,0.5073062512355326,0.5312095339773112,0.5063732695162866
29,64,0.5185287747077665,0.5814655424842836,0.5185287747077665,0.6658790992279632,0.5377919277192518,0.5185287747077665,0.5185287747077665,0.49255668935466695,0.5185287747077665,0.5222300049389247
29,65,0.4777530090807439,0.5596148693861611,0.4777530090807439,0.6326756877074184,0.5453898367990258,0.4777530090807439,0.4777530090807439,0.4641239675862419,0.4777530090807439,0.4806027208327549
29,66,0.5370189389930234,0.49851856890756324,0.5370189389930234,0.6324024912622203,0.588796749802009,0.5370189389930234,0.5370189389930234,0.47926475941875035,0.5370189389930234,0.5223919930717932
29,67,0.5062676656621762,0.4955957455053521,0.5062676656621762,0.6425764417084955,0.5546798151851855,0.5062676656621762,0.5062676656621762,0.41214024636511654,0.5062676656621762,0.4630221957910994
29,68,0.49772003364264106,0.5325165501090683,0.49772003364264106,0.6460564825142497,0.5207763729104351,0.49772003364264106,0.49772003364264106,0.45381022091429063,0.49772003364264106,0.4974343200550414
29,69,0.3985588044168836,0.5357784582352971,0.3985588044168836,0.6391729985994925,0.5521753607128767,0.3985588044168836,0.3985588044168836,0.4445123741472038,0.3985588044168836,0.35390639880365615
29,70,0.39508962775371065,0.5790424234068506,0.39508962775371065,0.6523745381713901,0.5653205979885103,0.39508962775371065,0.3950896277537107,0.46887038217558347,0.39508962775371065,0.32952178491521
29,71,0.5139468187195595,0.5438970466578821,0.5139468187195595,0.662907250067058,0.5531125097016362,0.5139468187195595,0.5139468187195594,0.46474943411796904,0.5139468187195595,0.49970826764124066
29,72,0.45284282826037603,0.4776009324974465,0.45284282826037603,0.6140526578806322,0.574760411572881,0.45284282826037603,0.45284282826037603,0.45017194129261207,0.45284282826037603,0.4132578041513115
29,73,0.4527308533888382,0.5713648389474619,0.4527308533888382,0.6610150782295101,0.5967267547324424,0.4527308533888382,0.4527308533888382,0.48676376024850043,0.4527308533888382,0.41688091941627375
29,74,0.49517109528057973,0.6202369717820551,0.49517109528057973,0.6619378781400432,0.5914178319822472,0.49517109528057973,0.49517109528057973,0.5414459535482745,0.49517109528057973,0.5037672832439763
29,75,0.5142711276835986,0.503201426979657,0.5142711276835986,0.6495075647138481,0.55872502709324,0.5142711276835986,0.5142711276835986,0.41879376528383055,0.5142711276835986,0.4898855957432626
29,76,0.513288350719794,0.5265284619233257,0.513288350719794,0.6478122421229463,0.5781596008864465,0.513288350719794,0.5132883507197941,0.49453123827518064,0.513288350719794,0.5288680484074381
29,77,0.4949631286726945,0.5225658459113898,0.4949631286726945,0.6432219868553875,0.43958387396499315,0.4949631286726945,0.4949631286726945,0.39095075557779835,0.4949631286726945,0.4758400822942866
29,78,0.48581073942165026,0.5858865447073274,0.48581073942165026,0.616302615987597,0.5216870991365922,0.48581073942165026,0.48581073942165026,0.47999706979577894,0.48581073942165026,0.4707501311943063
29,79,0.4103119842941536,0.4699084971866854,0.4103119842941536,0.6046369790137699,0.6078910382958123,0.4103119842941536,0.4103119842941536,0.4403230447755629,0.4103119842941536,0.34412003338737385
29,80,0.5074654715494153,0.4950760436221122,0.5074654715494153,0.6214608390299543,0.38307804394482897,0.5074654715494153,0.5074654715494153,0.33566633678991187,0.5074654715494153,0.5005971077900697
29,81,0.47768089912197764,0.5784122094905166,0.47768089912197764,0.6480339770075016,0.5718309788061806,0.47768089912197764,0.47768089912197764,0.5104268479594187,0.47768089912197764,0.46841064398858356
29,82,0.5545201003257679,0.5389847302335895,0.5545201003257679,0.6363627904448081,0.5089063633237918,0.5545201003257679,0.5545201003257678,0.45009141364814187,0.5545201003257679,0.5406526660422559
29,83,0.493129807311225,0.5605950214958797,0.493129807311225,0.6448343591953369,0.43944021942937683,0.493129807311225,0.493129807311225,0.37314530498456633,0.493129807311225,0.45224020379022717
29,84,0.4965144220382159,0.5618741116830294,0.4965144220382159,0.6408339834362096,0.5437409539039351,0.4965144220382159,0.4965144220382159,0.4932888940350468,0.4965144220382159,0.5051484467032287
29,85,0.48788817529559275,0.5835804404374787,0.48788817529559275,0.6819150588825447,0.5382199153805811,0.48788817529559275,0.4878881752955928,0.47319299190942987,0.48788817529559275,0.47384523971859416
29,86,0.6124617531473534,0.6434423418212322,0.6124617531473534,0.6868258567485492,0.589237915407008,0.6124617531473534,0.6124617531473535,0.5729318995264119,0.6124617531473534,0.6196338002776418
29,87,0.5263381159767884,0.6427118944269684,0.5263381159767884,0.6982833448470231,0.5795423666393974,0.5263381159767884,0.5263381159767884,0.5421820580260076,0.5263381159767884,0.5489469103751279
29,88,0.4742628313213323,0.5672143259232061,0.4742628313213323,0.6377214087900184,0.5356832176351223,0.4742628313213323,0.4742628313213323,0.4641132542389067,0.4742628313213323,0.471607556548949
29,89,0.5822222189182149,0.5829856714257677,0.5822222189182149,0.6702710206461047,0.6202131069463084,0.5822222189182149,0.5822222189182149,0.5650280350503574,0.5822222189182149,0.59128999198885
29,90,0.49471901416022146,0.5932914462755283,0.49471901416022146,0.6654813511083579,0.5053925210957078,0.49471901416022146,0.4947190141602214,0.4456332702777574,0.49471901416022146,0.4870775925509982
29,91,0.45700838640678954,0.5578909495307602,0.45700838640678954,0.6472175983637872,0.5914084562962427,0.45700838640678954,0.45700838640678954,0.48793788434076546,0.45700838640678954,0.409080366147089
29,92,0.4642888903364571,0.5973529052066118,0.4642888903364571,0.6804720792855092,0.6298645237226337,0.4642888903364571,0.4642888903364571,0.5349531931698406,0.4642888903364571,0.44252311141486406
29,93,0.4039613828868757,0.49648758495615153,0.4039613828868757,0.6411117391257477,0.5889800638948512,0.4039613828868757,0.4039613828868757,0.4340334718250106,0.4039613828868757,0.33443442985578004
29,94,0.3909623547915906,0.49070547654700297,0.3909623547915906,0.5892866758108521,0.534068971315161,0.3909623547915906,0.3909623547915906,0.41662507649305647,0.3909623547915906,0.31503159118036034
29,95,0.4768701267118797,0.5052368961609034,0.4768701267118797,0.6158054686902364,0.5971197843797633,0.4768701267118797,0.4768701267118798,0.48258686405586004,0.4768701267118797,0.43474938876855107
29,96,0.4858600827052906,0.4825844261458256,0.4858600827052906,0.613773573735086,0.4118076148002865,0.4858600827052906,0.4858600827052906,0.3449272751574457,0.4858600827052906,0.4794511944109023
29,97,0.5819939016905232,0.6263814858509369,0.5819939016905232,0.6951087191101931,0.6081677017845663,0.5819939016905232,0.5819939016905232,0.5540114612211524,0.5819939016905232,0.5718143398550963
29,98,0.49302600985769157,0.6037487891253511,0.49302600985769157,0.6681262835573565,0.5748978537128651,0.49302600985769157,0.4930260098576915,0.5239491702776715,0.49302600985769157,0.4867778160676137
29,99,0.5362472880940604,0.55097497253683,0.5362472880940604,0.6560784052087187,0.5382229211398137,0.5362472880940604,0.5362472880940603,0.4777103585618624,0.5362472880940604,0.5448837235257857
30,0,0.5090834852118364,0.5502526391613742,0.5090834852118364,0.616932098664998,0.4628648696591922,0.5090834852118364,0.5090834852118366,0.4378901522948793,0.5090834852118364,0.5211602396603405
30,1,0.46525438321220686,0.5012450234223323,0.46525438321220686,0.6183924436784243,0.5270750488363753,0.46525438321220686,0.4652543832122068,0.42147918880102786,0.46525438321220686,0.4540380101215612
30,2,0.4212348774683606,0.5376773953467004,0.4212348774683606,0.6319188746507356,0.5671859432088254,0.4212348774683606,0.4212348774683606,0.4458740594964028,0.4212348774683606,0.38029054142273
30,3,0.576729967625788,0.611192319193086,0.576729967625788,0.6748688204997918,0.6229303534845504,0.576729967625788,0.576729967625788,0.5636587430223292,0.576729967625788,0.5635253283666354
30,4,0.46800692069753747,0.5883186418549644,0.46800692069753747,0.6862457672115868,0.5219741227827828,0.46800692069753747,0.46800692069753747,0.4462847317572955,0.46800692069753747,0.48803846440430865
30,5,0.4443535532693271,0.551010487069522,0.4443535532693271,0.6145541252832223,0.6084253226763006,0.4443535532693271,0.444353553269327,0.5130720045664391,0.4443535532693271,0.4020279211655176
30,6,0.4143537660680456,0.5071130668366612,0.4143537660680456,0.6177706059841053,0.5363220453693238,0.4143537660680456,0.41435376606804564,0.4444112052285421,0.4143537660680456,0.41547600856719924
30,7,0.45134738294281673,0.5615447068618953,0.45134738294281673,0.644965093010023,0.6001132095454864,0.45134738294281673,0.45134738294281673,0.5107567000007954,0.45134738294281673,0.42377325271071553
30,8,0.482198643793809,0.5555842298784252,0.482198643793809,0.6328365050232514,0.5007340924041411,0.482198643793809,0.48219864379380906,0.43238185418494923,0.482198643793809,0.4854816896435068
30,9,0.4877871655981972,0.5639519695963198,0.4877871655981972,0.6142042989560867,0.40471357584643397,0.4877871655981972,0.4877871655981971,0.365955963450441,0.4877871655981972,0.48103541145833384
30,10,0.5256405264658881,0.6549977116706982,0.5256405264658881,0.6757795719798131,0.49873393309561914,0.5256405264658881,0.5256405264658882,0.4848238382193156,0.5256405264658881,0.5409487352975614
30,11,0.4991955929664169,0.5208339531314621,0.4991955929664169,0.647920856387592,0.631095268288758,0.4991955929664169,0.4991955929664169,0.5104778617171744,0.4991955929664169,0.4824728589274861
30,12,0.5246618382110857,0.5986827352822727,0.5246618382110857,0.6687295874215942,0.6435092289634141,0.5246618382110857,0.5246618382110857,0.5838650140496932,0.5246618382110857,0.533222306002842
30,13,0.46181159730713905,0.5755582249816511,0.46181159730713905,0.6523499218704631,0.5748167312039529,0.46181159730713905,0.46181159730713905,0.4719810201145398,0.46181159730713905,0.448821772512804
30,14,0.38602886275439785,0.5316655991737496,0.38602886275439785,0.6308186849090445,0.48031399989636947,0.38602886275439785,0.38602886275439785,0.3838832992120583,0.38602886275439785,0.34391790684016255
30,15,0.521454431849259,0.6179967638023159,0.521454431849259,0.6701654037737141,0.5817060588002326,0.521454431849259,0.5214544318492589,0.5304092865402465,0.521454431849259,0.514441161884742
30,16,0.5167496287405763,0.5115387273653177,0.5167496287405763,0.6143115413908309,0.43238301707216614,0.5167496287405763,0.5167496287405763,0.4272126130373677,0.5167496287405763,0.538098472935962
30,17,0.45011714615917364,0.5571861184723321,0.45011714615917364,0.6390132366025717,0.6082420287296948,0.45011714615917364,0.45011714615917364,0.5017343488934127,0.45011714615917364,0.40259368701995135
30,18,0.5381929560278861,0.5830167571278115,0.5381929560278861,0.6564185025873828,0.4806209684947047,0.5381929560278861,0.5381929560278861,0.41590899761599615,0.5381929560278861,0.5308669476976062
30,19,0.587725714160398,0.608964027868486,0.587725714160398,0.693023285117357,0.6446310461276765,0.587725714160398,0.587725714160398,0.5699330970268157,0.587725714160398,0.560785875560804
30,20,0.6128455342423339,0.5479709643718156,0.6128455342423339,0.64311399931847,0.5869133343195889,0.6128455342423339,0.6128455342423339,0.5330587778145253,0.6128455342423339,0.605325359786646
30,21,0.5363193980528267,0.49128090304254723,0.5363193980528267,0.6012032274125593,0.44474711297466374,0.5363193980528267,0.5363193980528267,0.4061587370279262,0.5363193980528267,0.529870268265874
30,22,0.4688517037325174,0.5748928190354714,0.4688517037325174,0.6665800468454618,0.5769395877420422,0.4688517037325174,0.4688517037325174,0.4748805195368162,0.4688517037325174,0.4548245176802736
30,23,0.5222735675277704,0.5398203275177552,0.5222735675277704,0.6336333436457868,0.5576259921582591,0.5222735675277704,0.5222735675277704,0.47243350332796114,0.5222735675277704,0.4873493847162829
30,24,0.4599352515759418,0.5653162528401027,0.4599352515759418,0.652519525070155,0.5988799207464307,0.4599352515759418,0.4599352515759418,0.49028939200608534,0.4599352515759418,0.43234782614878653
30,25,0.4542390294594271,0.5014791329118871,0.4542390294594271,0.6290712240554378,0.6228193750700444,0.4542390294594271,0.4542390294594272,0.47620408371555234,0.4542390294594271,0.40336481392028
30,26,0.5342656581060561,0.5058525351747838,0.5342656581060561,0.6091026584051208,0.5261868902128917,0.5342656581060561,0.5342656581060561,0.4478949562659527,0.5342656581060561,0.5337425503768121
30,27,0.5228298178024806,0.5601096874768101,0.5228298178024806,0.6462908601660339,0.5739775217094849,0.5228298178024806,0.5228298178024805,0.5104266426653226,0.5228298178024806,0.5125118427210402
30,28,0.4101984296941376,0.4929582474345893,0.4101984296941376,0.6100548804413868,0.5703092578086854,0.4101984296941376,0.4101984296941376,0.43355406673933705,0.4101984296941376,0.35369787108129525
30,29,0.42364879550814427,0.5612574732656321,0.42364879550814427,0.6594111804347234,0.5799750239150723,0.42364879550814427,0.42364879550814427,0.44873288123507316,0.42364879550814427,0.38084399326769813
30,30,0.5012233138559007,0.5656370075702444,0.5012233138559007,0.6255546065955627,0.5622216517719033,0.5012233138559007,0.5012233138559008,0.49350008406590695,0.5012233138559007,0.49142638612561396
30,31,0.47295723219676206,0.5262106081136751,0.47295723219676206,0.6433628698579228,0.5560610751527804,0.47295723219676206,0.47295723219676206,0.4734285854740328,0.47295723219676206,0.49101144518165885
30,32,0.48804698447024686,0.549497947198758,0.48804698447024686,0.6344854757320889,0.4389905520945858,0.48804698447024686,0.48804698447024686,0.3725671308316385,0.48804698447024686,0.47065100982898345
30,33,0.44905556862187185,0.5978790470680277,0.44905556862187185,0.662752030696752,0.5476647570874746,0.44905556862187185,0.4490555686218718,0.4809752199185391,0.44905556862187185,0.4336666814271707
30,34,0.4250226017328878,0.560045883974173,0.4250226017328878,0.6144070029599443,0.5384835996777178,0.4250226017328878,0.42502260173288775,0.4443266626047921,0.4250226017328878,0.37380686288206094
30,35,0.5363285047228771,0.43612481049252116,0.5363285047228771,0.5989406248816617,0.44322235802168697,0.5363285047228771,0.5363285047228771,0.3583084183564361,0.5363285047228771,0.5295733636350265
30,36,0.496638755961965,0.6023618178761698,0.496638755961965,0.6515098217671402,0.5134060643367228,0.496638755961965,0.496638755961965,0.4663942564250222,0.496638755961965,0.48480421040552946
30,37,0.5185498687292097,0.5613548416158503,0.5185498687292097,0.6427942274338454,0.4985846353178658,0.5185498687292097,0.5185498687292098,0.40420573688019246,0.5185498687292097,0.5092331964717859
30,38,0.500797995194466,0.5275655831053911,0.500797995194466,0.6325602820053909,0.4907053512545308,0.500797995194466,0.5007979951944659,0.4212317655272144,0.500797995194466,0.5156414879971358
30,39,0.5300191621064397,0.5850580832254083,0.5300191621064397,0.6960530306121746,0.5929915766734064,0.5300191621064397,0.5300191621064396,0.4987540184225775,0.5300191621064397,0.51712601137615
30,40,0.5056904142912274,0.5169131766524884,0.5056904142912274,0.6197729143792112,0.4718043858297229,0.5056904142912274,0.5056904142912274,0.42512197156301385,0.5056904142912274,0.5177567879429644
30,41,0.5084051312182876,0.6130307699242571,0.5084051312182876,0.6722440414422168,0.5619917324701602,0.5084051312182876,0.5084051312182876,0.5184108360055583,0.5084051312182876,0.5017171834637523
30,42,0.42809350096916343,0.5172174789840093,0.42809350096916343,0.6580613427380905,0.5899692951949627,0.42809350096916343,0.42809350096916343,0.4427662705108709,0.42809350096916343,0.3900373492333201
30,43,0.528999400911206,0.57210730073589,0.528999400911206,0.6721302384579825,0.6428645288433634,0.528999400911206,0.528999400911206,0.5499912737728021,0.528999400911206,0.5238563028570827
30,44,0.5011721120681685,0.46451055710280276,0.5011721120681685,0.5928716996302033,0.40637571103210673,0.5011721120681685,0.5011721120681685,0.3677096799508963,0.5011721120681685,0.5061073109858841
30,45,0.5135527229268689,0.5588703867637741,0.5135527229268689,0.6404398174129168,0.5403561492262626,0.5135527229268689,0.5135527229268689,0.4368861468769898,0.5135527229268689,0.4922880289232874
30,46,0.5717558672741869,0.6293141107423285,0.5717558672741869,0.7036848412051595,0.5916132851544429,0.5717558672741869,0.5717558672741869,0.5435452102523595,0.5717558672741869,0.5754180598681513
30,47,0.45954477986623044,0.5474369233623649,0.45954477986623044,0.6447549415944336,0.6180428957464443,0.45954477986623044,0.45954477986623044,0.5079689781498553,0.45954477986623044,0.44635706617153476
30,48,0.4332443450599056,0.5589332656027973,0.4332443450599056,0.6553156620746563,0.596876705211915,0.4332443450599056,0.4332443450599056,0.493673303315689,0.4332443450599056,0.40004659176043683
30,49,0.4874112831456074,0.5905775832816911,0.4874112831456074,0.6868386808989588,0.6206020413692793,0.4874112831456074,0.48741128314560733,0.5414660240598974,0.4874112831456074,0.5003047052739602
30,50,0.5317266627408865,0.6083150509835408,0.5317266627408865,0.6660772486442234,0.5547733955685032,0.5317266627408865,0.5317266627408865,0.5188049998525697,0.5317266627408865,0.5540601409776964
30,51,0.4941538430658701,0.4967410335882781,0.4941538430658701,0.6232861235426008,0.5458779068936777,0.4941538430658701,0.4941538430658702,0.44789512408991206,0.4941538430658701,0.4784320940264
30,52,0.4302751059974578,0.5868730401726279,0.4302751059974578,0.6684608119448194,0.6183270800588668,0.4302751059974578,0.4302751059974577,0.5173796144414936,0.4302751059974578,0.3979364429835388
30,53,0.47824411878703244,0.5243912573642302,0.47824411878703244,0.625942720280119,0.5872029576452581,0.47824411878703244,0.4782441187870325,0.47345170974333906,0.47824411878703244,0.4271919903528557
30,54,0.40311093141441545,0.4893480732122907,0.40311093141441545,0.642727223028373,0.5801396167053425,0.40311093141441545,0.40311093141441545,0.4308686265112554,0.40311093141441545,0.35963652697806153
30,55,0.42655261522655674,0.6046739876763452,0.42655261522655674,0.6656241769963915,0.5733760320672169,0.42655261522655674,0.42655261522655674,0.5082087261370443,0.42655261522655674,0.39600615944595063
30,56,0.4328069461218734,0.5528889076515632,0.4328069461218734,0.6709329369430654,0.5850764611803556,0.4328069461218734,0.4328069461218734,0.4673630865211227,0.4328069461218734,0.3853287024566339
30,57,0.5522552343141558,0.628583080486232,0.5522552343141558,0.7032068487260684,0.5821484228249573,0.5522552343141558,0.5522552343141558,0.5329603278413348,0.5522552343141558,0.5288274085188818
30,58,0.567715665228773,0.657652041255971,0.567715665228773,0.7060881809938917,0.6312300723549643,0.567715665228773,0.567715665228773,0.5865334644956648,0.567715665228773,0.5635446447560999
30,59,0.45183050108151,0.5292450468022664,0.45183050108151,0.6501822513231015,0.5973123990031002,0.45183050108151,0.45183050108151,0.4701561520357691,0.45183050108151,0.4108247328697188
30,60,0.4935533603937724,0.5875672037230794,0.4935533603937724,0.67764278115535,0.627278285136722,0.4935533603937724,0.4935533603937724,0.5601307255969947,0.4935533603937724,0.5037938391980149
30,61,0.5615913366946857,0.6164028249369145,0.5615913366946857,0.669914085936342,0.6051752583966705,0.5615913366946857,0.5615913366946857,0.5776956848002726,0.5615913366946857,0.5769913835674014
30,62,0.4332684126878959,0.5562462921206179,0.4332684126878959,0.6440298382650589,0.5868990615913756,0.4332684126878959,0.4332684126878959,0.4783794363729169,0.4332684126878959,0.41293019197501424
30,63,0.5091271600579965,0.5602393692084916,0.5091271600579965,0.6625231038085946,0.5865821591890075,0.5091271600579965,0.5091271600579965,0.4782530674396353,0.5091271600579965,0.480481259081848
30,64,0.5082702967464191,0.5908781875251622,0.5082702967464191,0.6653940134141574,0.5391837498428285,0.5082702967464191,0.5082702967464191,0.4948995012070051,0.5082702967464191,0.5126746313690804
30,65,0.5302971943185901,0.5898446034387635,0.5302971943185901,0.6587368771502824,0.6225662926066249,0.5302971943185901,0.5302971943185901,0.5407576019670284,0.5302971943185901,0.5331115991234511
30,66,0.5316878200053655,0.49867928984430787,0.5316878200053655,0.6307868735252323,0.5751014603349824,0.5316878200053655,0.5316878200053654,0.4764030018491234,0.5316878200053655,0.5194712864551412
30,67,0.48896601474369883,0.48533084774954277,0.48896601474369883,0.6353307751782002,0.5360475789609325,0.48896601474369883,0.4889660147436988,0.3998410020439566,0.48896601474369883,0.45207107125505586
30,68,0.5135528158520735,0.5527856651448773,0.5135528158520735,0.6480294914615123,0.5149913241275514,0.5135528158520735,0.5135528158520735,0.46908202933833787,0.5135528158520735,0.51228719828908
30,69,0.40222433203736746,0.5346101707088785,0.40222433203736746,0.6488460676803143,0.5588409201050822,0.40222433203736746,0.4022243320373675,0.4442530548662803,0.40222433203736746,0.3572039526907538
30,70,0.3933406824780141,0.5725506669370376,0.3933406824780141,0.650844224879296,0.5693274422286212,0.3933406824780141,0.3933406824780141,0.4611652557680973,0.3933406824780141,0.3230673044157474
30,71,0.5116126305053189,0.4796675368249647,0.5116126305053189,0.6375357371320333,0.5384522188657231,0.5116126305053189,0.5116126305053189,0.45785342734595336,0.5116126305053189,0.4988908144095605
30,72,0.44058980370758555,0.4937634498288636,0.44058980370758555,0.6184987018209505,0.5545880495014628,0.44058980370758555,0.44058980370758555,0.4496053858493463,0.44058980370758555,0.41041078993190483
30,73,0.47099883350990673,0.5601371262769652,0.47099883350990673,0.6628135403054203,0.5988304292739195,0.47099883350990673,0.4709988335099067,0.4880931288919933,0.47099883350990673,0.4369531806125994
30,74,0.49266146428006247,0.5932977253836462,0.49266146428006247,0.6536865205748035,0.5776450871312204,0.49266146428006247,0.49266146428006247,0.5196736912870077,0.49266146428006247,0.5008477818317502
30,75,0.5055924711255835,0.4801403602746793,0.5055924711255835,0.6236523055382301,0.5370168172437474,0.5055924711255835,0.5055924711255835,0.40599230411582493,0.5055924711255835,0.4780478390959806
30,76,0.5147262753357086,0.5198587248608169,0.5147262753357086,0.6512035775980067,0.5815830447368735,0.5147262753357086,0.5147262753357086,0.4932489253237329,0.5147262753357086,0.5285069738594061
30,77,0.4894141000802595,0.5232194347596477,0.4894141000802595,0.6481865659846135,0.43052324653184537,0.4894141000802595,0.48941410008025954,0.37957775805716926,0.4894141000802595,0.4701711211180309
30,78,0.5130793619346582,0.6043042431898824,0.5130793619346582,0.633251855572278,0.5741055940244036,0.5130793619346582,0.5130793619346581,0.535412767557913,0.5130793619346582,0.5033623663401372
30,79,0.4089930968653262,0.49187480355749624,0.4089930968653262,0.6186578484567922,0.6057339837396858,0.4089930968653262,0.40899309686532614,0.4507244073759835,0.4089930968653262,0.34853813272069034
30,80,0.5237338871179926,0.5112998778606144,0.5237338871179926,0.6320659784529824,0.38366702793369467,0.5237338871179926,0.5237338871179926,0.3406664420814302,0.5237338871179926,0.516830517105481
30,81,0.48361129275407355,0.5812287589607756,0.48361129275407355,0.6515873163985424,0.591281604417367,0.48361129275407355,0.48361129275407355,0.527040290889398,0.48361129275407355,0.4685184074856661
30,82,0.531435528074888,0.5406229486768956,0.531435528074888,0.6282017756460847,0.4971152387324897,0.531435528074888,0.531435528074888,0.4408744573678514,0.531435528074888,0.5178090241809312
30,83,0.4943602299452773,0.5675949772198212,0.4943602299452773,0.6520793357582978,0.4413218645309246,0.4943602299452773,0.4943602299452773,0.387511630718215,0.4943602299452773,0.4644489132065891
30,84,0.468488366182548,0.5448096315142457,0.468488366182548,0.6341243069936218,0.5189024737417481,0.468488366182548,0.4684883661825481,0.4612196473241236,0.468488366182548,0.47057499794838276
30,85,0.5191664274617025,0.6261499071321839,0.5191664274617025,0.6883190404748138,0.6018707845434186,0.5191664274617025,0.5191664274617025,0.5393733473857321,0.5191664274617025,0.5063969153428726
30,86,0.5343492907901922,0.5956335166224571,0.5343492907901922,0.6552701698676904,0.4813185558024182,0.5343492907901922,0.5343492907901922,0.44667554426879924,0.5343492907901922,0.5330852938859537
30,87,0.5258984868338459,0.6207723593888461,0.5258984868338459,0.6880541067562473,0.5559565129667257,0.5258984868338459,0.5258984868338459,0.5049257004451826,0.5258984868338459,0.5430266061145822
30,88,0.47596364134104824,0.5813023402726444,0.47596364134104824,0.6346530806159694,0.5373526180726841,0.47596364134104824,0.4759636413410482,0.4718776615038431,0.47596364134104824,0.4734978271501418
30,89,0.5838261079495375,0.5911137445752841,0.5838261079495375,0.6761540775201833,0.6060254277073586,0.5838261079495375,0.5838261079495375,0.5565065714668314,0.5838261079495375,0.5916289025065391
30,90,0.4892521314486491,0.5797233477190811,0.4892521314486491,0.663843031194103,0.49206425736857995,0.4892521314486491,0.4892521314486491,0.4310450968523431,0.4892521314486491,0.4825562580456951
30,91,0.4447949479911569,0.5478350254726915,0.4447949479911569,0.6310092644941714,0.5815003421328081,0.4447949479911569,0.44479494799115693,0.4727915119582452,0.4447949479911569,0.3895753145336778
30,92,0.47308565482951337,0.6133626329056965,0.47308565482951337,0.6896544498709651,0.6314350018967381,0.47308565482951337,0.47308565482951337,0.5450662680496706,0.47308565482951337,0.45655952496856866
30,93,0.42019011939309064,0.49922672508329896,0.42019011939309064,0.6412171907721365,0.6070958449111332,0.42019011939309064,0.42019011939309064,0.45582816794244974,0.42019011939309064,0.36033912301092247
30,94,0.38150944542888376,0.4988262460782316,0.38150944542888376,0.5969301560776864,0.5310530796745929,0.38150944542888376,0.38150944542888376,0.4200950983235866,0.38150944542888376,0.3065836132539357
30,95,0.48450653417514894,0.521520323256451,0.48450653417514894,0.6216133485908784,0.6344023597512196,0.48450653417514894,0.48450653417514894,0.5085214887880094,0.48450653417514894,0.4352695112462437
30,96,0.5625087872396596,0.6069142470098006,0.5625087872396596,0.6789644976668665,0.5910318264515144,0.5625087872396596,0.5625087872396596,0.5011750885159716,0.5625087872396596,0.5430317992072686
30,97,0.5614867958395156,0.600593608276061,0.5614867958395156,0.6804858950361042,0.58175469114106,0.5614867958395156,0.5614867958395156,0.5276257551135209,0.5614867958395156,0.560625024693358
30,98,0.47255468021045327,0.5888297212792679,0.47255468021045327,0.6610564256467784,0.5691236458656895,0.47255468021045327,0.47255468021045327,0.5121154868549357,0.47255468021045327,0.463904970834275
30,99,0.5506038605032848,0.5454875750154087,0.5506038605032848,0.6563403732749101,0.5475630468823944,0.5506038605032848,0.5506038605032847,0.48387310276366735,0.5506038605032848,0.5569896972026802
31,0,0.507345783885896,0.557384583567221,0.507345783885896,0.6167827669530368,0.44174109618663593,0.507345783885896,0.5073457838858961,0.4281976578546317,0.507345783885896,0.5219043415716569
31,1,0.5333352909576435,0.5431000424562686,0.5333352909576435,0.6469777016927469,0.6255720984652522,0.5333352909576435,0.5333352909576434,0.5188790961093801,0.5333352909576435,0.5181704743526279
31,2,0.441510785410334,0.5526234704645909,0.441510785410334,0.6431757053875033,0.5975628151120745,0.441510785410334,0.44151078541033395,0.4835078014705696,0.441510785410334,0.4063227612434477
31,3,0.5923464199589215,0.6086027820013151,0.5923464199589215,0.6655742083158922,0.6320569750884939,0.5923464199589215,0.5923464199589215,0.5707149341388071,0.5923464199589215,0.5733309294007222
31,4,0.4757224075099177,0.6003590034334456,0.4757224075099177,0.6904461713637613,0.5451971091732245,0.4757224075099177,0.4757224075099177,0.46748516488812886,0.4757224075099177,0.49421929201519976
31,5,0.44183806798092023,0.5402259843851751,0.44183806798092023,0.6073677134519097,0.6078314941793057,0.44183806798092023,0.4418380679809202,0.5060907291085791,0.44183806798092023,0.3984976651704916
31,6,0.4327988616290736,0.5162914366651149,0.4327988616290736,0.6303291028915096,0.5695536973404275,0.4327988616290736,0.4327988616290736,0.46856175156831326,0.4327988616290736,0.43205437241942923
31,7,0.458847469130944,0.558545197068638,0.458847469130944,0.641852605707017,0.603923335272065,0.458847469130944,0.45884746913094393,0.510372376333542,0.458847469130944,0.4379508157445676
31,8,0.5569851272280792,0.6107405954608882,0.5569851272280792,0.6758199446785196,0.6042735346803565,0.5569851272280792,0.5569851272280792,0.55339793380681,0.5569851272280792,0.5683237891164867
31,9,0.5748131994305915,0.6573574154130923,0.5748131994305915,0.6734541207136967,0.5672363056243082,0.5748131994305915,0.5748131994305916,0.5596113784512271,0.5748131994305915,0.5852625536814661
31,10,0.5132185638911426,0.6325234809141103,0.5132185638911426,0.6557238002392265,0.47504027953350025,0.5132185638911426,0.5132185638911426,0.4621120589016326,0.5132185638911426,0.5259201671660645
31,11,0.5062494523220754,0.5160845343604601,0.5062494523220754,0.6461418374940853,0.625176026340072,0.5062494523220754,0.5062494523220754,0.5040158566374957,0.5062494523220754,0.4929565211814156
31,12,0.5107396911333465,0.5791923198496667,0.5107396911333465,0.6569332430371704,0.6259078020101237,0.5107396911333465,0.5107396911333464,0.5613653781019785,0.5107396911333465,0.5188955506615202
31,13,0.47498077145203904,0.581504421983156,0.47498077145203904,0.6593824792674791,0.5703889118689351,0.47498077145203904,0.47498077145203904,0.46992592215758133,0.47498077145203904,0.46861519638614446
31,14,0.4125381004954493,0.5440106027967184,0.4125381004954493,0.642369307632193,0.4977194316210978,0.4125381004954493,0.4125381004954493,0.40065139963011753,0.4125381004954493,0.36839207806791086
31,15,0.5103999565853444,0.6180095457896881,0.5103999565853444,0.6670516582704746,0.5645884967359267,0.5103999565853444,0.5103999565853443,0.5158147279534688,0.5103999565853444,0.5060617089768364
31,16,0.5295850155505684,0.5125737342080099,0.5295850155505684,0.6122286371917196,0.43320498525943163,0.5295850155505684,0.5295850155505684,0.421414498089433,0.5295850155505684,0.5417924090189717
31,17,0.44344455891797147,0.567317653201509,0.44344455891797147,0.6316932708903847,0.610849870593348,0.44344455891797147,0.4434445589179715,0.5091515871506073,0.44344455891797147,0.39241218762428653
31,18,0.5296544306784013,0.5710569590542829,0.5296544306784013,0.6491779842221775,0.4711691118820381,0.5296544306784013,0.5296544306784015,0.39705209918941553,0.5296544306784013,0.5167032554258685
31,19,0.5771974743301092,0.5962228880897283,0.5771974743301092,0.6845313729282454,0.6343582155420502,0.5771974743301092,0.5771974743301092,0.5573308477897105,0.5771974743301092,0.5507475612234143
31,20,0.5979036259693609,0.533330051617726,0.5979036259693609,0.6387240387916733,0.5752443937305152,0.5979036259693609,0.5979036259693609,0.5144259241460698,0.5979036259693609,0.5935406823276732
31,21,0.5331866106302903,0.49075347015032444,0.5331866106302903,0.596241859758291,0.4351841811237965,0.5331866106302903,0.5331866106302903,0.3959430185377504,0.5331866106302903,0.5231158574501245
31,22,0.4740642501591112,0.5671838548792087,0.4740642501591112,0.6597073016948636,0.5720380913465515,0.4740642501591112,0.4740642501591112,0.4707599172566107,0.4740642501591112,0.4598871495667478
31,23,0.5237985630603913,0.5443044548171423,0.5237985630603913,0.6340574995324315,0.5546030446218047,0.5237985630603913,0.5237985630603912,0.4756881412224555,0.5237985630603913,0.4934367712099468
31,24,0.46654288409913147,0.5546992043727593,0.46654288409913147,0.6496797442613054,0.6031483710591945,0.46654288409913147,0.46654288409913147,0.4858052052230324,0.46654288409913147,0.4357995009336032
31,25,0.46121371654077004,0.4994221045103194,0.46121371654077004,0.6235029008724959,0.6286393271750446,0.46121371654077004,0.46121371654077004,0.48136886697046644,0.46121371654077004,0.4103045936413484
31,26,0.5369141193622394,0.5139405321021009,0.5369141193622394,0.6136050641523145,0.5275396949596497,0.5369141193622394,0.5369141193622395,0.45726458635781453,0.5369141193622394,0.5386809338920109
31,27,0.5004788900418842,0.5443207105273176,0.5004788900418842,0.6276681764974685,0.5415967589177768,0.5004788900418842,0.5004788900418842,0.4771574867423199,0.5004788900418842,0.4858132792863516
31,28,0.42608975478246536,0.5352149173925421,0.42608975478246536,0.6372507903037511,0.5887486641595026,0.42608975478246536,0.4260897547824653,0.46064103492757436,0.42608975478246536,0.37577907303872654
31,29,0.4274339178669428,0.5656937207875492,0.4274339178669428,0.6660213501318893,0.5794956495751947,0.4274339178669428,0.42743391786694285,0.4508133319387433,0.4274339178669428,0.39169476531039826
31,30,0.4602752648995576,0.5271677250825998,0.4602752648995576,0.6015122272599376,0.5441685752189653,0.4602752648995576,0.4602752648995577,0.44870885487640705,0.4602752648995576,0.4269813580367203
31,31,0.5625919552977727,0.5744309982541794,0.5625919552977727,0.6816562061953132,0.6472662002430711,0.5625919552977727,0.5625919552977727,0.5562458624923549,0.5625919552977727,0.5696334079986732
31,32,0.5852503725603765,0.6404191447486272,0.5852503725603765,0.7041598070525072,0.5973406793569651,0.5852503725603765,0.5852503725603766,0.5545922645736215,0.5852503725603765,0.5868241937458133
31,33,0.45126542291236327,0.584080787464236,0.45126542291236327,0.65916981664039,0.5550607434583367,0.45126542291236327,0.45126542291236327,0.47947114773934874,0.45126542291236327,0.43402390452991313
31,34,0.4465329280927111,0.5799065130772,0.4465329280927111,0.6294761468531558,0.5734363709232645,0.4465329280927111,0.4465329280927111,0.4859852993168524,0.4465329280927111,0.4022335434351763
31,35,0.5449681326949619,0.4344847164277085,0.5449681326949619,0.5930615677046716,0.4425682890950648,0.5449681326949619,0.544968132694962,0.366226380554448,0.5449681326949619,0.5348177843542554
31,36,0.4701302616225503,0.5652808771240126,0.4701302616225503,0.6322555411602083,0.4943351456225762,0.4701302616225503,0.4701302616225502,0.4380898410663423,0.4701302616225503,0.4571216431265185
31,37,0.5011991533027058,0.5429205628127923,0.5011991533027058,0.6340493863278056,0.4882404912881797,0.5011991533027058,0.5011991533027058,0.38461125540924795,0.5011991533027058,0.4961417049622967
31,38,0.5127885060442735,0.5195623324535157,0.5127885060442735,0.6277651418962523,0.5076257507218185,0.5127885060442735,0.5127885060442734,0.4346097356689914,0.5127885060442735,0.5236161558201748
31,39,0.5126722566133242,0.5806752131025963,0.5126722566133242,0.7004237541778043,0.5848776942174183,0.5126722566133242,0.5126722566133242,0.48532317701747474,0.5126722566133242,0.5044121281929537
31,40,0.49383641056697103,0.48695493731605355,0.49383641056697103,0.613478425587613,0.47173457913176153,0.49383641056697103,0.4938364105669711,0.4119557819651983,0.49383641056697103,0.5071662447505689
31,41,0.4963956636267425,0.6095732362093844,0.4963956636267425,0.6648457394551319,0.5328809965519263,0.4963956636267425,0.4963956636267425,0.4973058297758618,0.4963956636267425,0.49145701338042375
31,42,0.43147207555785555,0.541095067138952,0.43147207555785555,0.6651101760187548,0.5950426893566808,0.43147207555785555,0.43147207555785555,0.45881804368486484,0.43147207555785555,0.39425175072836594
31,43,0.520054049016001,0.5489388306898719,0.520054049016001,0.6637671119982078,0.6326886512327194,0.520054049016001,0.520054049016001,0.5267839272128659,0.520054049016001,0.5124622793222933
31,44,0.5042445910329222,0.4767603843177467,0.5042445910329222,0.599815166977802,0.4066518999587168,0.5042445910329222,0.5042445910329222,0.36823934494603316,0.5042445910329222,0.5065611212230807
31,45,0.5086537061405811,0.5650145310379363,0.5086537061405811,0.6469027192477308,0.528290899734807,0.5086537061405811,0.5086537061405811,0.42825617918387354,0.5086537061405811,0.48903462003940007
31,46,0.5603832161097365,0.582860309148471,0.5603832161097365,0.6794664920283233,0.5795205452458488,0.5603832161097365,0.5603832161097365,0.5146174014171963,0.5603832161097365,0.553503445168216
31,47,0.4546031104110333,0.5457358177949027,0.4546031104110333,0.6459703202677495,0.6125933917848195,0.4546031104110333,0.4546031104110333,0.500982687373559,0.4546031104110333,0.4396586350840445
31,48,0.42292871809773186,0.5396281241406684,0.42292871809773186,0.6466084528298882,0.5738912721108864,0.42292871809773186,0.4229287180977319,0.46368020457946524,0.42292871809773186,0.3884922073957207
31,49,0.519564890739009,0.6224083759083152,0.519564890739009,0.704445900786421,0.6639313125198656,0.519564890739009,0.519564890739009,0.5894531400080274,0.519564890739009,0.5304134543312353
31,50,0.5377239625202914,0.6081509619512653,0.5377239625202914,0.6618765610589268,0.5582775628558425,0.5377239625202914,0.5377239625202914,0.5252257029468119,0.5377239625202914,0.557460908507303
31,51,0.47425948601396684,0.498243959625858,0.47425948601396684,0.6205239668551203,0.539945810051424,0.47425948601396684,0.4742594860139669,0.4421673663984976,0.47425948601396684,0.4622755363817628
31,52,0.435949583616097,0.5979070670872432,0.435949583616097,0.6615001820780532,0.6141283646968079,0.435949583616097,0.435949583616097,0.5347627942988524,0.435949583616097,0.4129050858096852
31,53,0.46658813867376964,0.5166413013332023,0.46658813867376964,0.6229527565042238,0.5787770879206815,0.46658813867376964,0.4665881386737697,0.4659500614353176,0.46658813867376964,0.41719039716309947
31,54,0.3816607276619656,0.4460046639718446,0.3816607276619656,0.6160951385346831,0.5464576597687154,0.3816607276619656,0.38166072766196557,0.39166758167659843,0.3816607276619656,0.3266642408723894
31,55,0.4000283236023608,0.5946259431658445,0.4000283236023608,0.6479270713737288,0.5174595561534986,0.4000283236023608,0.40002832360236074,0.456126613685022,0.4000283236023608,0.3719280207910951
31,56,0.44894312912431095,0.5355115000698475,0.44894312912431095,0.628619522682172,0.5919583064316241,0.44894312912431095,0.448943129124311,0.4684443394632571,0.44894312912431095,0.40333637567621194
31,57,0.5429810201198865,0.5895549849872588,0.5429810201198865,0.6829497504319987,0.5718705401990519,0.5429810201198865,0.5429810201198866,0.5047381604904488,0.5429810201198865,0.5164134661490609
31,58,0.5056722938763313,0.6043233586095222,0.5056722938763313,0.6625784289247905,0.5469837057451669,0.5056722938763313,0.5056722938763313,0.49173442746662355,0.5056722938763313,0.49866205809540665
31,59,0.43441371583453847,0.5480494840346879,0.43441371583453847,0.6713186935990942,0.577720251727293,0.43441371583453847,0.43441371583453847,0.4588129863001324,0.43441371583453847,0.39018064053179885
31,60,0.48617983833430456,0.5862056149017729,0.48617983833430456,0.6753339371601093,0.6146807579223541,0.48617983833430456,0.48617983833430456,0.552735149858009,0.48617983833430456,0.49918968390259294
31,61,0.5199413307428264,0.5866831742709822,0.5199413307428264,0.6520004780747181,0.559448645911927,0.5199413307428264,0.5199413307428264,0.5240973063366725,0.5199413307428264,0.5304889487032822
31,62,0.45368352258635375,0.5766608914077767,0.45368352258635375,0.6616712955525003,0.5985095972901538,0.45368352258635375,0.4536835225863538,0.5049665107050525,0.45368352258635375,0.44318364932147536
31,63,0.5060436229938958,0.5548408966185878,0.5060436229938958,0.6629914205269827,0.576124885173938,0.5060436229938958,0.5060436229938958,0.46201371190137586,0.5060436229938958,0.4777237447832037
31,64,0.511365728236708,0.5791692726612274,0.511365728236708,0.6628609173503516,0.5342247881417374,0.511365728236708,0.511365728236708,0.4829224073474411,0.511365728236708,0.5119263424719941
31,65,0.4998408655871298,0.58121577218846,0.4998408655871298,0.6444339174007547,0.6011377591824744,0.4998408655871298,0.4998408655871298,0.5216384097703186,0.4998408655871298,0.49821635174456347
31,66,0.5329910959998209,0.49966745434293924,0.5329910959998209,0.6334463755258679,0.5532113439202796,0.5329910959998209,0.5329910959998208,0.4562346035535845,0.5329910959998209,0.5194973045652905
31,67,0.5734222949682024,0.5809553501683308,0.5734222949682024,0.6913687166290197,0.6401214330991623,0.5734222949682024,0.5734222949682024,0.5358046348993981,0.5734222949682024,0.5458536414803865
31,68,0.5053237314338926,0.5466397211352467,0.5053237314338926,0.6400654137432606,0.5125632225331189,0.5053237314338926,0.5053237314338926,0.4688880830430396,0.5053237314338926,0.5056828318165021
31,69,0.40918861149579566,0.5367280131403939,0.40918861149579566,0.6435772174355792,0.5670314547688392,0.40918861149579566,0.4091886114957956,0.45456241884819815,0.40918861149579566,0.361156183106642
31,70,0.3957570165731173,0.5633977228434706,0.3957570165731173,0.6458778193743053,0.5702458716040639,0.3957570165731173,0.3957570165731173,0.46496800742438943,0.3957570165731173,0.32807974413462615
31,71,0.5036747736783411,0.47346078943652403,0.5036747736783411,0.626901378110692,0.5284499690771935,0.5036747736783411,0.5036747736783411,0.4480795659336004,0.5036747736783411,0.489531046337125
31,72,0.44113704023744993,0.4894772188808752,0.44113704023744993,0.6212446427346838,0.5748278106845134,0.44113704023744993,0.44113704023744993,0.45000691116014907,0.44113704023744993,0.4069540216504445
31,73,0.4684363280679744,0.5763429818580106,0.4684363280679744,0.6693935118612202,0.6050494019171898,0.4684363280679744,0.4684363280679744,0.4944997463618837,0.4684363280679744,0.43483649787279494
31,74,0.45393953152501504,0.5749375027990146,0.45393953152501504,0.6380776538009159,0.5453675810453011,0.45393953152501504,0.45393953152501504,0.4824995332233112,0.45393953152501504,0.4580612702797088
31,75,0.5010264053473623,0.49938881696341675,0.5010264053473623,0.630720839538103,0.5385458401521583,0.5010264053473623,0.5010264053473623,0.40917786283356494,0.5010264053473623,0.47045469048288496
31,76,0.4992172445390877,0.5161349655628346,0.4992172445390877,0.6427029002116876,0.563330304273694,0.4992172445390877,0.4992172445390878,0.4784295186932747,0.4992172445390877,0.5154798371746621
31,77,0.596839074825512,0.667399404346755,0.596839074825512,0.7344777211146031,0.6368279728482567,0.596839074825512,0.596839074825512,0.5993664385222303,0.596839074825512,0.5761556708207324
31,78,0.49919401323793877,0.5891913226849046,0.49919401323793877,0.6239770359336912,0.5576584419385243,0.49919401323793877,0.49919401323793877,0.5131057586176145,0.49919401323793877,0.48587782821534364
31,79,0.413768430204297,0.49011376108110166,0.413768430204297,0.6120936065522642,0.6118005785712286,0.413768430204297,0.413768430204297,0.4558671692113312,0.413768430204297,0.3540146139219069
31,80,0.4979907247636285,0.49009252778834456,0.4979907247636285,0.61695283966441,0.3827551256217605,0.4979907247636285,0.4979907247636285,0.3358947864071153,0.4979907247636285,0.49341593143830415
31,81,0.4805454114788461,0.5835402840222961,0.4805454114788461,0.6543316960559461,0.5821246267311584,0.4805454114788461,0.4805454114788461,0.5183489381455203,0.4805454114788461,0.4649106248718476
31,82,0.5512810993943785,0.5499611550508013,0.5512810993943785,0.6316639752810779,0.496917370792478,0.5512810993943785,0.5512810993943786,0.44743853199935407,0.5512810993943785,0.5366771883896947
31,83,0.49570634445905126,0.5825681463704455,0.49570634445905126,0.656725239456993,0.45813923579726934,0.49570634445905126,0.49570634445905126,0.40769974605919196,0.49570634445905126,0.4729365783499771
31,84,0.5435931184425588,0.5963589743236684,0.5435931184425588,0.6665854936236696,0.6330725761167316,0.5435931184425588,0.5435931184425586,0.573247463893065,0.5435931184425588,0.5526302609142941
31,85,0.507720922936849,0.6000186208566646,0.507720922936849,0.6696273510698374,0.5646919588702339,0.507720922936849,0.5077209229368491,0.49641986113158876,0.507720922936849,0.49290493077039
31,86,0.5833510743036441,0.6381799059249837,0.5833510743036441,0.6748247116378918,0.5153256432734867,0.5833510743036441,0.5833510743036441,0.5055050737695754,0.5833510743036441,0.5847076749233346
31,87,0.4837086783684899,0.604788126960843,0.4837086783684899,0.6757860009226082,0.5302459198243826,0.4837086783684899,0.4837086783684899,0.4710625334065752,0.4837086783684899,0.4984390704695061
31,88,0.4649373224141262,0.5690893092631824,0.4649373224141262,0.634580556973752,0.522193899135121,0.4649373224141262,0.4649373224141261,0.4507079434289538,0.4649373224141262,0.4585417673105923
31,89,0.534339254868096,0.568407910508693,0.534339254868096,0.6546262439602502,0.5598160497673992,0.534339254868096,0.5343392548680959,0.5125742468320894,0.534339254868096,0.5472757571553518
31,90,0.5949864250214866,0.6663465094943598,0.5949864250214866,0.7272770073869359,0.6382062199296172,0.5949864250214866,0.5949864250214866,0.6041608931297631,0.5949864250214866,0.5964997089034427
31,91,0.4522088925146239,0.5704661512640146,0.4522088925146239,0.6416576092625547,0.5939961920697348,0.4522088925146239,0.4522088925146238,0.49421014749857384,0.4522088925146239,0.4012102338536415
31,92,0.4860412868542523,0.6065570829512547,0.4860412868542523,0.6896818199903758,0.6459579257714039,0.4860412868542523,0.48604128685425224,0.5555512156129179,0.4860412868542523,0.4705869343136121
31,93,0.429047099418725,0.5035509296955456,0.429047099418725,0.6470070872131671,0.6121874980086865,0.429047099418725,0.429047099418725,0.4638738888382262,0.429047099418725,0.3771843381697452
31,94,0.38214551845434164,0.4888190986505938,0.38214551845434164,0.5964178832631706,0.5288975901134668,0.38214551845434164,0.3821455184543416,0.41148776368758405,0.38214551845434164,0.3064587220769828
31,95,0.48602614004590317,0.524741390597652,0.48602614004590317,0.6270686742092358,0.6378664851416739,0.48602614004590317,0.48602614004590317,0.5099385751804381,0.48602614004590317,0.4342115991253874
31,96,0.5577868858933314,0.5852779746277703,0.5577868858933314,0.6627607927184274,0.5694302469642571,0.5577868858933314,0.5577868858933314,0.48197406612379784,0.5577868858933314,0.5396016617585829
31,97,0.5350989184156661,0.5940189986160698,0.5350989184156661,0.6709735464896933,0.5689457470698489,0.5350989184156661,0.5350989184156661,0.5110061313508361,0.5350989184156661,0.5339135496363376
31,98,0.5198680127564004,0.6084785797296743,0.5198680127564004,0.6782454319029496,0.6172412434309583,0.5198680127564004,0.5198680127564004,0.5545476663354187,0.5198680127564004,0.5127189055796955
31,99,0.5409836857723056,0.5375237039372076,0.5409836857723056,0.6502076225248821,0.5441159169590617,0.5409836857723056,0.5409836857723056,0.47747106482856116,0.5409836857723056,0.5476849336274109
32,0,0.5172977945224867,0.5731274039470569,0.5172977945224867,0.6170007230305965,0.45130322316876703,0.5172977945224867,0.5172977945224866,0.44227891264469477,0.5172977945224867,0.5309425995434653
32,1,0.534913904333316,0.5487371501236799,0.534913904333316,0.6466907977687273,0.6031448770964243,0.534913904333316,0.534913904333316,0.5069709551926384,0.534913904333316,0.5277850288132935
32,2,0.43546785935547266,0.5414744558561952,0.43546785935547266,0.6389596818410728,0.5865429669998544,0.43546785935547266,0.4354678593554726,0.46738166495036093,0.43546785935547266,0.4005833590792215
32,3,0.5792824371456239,0.6071796391073356,0.5792824371456239,0.6622499079203025,0.6139352153401262,0.5792824371456239,0.579282437145624,0.5581109276290379,0.5792824371456239,0.5661664160206925
32,4,0.4838047630300419,0.5913456756805088,0.4838047630300419,0.685670103599308,0.5410961203539814,0.4838047630300419,0.4838047630300419,0.46207221976985163,0.4838047630300419,0.4970408919237398
32,5,0.4540559668063735,0.547666437499688,0.4540559668063735,0.6243317329371286,0.6201263742676854,0.4540559668063735,0.4540559668063735,0.5168778627737142,0.4540559668063735,0.4142497721112036
32,6,0.37624820619508176,0.47238507524972473,0.37624820619508176,0.5957410924633157,0.4931500273497473,0.37624820619508176,0.3762482061950818,0.40038929053576355,0.37624820619508176,0.37112609074567227
32,7,0.47389001540049414,0.5641228523268947,0.47389001540049414,0.6589561080340578,0.6230992371261683,0.47389001540049414,0.47389001540049414,0.5262002709160496,0.47389001540049414,0.4521471430693811
32,8,0.5163142741570452,0.5782364603918115,0.5163142741570452,0.6542004329806291,0.5611502011880463,0.5163142741570452,0.5163142741570452,0.496781683890158,0.5163142741570452,0.5242618085890326
32,9,0.5557639041892819,0.6548864788156896,0.5557639041892819,0.6663120380861401,0.5157791358754077,0.5557639041892819,0.5557639041892819,0.5062149099477452,0.5557639041892819,0.5627630553221651
32,10,0.5160193295576584,0.6548780759978694,0.5160193295576584,0.6677881433067848,0.4706837046380487,0.5160193295576584,0.5160193295576584,0.4648064492912428,0.5160193295576584,0.5335140390553039
32,11,0.48618848037833196,0.5106116354410621,0.48618848037833196,0.6303342046398841,0.6020030843820416,0.48618848037833196,0.48618848037833196,0.48902503430263206,0.48618848037833196,0.47615401313402905
32,12,0.4625123462749956,0.5343634038562638,0.4625123462749956,0.6275582874837244,0.5736092439632852,0.4625123462749956,0.4625123462749956,0.4985069211164844,0.4625123462749956,0.46946841492392066
32,13,0.47299430935339576,0.5728045928067897,0.47299430935339576,0.6511454981556202,0.5757205624084962,0.47299430935339576,0.4729943093533957,0.471151898120847,0.47299430935339576,0.4624997954061311
32,14,0.421034344876843,0.5581684263892287,0.421034344876843,0.6499361214005043,0.51511305537045,0.421034344876843,0.421034344876843,0.4209258078566802,0.421034344876843,0.37789828022079297
32,15,0.49638126022003015,0.6250723316252711,0.49638126022003015,0.6659449168585286,0.5525053830217421,0.49638126022003015,0.49638126022003015,0.5053579120563628,0.49638126022003015,0.49316666449507174
32,16,0.5298022746789132,0.509811733437749,0.5298022746789132,0.6104617803645147,0.44761131549331606,0.5298022746789132,0.5298022746789133,0.4312929581238891,0.5298022746789132,0.5431160388163735
32,17,0.45927455337126605,0.5702449446694109,0.45927455337126605,0.6370118271500709,0.6061285603185651,0.45927455337126605,0.45927455337126605,0.5172218837158122,0.45927455337126605,0.4230850582866404
32,18,0.5232088597120267,0.5020700622552315,0.5232088597120267,0.5876240073189426,0.4625500467059116,0.5232088597120267,0.5232088597120266,0.39771977822642784,0.5232088597120267,0.5110789243626822
32,19,0.5703126459216104,0.5978334188930446,0.5703126459216104,0.6808473769157307,0.6244514768114287,0.5703126459216104,0.5703126459216104,0.5543155238571325,0.5703126459216104,0.5475795458730472
32,20,0.5797634180046115,0.5321374805297006,0.5797634180046115,0.6301062808994958,0.5599367092498628,0.5797634180046115,0.5797634180046115,0.5052358781497052,0.5797634180046115,0.5743931139383124
32,21,0.5284448232901786,0.48285876938161365,0.5284448232901786,0.5947094042192064,0.4357374560426136,0.5284448232901786,0.5284448232901786,0.39089191580461696,0.5284448232901786,0.5217657928352599
32,22,0.4909797968524932,0.5842075384403013,0.4909797968524932,0.6750919826174224,0.5892853682649872,0.4909797968524932,0.49097979685249327,0.49763425126156813,0.4909797968524932,0.48176520927473543
32,23,0.5088700360168801,0.5313750870634117,0.5088700360168801,0.6275521425510204,0.546834619269503,0.5088700360168801,0.5088700360168801,0.46157617073604656,0.5088700360168801,0.46939278632931986
32,24,0.4668445193132493,0.5557991898380648,0.4668445193132493,0.6535503224481614,0.6096159986586491,0.4668445193132493,0.46684451931324933,0.4878614113877331,0.4668445193132493,0.4331321887216143
32,25,0.4486061823324468,0.5028449717477801,0.4486061823324468,0.6293517835103584,0.625417500715897,0.4486061823324468,0.44860618233244676,0.4738810955080648,0.4486061823324468,0.3896804285300667
32,26,0.5138197899648771,0.50242946045158,0.5138197899648771,0.6038368791793752,0.5222181021904244,0.5138197899648771,0.5138197899648771,0.4460555412768822,0.5138197899648771,0.5173203672852164
32,27,0.5111992991952771,0.5377277133226177,0.5111992991952771,0.6361334054791246,0.5406391304972074,0.5111992991952771,0.511199299195277,0.47628807885475943,0.5111992991952771,0.5025102248978093
32,28,0.4207259261227897,0.5048818440444003,0.4207259261227897,0.6159939432586881,0.5882982882049985,0.4207259261227897,0.4207259261227897,0.44798647671774394,0.4207259261227897,0.3641209478399884
32,29,0.41159946300382766,0.5236676596974279,0.41159946300382766,0.638568724664569,0.5595972256854103,0.41159946300382766,0.4115994630038277,0.4038073918109757,0.41159946300382766,0.36101085282675693
32,30,0.6027702118592447,0.6141850436471059,0.6027702118592447,0.6933184943936385,0.6316672941031952,0.6027702118592447,0.6027702118592447,0.5772985647478284,0.6027702118592447,0.6049697468060907
32,31,0.5404486224442433,0.5719848068010317,0.5404486224442433,0.6784183894274309,0.627420468438004,0.5404486224442433,0.5404486224442433,0.5422739270898427,0.5404486224442433,0.5484004052810512
32,32,0.5479897815728019,0.6468611189469522,0.5479897815728019,0.7025679144774273,0.538982979251012,0.5479897815728019,0.5479897815728019,0.4943197093308419,0.5479897815728019,0.5345474537125696
32,33,0.45015385161498894,0.581376184965391,0.45015385161498894,0.6512346862403867,0.5480781576315535,0.45015385161498894,0.4501538516149889,0.48234806775205186,0.45015385161498894,0.43595946121225243
32,34,0.451240426032327,0.5889155263991197,0.451240426032327,0.6337498014432855,0.568799551675195,0.451240426032327,0.451240426032327,0.489246219671027,0.451240426032327,0.41045530579571754
32,35,0.5288399412601197,0.436491036535375,0.5288399412601197,0.5994783454202316,0.45308105196915416,0.5288399412601197,0.5288399412601197,0.37436348533918173,0.5288399412601197,0.5280062810795046
32,36,0.5732493611624497,0.6348477021325386,0.5732493611624497,0.6933266315813429,0.6017315593063062,0.5732493611624497,0.5732493611624496,0.5424902688804301,0.5732493611624497,0.5459043758863342
32,37,0.5035977386837313,0.5526804649267221,0.5035977386837313,0.6438399622698976,0.49063554377302204,0.5035977386837313,0.5035977386837311,0.3902598015211389,0.5035977386837313,0.5024887195558572
32,38,0.4994289281551568,0.514834848129625,0.4994289281551568,0.6194505857075957,0.4775749315296451,0.4994289281551568,0.4994289281551568,0.4159377454063644,0.4994289281551568,0.5127067415039178
32,39,0.5238012578913245,0.5844622420699357,0.5238012578913245,0.6988801860455869,0.5964222591109971,0.5238012578913245,0.5238012578913245,0.4975682457125704,0.5238012578913245,0.5117876515274491
32,40,0.6113637489298501,0.6075329058360837,0.6113637489298501,0.695583993854705,0.6327863916345609,0.6113637489298501,0.6113637489298501,0.5554384136494865,0.6113637489298501,0.605234031811073
32,41,0.48582439942672584,0.6052687220988009,0.48582439942672584,0.6647522707635972,0.5235567473542558,0.48582439942672584,0.48582439942672584,0.48174234419362905,0.48582439942672584,0.48384062928868815
32,42,0.43818081070364545,0.5388933105408409,0.43818081070364545,0.6692143056676892,0.6056814269978527,0.43818081070364545,0.43818081070364545,0.46785160249870944,0.43818081070364545,0.4058165976849676
32,43,0.5258735828790143,0.558426000208424,0.5258735828790143,0.670919589166973,0.6297585779169241,0.5258735828790143,0.5258735828790142,0.5252421025082865,0.5258735828790143,0.5224090325115345
32,44,0.5095032283609955,0.5010055104203015,0.5095032283609955,0.6122576197096322,0.39637560555160867,0.5095032283609955,0.5095032283609955,0.36259161986200317,0.5095032283609955,0.5106811838885296
32,45,0.5134670458882316,0.5514075164311396,0.5134670458882316,0.6389834421325764,0.5253877298710177,0.5134670458882316,0.5134670458882317,0.4236398944857477,0.5134670458882316,0.4945210851906565
32,46,0.5701552306250252,0.6115110311565695,0.5701552306250252,0.6925643322289752,0.5844901969383909,0.5701552306250252,0.570155230625025,0.5306742592354222,0.5701552306250252,0.5669419818762667
32,47,0.45324036228563663,0.5540756071241093,0.45324036228563663,0.6559181915465535,0.6148298555489391,0.45324036228563663,0.45324036228563663,0.5022762058846865,0.45324036228563663,0.441284298272842
32,48,0.45018869856671234,0.5712399507008352,0.45018869856671234,0.6633016652799246,0.6072893656092392,0.45018869856671234,0.4501886985667124,0.509797048982148,0.45018869856671234,0.4254136560079006
32,49,0.5322995466272193,0.6183657761466878,0.5322995466272193,0.7041645167296189,0.6622639385897119,0.5322995466272193,0.5322995466272193,0.5877542994619862,0.5322995466272193,0.5446747698203225
32,50,0.5226574415479555,0.595408321937039,0.5226574415479555,0.6524947062536364,0.546460589520506,0.5226574415479555,0.5226574415479555,0.5050501844334622,0.5226574415479555,0.5397979935082244
32,51,0.5862054578132117,0.5790577299899046,0.5862054578132117,0.6913317019028338,0.6724385663321556,0.5862054578132117,0.5862054578132117,0.569322224269267,0.5862054578132117,0.5583701639155955
32,52,0.44021243445172226,0.6010720094193351,0.44021243445172226,0.6821922507600617,0.6292970727125473,0.44021243445172226,0.4402124344517222,0.5303852598257016,0.44021243445172226,0.41205908862266505
32,53,0.47934667633956096,0.531217528348671,0.47934667633956096,0.6317313976013263,0.5984891753222742,0.47934667633956096,0.479346676339561,0.4908096557973929,0.47934667633956096,0.4299623663289893
32,54,0.4008370516579576,0.47822259216704577,0.4008370516579576,0.632997335793551,0.5823526873954324,0.4008370516579576,0.4008370516579576,0.4275563723696354,0.4008370516579576,0.34818766747087204
32,55,0.4378242566936116,0.6094336839428396,0.4378242566936116,0.6709869266944504,0.5761394725804967,0.4378242566936116,0.4378242566936116,0.5146767662424557,0.4378242566936116,0.415079924888396
32,56,0.43214243798380925,0.515755764238205,0.43214243798380925,0.643301548661124,0.5539691206468964,0.43214243798380925,0.43214243798380925,0.4171755924501651,0.43214243798380925,0.38645822924259904
32,57,0.5405034483149548,0.5882958138834877,0.5405034483149548,0.6804489513088103,0.5602939137836898,0.5405034483149548,0.5405034483149547,0.4907201175604003,0.5405034483149548,0.5113493500390219
32,58,0.4936170141589205,0.5824779791198544,0.4936170141589205,0.6473228034592481,0.5188901641673644,0.4936170141589205,0.49361701415892045,0.45618734404122036,0.4936170141589205,0.48433955491144165
32,59,0.4457812561127361,0.5488877539222204,0.4457812561127361,0.6675089025153813,0.5919203742258812,0.4457812561127361,0.44578125611273617,0.4702287440605296,0.4457812561127361,0.39892504932695816
32,60,0.4997967261149468,0.5971728056630168,0.4997967261149468,0.6879666822581727,0.637248811122821,0.4997967261149468,0.49979672611494674,0.5716616860828383,0.4997967261149468,0.51139238002829
32,61,0.5310274935015081,0.5960714828426443,0.5310274935015081,0.6564223232509001,0.5674947164417734,0.5310274935015081,0.5310274935015081,0.5366695849208707,0.5310274935015081,0.5432331082914802
32,62,0.4526388574362884,0.5627963911801136,0.4526388574362884,0.641710941551539,0.6030618207474041,0.4526388574362884,0.4526388574362884,0.5004454111306491,0.4526388574362884,0.43610486178148394
32,63,0.5009930451989124,0.5534785324391456,0.5009930451989124,0.6569875382397097,0.5647919426266195,0.5009930451989124,0.5009930451989125,0.452992980849572,0.5009930451989124,0.4731313519044004
32,64,0.48122376547239504,0.5281368262711648,0.48122376547239504,0.629905522935472,0.4990014573819756,0.48122376547239504,0.4812237654723951,0.434669845961918,0.48122376547239504,0.4814719272948472
32,65,0.49577650298852105,0.581492691592343,0.49577650298852105,0.6507192482725614,0.5982562063612948,0.49577650298852105,0.49577650298852105,0.5170798019093756,0.49577650298852105,0.49815768240348735
32,66,0.5274565637393028,0.5082414308617085,0.5274565637393028,0.6364857158205725,0.5592380000570356,0.5274565637393028,0.5274565637393027,0.470174269241391,0.5274565637393028,0.518839026728185
32,67,0.5608720026859101,0.554985914197186,0.5608720026859101,0.6830049977416137,0.6287564639516623,0.5608720026859101,0.5608720026859102,0.5077661663278972,0.5608720026859101,0.530087929792769
32,68,0.5054647918944689,0.5381686548333546,0.5054647918944689,0.6372318955155143,0.518758823021752,0.5054647918944689,0.5054647918944689,0.47241184947092085,0.5054647918944689,0.5082650302918464
32,69,0.4058802883617779,0.5484967204643686,0.4058802883617779,0.6491533308969385,0.5696234355940376,0.4058802883617779,0.40588028836177786,0.46207857339139863,0.4058802883617779,0.3555175774116246
32,70,0.4014107718711317,0.5718332100738305,0.4014107718711317,0.6401561828641927,0.583554311169082,0.4014107718711317,0.4014107718711317,0.47873507869651444,0.4014107718711317,0.33098875270037786
32,71,0.49385573900952695,0.5260370719749005,0.49385573900952695,0.6501482303414594,0.5275334709239659,0.49385573900952695,0.493855739009527,0.44025103930936216,0.49385573900952695,0.4829055221914297
32,72,0.4542766641672884,0.49473535593280565,0.4542766641672884,0.622889337708348,0.5781825479604927,0.4542766641672884,0.4542766641672884,0.4627362027921904,0.4542766641672884,0.4247826419895625
32,73,0.45499506892401814,0.5728367639189139,0.45499506892401814,0.6676793125600562,0.6060241335577916,0.45499506892401814,0.4549950689240181,0.49183253980675945,0.45499506892401814,0.4179130782649172
32,74,0.510648066881615,0.6233110737327767,0.510648066881615,0.6684233807352818,0.6178492332614195,0.510648066881615,0.510648066881615,0.5621660069184804,0.510648066881615,0.5184950935668152
32,75,0.5174482404287272,0.5048163915030205,0.5174482404287272,0.6475221583517063,0.5535344027319623,0.5174482404287272,0.5174482404287272,0.41776186493208245,0.5174482404287272,0.48738521767098497
32,76,0.49314021493413973,0.5068962800345065,0.49314021493413973,0.6403787464363713,0.5589938047989736,0.49314021493413973,0.49314021493413973,0.47359085014089924,0.49314021493413973,0.5134957496308301
32,77,0.583052505621278,0.6559770995490544,0.583052505621278,0.7094804560679309,0.6200506011048047,0.583052505621278,0.5830525056212779,0.586607106342709,0.583052505621278,0.562394938864754
32,78,0.4680750348725062,0.5828387169038264,0.4680750348725062,0.6181604132937211,0.5040383361257433,0.4680750348725062,0.4680750348725061,0.4714562346261748,0.4680750348725062,0.46011419006547954
32,79,0.41021720058546596,0.4919985050305826,0.41021720058546596,0.6157093264633452,0.6087380344088211,0.41021720058546596,0.41021720058546596,0.4534557924564011,0.41021720058546596,0.34717573686423986
32,80,0.5121440697504019,0.47794769301701967,0.5121440697504019,0.6080783939427303,0.38456074400151385,0.5121440697504019,0.5121440697504019,0.3401449057288979,0.5121440697504019,0.50363311902424
32,81,0.4599036570063792,0.5813250007324904,0.4599036570063792,0.6498059231282326,0.5603701128026009,0.4599036570063792,0.45990365700637925,0.4956956404818468,0.4599036570063792,0.4406674360164389
32,82,0.5099585618635146,0.5404424846899243,0.5099585618635146,0.6282359438110052,0.4756714709849955,0.5099585618635146,0.5099585618635146,0.4197951578234316,0.5099585618635146,0.5020789029828092
32,83,0.48261448408437496,0.540411575782139,0.48261448408437496,0.6342552923688656,0.43250971524222603,0.48261448408437496,0.48261448408437496,0.36217728385412506,0.48261448408437496,0.45077856210615963
32,84,0.5395073830468929,0.6152209982100203,0.5395073830468929,0.6755546476379685,0.6229349486043487,0.5395073830468929,0.5395073830468928,0.5768756540521655,0.5395073830468929,0.5579550264114723
32,85,0.507874249524432,0.6004794998242491,0.507874249524432,0.682340835212518,0.5727871658308471,0.507874249524432,0.507874249524432,0.5112164779947916,0.507874249524432,0.49338024839081784
32,86,0.5954751186724556,0.6399055051895809,0.5954751186724556,0.6803667444487402,0.5153168378274342,0.5954751186724556,0.5954751186724556,0.5108381489869548,0.5954751186724556,0.5983018318654523
32,87,0.5097996597636559,0.6208717560518355,0.5097996597636559,0.6870093451921631,0.5680770441792619,0.5097996597636559,0.5097996597636559,0.510096443812996,0.5097996597636559,0.5239090624254953
32,88,0.464290748840549,0.5710424920392978,0.464290748840549,0.627401638481365,0.5357942699370192,0.464290748840549,0.464290748840549,0.4658091878605202,0.464290748840549,0.4532959666219197
32,89,0.5360695221776687,0.5764039353470028,0.5360695221776687,0.658704224140448,0.5539575410889785,0.5360695221776687,0.5360695221776687,0.5055054185829373,0.5360695221776687,0.5476785155961315
32,90,0.569555770130178,0.6594979579221806,0.569555770130178,0.7176661185264551,0.6089457798348651,0.569555770130178,0.569555770130178,0.5753903876041575,0.569555770130178,0.5727014905640249
32,91,0.4636620169062542,0.5843375642743411,0.4636620169062542,0.657365518635596,0.6189280121995904,0.4636620169062542,0.46366201690625414,0.5154947893370917,0.4636620169062542,0.41666181447159967
32,92,0.4727811389340531,0.6008004399668032,0.4727811389340531,0.690796385339749,0.6441554960250506,0.4727811389340531,0.4727811389340531,0.5460753163977747,0.4727811389340531,0.4515041742451233
32,93,0.43030744396865706,0.5123958569647791,0.43030744396865706,0.6517647496642112,0.6197048508309418,0.43030744396865706,0.43030744396865706,0.46936266590387266,0.43030744396865706,0.3743515882679527
32,94,0.39035871266253663,0.5012832158491405,0.39035871266253663,0.5959287950615899,0.5495156535160086,0.39035871266253663,0.39035871266253663,0.4280908175905821,0.39035871266253663,0.31207027075306815
32,95,0.5145705326928061,0.5200839583088641,0.5145705326928061,0.6291562700129765,0.6427946489969827,0.5145705326928061,0.5145705326928061,0.5178834437428458,0.5145705326928061,0.46887853811217206
32,96,0.5608514662156945,0.5971210284853335,0.5608514662156945,0.6675657296589557,0.5570558421304166,0.5608514662156945,0.5608514662156945,0.4803992345719755,0.5608514662156945,0.5473030445502468
32,97,0.5210253032544359,0.588092566993767,0.5210253032544359,0.6565261562078086,0.5565423144759958,0.5210253032544359,0.5210253032544359,0.5009139644504129,0.5210253032544359,0.5201982611322131
32,98,0.5163191062676843,0.6015005078466003,0.5163191062676843,0.6750676228644846,0.6052285827787146,0.5163191062676843,0.5163191062676842,0.5455568256416029,0.5163191062676843,0.5085495954183858
32,99,0.5525246244822788,0.5436418534524485,0.5525246244822788,0.6547151432134856,0.5462130688035572,0.5525246244822788,0.5525246244822788,0.4836478664229718,0.5525246244822788,0.5592842065435886
33,0,0.5028928080816679,0.5674274832661443,0.5028928080816679,0.6142165050933219,0.4427429777689057,0.5028928080816679,0.5028928080816679,0.4303768192371187,0.5028928080816679,0.5173857805637458
33,1,0.5107091187410344,0.5378682356276425,0.5107091187410344,0.641455262605141,0.5758309289403231,0.5107091187410344,0.5107091187410344,0.4773107697681564,0.5107091187410344,0.49727920977591483
33,2,0.4283145700308967,0.5235752008293797,0.4283145700308967,0.6279358848957289,0.5764802923515804,0.4283145700308967,0.4283145700308967,0.4449452298519743,0.4283145700308967,0.3897525076025865
33,3,0.5716418480481479,0.5879328894512112,0.5716418480481479,0.6451590966957972,0.6086511039332883,0.5716418480481479,0.5716418480481479,0.5490973697713011,0.5716418480481479,0.5587974982525282
33,4,0.4202653888088132,0.5452963190131397,0.4202653888088132,0.6584784709309754,0.44251888455559374,0.4202653888088132,0.42026538880881326,0.3571354219735503,0.4202653888088132,0.4324306970855304
33,5,0.4575732787255271,0.5689301853157595,0.4575732787255271,0.6284657821818291,0.6278835175680088,0.4575732787255271,0.4575732787255271,0.535249213336512,0.4575732787255271,0.4228925290864187
33,6,0.4311606831972552,0.5126046704901247,0.4311606831972552,0.6232536365678054,0.5779622549489354,0.4311606831972552,0.4311606831972552,0.4672696963198541,0.4311606831972552,0.42093741447447375
33,7,0.4605290436333086,0.5580282844058766,0.4605290436333086,0.6468537274733372,0.6105891354488154,0.4605290436333086,0.4605290436333086,0.5099950060056633,0.4605290436333086,0.43358614210467056
33,8,0.49068736123363044,0.5565745591484733,0.49068736123363044,0.6370244457361837,0.5234909736571332,0.49068736123363044,0.4906873612336304,0.44657605202734785,0.49068736123363044,0.4929029764284367
33,9,0.5602984683231451,0.6235337329820574,0.5602984683231451,0.6557274418988828,0.5077187278842248,0.5602984683231451,0.5602984683231451,0.4896209316220227,0.5602984683231451,0.5631637150648716
33,10,0.5098248424941013,0.6102993870671575,0.5098248424941013,0.6321079122725624,0.44644779847927085,0.5098248424941013,0.5098248424941013,0.4353517378781044,0.5098248424941013,0.5209777018012338
33,11,0.4943625530753922,0.5116473507534215,0.4943625530753922,0.6382858136886188,0.6308402148760237,0.4943625530753922,0.4943625530753922,0.5040468737574759,0.4943625530753922,0.4697352423616044
33,12,0.5140918749639334,0.5835343647011415,0.5140918749639334,0.6626231814187555,0.635811085401049,0.5140918749639334,0.5140918749639334,0.5696346345588117,0.5140918749639334,0.5220076433761786
33,13,0.4487457559897496,0.5829471946666707,0.4487457559897496,0.6605944133091821,0.5601427689575914,0.4487457559897496,0.44874575598974964,0.4556260422114312,0.4487457559897496,0.4302877740785575
33,14,0.42153047254417964,0.568798156924101,0.42153047254417964,0.6574731128907934,0.5221466938985425,0.42153047254417964,0.42153047254417964,0.4302029066502254,0.42153047254417964,0.3799377080948677
33,15,0.5463015164557063,0.6571075368255054,0.5463015164557063,0.6845915848215464,0.630166523594113,0.5463015164557063,0.5463015164557063,0.5858704536888559,0.5463015164557063,0.5400332184522758
33,16,0.5206248885478327,0.5180881307962695,0.5206248885478327,0.6151848683711547,0.44976203637401474,0.5206248885478327,0.5206248885478328,0.42974775280225697,0.5206248885478327,0.5379475615918762
33,17,0.4659048596443771,0.5693305487616581,0.4659048596443771,0.6413035305582848,0.6268120368224956,0.4659048596443771,0.4659048596443771,0.5267949205219957,0.4659048596443771,0.42525409987891083
33,18,0.5173281810643895,0.49678212416196266,0.5173281810643895,0.5856408646298222,0.4499557391615979,0.5173281810643895,0.5173281810643894,0.3768535061336887,0.5173281810643895,0.5043067264214015
33,19,0.5638062089462254,0.5814022002471884,0.5638062089462254,0.6779162343103372,0.6141394017496203,0.5638062089462254,0.5638062089462254,0.5392422628065732,0.5638062089462254,0.5429072455224716
33,20,0.5817325030899954,0.533916267344513,0.5817325030899954,0.632009057246948,0.5676556673083295,0.5817325030899954,0.5817325030899954,0.5120362574484171,0.5817325030899954,0.5812891768594418
33,21,0.5243152271979437,0.4838481544337029,0.5243152271979437,0.5966464325819729,0.4297135126523249,0.5243152271979437,0.5243152271979435,0.39078343956985717,0.5243152271979437,0.519571884173865
33,22,0.4760059223091393,0.5698594277098628,0.4760059223091393,0.6648833502547302,0.5735142818601442,0.4760059223091393,0.47600592230913924,0.47609892519124275,0.4760059223091393,0.46256452693147837
33,23,0.48630389348243985,0.5216539226015653,0.48630389348243985,0.6241247481502703,0.5290567434100062,0.48630389348243985,0.4863038934824399,0.43095086390062465,0.48630389348243985,0.44269919673597535
33,24,0.47467281732400873,0.5659253514008905,0.47467281732400873,0.6493514969627102,0.6053152656043606,0.47467281732400873,0.4746728173240087,0.4968113355728074,0.47467281732400873,0.4458697404028957
33,25,0.4576583982129368,0.510273984254167,0.4576583982129368,0.631345031738186,0.6324370669973094,0.4576583982129368,0.45765839821293675,0.4872926756525534,0.4576583982129368,0.4024186504047014
33,26,0.5290882374067996,0.5170339411990639,0.5290882374067996,0.6121812209218805,0.5339606336562459,0.5290882374067996,0.5290882374067996,0.4656287177640976,0.5290882374067996,0.5331344242423814
33,27,0.5032011339105166,0.5322540128853614,0.5032011339105166,0.6298127692060362,0.5326906150878818,0.5032011339105166,0.5032011339105165,0.46514911529695424,0.5032011339105166,0.4879333065592762
33,28,0.42452127025409375,0.5247654522975842,0.42452127025409375,0.6338072372449411,0.5950253002618566,0.42452127025409375,0.4245212702540938,0.46230056796476315,0.42452127025409375,0.3697957384414702
33,29,0.4076799707991837,0.505074092799429,0.4076799707991837,0.6329329202108503,0.5555414362315412,0.4076799707991837,0.4076799707991837,0.3865637841678318,0.4076799707991837,0.3508390377254277
33,30,0.5489778552732684,0.5736210002297419,0.5489778552732684,0.6666679780541485,0.606336791504777,0.5489778552732684,0.5489778552732685,0.5394530764819523,0.5489778552732684,0.5593496151385982
33,31,0.5336661976112089,0.558684413848629,0.5336661976112089,0.6703613817519345,0.616186564687054,0.5336661976112089,0.5336661976112089,0.5257726627491701,0.5336661976112089,0.5407816403023417
33,32,0.5511748858855257,0.6492272901309977,0.5511748858855257,0.7065927917208132,0.5508117302726812,0.5511748858855257,0.5511748858855257,0.5027423029466401,0.5511748858855257,0.5429646686541567
33,33,0.4332712933692384,0.5358206799628407,0.4332712933692384,0.6263113510018867,0.502836711969455,0.4332712933692384,0.4332712933692384,0.4215721957336933,0.4332712933692384,0.41195262231657254
33,34,0.4627564607874686,0.5932427834011487,0.4627564607874686,0.6315091220221883,0.5835771860810337,0.4627564607874686,0.4627564607874686,0.5062332877201295,0.4627564607874686,0.425727490205673
33,35,0.5230740252401582,0.4369866893989392,0.5230740252401582,0.6001057380409816,0.4416141075652559,0.5230740252401582,0.5230740252401581,0.36307188986430416,0.5230740252401582,0.5227565623251318
33,36,0.5702158178584216,0.6621232343239094,0.5702158178584216,0.7039241130477977,0.5937457733773123,0.5702158178584216,0.5702158178584216,0.5465733460092139,0.5702158178584216,0.5480370460577706
33,37,0.4864288778826212,0.5445866030931388,0.4864288778826212,0.6355002149144415,0.48763472569765176,0.4864288778826212,0.4864288778826212,0.3868342703945769,0.4864288778826212,0.48671772349146836
33,38,0.503913405603743,0.5275632756761982,0.503913405603743,0.6260268802711209,0.49154251311513936,0.503913405603743,0.503913405603743,0.42415070658035214,0.503913405603743,0.5131854220887816
33,39,0.524104565759125,0.584307769394534,0.524104565759125,0.6946849760251289,0.5903098034647437,0.524104565759125,0.524104565759125,0.49510814373900214,0.524104565759125,0.5124681342980539
33,40,0.6117203958650886,0.6032519991887659,0.6117203958650886,0.6877491891407496,0.6358211038539283,0.6117203958650886,0.6117203958650885,0.5588697007036437,0.6117203958650886,0.6066901977547476
33,41,0.5712304681674025,0.6656493292120989,0.5712304681674025,0.705881983359512,0.6390865747352994,0.5712304681674025,0.5712304681674025,0.5951786061472264,0.5712304681674025,0.5533862208511939
33,42,0.4353329319583996,0.5294698706860095,0.4353329319583996,0.6646371590043875,0.6029947772136902,0.4353329319583996,0.4353329319583996,0.46205942558067054,0.4353329319583996,0.4025521274803059
33,43,0.49575392216380426,0.5320545357139583,0.49575392216380426,0.6536282972455736,0.6024919768362607,0.49575392216380426,0.49575392216380426,0.4838159821423419,0.49575392216380426,0.48567060940512136
33,44,0.5013122432766989,0.5331111878080784,0.5013122432766989,0.6217311651418774,0.40283825437518483,0.5013122432766989,0.5013122432766988,0.3644689864133618,0.5013122432766989,0.5036514029074406
33,45,0.4907261110439468,0.5534259868385147,0.4907261110439468,0.6368075224525266,0.517801546120463,0.4907261110439468,0.49072611104394687,0.4202933535592672,0.4907261110439468,0.4715686376017355
33,46,0.5621359713188214,0.5973231416006942,0.5621359713188214,0.6884069791485568,0.5863187972940216,0.5621359713188214,0.5621359713188214,0.5264123233379703,0.5621359713188214,0.5626146967360119
33,47,0.45946848827325737,0.5552661921876627,0.45946848827325737,0.651636903337041,0.6162695319637771,0.45946848827325737,0.4594684882732573,0.5021772956623112,0.45946848827325737,0.44657822675236547
33,48,0.45663324735583655,0.5819012519274567,0.45663324735583655,0.6668223642329354,0.6147653906858775,0.45663324735583655,0.4566332473558365,0.5213868616460067,0.45663324735583655,0.43413976462148585
33,49,0.5236791541724857,0.611889218854655,0.5236791541724857,0.6994795695848055,0.6458031370814864,0.5236791541724857,0.5236791541724857,0.5756104325478186,0.5236791541724857,0.5373830715422498
33,50,0.5125829554917076,0.6025793212243568,0.5125829554917076,0.6560728125328086,0.5331839985829896,0.5125829554917076,0.5125829554917076,0.494607996660468,0.5125829554917076,0.5326453503345522
33,51,0.5778693235593364,0.5710455031923628,0.5778693235593364,0.6849691968609609,0.6626397842218752,0.5778693235593364,0.5778693235593364,0.5592837385297761,0.5778693235593364,0.5527453397719417
33,52,0.4326251844216842,0.6009332438319768,0.4326251844216842,0.675817544328202,0.6214352040523511,0.4326251844216842,0.43262518442168413,0.5261536472181624,0.4326251844216842,0.4031334247511049
33,53,0.49020396431932334,0.5277694251661085,0.49020396431932334,0.629748488547198,0.607481278090436,0.49020396431932334,0.49020396431932334,0.49482120697942633,0.49020396431932334,0.4402249641479805
33,54,0.4088550100112969,0.49415519342543934,0.4088550100112969,0.6443165559638802,0.5908703544553757,0.4088550100112969,0.4088550100112969,0.44378396422747785,0.4088550100112969,0.36168302499998317
33,55,0.46406800712513296,0.6177553326916563,0.46406800712513296,0.6710814034547816,0.6046121335185686,0.46406800712513296,0.4640680071251331,0.5421244421709094,0.46406800712513296,0.4505373830865097
33,56,0.45198103991295513,0.5478267064168136,0.45198103991295513,0.6682173859967173,0.5904720730350077,0.45198103991295513,0.45198103991295513,0.4641967602884036,0.45198103991295513,0.4087101024741977
33,57,0.5207865784038294,0.5750442666846458,0.5207865784038294,0.6742233009941434,0.5522633976015106,0.5207865784038294,0.5207865784038292,0.4806088136686882,0.5207865784038294,0.4921717962235147
33,58,0.5324368900796118,0.6104271350609847,0.5324368900796118,0.6687369719881937,0.5748133670145096,0.5324368900796118,0.5324368900796117,0.5181703557886439,0.5324368900796118,0.5217205134281216
33,59,0.4544919718663368,0.5399746140350823,0.4544919718663368,0.6587055654791236,0.6110422207733164,0.4544919718663368,0.45449197186633683,0.4828372612538818,0.4544919718663368,0.4079322764197803
33,60,0.47233686353088083,0.578059169530019,0.47233686353088083,0.6722496768423616,0.6108412307651364,0.47233686353088083,0.47233686353088083,0.5434518593375547,0.47233686353088083,0.47704731372587983
33,61,0.5284698201702148,0.5995903131076312,0.5284698201702148,0.6669005526480912,0.5594871635120832,0.5284698201702148,0.5284698201702148,0.535724250897585,0.5284698201702148,0.5482515757846537
33,62,0.46340229095940905,0.5790260299709395,0.46340229095940905,0.6537230417173248,0.6017043888617555,0.46340229095940905,0.4634022909594091,0.5082061728715737,0.46340229095940905,0.4539206978658245
33,63,0.4865719826976986,0.5352941832791736,0.4865719826976986,0.6422334713098793,0.5520256328396913,0.4865719826976986,0.4865719826976986,0.44084492350940596,0.4865719826976986,0.4598922573593113
33,64,0.5924172289648234,0.6225695343811362,0.5924172289648234,0.7003037202433775,0.6298318636439358,0.5924172289648234,0.5924172289648235,0.5757234542721092,0.5924172289648234,0.5842165945158999
33,65,0.5234057682205651,0.6025971839644535,0.5234057682205651,0.6670366936595544,0.6330622644737122,0.5234057682205651,0.5234057682205651,0.5543497916415936,0.5234057682205651,0.5295538267791129
33,66,0.5381457500239515,0.5009753811156283,0.5381457500239515,0.6318573373021998,0.576214852649299,0.5381457500239515,0.5381457500239515,0.4833786524928949,0.5381457500239515,0.5323070839889698
33,67,0.5407339028223522,0.5334161605155379,0.5407339028223522,0.6718916065134338,0.5995412019795376,0.5407339028223522,0.5407339028223522,0.4724181719309186,0.5407339028223522,0.5111382547367925
33,68,0.5152314167478911,0.5576647092167049,0.5152314167478911,0.644780430929736,0.5219449931336209,0.5152314167478911,0.515231416747891,0.47914616676842336,0.5152314167478911,0.5153915244730376
33,69,0.4142088027488762,0.5529967343904254,0.4142088027488762,0.6591604012885544,0.5798566974396236,0.4142088027488762,0.41420880274887617,0.4723976487597575,0.4142088027488762,0.3687763521929208
33,70,0.4032065514499445,0.5747884376895493,0.4032065514499445,0.6503062691122705,0.5852868607313191,0.4032065514499445,0.40320655144994444,0.47650998169981196,0.4032065514499445,0.33191143489324004
33,71,0.597502467861121,0.6693344659294508,0.597502467861121,0.7160780823731958,0.6531333819248377,0.597502467861121,0.5975024678611209,0.578004753645503,0.597502467861121,0.5751112746372701
33,72,0.4742363476380225,0.5021248852765904,0.4742363476380225,0.6283598418823273,0.601654680309621,0.4742363476380225,0.47423634763802247,0.48152712172130896,0.4742363476380225,0.4492936623116125
33,73,0.4645688739779041,0.5786332067273917,0.4645688739779041,0.671950175729188,0.6087876356531616,0.4645688739779041,0.4645688739779041,0.494953804348981,0.4645688739779041,0.43058273857090157
33,74,0.501815154483971,0.5974741041991104,0.501815154483971,0.6576853824741828,0.612689747949561,0.501815154483971,0.5018151544839711,0.5439240774535139,0.501815154483971,0.5069339345286106
33,75,0.5343110985311034,0.492752388688409,0.5343110985311034,0.6384627635730353,0.5687676074182627,0.5343110985311034,0.5343110985311035,0.43506075896899776,0.5343110985311034,0.5059645773737569
33,76,0.5796009847469782,0.6024975868562785,0.5796009847469782,0.6970935311979064,0.659656215540963,0.5796009847469782,0.5796009847469781,0.5814913959008972,0.5796009847469782,0.5935355291034121
33,77,0.5806893247432036,0.6421020774614856,0.5806893247432036,0.7000710615352681,0.6168243328488884,0.5806893247432036,0.5806893247432036,0.5806652341978918,0.5806893247432036,0.5631733729745799
33,78,0.5092603218761822,0.6100389445921899,0.5092603218761822,0.6314935797581787,0.5842616793847863,0.5092603218761822,0.5092603218761822,0.5393232638419467,0.5092603218761822,0.4982434956984859
33,79,0.41037508050807414,0.4971036576527092,0.41037508050807414,0.6209183331603569,0.6089187334325724,0.41037508050807414,0.4103750805080741,0.4545113209260452,0.41037508050807414,0.3500434905104982
33,80,0.5035869593599981,0.4995680966284009,0.5035869593599981,0.6232276674036619,0.38894511897487716,0.5035869593599981,0.5035869593599981,0.34401791908375484,0.5035869593599981,0.4991781220017091
33,81,0.4947139032739687,0.5953037522881217,0.4947139032739687,0.6583851769112268,0.5979880102860167,0.4947139032739687,0.4947139032739687,0.5346143708508371,0.4947139032739687,0.48196825966539913
33,82,0.5270385861690311,0.5455321535737806,0.5270385861690311,0.6277472031009252,0.4815285728610956,0.5270385861690311,0.5270385861690311,0.4304897950452256,0.5270385861690311,0.516981805234308
33,83,0.5904517679624188,0.6541265328686421,0.5904517679624188,0.7106774895165184,0.6231837207547644,0.5904517679624188,0.5904517679624188,0.5796401873681085,0.5904517679624188,0.5666742420411331
33,84,0.5036410418290728,0.5764823679346924,0.5036410418290728,0.6443125997498123,0.5759575034482584,0.5036410418290728,0.5036410418290729,0.5176474592268663,0.5036410418290728,0.5092360123435794
33,85,0.4910309986402255,0.5968071049414108,0.4910309986402255,0.6880715172086869,0.5507924999090226,0.4910309986402255,0.4910309986402255,0.48435615336083193,0.4910309986402255,0.47728158315616853
33,86,0.5885475446698428,0.6272789329324888,0.5885475446698428,0.6732186768989418,0.5246134305947145,0.5885475446698428,0.5885475446698427,0.5072679662784623,0.5885475446698428,0.5885621247694484
33,87,0.522638020180195,0.6428228921683941,0.522638020180195,0.6989600530690387,0.58192746062084,0.522638020180195,0.522638020180195,0.5367518672674065,0.522638020180195,0.5425558682995058
33,88,0.48391701667719356,0.564960156427844,0.48391701667719356,0.6287573507483392,0.542675526472565,0.48391701667719356,0.48391701667719356,0.4712981896081381,0.48391701667719356,0.47929871820311337
33,89,0.5318344559782175,0.5766416574024876,0.5318344559782175,0.6609031367119106,0.5576956376325356,0.5318344559782175,0.5318344559782175,0.5076255971221281,0.5318344559782175,0.5447656622398314
33,90,0.5509261251128228,0.6342445851985126,0.5509261251128228,0.7111826764042724,0.5915699259373821,0.5509261251128228,0.5509261251128228,0.5421045153973578,0.5509261251128228,0.5494285375839435
33,91,0.45657312474846307,0.5969721005529554,0.45657312474846307,0.6634071069887193,0.6087670083750107,0.45657312474846307,0.456573124748463,0.5130577707587664,0.45657312474846307,0.4116378259089751
33,92,0.4804803638356291,0.6065982540686905,0.4804803638356291,0.6918463586675853,0.6483995910331857,0.4804803638356291,0.4804803638356291,0.5512439206704302,0.4804803638356291,0.45835455160960814
33,93,0.4347125632925184,0.5079534166108646,0.4347125632925184,0.651070935018159,0.624662194484523,0.4347125632925184,0.4347125632925184,0.4726613252102922,0.4347125632925184,0.37913061495014094
33,94,0.385728156792326,0.4675917453502505,0.385728156792326,0.5694901871030456,0.5299932919741966,0.385728156792326,0.38572815679232597,0.40762680048427896,0.385728156792326,0.3105179804259398
33,95,0.49875856572920313,0.5221844873123325,0.49875856572920313,0.6273783302828446,0.6329757663063509,0.49875856572920313,0.4987585657292031,0.511205158623059,0.49875856572920313,0.4542927283649153
33,96,0.5472310472772776,0.5793896116015456,0.5472310472772776,0.6514986239855689,0.5265695752635358,0.5472310472772776,0.5472310472772776,0.447392472248884,0.5472310472772776,0.5313604849022673
33,97,0.5113392445533982,0.5755563335447205,0.5113392445533982,0.6504038454974032,0.5500966773881326,0.5113392445533982,0.5113392445533982,0.4863196273577947,0.5113392445533982,0.5098162901721233
33,98,0.4966511150141762,0.5956144922925573,0.4966511150141762,0.669099474271289,0.5921811717859242,0.4966511150141762,0.4966511150141762,0.5323461412033841,0.4966511150141762,0.48832793494284293
33,99,0.5472235203357053,0.5591342996485529,0.5472235203357053,0.6571241483109814,0.5330458657626439,0.5472235203357053,0.5472235203357053,0.4881187601630366,0.5472235203357053,0.55885338748906
34,0,0.5076161033060651,0.5689920252248856,0.5076161033060651,0.6236820812865784,0.4541988127877325,0.5076161033060651,0.5076161033060651,0.43557739599689327,0.5076161033060651,0.5228548073607118
34,1,0.49227238644842003,0.5357091430002299,0.49227238644842003,0.6329587593156931,0.5599029375049458,0.49227238644842003,0.4922723864484201,0.4653972852702727,0.49227238644842003,0.4795252165348744
34,2,0.4162871678748647,0.521770972799385,0.4162871678748647,0.6227623224663484,0.5661632067134855,0.4162871678748647,0.41628716787486464,0.4353866405266894,0.4162871678748647,0.37447458228908265
34,3,0.551346054112391,0.5834946520107704,0.551346054112391,0.6421365237576524,0.5840652371880415,0.551346054112391,0.551346054112391,0.5267846694432724,0.551346054112391,0.5378026723995009
34,4,0.4752681891098537,0.589417450004702,0.4752681891098537,0.6881882763220195,0.518744535738744,0.4752681891098537,0.4752681891098537,0.4432943229505732,0.4752681891098537,0.4924145207014537
34,5,0.4623749098973985,0.5545090325916017,0.4623749098973985,0.6247060507503985,0.6414425276404723,0.4623749098973985,0.4623749098973985,0.5357227083747705,0.4623749098973985,0.42076996228514807
34,6,0.4246553613243254,0.4926465238755701,0.4246553613243254,0.6115478731390974,0.551619598004868,0.4246553613243254,0.4246553613243254,0.44905042947058527,0.4246553613243254,0.422192081858085
34,7,0.4622278092985234,0.5706723998758452,0.4622278092985234,0.6539142518807146,0.6183623528340143,0.4622278092985234,0.4622278092985235,0.5227702594613708,0.4622278092985234,0.4346854821517149
34,8,0.5593116955755429,0.6104520774693618,0.5593116955755429,0.6675160729735892,0.6068169234783951,0.5593116955755429,0.5593116955755429,0.5539485643545947,0.5593116955755429,0.565038491987427
34,9,0.5671911953740346,0.6393319533621545,0.5671911953740346,0.6633780730888885,0.520780208968529,0.5671911953740346,0.5671911953740346,0.5027559432211868,0.5671911953740346,0.5721089713353672
34,10,0.5001090477275931,0.5984802104742311,0.5001090477275931,0.6209018848564487,0.4428228755062889,0.5001090477275931,0.5001090477275931,0.43691474167072986,0.5001090477275931,0.5139618891010898
34,11,0.5256422920447754,0.5317528370196003,0.5256422920447754,0.6518018131024708,0.6566172480931468,0.5256422920447754,0.5256422920447754,0.5351879775526842,0.5256422920447754,0.505395767877495
34,12,0.4713940444050524,0.5412615610047773,0.4713940444050524,0.6257637886622376,0.5824274409380455,0.4713940444050524,0.47139404440505245,0.5090372535086293,0.4713940444050524,0.4742938827517109
34,13,0.4587309409243809,0.5779718527543927,0.4587309409243809,0.6521797562480327,0.5740293641576062,0.4587309409243809,0.45873094092438094,0.46876886948010865,0.4587309409243809,0.44082793129970843
34,14,0.42737649009050266,0.5728463652395621,0.42737649009050266,0.6559400864694502,0.5247215324478325,0.42737649009050266,0.4273764900905026,0.43951353603670607,0.42737649009050266,0.3873527816527268
34,15,0.5319849948096627,0.6481187944876918,0.5319849948096627,0.6785778010596321,0.6012028656748912,0.5319849948096627,0.5319849948096628,0.5596565232374454,0.5319849948096627,0.5242211203360698
34,16,0.5238762485314333,0.5403865637584331,0.5238762485314333,0.6295503604778344,0.4498848204084204,0.5238762485314333,0.5238762485314333,0.42986718450011174,0.5238762485314333,0.5420089722614765
34,17,0.45609418824397663,0.5579057905058931,0.45609418824397663,0.6334226667653438,0.6230469016729665,0.45609418824397663,0.45609418824397663,0.5164041323356787,0.45609418824397663,0.40670690229711737
34,18,0.5234564124570698,0.49920515183138303,0.5234564124570698,0.5981488820780176,0.46868967202844714,0.5234564124570698,0.5234564124570698,0.39578168633163235,0.5234564124570698,0.5161795003759656
34,19,0.5456403536250076,0.5584507243279379,0.5456403536250076,0.6612437265392809,0.593927861268436,0.5456403536250076,0.5456403536250076,0.5102933406224486,0.5456403536250076,0.5210283024349512
34,20,0.6041298934528897,0.5349757709244212,0.6041298934528897,0.6321357989390382,0.567261214719162,0.6041298934528897,0.6041298934528896,0.5177506429544031,0.6041298934528897,0.5979596858796339
34,21,0.52309084470219,0.4743793963829972,0.52309084470219,0.591875572634079,0.44945199068280084,0.52309084470219,0.52309084470219,0.40375186106025635,0.52309084470219,0.5180354312508538
34,22,0.46842313268892183,0.5710293721835915,0.46842313268892183,0.6602500140343509,0.5684414890326119,0.46842313268892183,0.4684231326889218,0.4695632534789489,0.46842313268892183,0.4537006689275167
34,23,0.5349844345636042,0.5466687624952914,0.5349844345636042,0.632053376376891,0.6117293527784844,0.5349844345636042,0.5349844345636042,0.5226443641582071,0.5349844345636042,0.49253146965183453
34,24,0.4859132359223194,0.5743144767349415,0.4859132359223194,0.6634960965046555,0.6169447461412597,0.4859132359223194,0.48591323592231933,0.5089017134799405,0.4859132359223194,0.4633307472680872
34,25,0.46267998334408633,0.5072818182631236,0.46267998334408633,0.6334777018576541,0.63559586727493,0.46267998334408633,0.46267998334408633,0.48803359324479356,0.46267998334408633,0.4107491246453477
34,26,0.5219019596345921,0.49851877822229523,0.5219019596345921,0.6059520855879936,0.5242348226040789,0.5219019596345921,0.5219019596345921,0.450711268907545,0.5219019596345921,0.523440044122538
34,27,0.5169104822697316,0.5333909900246483,0.5169104822697316,0.6358839006623479,0.5395816898323998,0.5169104822697316,0.5169104822697315,0.47204406694259915,0.5169104822697316,0.5028514153749422
34,28,0.450017065713824,0.5673000157252106,0.450017065713824,0.6539300283727473,0.6236344408420761,0.450017065713824,0.450017065713824,0.5045368483092261,0.450017065713824,0.40527775642289277
34,29,0.4188469784858637,0.5384123240904577,0.4188469784858637,0.6507937884897191,0.568102148697452,0.4188469784858637,0.41884697848586366,0.4190040771392801,0.4188469784858637,0.3714067004587735
34,30,0.4982373482566256,0.5332142091950866,0.4982373482566256,0.6299312693272128,0.5837052619955012,0.4982373482566256,0.4982373482566256,0.4916204399714894,0.4982373482566256,0.490657276151271
34,31,0.4984845293008503,0.49981465071556963,0.4984845293008503,0.6387921833122515,0.5685862941704268,0.4984845293008503,0.49848452930085024,0.4438965963921221,0.4984845293008503,0.4930126048970471
34,32,0.5331719284479641,0.6422710932702168,0.5331719284479641,0.7078033865626866,0.5346240443642228,0.5331719284479641,0.5331719284479641,0.4811499698850353,0.5331719284479641,0.5298412629761947
34,33,0.46712041424569406,0.589185373070525,0.46712041424569406,0.6526828060189259,0.5560412259092751,0.46712041424569406,0.46712041424569406,0.48920142108500075,0.46712041424569406,0.4547625174062573
34,34,0.4567429920224641,0.5982267006665491,0.4567429920224641,0.636870990679688,0.5667898367770016,0.4567429920224641,0.4567429920224641,0.4945230763100393,0.4567429920224641,0.4219716970251308
34,35,0.5273326015163721,0.44339711586199204,0.5273326015163721,0.6009290890994111,0.43917122940131426,0.5273326015163721,0.5273326015163721,0.36216996012593744,0.5273326015163721,0.5252180039277503
34,36,0.5597176857944217,0.6451609662859523,0.5597176857944217,0.6943575038299066,0.5795098897153876,0.5597176857944217,0.5597176857944217,0.5307463192482595,0.5597176857944217,0.5380048547150104
34,37,0.6266717825089303,0.658883440545027,0.6266717825089303,0.7061878198316066,0.6211021379099246,0.6266717825089303,0.6266717825089303,0.5837597644320308,0.6266717825089303,0.6315576870548512
34,38,0.4936315104908374,0.5264342901985771,0.4936315104908374,0.6323689111627716,0.4838633758065114,0.4936315104908374,0.4936315104908374,0.4161362417921361,0.4936315104908374,0.507546733056939
34,39,0.5267912192743972,0.582226639623695,0.5267912192743972,0.6942637209432909,0.5855490220913467,0.5267912192743972,0.5267912192743973,0.49871839724275496,0.5267912192743972,0.5154032776503166
34,40,0.6133818055980559,0.6068135292708186,0.6133818055980559,0.6908278181613199,0.6289852174439982,0.6133818055980559,0.613381805598056,0.5512278996914345,0.6133818055980559,0.6035152805251477
34,41,0.5534342693100666,0.6510278976787601,0.5534342693100666,0.6957286299991647,0.6108667984174514,0.5534342693100666,0.5534342693100667,0.5678570374335927,0.5534342693100666,0.5382681409743167
34,42,0.43876335881125617,0.5299553962275024,0.43876335881125617,0.6702405576621719,0.6065295848281186,0.43876335881125617,0.43876335881125617,0.466298573833408,0.43876335881125617,0.4047045426079916
34,43,0.5882250012846909,0.6071575233713643,0.5882250012846909,0.7042316488428343,0.686637680031212,0.5882250012846909,0.5882250012846909,0.5958111426669966,0.5882250012846909,0.5806056390630674
34,44,0.5156524608499143,0.547641890319552,0.5156524608499143,0.625802125441828,0.4017408601402992,0.5156524608499143,0.5156524608499143,0.36686477688174274,0.5156524608499143,0.5150340548037248
34,45,0.5532832658525985,0.6022268871394094,0.5532832658525985,0.6616874915233262,0.6094888258743729,0.5532832658525985,0.5532832658525986,0.5239682761027422,0.5532832658525985,0.529827058455464
34,46,0.5442857829176154,0.600231292057302,0.5442857829176154,0.6867743329663412,0.5518188440682577,0.5442857829176154,0.5442857829176154,0.49943584266832103,0.5442857829176154,0.5458088051179344
34,47,0.46174905864444615,0.5558773377888964,0.46174905864444615,0.6552056502527069,0.6160683526025847,0.46174905864444615,0.46174905864444615,0.506615906258025,0.46174905864444615,0.44936250410382667
34,48,0.44947354619214347,0.5706057950230131,0.44947354619214347,0.6624470758996466,0.6144296949609231,0.44947354619214347,0.44947354619214347,0.5125384460823255,0.44947354619214347,0.4202949543598985
34,49,0.500107003373092,0.6063022832664352,0.500107003373092,0.6860279638695509,0.6308217257495576,0.500107003373092,0.500107003373092,0.5606753804176627,0.500107003373092,0.5134039396250908
34,50,0.5122501903340503,0.5910104395136573,0.5122501903340503,0.6490921297009861,0.5355153979383365,0.5122501903340503,0.5122501903340503,0.4871428922660187,0.5122501903340503,0.5263933729974453
34,51,0.5777685926375546,0.5681027303614666,0.5777685926375546,0.6808671264467192,0.6547764939093359,0.5777685926375546,0.5777685926375546,0.5534500748177744,0.5777685926375546,0.5503996485584148
34,52,0.4387453313215646,0.6060644371372004,0.4387453313215646,0.6766557830630775,0.6272858296847132,0.4387453313215646,0.4387453313215646,0.535135810827133,0.4387453313215646,0.4117375636720281
34,53,0.4875591271461192,0.5244417617065844,0.4875591271461192,0.6287311811075038,0.6040174519104183,0.4875591271461192,0.4875591271461192,0.48552576182410706,0.4875591271461192,0.43474782902938575
34,54,0.41538235515771593,0.5120925168452173,0.41538235515771593,0.6498540556418142,0.6011758276754331,0.41538235515771593,0.4153823551577159,0.46200729964524107,0.41538235515771593,0.36941294200189617
34,55,0.45920216463688596,0.6080334352042822,0.45920216463688596,0.6714490300436999,0.6128723814694116,0.45920216463688596,0.4592021646368859,0.5429037132365604,0.45920216463688596,0.43594874556144875
34,56,0.4436142403415633,0.53536458309384,0.4436142403415633,0.6601892142668206,0.5797718329435432,0.4436142403415633,0.44361424034156327,0.4414422398303501,0.4436142403415633,0.3945619316960589
34,57,0.5291228985081137,0.5968935687839833,0.5291228985081137,0.6806580387202524,0.5506451601811376,0.5291228985081137,0.5291228985081138,0.48532293636097235,0.5291228985081137,0.5021960539682194
34,58,0.507171084501256,0.5918031063427629,0.507171084501256,0.6525879368506474,0.5273535765561916,0.507171084501256,0.507171084501256,0.46966603255886125,0.507171084501256,0.49615302986446425
34,59,0.4710080331051617,0.5501735471058398,0.4710080331051617,0.6666999447329894,0.6173999792960303,0.4710080331051617,0.47100803310516165,0.49349732488876275,0.4710080331051617,0.4318379714358693
34,60,0.5021779344827128,0.6120162413218573,0.5021779344827128,0.6907818114036117,0.6525538884012441,0.5021779344827128,0.5021779344827128,0.5877772981135941,0.5021779344827128,0.5103960925781692
34,61,0.5050265566295954,0.5709998136274375,0.5050265566295954,0.6484294594575517,0.5519127633916684,0.5050265566295954,0.5050265566295954,0.5126103759810026,0.5050265566295954,0.519504499289518
34,62,0.45030253194234215,0.550429473979791,0.45030253194234215,0.6363268756386122,0.5978190484561309,0.45030253194234215,0.45030253194234215,0.48701992867489796,0.45030253194234215,0.42747374372095176
34,63,0.5410081251011143,0.5979673704877871,0.5410081251011143,0.6796281449884072,0.6249537907204468,0.5410081251011143,0.5410081251011142,0.5391126668298413,0.5410081251011143,0.5173197150676936
34,64,0.5771162577012925,0.6165886240635217,0.5771162577012925,0.6974977580155244,0.6192209718286286,0.5771162577012925,0.5771162577012925,0.5639318812523129,0.5771162577012925,0.5685496353837725
34,65,0.49903520406328467,0.5953883260237155,0.49903520406328467,0.6585090563658351,0.6119002292037503,0.49903520406328467,0.49903520406328467,0.5335275887769284,0.49903520406328467,0.5036003818740141
34,66,0.5362941223971767,0.496157140806977,0.5362941223971767,0.6337398204209752,0.5742827865927274,0.5362941223971767,0.5362941223971767,0.47581244989201854,0.5362941223971767,0.5301507816161646
34,67,0.5232868239586825,0.5095609978527477,0.5232868239586825,0.655522753483823,0.5821877777172356,0.5232868239586825,0.5232868239586825,0.44241860977621017,0.5232868239586825,0.4864334196044789
34,68,0.4986266119386772,0.5363496973534074,0.4986266119386772,0.6380452576940997,0.5113793481292815,0.4986266119386772,0.49862661193867713,0.4610724664606909,0.4986266119386772,0.5036339688171783
34,69,0.41895096178980634,0.5490126872260549,0.41895096178980634,0.6550972566582878,0.5950794593407565,0.41895096178980634,0.41895096178980634,0.48048507538997887,0.41895096178980634,0.37512282800998176
34,70,0.40599049765442846,0.5775116330801937,0.40599049765442846,0.6510578640591558,0.594953892170808,0.40599049765442846,0.4059904976544284,0.4810591288347309,0.40599049765442846,0.3377742991092655
34,71,0.572787708746018,0.6433100513840707,0.572787708746018,0.7043594100203445,0.6334251111085202,0.572787708746018,0.572787708746018,0.5477010900734108,0.572787708746018,0.5523670269042116
34,72,0.46999514837506806,0.508474377592778,0.46999514837506806,0.6273164968934881,0.5984688484075057,0.46999514837506806,0.469995148375068,0.48332083548986554,0.46999514837506806,0.4390137536792586
34,73,0.47903639908141576,0.57840057888635,0.47903639908141576,0.6689098513397247,0.6209419934843823,0.47903639908141576,0.47903639908141576,0.5103664127631027,0.47903639908141576,0.4504485703707496
34,74,0.4907397710490224,0.5974471349949847,0.4907397710490224,0.6534405976215927,0.5887897948172722,0.4907397710490224,0.4907397710490224,0.5285882598587475,0.4907397710490224,0.4977849978052785
34,75,0.5176610391472514,0.5051689525815543,0.5176610391472514,0.6467924751443226,0.5520450732376023,0.5176610391472514,0.5176610391472514,0.4173276471444466,0.5176610391472514,0.4918604189656387
34,76,0.5673272378735628,0.5964330292286344,0.5673272378735628,0.6972263227239044,0.6527898596012812,0.5673272378735628,0.5673272378735629,0.5680538019764574,0.5673272378735628,0.5799409207049477
34,77,0.5712177374143729,0.6462615225406202,0.5712177374143729,0.7142347840682328,0.5997945875663009,0.5712177374143729,0.5712177374143729,0.5646631605938964,0.5712177374143729,0.5535301107187418
34,78,0.5053441749789036,0.6045278700011446,0.5053441749789036,0.6295134595589078,0.5720427306584918,0.5053441749789036,0.5053441749789036,0.530248670389711,0.5053441749789036,0.4977564780174719
34,79,0.4246315724719489,0.49894418955243935,0.4246315724719489,0.618599933307562,0.628025171913762,0.4246315724719489,0.4246315724719489,0.4685597749390997,0.4246315724719489,0.36337740832688364
34,80,0.5042677294088665,0.4957203428580419,0.5042677294088665,0.6241983123076141,0.38475746414724277,0.5042677294088665,0.5042677294088665,0.3385451520276193,0.5042677294088665,0.49939659109161144
34,81,0.4425658581833141,0.5477057940596146,0.4425658581833141,0.6337207120367261,0.5481973010160424,0.4425658581833141,0.4425658581833141,0.4649667797392445,0.4425658581833141,0.416512484107347
34,82,0.49988528383492653,0.5373951195254032,0.49988528383492653,0.615328785530266,0.4563038663421785,0.49988528383492653,0.4998852838349266,0.40091049875275886,0.49988528383492653,0.49334159028401114
34,83,0.574877689522581,0.6526052739336266,0.574877689522581,0.6892198866650155,0.6124220356935106,0.574877689522581,0.574877689522581,0.5712215777214258,0.574877689522581,0.5534916648903285
34,84,0.5226861554361756,0.58031833826657,0.5226861554361756,0.6462951972936212,0.5762053005957128,0.5226861554361756,0.5226861554361756,0.5269000541787789,0.5226861554361756,0.5325410812603303
34,85,0.5422779480219151,0.6478107515766994,0.5422779480219151,0.7170196772311432,0.6242241067490607,0.5422779480219151,0.5422779480219151,0.5561429228025256,0.5422779480219151,0.5270345006538308
34,86,0.5434593990731454,0.6025122669379452,0.5434593990731454,0.6498291306556268,0.47265296555192365,0.5434593990731454,0.5434593990731454,0.4457625973369167,0.5434593990731454,0.5418385846166609
34,87,0.49942205169001674,0.6017612955740858,0.49942205169001674,0.6819147287658738,0.5502168041225871,0.49942205169001674,0.4994220516900168,0.4809973907127467,0.49942205169001674,0.509164011829077
34,88,0.483251207586265,0.5635494148913803,0.483251207586265,0.6318549110222185,0.5467779171127033,0.483251207586265,0.48325120758626505,0.47130961388148696,0.483251207586265,0.47644881114762905
34,89,0.5205629074363674,0.575579151623374,0.5205629074363674,0.6513055948563704,0.536728032088127,0.5205629074363674,0.5205629074363674,0.49613517113444117,0.5205629074363674,0.5382064363940877
34,90,0.5437455157780957,0.6347868462650456,0.5437455157780957,0.7003623337552364,0.5778136991716416,0.5437455157780957,0.5437455157780958,0.5322103900161781,0.5437455157780957,0.53759554072133
34,91,0.46337190441750625,0.5966037208117443,0.46337190441750625,0.6540190249204185,0.6126494302406015,0.46337190441750625,0.4633719044175062,0.5245590965447392,0.46337190441750625,0.4213809715222313
34,92,0.4821532962939663,0.5973346021047351,0.4821532962939663,0.6868561336808319,0.6521741194003043,0.4821532962939663,0.48215329629396625,0.5491714670154773,0.4821532962939663,0.45843459525117136
34,93,0.4446810216903225,0.5171576789506801,0.4446810216903225,0.6522833196992167,0.6260162691861926,0.4446810216903225,0.4446810216903224,0.48525991712618316,0.4446810216903225,0.39694106634115345
34,94,0.39296461417501516,0.4830890580462128,0.39296461417501516,0.5761251975944552,0.5382334030654261,0.39296461417501516,0.39296461417501516,0.42270295208676184,0.39296461417501516,0.3202686370089122
34,95,0.5092444316661963,0.5412141978575543,0.5092444316661963,0.6390495281778676,0.6482015802531876,0.5092444316661963,0.5092444316661963,0.5280965569544446,0.5092444316661963,0.4681656534916723
34,96,0.5471306880563142,0.5794443595355635,0.5471306880563142,0.6558917904814313,0.5402522183506702,0.5471306880563142,0.5471306880563142,0.457338210316857,0.5471306880563142,0.5302755951776048
34,97,0.48899630836039704,0.5673340512984252,0.48899630836039704,0.6475083321075908,0.5376708030782071,0.48899630836039704,0.4889963083603971,0.4695443190708279,0.48899630836039704,0.48622311010449054
34,98,0.5255665580030299,0.5962212321849691,0.5255665580030299,0.6659512758144974,0.6198303611842109,0.5255665580030299,0.52556655800303,0.5480161627515139,0.5255665580030299,0.510080158816304
34,99,0.5298801460003645,0.539680972673529,0.5298801460003645,0.6481969868928728,0.5178291808687931,0.5298801460003645,0.5298801460003644,0.45820581532543686,0.5298801460003645,0.5377753610687581
35,0,0.5094664299799756,0.5757989658063428,0.5094664299799756,0.6229779909227227,0.4472020623622223,0.5094664299799756,0.5094664299799755,0.4348935705305167,0.5094664299799756,0.5216504386385823
35,1,0.5771474805700366,0.5624350860750164,0.5771474805700366,0.6651096556640699,0.6442494266791721,0.5771474805700366,0.5771474805700366,0.5490921624264758,0.5771474805700366,0.5744238483220665
35,2,0.40670834485993057,0.5200014865010776,0.40670834485993057,0.6145950140614775,0.5534557965569539,0.40670834485993057,0.40670834485993057,0.426415822235108,0.40670834485993057,0.3622259578473246
35,3,0.5394811781391969,0.5808763541449472,0.5394811781391969,0.6377992901831284,0.5851947820315828,0.5394811781391969,0.5394811781391969,0.5284002925309558,0.5394811781391969,0.5302652170637744
35,4,0.5019973808101833,0.6029896576367857,0.5019973808101833,0.6967994115322582,0.5588700214580585,0.5019973808101833,0.5019973808101833,0.4802834836882955,0.5019973808101833,0.5157236963653912
35,5,0.4612281199474824,0.552489387980162,0.4612281199474824,0.6343092003878467,0.6433046065327837,0.4612281199474824,0.4612281199474824,0.5333738300166614,0.4612281199474824,0.4215261299397753
35,6,0.4553684423960838,0.5075963740424323,0.4553684423960838,0.6197671527243258,0.5874441532818443,0.4553684423960838,0.45536844239608376,0.4810993223390726,0.4553684423960838,0.45281910770059297
35,7,0.4732314544755241,0.5863685352397693,0.4732314544755241,0.6629490561329017,0.626954084722847,0.4732314544755241,0.47323145447552406,0.5381778694825985,0.4732314544755241,0.45098460333122903
35,8,0.543696730045683,0.6026255034149712,0.543696730045683,0.6660278395534438,0.591404881782813,0.543696730045683,0.543696730045683,0.5380163990982856,0.543696730045683,0.5508005181934874
35,9,0.5479378363834329,0.6253270923809654,0.5479378363834329,0.6596279875402835,0.5044432542062223,0.5479378363834329,0.5479378363834329,0.4795802824666011,0.5479378363834329,0.5525315856535211
35,10,0.6128755490834183,0.6954476789010327,0.6128755490834183,0.7121845437778898,0.6144117731877647,0.6128755490834183,0.6128755490834183,0.5972905642571522,0.6128755490834183,0.6206091053928109
35,11,0.5247138763256594,0.530055248479273,0.5247138763256594,0.6599918166160434,0.6451284963172917,0.5247138763256594,0.5247138763256594,0.5280157925168203,0.5247138763256594,0.5149185717081086
35,12,0.501569181467406,0.5903702430482308,0.501569181467406,0.6566797620168036,0.6351341653799529,0.501569181467406,0.501569181467406,0.5679463965758524,0.501569181467406,0.4985871365167935
35,13,0.46199837696837653,0.5772594797315973,0.46199837696837653,0.6536622329467084,0.5822291923565881,0.46199837696837653,0.46199837696837653,0.4720472841706108,0.46199837696837653,0.4428580446715498
35,14,0.42377322235709797,0.5611134690722244,0.42377322235709797,0.6515015593220443,0.5312898822456205,0.42377322235709797,0.42377322235709797,0.43543577074635453,0.42377322235709797,0.3840033736764351
35,15,0.5000518058015622,0.6179268317303449,0.5000518058015622,0.6595684035267975,0.584836176844652,0.5000518058015622,0.5000518058015622,0.5296808760887808,0.5000518058015622,0.49293507046827617
35,16,0.5062768652574312,0.5114119050452497,0.5062768652574312,0.610701159998509,0.43290051254464923,0.5062768652574312,0.5062768652574312,0.41086372708901675,0.5062768652574312,0.5244480752106613
35,17,0.44891311428322656,0.566608994650694,0.44891311428322656,0.6392477998215775,0.6165462173957618,0.44891311428322656,0.44891311428322656,0.5126222443271958,0.44891311428322656,0.39829290063770023
35,18,0.5246373059570725,0.5038854546517462,0.5246373059570725,0.5949217295297176,0.4550162797790194,0.5246373059570725,0.5246373059570725,0.3946399150270086,0.5246373059570725,0.5227866363823039
35,19,0.5444882669384296,0.5504099259920283,0.5444882669384296,0.6593392026404965,0.6039626119776241,0.5444882669384296,0.5444882669384296,0.5121806133843911,0.5444882669384296,0.5161642665150097
35,20,0.608491337930591,0.5199161859701633,0.608491337930591,0.6263922630734005,0.5735032548757625,0.608491337930591,0.608491337930591,0.5178141944944257,0.608491337930591,0.5995524407301505
35,21,0.5272621642112885,0.4949197549676456,0.5272621642112885,0.6005289184595707,0.44277066910419727,0.5272621642112885,0.5272621642112885,0.4068562248171067,0.5272621642112885,0.5215181342453904
35,22,0.4863203412436533,0.5845224393533148,0.4863203412436533,0.6701395082023427,0.5835058579720875,0.4863203412436533,0.4863203412436533,0.48712482016332703,0.4863203412436533,0.47529674824228174
35,23,0.517610116135133,0.540883574233648,0.517610116135133,0.6270304729592056,0.5821054125580298,0.517610116135133,0.517610116135133,0.4945657646865521,0.517610116135133,0.4766331356535698
35,24,0.4934493770898298,0.583443414334383,0.4934493770898298,0.6666791554723813,0.620803220910247,0.4934493770898298,0.49344937708982983,0.5123441130641961,0.4934493770898298,0.4724869832495695
35,25,0.456750147263218,0.4980999960480802,0.456750147263218,0.632495878750304,0.630822278487726,0.456750147263218,0.456750147263218,0.4730604569709577,0.456750147263218,0.4003501633720284
35,26,0.5149531986853314,0.49261054524930925,0.5149531986853314,0.5994907412454425,0.5293507567099298,0.5149531986853314,0.5149531986853314,0.4437944730743358,0.5149531986853314,0.5169807664846702
35,27,0.47426766343197124,0.5126568237176081,0.47426766343197124,0.6076691879517993,0.4850808355765779,0.47426766343197124,0.47426766343197124,0.4200608297704217,0.47426766343197124,0.4552848993473321
35,28,0.43585284847811284,0.5101738277507004,0.43585284847811284,0.6034399365429848,0.5931417353162405,0.43585284847811284,0.43585284847811284,0.4710191749746325,0.43585284847811284,0.39123906816341736
35,29,0.42524357786941647,0.550671481876563,0.42524357786941647,0.6545463402887198,0.5863661647655382,0.42524357786941647,0.42524357786941647,0.44124735713429997,0.42524357786941647,0.3801964292579516
35,30,0.6189313917417185,0.6487771113704217,0.6189313917417185,0.708059361369203,0.6550166263385118,0.6189313917417185,0.6189313917417185,0.610464377346855,0.6189313917417185,0.6192177620577393
35,31,0.5728434638687755,0.5774564807006746,0.5728434638687755,0.6805926975856771,0.6515283842983894,0.5728434638687755,0.5728434638687755,0.5579785398964187,0.5728434638687755,0.5729454310433962
35,32,0.5270600518912928,0.6313387913906274,0.5270600518912928,0.6941528940916597,0.5245953272301387,0.5270600518912928,0.5270600518912927,0.4656326038518822,0.5270600518912928,0.5178670398230795
35,33,0.4779530770462386,0.6240409866743725,0.4779530770462386,0.6772489439337934,0.5739869657309965,0.4779530770462386,0.47795307704623863,0.5154517424040914,0.4779530770462386,0.47187198096378613
35,34,0.463670566025077,0.5928087743262925,0.463670566025077,0.6387128529582649,0.6003759133830806,0.463670566025077,0.46367056602507695,0.5143308969696521,0.463670566025077,0.4232219493412894
35,35,0.5295233132147168,0.4481774825521163,0.5295233132147168,0.600579779000306,0.42927080057342126,0.5295233132147168,0.5295233132147168,0.3520755364443826,0.5295233132147168,0.5251440909110945
35,36,0.5523407255023839,0.6327097172697733,0.5523407255023839,0.6856597004617928,0.5742318103299339,0.5523407255023839,0.5523407255023839,0.5234666625765599,0.5523407255023839,0.530747459252257
35,37,0.6181358590651743,0.6604453482368056,0.6181358590651743,0.7047522740767381,0.6043533532236044,0.6181358590651743,0.6181358590651742,0.5649350257838092,0.6181358590651743,0.6225472713637702
35,38,0.6153436425174813,0.6380132016475988,0.6153436425174813,0.7040351949580823,0.6597667511346712,0.6153436425174813,0.6153436425174813,0.5855381442709899,0.6153436425174813,0.6156774787432507
35,39,0.5159622734820366,0.569905546102206,0.5159622734820366,0.6897457489431147,0.5788360220076596,0.5159622734820366,0.5159622734820366,0.4835347108208621,0.5159622734820366,0.5020836637815981
35,40,0.6017569554283327,0.5996596495623867,0.6017569554283327,0.6846894400567699,0.6166658359698761,0.6017569554283327,0.6017569554283327,0.5363541012663611,0.6017569554283327,0.5932385209254548
35,41,0.5533078910318164,0.6523972272449579,0.5533078910318164,0.6960255473599843,0.6148337380317297,0.5533078910318164,0.5533078910318163,0.5728442080114025,0.5533078910318164,0.5396340405064091
35,42,0.4332072679032719,0.5367933137412316,0.4332072679032719,0.6698418951828071,0.6044988625726762,0.4332072679032719,0.4332072679032719,0.4683589178619011,0.4332072679032719,0.3975259268473899
35,43,0.5753694497053017,0.5996407898806997,0.5753694497053017,0.6995237812844277,0.670474984532899,0.5753694497053017,0.5753694497053017,0.5790504763911661,0.5753694497053017,0.5647302146296477
35,44,0.5053504009676115,0.5477384259889868,0.5053504009676115,0.628210695854114,0.40565087977497394,0.5053504009676115,0.5053504009676115,0.36863472552055615,0.5053504009676115,0.5089962358116915
35,45,0.545944126118831,0.593319174807747,0.545944126118831,0.6614469584182121,0.595847750902045,0.545944126118831,0.5459441261188311,0.5048995892507187,0.545944126118831,0.5243512440628423
35,46,0.5594726420299028,0.5956236407385518,0.5594726420299028,0.6846829345547576,0.5786235624463874,0.5594726420299028,0.5594726420299028,0.5226117923077066,0.5594726420299028,0.5585956654571702
35,47,0.46391830462052924,0.5637353712444213,0.46391830462052924,0.6581775989696346,0.6291356445097717,0.46391830462052924,0.4639183046205293,0.5166634157608699,0.46391830462052924,0.44883759937561873
35,48,0.45257641169880003,0.5599077253464092,0.45257641169880003,0.6590961046765904,0.6220655237039809,0.45257641169880003,0.45257641169880003,0.512055355360445,0.45257641169880003,0.4215368978552957
35,49,0.5458609580607179,0.6375208735241755,0.5458609580607179,0.707619619703037,0.685103284758453,0.5458609580607179,0.5458609580607179,0.614688841932091,0.5458609580607179,0.5554845189836835
35,50,0.5148962355349141,0.594166616658081,0.5148962355349141,0.6513496109344812,0.523686689372854,0.5148962355349141,0.5148962355349141,0.4819403957702354,0.5148962355349141,0.5284572451128656
35,51,0.5813842194231705,0.56427987007868,0.5813842194231705,0.6754169653042223,0.659520368574283,0.5813842194231705,0.5813842194231704,0.5599344004950205,0.5813842194231705,0.5523394020354836
35,52,0.4468043626153353,0.6144730100946775,0.4468043626153353,0.6783358378771862,0.6353376332710896,0.4468043626153353,0.4468043626153353,0.5487778955947685,0.4468043626153353,0.4211812399601758
35,53,0.49756299004687427,0.5302075077232623,0.49756299004687427,0.6353333950826879,0.6206344414553207,0.49756299004687427,0.49756299004687427,0.49947167185688385,0.49756299004687427,0.4449096782693972
35,54,0.420766999063221,0.5107596703526929,0.420766999063221,0.6482831439163326,0.602574042153405,0.420766999063221,0.42076699906322096,0.46213465496248823,0.420766999063221,0.3755175584178739
35,55,0.46453207559688414,0.6263777171228353,0.46453207559688414,0.6745024560273765,0.6109950618302554,0.46453207559688414,0.46453207559688414,0.5527859836723606,0.46453207559688414,0.4461934980477207
35,56,0.46226386427790656,0.5425837828782285,0.46226386427790656,0.6646785990591182,0.6129101964969315,0.46226386427790656,0.46226386427790656,0.4792978905596852,0.46226386427790656,0.4156148092791855
35,57,0.542368085470373,0.5941584396736845,0.542368085470373,0.6820041373486571,0.559772763523944,0.542368085470373,0.542368085470373,0.4926907564184156,0.542368085470373,0.5110039514710847
35,58,0.5267087016927162,0.615436320698024,0.5267087016927162,0.6728029662484998,0.5746533132279574,0.5267087016927162,0.5267087016927162,0.5227136608820271,0.5267087016927162,0.5221087000194604
35,59,0.4385422897495229,0.5351346522711011,0.4385422897495229,0.629813498218945,0.5777168987927583,0.4385422897495229,0.4385422897495229,0.4621908713134993,0.4385422897495229,0.3953446594312798
35,60,0.4964809689645614,0.6062283289743815,0.4964809689645614,0.6896785674378909,0.6509197926660324,0.4964809689645614,0.4964809689645614,0.5819705070921304,0.4964809689645614,0.5013364448890397
35,61,0.516184457646225,0.5875937795130842,0.516184457646225,0.654840888885914,0.5397013021137625,0.516184457646225,0.5161844576462249,0.5107801660759144,0.516184457646225,0.5315167825692804
35,62,0.45358307044018575,0.5753090113865766,0.45358307044018575,0.6457657657647444,0.6095428014406118,0.45358307044018575,0.4535830704401858,0.5129838802415032,0.45358307044018575,0.4347767094389487
35,63,0.5138378174545687,0.5728158146192108,0.5138378174545687,0.6636475098322518,0.5986867259949492,0.5138378174545687,0.5138378174545686,0.49763924305681073,0.5138378174545687,0.4843579166981637
35,64,0.5665526133680526,0.6188329622286808,0.5665526133680526,0.6977750928605553,0.6061992282992743,0.5665526133680526,0.5665526133680527,0.5557694065918009,0.5665526133680526,0.5660007542346315
35,65,0.5246977073400597,0.595394152467294,0.5246977073400597,0.6621457711676881,0.6397845305406759,0.5246977073400597,0.5246977073400596,0.5455464791508908,0.5246977073400597,0.5201155041014527
35,66,0.5117868652639359,0.4881623581242695,0.5117868652639359,0.6273332180443347,0.5513683301285228,0.5117868652639359,0.5117868652639359,0.4488125332478178,0.5117868652639359,0.5030465066053545
35,67,0.5169955088319367,0.5049953193294794,0.5169955088319367,0.6593562666676207,0.5779913142741155,0.5169955088319367,0.5169955088319367,0.4293396359916216,0.5169955088319367,0.479495951873617
35,68,0.6309394654551945,0.6788786429006239,0.6309394654551945,0.7311488341018464,0.6888160929398743,0.6309394654551945,0.6309394654551945,0.6536667701478898,0.6309394654551945,0.62435874720585
35,69,0.4249158306728073,0.5465058037933204,0.4249158306728073,0.6522750609065278,0.6000218359467214,0.4249158306728073,0.42491583067280725,0.48508827701280877,0.4249158306728073,0.38000094677188845
35,70,0.4031087941347098,0.5708043907218676,0.4031087941347098,0.6473196553439642,0.5843653048644595,0.4031087941347098,0.40310879413470974,0.4749467355491456,0.4031087941347098,0.33138369689030744
35,71,0.5695409950226472,0.6189501402865274,0.5695409950226472,0.6819270043171142,0.6235104245909846,0.5695409950226472,0.5695409950226472,0.5317704352640045,0.5695409950226472,0.5460246325503919
35,72,0.47401509272588005,0.5073617156443591,0.47401509272588005,0.6301391329902739,0.6180543139537032,0.47401509272588005,0.47401509272588005,0.4880590687200128,0.47401509272588005,0.4407890017140262
35,73,0.47621472524386593,0.5792923861618929,0.47621472524386593,0.6653872364185585,0.6201673807841223,0.47621472524386593,0.4762147252438659,0.5111078398302553,0.47621472524386593,0.44566191519295734
35,74,0.521522453099023,0.6440659969376881,0.521522453099023,0.6814461206915978,0.6389295924578109,0.521522453099023,0.521522453099023,0.5890921896641719,0.521522453099023,0.5327318539504893
35,75,0.5129009455418343,0.4960476024607915,0.5129009455418343,0.6429869728303155,0.5426262938780837,0.5129009455418343,0.5129009455418344,0.4056762366886357,0.5129009455418343,0.48787694397600556
35,76,0.5743160495860042,0.5789037062782407,0.5743160495860042,0.6911466084651893,0.6480216661280258,0.5743160495860042,0.5743160495860042,0.5589644608525479,0.5743160495860042,0.5854992283846264
35,77,0.5670627727412834,0.6317329124269305,0.5670627727412834,0.7030011152170824,0.5873996839921113,0.5670627727412834,0.5670627727412834,0.5513435937722244,0.5670627727412834,0.5474655509213466
35,78,0.4910254231279497,0.5968855933784578,0.4910254231279497,0.6232070940487544,0.5623871014302587,0.4910254231279497,0.4910254231279497,0.510522772290248,0.4910254231279497,0.47364327025205494
35,79,0.4269836952506764,0.4992282003007178,0.4269836952506764,0.6194436895054852,0.6295499142260361,0.4269836952506764,0.4269836952506765,0.4706828044600322,0.4269836952506764,0.36468896526003525
35,80,0.49739033501673535,0.49161206945750413,0.49739033501673535,0.6165200606052702,0.3742271358710814,0.49739033501673535,0.49739033501673535,0.3284964088616929,0.49739033501673535,0.4903181211111862
35,81,0.4844290345545161,0.5826243792291722,0.4844290345545161,0.6590818600925689,0.5966758313869172,0.4844290345545161,0.484429034554516,0.523014940214614,0.4844290345545161,0.46863074958258116
35,82,0.6235807185032575,0.62573794225253,0.6235807185032575,0.6885495454982318,0.6323257679549692,0.6235807185032575,0.6235807185032575,0.5897802100966361,0.6235807185032575,0.6130988031870241
35,83,0.5604849692087688,0.6269288787656213,0.5604849692087688,0.6778371299413173,0.5819813010679702,0.5604849692087688,0.5604849692087688,0.5361939437888921,0.5604849692087688,0.5395272358307655
35,84,0.5073945696183088,0.5818953198932904,0.5073945696183088,0.6525468619713517,0.5758132241190026,0.5073945696183088,0.5073945696183089,0.5255547825964564,0.5073945696183088,0.5181652234767812
35,85,0.5255912761074524,0.619847890083321,0.5255912761074524,0.6937929144072821,0.5884920762331254,0.5255912761074524,0.5255912761074524,0.518437566910118,0.5255912761074524,0.5084058384648529
35,86,0.5746056045235246,0.6156047458840556,0.5746056045235246,0.6597783882414097,0.5000282626509365,0.5746056045235246,0.5746056045235246,0.48515078678473594,0.5746056045235246,0.5748508291714738
35,87,0.5400738550941087,0.641949892586565,0.5400738550941087,0.6983139806199813,0.6016509879136697,0.5400738550941087,0.5400738550941087,0.5524036647043095,0.5400738550941087,0.5568210823110873
35,88,0.481155279596608,0.571099329913897,0.481155279596608,0.641038935368637,0.5539084711991105,0.481155279596608,0.481155279596608,0.48175991928131007,0.481155279596608,0.4776507580859436
35,89,0.5284996491608901,0.5707117364576869,0.5284996491608901,0.6530263408318866,0.5425747769622086,0.5284996491608901,0.5284996491608901,0.4964202807440111,0.5284996491608901,0.5442146308813753
35,90,0.5378495973969049,0.6350002749891593,0.5378495973969049,0.6969767096109849,0.5725333415000412,0.5378495973969049,0.5378495973969049,0.5290227981047699,0.5378495973969049,0.5357876593878652
35,91,0.4707760917944907,0.5963058851029059,0.4707760917944907,0.6568284835784748,0.6219190381393369,0.4707760917944907,0.47077609179449065,0.5309659738977617,0.4707760917944907,0.4312122510324181
35,92,0.49111342329670193,0.600720627923427,0.49111342329670193,0.688251995531255,0.6573753137448554,0.49111342329670193,0.49111342329670193,0.5549923647465795,0.49111342329670193,0.4681548953010115
35,93,0.443113652264406,0.5245522335596287,0.443113652264406,0.6616330170122352,0.638104302817677,0.443113652264406,0.443113652264406,0.49257272086070353,0.443113652264406,0.3877636699774196
35,94,0.3839244785711226,0.453858049803448,0.3839244785711226,0.5573899703026406,0.5346703132256233,0.3839244785711226,0.38392447857112255,0.40386742167616335,0.3839244785711226,0.2977236216365587
35,95,0.5091708349041565,0.5482519569891974,0.5091708349041565,0.641791256189192,0.6404372427451073,0.5091708349041565,0.5091708349041565,0.5297898741991869,0.5091708349041565,0.47279332363942306
35,96,0.5219141328363941,0.5681661407084566,0.5219141328363941,0.6473958237113268,0.5250921456947968,0.5219141328363941,0.5219141328363941,0.4452755333307795,0.5219141328363941,0.508827609307748
35,97,0.6073370210391027,0.6544689935716522,0.6073370210391027,0.7169825031874952,0.6623802321648479,0.6073370210391027,0.6073370210391027,0.6068076021944984,0.6073370210391027,0.5974698084973807
35,98,0.5198923591600044,0.6103358781143962,0.5198923591600044,0.6743092884200139,0.6169167455003695,0.5198923591600044,0.5198923591600045,0.552965629245126,0.5198923591600044,0.5112692098001039
35,99,0.532000327468421,0.5337733159450919,0.532000327468421,0.643558744095839,0.5148560777459509,0.532000327468421,0.532000327468421,0.4562737842041197,0.532000327468421,0.5406613464726153
36,0,0.6577316604442401,0.6883696023100662,0.6577316604442401,0.71909970558088,0.6422618009822368,0.6577316604442401,0.6577316604442401,0.6345267477487428,0.6577316604442401,0.6649518356211117
36,1,0.5271437775006336,0.5301558510151975,0.5271437775006336,0.6424305507725145,0.6121363257569866,0.5271437775006336,0.5271437775006336,0.5032267407701522,0.5271437775006336,0.5197142711435102
36,2,0.43695252534929885,0.5416188019511754,0.43695252534929885,0.6350714192430764,0.5927064710341257,0.43695252534929885,0.43695252534929885,0.468698722644868,0.43695252534929885,0.4000706790257295
36,3,0.5323666386249374,0.5717673130220418,0.5323666386249374,0.6322666821634809,0.5885968850460888,0.5323666386249374,0.5323666386249375,0.526464370467029,0.5323666386249374,0.5267069586814183
36,4,0.5226730529823276,0.6076570425438252,0.5226730529823276,0.7038507566753722,0.5782201353554268,0.5226730529823276,0.5226730529823276,0.4993769579168844,0.5226730529823276,0.5337215224024894
36,5,0.46823412282277405,0.5592240436847694,0.46823412282277405,0.6383008744878192,0.6491305042464417,0.46823412282277405,0.4682341228227741,0.5423458508315386,0.46823412282277405,0.4293156717996499
36,6,0.476641809484188,0.52445352708297,0.476641809484188,0.6305454395265997,0.6146532751429197,0.476641809484188,0.476641809484188,0.5053878705113057,0.476641809484188,0.4725523943912096
36,7,0.4849454199164547,0.5955802075564022,0.4849454199164547,0.6693942325019144,0.6340684081759044,0.4849454199164547,0.4849454199164546,0.5493669408296272,0.4849454199164547,0.4644454894844381
36,8,0.5411360831078426,0.6072545883933572,0.5411360831078426,0.6580362907530423,0.578855216448309,0.5411360831078426,0.5411360831078426,0.5353811969247151,0.5411360831078426,0.5515779642750083
36,9,0.5398294618060218,0.6197412261015371,0.5398294618060218,0.6549629432883154,0.48048848035591807,0.5398294618060218,0.5398294618060218,0.4539735263544834,0.5398294618060218,0.5417712199359339
36,10,0.6082650650574004,0.7096740729415907,0.6082650650574004,0.716248237531018,0.599375241767283,0.6082650650574004,0.6082650650574004,0.5883330386015826,0.6082650650574004,0.6182426194183657
36,11,0.5159788141684546,0.5227509445995883,0.5159788141684546,0.6511529136859044,0.6415201967765883,0.5159788141684546,0.5159788141684547,0.5211412445101756,0.5159788141684546,0.5032408366238948
36,12,0.5300500132743655,0.6018211111866569,0.5300500132743655,0.6669650983336632,0.6465768889615968,0.5300500132743655,0.5300500132743655,0.5862415544164581,0.5300500132743655,0.5338145567005985
36,13,0.47498653281472397,0.5831702140128934,0.47498653281472397,0.6555893231068677,0.5949980065119199,0.47498653281472397,0.47498653281472397,0.4907365649088899,0.47498653281472397,0.46116121366042445
36,14,0.42454989121710923,0.5660213523258895,0.42454989121710923,0.654037075159928,0.5345975057501012,0.42454989121710923,0.42454989121710923,0.4406891751620804,0.42454989121710923,0.3866699524488979
36,15,0.5609004377985164,0.6480487820782598,0.5609004377985164,0.6842509594579722,0.6414767240304713,0.5609004377985164,0.5609004377985164,0.5950101083381475,0.5609004377985164,0.5553374624020706
36,16,0.6581083792236713,0.6488658418373041,0.6581083792236713,0.715135060902696,0.7009725242532765,0.6581083792236713,0.6581083792236713,0.6511651337440767,0.6581083792236713,0.6677812948943704
36,17,0.46267812483999443,0.5705099075019516,0.46267812483999443,0.6366415106029196,0.6254280727064752,0.46267812483999443,0.46267812483999443,0.5232803490311072,0.46267812483999443,0.4129185821926427
36,18,0.5216975241844815,0.505270859022369,0.5216975241844815,0.5982764709896562,0.4647527350052105,0.5216975241844815,0.5216975241844815,0.39359466558111955,0.5216975241844815,0.5127411722925371
36,19,0.5490263622300674,0.5660821370078956,0.5490263622300674,0.6700311216041949,0.608742012232526,0.5490263622300674,0.5490263622300674,0.5229684112924522,0.5490263622300674,0.5278968423203803
36,20,0.5909429705939119,0.49984405514424995,0.5909429705939119,0.6117905495207391,0.5628820095363509,0.5909429705939119,0.590942970593912,0.5013821255429335,0.5909429705939119,0.5826508089758662
36,21,0.5197585468653866,0.4939673567140779,0.5197585468653866,0.5928917578526471,0.4344442773937959,0.5197585468653866,0.5197585468653866,0.4016076837078161,0.5197585468653866,0.5138040503382559
36,22,0.49092840921435177,0.5935481404289187,0.49092840921435177,0.6766135063551573,0.60282975885418,0.49092840921435177,0.49092840921435177,0.5073272136221729,0.49092840921435177,0.48113072938483886
36,23,0.5200586023510263,0.5321763176983216,0.5200586023510263,0.6261944962191159,0.563989051560119,0.5200586023510263,0.5200586023510263,0.47654033794579764,0.5200586023510263,0.471069933069416
36,24,0.4839734222763832,0.5806756632441841,0.4839734222763832,0.6663891728146425,0.625015935953164,0.4839734222763832,0.4839734222763832,0.5142215281698136,0.4839734222763832,0.4585079612431202
36,25,0.4678534082595453,0.5192373254527944,0.4678534082595453,0.6396886146649892,0.6441609065706484,0.4678534082595453,0.46785340825954524,0.5003304200994892,0.4678534082595453,0.41537672441444884
36,26,0.5143293917868801,0.5049272786304111,0.5143293917868801,0.6090847947504312,0.5329449823491547,0.5143293917868801,0.5143293917868802,0.4552764027919192,0.5143293917868801,0.5200287516758537
36,27,0.5546358851306942,0.601331490735237,0.5546358851306942,0.6723696433750126,0.6311728201744438,0.5546358851306942,0.5546358851306941,0.5590348696444571,0.5546358851306942,0.5356083431836791
36,28,0.44244189596038336,0.5481805775589356,0.44244189596038336,0.6235513860801566,0.6178659067344882,0.44244189596038336,0.44244189596038336,0.49653195404282624,0.44244189596038336,0.39246936327411525
36,29,0.4324085757697715,0.5586725332586207,0.4324085757697715,0.6609897638745192,0.5926598531993721,0.4324085757697715,0.43240857576977154,0.45094548366944875,0.4324085757697715,0.390635580949647
36,30,0.5964279737203805,0.5978608131035905,0.5964279737203805,0.6781499668446354,0.6322512081617304,0.5964279737203805,0.5964279737203804,0.5740293145446116,0.5964279737203805,0.5976041289330509
36,31,0.5615175540822368,0.5659192687347618,0.5615175540822368,0.6716509758747959,0.6388638696978023,0.5615175540822368,0.5615175540822368,0.5448416010865371,0.5615175540822368,0.5635348458747129
36,32,0.5194404638900554,0.639334312332539,0.5194404638900554,0.7048611034019809,0.49422731216635707,0.5194404638900554,0.5194404638900554,0.44650769423069425,0.5194404638900554,0.5186856183545717
36,33,0.46865916270859503,0.6069468668993058,0.46865916270859503,0.671150931779507,0.5671420823475365,0.46865916270859503,0.468659162708595,0.49708295354989174,0.46865916270859503,0.4580348385177357
36,34,0.4595090036624611,0.6017575103469079,0.4595090036624611,0.6433526171878293,0.6007076538208483,0.4595090036624611,0.45950900366246106,0.5200440077400353,0.4595090036624611,0.4193911927252796
36,35,0.5246614665102673,0.4341078416058264,0.5246614665102673,0.5972825942860007,0.44539850715237744,0.5246614665102673,0.5246614665102673,0.3571398413957393,0.5246614665102673,0.5219773625536995
36,36,0.5393416044818942,0.6317940943512422,0.5393416044818942,0.6878339674176859,0.5576068557939935,0.5393416044818942,0.5393416044818942,0.5082361040070915,0.5393416044818942,0.5224621529008557
36,37,0.6092380848747224,0.6569530708861915,0.6092380848747224,0.7038665641932811,0.5977667799106261,0.6092380848747224,0.6092380848747223,0.5496684548273345,0.6092380848747224,0.613962374883349
36,38,0.6128891161632893,0.6388474009124603,0.6128891161632893,0.7095593561116037,0.6504640248415606,0.6128891161632893,0.6128891161632892,0.5784066123710598,0.6128891161632893,0.6152149656284134
36,39,0.5079026846370384,0.567619052621122,0.5079026846370384,0.6877544557711914,0.5754999199735442,0.5079026846370384,0.5079026846370382,0.47658564978471757,0.5079026846370384,0.49642159244262674
36,40,0.6035640718821061,0.5897812294242468,0.6035640718821061,0.6788898473998332,0.6138914652322507,0.6035640718821061,0.6035640718821063,0.534897667938594,0.6035640718821061,0.5971382519399407
36,41,0.5336504003264276,0.6427020421883289,0.5336504003264276,0.6903432099086226,0.5850702118100248,0.5336504003264276,0.5336504003264276,0.5477134877860783,0.5336504003264276,0.5221677748218242
36,42,0.44027553066564273,0.5322858318634964,0.44027553066564273,0.6706168855215864,0.6112481966926451,0.44027553066564273,0.44027553066564273,0.4731813408409458,0.44027553066564273,0.4072348696210264
36,43,0.5602385315661809,0.583077660200318,0.5602385315661809,0.6898661737671798,0.6650201906977513,0.5602385315661809,0.5602385315661809,0.5643840126090864,0.5602385315661809,0.5509302049880945
36,44,0.6302811833058383,0.6800773485479139,0.6302811833058383,0.7307935541987621,0.6322228100584009,0.6302811833058383,0.6302811833058384,0.5827534672956142,0.6302811833058383,0.6294899706691736
36,45,0.5339690408529865,0.57916099929714,0.5339690408529865,0.6491301768078392,0.5664826127706832,0.5339690408529865,0.5339690408529865,0.473164465815263,0.5339690408529865,0.5109276464959115
36,46,0.5531850439113408,0.5762749133290619,0.5531850439113408,0.672455770365701,0.5559303844534291,0.5531850439113408,0.5531850439113408,0.5049890778769041,0.5531850439113408,0.5584426548056988
36,47,0.4550890163058644,0.5478798164331309,0.4550890163058644,0.6467231464810078,0.6092434542770553,0.4550890163058644,0.4550890163058644,0.49668218573576056,0.4550890163058644,0.4424512859884482
36,48,0.44869734195815525,0.5824804776612239,0.44869734195815525,0.6707272634425117,0.6230977375899329,0.44869734195815525,0.44869734195815525,0.519714679480435,0.44869734195815525,0.41795187900566455
36,49,0.5424099947376456,0.6253441509330966,0.5424099947376456,0.7066478809661769,0.6795613227470917,0.5424099947376456,0.5424099947376457,0.6036382262203189,0.5424099947376456,0.5506873801426975
36,50,0.5110224625309313,0.5924204184530779,0.5110224625309313,0.6532465146443956,0.5319458548671494,0.5110224625309313,0.5110224625309313,0.4836379867921339,0.5110224625309313,0.5216794977861214
36,51,0.5779993259205659,0.5626349680128966,0.5779993259205659,0.6791364933078792,0.6503505290714531,0.5779993259205659,0.5779993259205658,0.5514664101138904,0.5779993259205659,0.5514818633852311
36,52,0.4504973960963794,0.6069741939949871,0.4504973960963794,0.6801067630466252,0.6430052152838706,0.4504973960963794,0.4504973960963794,0.5485891730116566,0.4504973960963794,0.42466474830752327
36,53,0.47246063990340237,0.5258431460902391,0.47246063990340237,0.6279888949389909,0.6011904353660699,0.47246063990340237,0.47246063990340237,0.4836946165911282,0.47246063990340237,0.4266138879683009
36,54,0.4313067616188797,0.5177697962202015,0.4313067616188797,0.6483521650242042,0.6106868223145347,0.4313067616188797,0.4313067616188797,0.4760834615337362,0.4313067616188797,0.38591910388775924
36,55,0.46995314618259076,0.6242450814514255,0.46995314618259076,0.6786014733862813,0.6236953988132893,0.46995314618259076,0.46995314618259076,0.5584063717144694,0.46995314618259076,0.4527685588269954
36,56,0.4453375382607914,0.5258975991855177,0.4453375382607914,0.6497616756239546,0.5668771192552833,0.4453375382607914,0.44533753826079137,0.4358748344280806,0.4453375382607914,0.4010413337877127
36,57,0.5348736677197261,0.5911324996566706,0.5348736677197261,0.6827379864719734,0.5562193181123619,0.5348736677197261,0.5348736677197261,0.4892762183654593,0.5348736677197261,0.5037140242546204
36,58,0.5280083536041923,0.6144608822512476,0.5280083536041923,0.6698456594688013,0.5789845670572078,0.5280083536041923,0.5280083536041923,0.525090645150766,0.5280083536041923,0.5244351483164175
36,59,0.4556269603152692,0.5489117830985002,0.4556269603152692,0.6605036290513736,0.6100177880769988,0.4556269603152692,0.4556269603152692,0.4806582568735746,0.4556269603152692,0.40887098140486405
36,60,0.5048895848780213,0.6226164119302372,0.5048895848780213,0.6954887707684678,0.6535226635575719,0.5048895848780213,0.5048895848780213,0.5937415795351243,0.5048895848780213,0.5129032544433229
36,61,0.5025849468788421,0.5852104908170553,0.5025849468788421,0.656880949288329,0.5581969029527496,0.5025849468788421,0.5025849468788421,0.5264211442662121,0.5025849468788421,0.5226114195781117
36,62,0.4657015392967216,0.5720300515563597,0.4657015392967216,0.654694555889499,0.6093886542405249,0.4657015392967216,0.46570153929672164,0.5132616525462441,0.4657015392967216,0.4496841144989282
36,63,0.5252685468718914,0.5792542542973915,0.5252685468718914,0.6650030687578197,0.5940010667546747,0.5252685468718914,0.5252685468718914,0.5012463063777889,0.5252685468718914,0.4964022956388921
36,64,0.5612376633659943,0.6093229320730913,0.5612376633659943,0.6900388255884722,0.5990471054195214,0.5612376633659943,0.5612376633659943,0.5461506895059889,0.5612376633659943,0.5616483687814734
36,65,0.5018431249705543,0.5880061713250271,0.5018431249705543,0.6458792281489178,0.6103167595958763,0.5018431249705543,0.5018431249705544,0.5213908644788663,0.5018431249705543,0.4982745697621143
36,66,0.5241243588277039,0.4995747577891947,0.5241243588277039,0.6340278736870335,0.5617051533492783,0.5241243588277039,0.5241243588277039,0.4656162780120128,0.5241243588277039,0.5191643662358141
36,67,0.5119846100993156,0.4823256279215289,0.5119846100993156,0.6457449935469894,0.5690115452584115,0.5119846100993156,0.5119846100993157,0.408993551952916,0.5119846100993156,0.4688621034642521
36,68,0.6152874227687009,0.6648181731711336,0.6152874227687009,0.723212834806761,0.6749853290535602,0.6152874227687009,0.6152874227687009,0.6356621683695268,0.6152874227687009,0.6095400979383261
36,69,0.42650940500641976,0.5551393936221719,0.42650940500641976,0.6603839276514308,0.6075294309002642,0.42650940500641976,0.42650940500641976,0.4931187610739911,0.42650940500641976,0.38168039654769037
36,70,0.4112048096599096,0.5824969079029914,0.4112048096599096,0.6519821577886513,0.598417675144324,0.4112048096599096,0.4112048096599096,0.4946623142901662,0.4112048096599096,0.3446820287655996
36,71,0.5418766969884706,0.6150018187560877,0.5418766969884706,0.7009125171797657,0.6026817262284552,0.5418766969884706,0.5418766969884707,0.511439429958712,0.5418766969884706,0.5266349243330783
36,72,0.47447563003985654,0.509428609172173,0.47447563003985654,0.6249849486901204,0.6185152820552644,0.47447563003985654,0.47447563003985654,0.49166999322587746,0.47447563003985654,0.43603422267206954
36,73,0.4867590411345498,0.5838045912779369,0.4867590411345498,0.680267131450667,0.6284454818602005,0.4867590411345498,0.4867590411345499,0.517077286003753,0.4867590411345498,0.45662970025052046
36,74,0.5038541193232109,0.6301045257435126,0.5038541193232109,0.673878271366906,0.6207616475010614,0.5038541193232109,0.5038541193232109,0.5666407009570282,0.5038541193232109,0.5134771285453222
36,75,0.530662483297856,0.5019187784535384,0.530662483297856,0.6433490209173586,0.5541734409003696,0.530662483297856,0.530662483297856,0.4229342689963298,0.530662483297856,0.5083686803126849
36,76,0.5680535412726831,0.5802733154851878,0.5680535412726831,0.6881329252534448,0.6413233604954051,0.5680535412726831,0.5680535412726831,0.5608624714479025,0.5680535412726831,0.5802741118714172
36,77,0.5594966167326885,0.6335598636006161,0.5594966167326885,0.7065974699799906,0.5921701261445894,0.5594966167326885,0.5594966167326885,0.5576562052141294,0.5594966167326885,0.5460932871692301
36,78,0.5118240353457743,0.6086717584413811,0.5118240353457743,0.6354056486473425,0.6086574562074456,0.5118240353457743,0.5118240353457741,0.5514922259080864,0.5118240353457743,0.49754297906821965
36,79,0.42361041739864624,0.4923189665342951,0.42361041739864624,0.6045208081730378,0.6267190873898167,0.42361041739864624,0.42361041739864624,0.4674554004810204,0.42361041739864624,0.3616332185049287
36,80,0.6241881705656999,0.6622235778366254,0.6241881705656999,0.7091961852582063,0.6274647508220734,0.6241881705656999,0.6241881705656999,0.6041213760473482,0.6241881705656999,0.6261129348468939
36,81,0.5002589360826061,0.6063340195024525,0.5002589360826061,0.6746493715099826,0.608486595427572,0.5002589360826061,0.500258936082606,0.5461239672231226,0.5002589360826061,0.49489014654763813
36,82,0.5979149628443216,0.618291351580455,0.5979149628443216,0.6790394731456457,0.5981723086524564,0.5979149628443216,0.5979149628443216,0.5629622765547013,0.5979149628443216,0.5932601532242583
36,83,0.5439302510848321,0.6149078248800042,0.5439302510848321,0.6922994047968118,0.5641985896294845,0.5439302510848321,0.5439302510848321,0.5100977943792239,0.5439302510848321,0.5266293565227884
36,84,0.5606262155197543,0.6296195389978807,0.5606262155197543,0.6834525661148056,0.6523155970414116,0.5606262155197543,0.5606262155197543,0.6051144662566499,0.5606262155197543,0.5781477504025032
36,85,0.5240343143044507,0.6166336380681359,0.5240343143044507,0.7014161332843383,0.5979206846054284,0.5240343143044507,0.5240343143044506,0.524608346514216,0.5240343143044507,0.5065016010666844
36,86,0.5525647681706642,0.6057699910132297,0.5525647681706642,0.6534648514003691,0.47487630755289445,0.5525647681706642,0.5525647681706642,0.46094738225547405,0.5525647681706642,0.5537411217557098
36,87,0.5351441729903043,0.6476172907282393,0.5351441729903043,0.697855460360583,0.5920808337382648,0.5351441729903043,0.5351441729903043,0.5505765593286055,0.5351441729903043,0.555503311528363
36,88,0.40980749335840333,0.524205133695212,0.40980749335840333,0.5997561809309208,0.4562578416124502,0.40980749335840333,0.4098074933584033,0.37365747678594863,0.40980749335840333,0.3930846932914686
36,89,0.5328321938999622,0.5662789877785864,0.5328321938999622,0.654921097418155,0.5501273457596163,0.5328321938999622,0.5328321938999621,0.5007105436872482,0.5328321938999622,0.5481716263905565
36,90,0.5352592143935938,0.6231041091209872,0.5352592143935938,0.6912872300677846,0.5662753661658709,0.5352592143935938,0.5352592143935938,0.5153483024298012,0.5352592143935938,0.529355524166244
36,91,0.47048430665206004,0.6094756496737015,0.47048430665206004,0.6633295304825787,0.6300948086794289,0.47048430665206004,0.4704843066520601,0.5448513473920507,0.47048430665206004,0.4316612133237651
36,92,0.4864409581592186,0.6142311531053957,0.4864409581592186,0.6930993542401418,0.6551130559242453,0.4864409581592186,0.4864409581592186,0.5630384698555816,0.4864409581592186,0.46764872465248686
36,93,0.4580726587750246,0.5248412981892553,0.4580726587750246,0.6661962651742757,0.6491033438034213,0.4580726587750246,0.4580726587750247,0.5024895172548287,0.4580726587750246,0.41063796567310995
36,94,0.4159281048843067,0.49005185245397087,0.4159281048843067,0.5830819886751679,0.5702429260849435,0.4159281048843067,0.41592810488430676,0.4492542446424232,0.4159281048843067,0.34650722168940395
36,95,0.5226968418347041,0.5545299143889528,0.5226968418347041,0.6437179888387441,0.6549165432981612,0.5226968418347041,0.522696841834704,0.5408776393096564,0.5226968418347041,0.48567785860662727
36,96,0.5399051029225628,0.5806288362175358,0.5399051029225628,0.6602629492454195,0.5402536418503593,0.5399051029225628,0.5399051029225628,0.46019583869869884,0.5399051029225628,0.5277441916115088
36,97,0.6064701218054289,0.6594294828861249,0.6064701218054289,0.7172286290683321,0.6523124171216365,0.6064701218054289,0.6064701218054289,0.6028647178955079,0.6064701218054289,0.5972184909080007
36,98,0.5097299658602091,0.5992976966791713,0.5097299658602091,0.667980020900474,0.6091312504748783,0.5097299658602091,0.509729965860209,0.543761324099597,0.5097299658602091,0.502669443957907
36,99,0.5273818518748078,0.5261802930813433,0.5273818518748078,0.6398701137772674,0.5237244509995138,0.5273818518748078,0.5273818518748078,0.4527951563341178,0.5273818518748078,0.5329647057125823
37,0,0.6524502564410408,0.6745626860517909,0.6524502564410408,0.7105582535999662,0.6242956650095846,0.6524502564410408,0.6524502564410408,0.61440591113325,0.6524502564410408,0.6570332824159792
37,1,0.5304558176428351,0.5319702133305629,0.5304558176428351,0.6429451725260174,0.6035312382260143,0.5304558176428351,0.5304558176428351,0.5003059313202005,0.5304558176428351,0.5205213525141449
37,2,0.42624633375220916,0.5389686126081553,0.42624633375220916,0.6282957309031107,0.5800592268682564,0.42624633375220916,0.4262463337522092,0.4571099490988859,0.42624633375220916,0.38769415369818816
37,3,0.5218817019399902,0.5759474542647338,0.5218817019399902,0.630325617738423,0.5828507630560676,0.5218817019399902,0.5218817019399903,0.5230791580056611,0.5218817019399902,0.5151416589232651
37,4,0.4987286438133233,0.6068407400604297,0.4987286438133233,0.699375581912181,0.5702102156675444,0.4987286438133233,0.4987286438133234,0.4913168004434655,0.4987286438133233,0.5140379532261572
37,5,0.47220342293708134,0.5627109800968381,0.47220342293708134,0.6331363349493788,0.6528482224080865,0.47220342293708134,0.47220342293708134,0.549662724482609,0.47220342293708134,0.43622751379656277
37,6,0.5026237896143632,0.540092618844847,0.5026237896143632,0.6395337871727519,0.6420512194354869,0.5026237896143632,0.5026237896143632,0.5318949746238589,0.5026237896143632,0.49965833298820383
37,7,0.4848898506441064,0.595666274933847,0.4848898506441064,0.6715145779849655,0.6404817554415005,0.4848898506441064,0.4848898506441064,0.55326222803686,0.4848898506441064,0.4632331832115942
37,8,0.5194720584596179,0.5823909982998441,0.5194720584596179,0.6552138220008322,0.5672170491248989,0.5194720584596179,0.5194720584596179,0.509894833801567,0.5194720584596179,0.5285252669355209
37,9,0.5283130553500618,0.6272896622227389,0.5283130553500618,0.6546408780958248,0.47589404301400823,0.5283130553500618,0.5283130553500618,0.44894227598857156,0.5283130553500618,0.5304359757618888
37,10,0.5960827565853073,0.7026649777678545,0.5960827565853073,0.711117287756077,0.5966563801449951,0.5960827565853073,0.5960827565853073,0.5813040158899905,0.5960827565853073,0.6049867340458607
37,11,0.5409174301014288,0.5353889442457692,0.5409174301014288,0.6586852773308991,0.66951902033047,0.5409174301014288,0.5409174301014288,0.5447705848684699,0.5409174301014288,0.5247946967308317
37,12,0.5194015282293297,0.5886616774810505,0.5194015282293297,0.6602426490912097,0.6332920958353982,0.5194015282293297,0.5194015282293297,0.572552084380684,0.5194015282293297,0.5304186157606006
37,13,0.4770856202613373,0.5771931208972632,0.4770856202613373,0.6605726705890242,0.6059672067724022,0.4770856202613373,0.4770856202613373,0.49440316900744974,0.4770856202613373,0.4596413706472047
37,14,0.41714886329708106,0.55434714696191,0.41714886329708106,0.643038038312016,0.5171152313601759,0.41714886329708106,0.417148863297081,0.43247896507610595,0.41714886329708106,0.3809388586558834
37,15,0.5343972401957636,0.5983132241728835,0.5343972401957636,0.6566931854801242,0.6075924784654159,0.5343972401957636,0.5343972401957637,0.5557666333617692,0.5343972401957636,0.5264476438237183
37,16,0.6341874801314297,0.6284720518192755,0.6341874801314297,0.6942887839863803,0.657784628323353,0.6341874801314297,0.6341874801314297,0.6104429965788134,0.6341874801314297,0.6439369160516193
37,17,0.4573743258624876,0.5810698370780146,0.4573743258624876,0.6381630483521796,0.6356550384358713,0.4573743258624876,0.4573743258624876,0.5320517487504538,0.4573743258624876,0.40232974144057043
37,18,0.5228006392882375,0.51027434349505,0.5228006392882375,0.6017571367642514,0.4474533901386212,0.5228006392882375,0.5228006392882375,0.37638569050435045,0.5228006392882375,0.5149146887416346
37,19,0.5394318348555566,0.5602570725393758,0.5394318348555566,0.6651164268228262,0.5811760020103547,0.5394318348555566,0.5394318348555566,0.5065716351194303,0.5394318348555566,0.5172148504366235
37,20,0.5899788715962311,0.5095869372947882,0.5899788715962311,0.6153615235898164,0.5602107692323177,0.5899788715962311,0.5899788715962311,0.5015781413914661,0.5899788715962311,0.5816735279814567
37,21,0.5276516137437492,0.486717885970881,0.5276516137437492,0.5965260599804744,0.44792538155214573,0.5276516137437492,0.5276516137437492,0.40727478880212487,0.5276516137437492,0.524262193971179
37,22,0.4642428923601822,0.5735496472580721,0.4642428923601822,0.6537724996336982,0.5550206928140651,0.4642428923601822,0.4642428923601822,0.46945981982108653,0.4642428923601822,0.45052781968099853
37,23,0.4994799440924799,0.5228983838023334,0.4994799440924799,0.626426906526936,0.5633750385948819,0.4994799440924799,0.49947994409247987,0.46491868353407884,0.4994799440924799,0.45823187320976694
37,24,0.4921099531907867,0.5730558646602295,0.4921099531907867,0.6693610895783255,0.6269840065751366,0.4921099531907867,0.4921099531907867,0.5113954197743786,0.4921099531907867,0.4702587454063373
37,25,0.4653106029609873,0.5268733270248221,0.4653106029609873,0.6448117137446512,0.6417620718900499,0.4653106029609873,0.46531060296098736,0.5009219880560245,0.4653106029609873,0.41179285838232343
37,26,0.6441741518693346,0.6062417939031173,0.6441741518693346,0.6843481268945713,0.6735778068455165,0.6441741518693346,0.6441741518693345,0.6033357867995657,0.6441741518693346,0.6350474477327166
37,27,0.5181490823217882,0.5659887817949835,0.5181490823217882,0.6526414199459993,0.5706436621965365,0.5181490823217882,0.5181490823217882,0.5044151870402609,0.5181490823217882,0.501255754429181
37,28,0.40748055331012123,0.4513262388728789,0.40748055331012123,0.5687229830365055,0.5414276380082255,0.40748055331012123,0.4074805533101213,0.4157650060028335,0.40748055331012123,0.36714647966951663
37,29,0.4306974510523454,0.5691053506867207,0.4306974510523454,0.6669330854620725,0.5977781416142876,0.4306974510523454,0.43069745105234536,0.45998592642290026,0.4306974510523454,0.389354267477646
37,30,0.5609734770093286,0.5771111441737219,0.5609734770093286,0.6611369819443985,0.6167796873906668,0.5609734770093286,0.5609734770093286,0.5480720674003071,0.5609734770093286,0.5608670670822564
37,31,0.5663422307048479,0.5696714905347701,0.5663422307048479,0.6748896423906738,0.6383165551216758,0.5663422307048479,0.5663422307048479,0.5503657273027847,0.5663422307048479,0.5706916960945267
37,32,0.5269383198732723,0.6327684162920666,0.5269383198732723,0.6975999384299858,0.5034705360547662,0.5269383198732723,0.5269383198732723,0.44773064423376535,0.5269383198732723,0.5230428812682848
37,33,0.4829516167266483,0.6219141090199245,0.4829516167266483,0.6765078924337169,0.5840239265194647,0.4829516167266483,0.48295161672664827,0.5227359936857101,0.4829516167266483,0.4756516868534793
37,34,0.4559695755446137,0.5972576432051028,0.4559695755446137,0.6392920701219802,0.5995888285447993,0.4559695755446137,0.4559695755446137,0.5174985623704187,0.4559695755446137,0.41437752617873186
37,35,0.5296696704119551,0.4419692732112525,0.5296696704119551,0.5978477079486233,0.43082113618328316,0.5296696704119551,0.5296696704119551,0.3516910027047957,0.5296696704119551,0.5250716446217213
37,36,0.529549703972822,0.6220833944307429,0.529549703972822,0.6762937348122771,0.5520474446582517,0.529549703972822,0.5295497039728219,0.5014009364447347,0.529549703972822,0.5101174276342826
37,37,0.5937977258042978,0.6299147825091677,0.5937977258042978,0.6915756969642204,0.5877316099588135,0.5937977258042978,0.5937977258042979,0.5203812312862063,0.5937977258042978,0.592688713025703
37,38,0.6056553536115334,0.6210534540639614,0.6056553536115334,0.6985529242539297,0.6390263342028095,0.6056553536115334,0.6056553536115334,0.5613482969115708,0.6056553536115334,0.6081864571468223
37,39,0.5909888756449823,0.6347902350099092,0.5909888756449823,0.7186943624495188,0.6727251109095133,0.5909888756449823,0.5909888756449823,0.5914181755733665,0.5909888756449823,0.5696779974071765
37,40,0.5748064158906561,0.5736529935084285,0.5748064158906561,0.6639304781626152,0.595113697372546,0.5748064158906561,0.5748064158906561,0.5161427783006768,0.5748064158906561,0.5652402084376671
37,41,0.5391670909476634,0.6378622108348442,0.5391670909476634,0.6889091631509976,0.5998897294080483,0.5391670909476634,0.5391670909476634,0.5543315708171064,0.5391670909476634,0.5254782701563215
37,42,0.43785473616071896,0.5268115645839024,0.43785473616071896,0.6634767977071601,0.6050551588315459,0.43785473616071896,0.43785473616071896,0.4614414052297138,0.43785473616071896,0.40323429628468194
37,43,0.5372862848066454,0.5634992452059184,0.5372862848066454,0.6717872841959445,0.6463368202838693,0.5372862848066454,0.5372862848066453,0.5373272517552383,0.5372862848066454,0.5225235174750944
37,44,0.5740097681116567,0.6395656869271502,0.5740097681116567,0.6949092167673844,0.531877126128488,0.5740097681116567,0.5740097681116567,0.48840119427797885,0.5740097681116567,0.5695363855653436
37,45,0.5438276616589584,0.5839090888058399,0.5438276616589584,0.6588378497573815,0.5740998244880526,0.5438276616589584,0.5438276616589584,0.4781936169696076,0.5438276616589584,0.5213409567638868
37,46,0.5385709757601816,0.5921314604505274,0.5385709757601816,0.6781088471876751,0.5566273557870867,0.5385709757601816,0.5385709757601815,0.5078272693797399,0.5385709757601816,0.5459551554169173
37,47,0.4728683027759639,0.5600020095191609,0.4728683027759639,0.6617318822107386,0.6384872285848591,0.4728683027759639,0.47286830277596387,0.5221103054014093,0.4728683027759639,0.4607813247728432
37,48,0.45124971855278656,0.5778910224104932,0.45124971855278656,0.6657662257910251,0.6103027194463545,0.45124971855278656,0.45124971855278656,0.513767440832004,0.45124971855278656,0.42689699329384406
37,49,0.5240223269530578,0.6210534456476094,0.5240223269530578,0.7012745249075144,0.6627335968300417,0.5240223269530578,0.5240223269530577,0.5889346946641915,0.5240223269530578,0.5357316377158062
37,50,0.5959825832147531,0.6490362080063251,0.5959825832147531,0.6949359183008362,0.6608692604723131,0.5959825832147531,0.595982583214753,0.6148576168656763,0.5959825832147531,0.6128563964658824
37,51,0.5710366261906158,0.5551160133005208,0.5710366261906158,0.6779867839963024,0.6450292083823206,0.5710366261906158,0.5710366261906158,0.537818699545003,0.5710366261906158,0.5440065226528197
37,52,0.45607328007294257,0.6177243883435558,0.45607328007294257,0.6861084943354578,0.6484291121774821,0.45607328007294257,0.45607328007294257,0.5565935505605173,0.45607328007294257,0.4316610130680748
37,53,0.4520944086625619,0.5074570961827524,0.4520944086625619,0.6178550066277315,0.5626105782070674,0.4520944086625619,0.4520944086625619,0.4496213202365229,0.4520944086625619,0.4101271894139268
37,54,0.4325866204617769,0.5021960991331669,0.4325866204617769,0.6424520673738418,0.6134962488729342,0.4325866204617769,0.4325866204617769,0.4702120933479972,0.4325866204617769,0.38778560540862506
37,55,0.44186826867241386,0.6107944066045927,0.44186826867241386,0.6730062129338953,0.5874360310435391,0.44186826867241386,0.44186826867241386,0.5239636815791515,0.44186826867241386,0.4223882451596064
37,56,0.45652554704371007,0.5434165215620361,0.45652554704371007,0.6731873782159787,0.5991428399792712,0.45652554704371007,0.45652554704371007,0.46632670581190394,0.45652554704371007,0.4137605660001032
37,57,0.5398016771698476,0.5737896262840968,0.5398016771698476,0.667159440584252,0.5472114767791303,0.5398016771698476,0.5398016771698476,0.4760497018424673,0.5398016771698476,0.5016978180093553
37,58,0.4686201341226648,0.5628675302666613,0.4686201341226648,0.6350755255034526,0.48211886785207275,0.4686201341226648,0.4686201341226648,0.4097141132721386,0.4686201341226648,0.4543800849929981
37,59,0.4574548920148721,0.5439659835947535,0.4574548920148721,0.6614305271165948,0.6209507352923143,0.4574548920148721,0.4574548920148721,0.48677559408994275,0.4574548920148721,0.4099138728350339
37,60,0.514529180976761,0.6211628982592905,0.514529180976761,0.6954048948696108,0.6601179741900532,0.514529180976761,0.5145291809767609,0.5984540135943661,0.514529180976761,0.5242078770030146
37,61,0.5861492380644312,0.6426131817811656,0.5861492380644312,0.6921525266328625,0.6510672933791288,0.5861492380644312,0.5861492380644312,0.6154299014005478,0.5861492380644312,0.6003648417521434
37,62,0.46712060009610323,0.5902805143740026,0.46712060009610323,0.6686896810697714,0.6176932131358371,0.46712060009610323,0.46712060009610323,0.5252453380966531,0.46712060009610323,0.4538619228956439
37,63,0.5230516302658507,0.5669845739553205,0.5230516302658507,0.6640537221178539,0.6017820313767703,0.5230516302658507,0.5230516302658507,0.49867931745616306,0.5230516302658507,0.497432775238912
37,64,0.5443398653866901,0.6079752741811753,0.5443398653866901,0.6873320100272694,0.584776490640663,0.5443398653866901,0.5443398653866902,0.5342402287952515,0.5443398653866901,0.5487666267695175
37,65,0.5672725049280559,0.618774885870379,0.5672725049280559,0.6805354153320441,0.6537213445575171,0.5672725049280559,0.5672725049280559,0.5738768894548311,0.5672725049280559,0.5703657329234414
37,66,0.5223145475429972,0.501648738286062,0.5223145475429972,0.6343300403594258,0.5608031122687271,0.5223145475429972,0.5223145475429972,0.469462554501869,0.5223145475429972,0.5173523605249432
37,67,0.5944783100027571,0.6142773469607207,0.5944783100027571,0.7044354917114793,0.6630427399412662,0.5944783100027571,0.5944783100027571,0.5751662674069024,0.5944783100027571,0.5694725709888956
37,68,0.6015194386053859,0.6579742508263688,0.6015194386053859,0.7207254076021448,0.669739649693013,0.6015194386053859,0.6015194386053859,0.6274082209080025,0.6015194386053859,0.597231587061742
37,69,0.42418469516304796,0.547378654754307,0.42418469516304796,0.6614944057172839,0.608436463030722,0.42418469516304796,0.4241846951630479,0.48783064329531367,0.42418469516304796,0.3750253260348091
37,70,0.41667420135200595,0.59048371707001,0.41667420135200595,0.6521760138145514,0.6066232821688633,0.41667420135200595,0.41667420135200595,0.5020070476314777,0.41667420135200595,0.3499718073797299
37,71,0.5460819341972466,0.6211012727959386,0.5460819341972466,0.7000097082012064,0.6000631266774699,0.5460819341972466,0.5460819341972465,0.5099102641648421,0.5460819341972466,0.5281758261444297
37,72,0.4779196239725841,0.5117178649343035,0.4779196239725841,0.6340114708292037,0.6165833929446689,0.4779196239725841,0.47791962397258414,0.49481218614979117,0.4779196239725841,0.44535683015573657
37,73,0.48983839656444367,0.5932123940527539,0.48983839656444367,0.6732496682611986,0.6311647084278684,0.48983839656444367,0.4898383965644436,0.5285172040835575,0.48983839656444367,0.4633242750252585
37,74,0.5263102384154097,0.6507748180516152,0.5263102384154097,0.6842349255180077,0.6459703469431506,0.5263102384154097,0.5263102384154097,0.593938565476918,0.5263102384154097,0.5360784583992622
37,75,0.4973570677934901,0.49467709527153314,0.4973570677934901,0.6416878352593604,0.5370990394084372,0.4973570677934901,0.4973570677934901,0.3978082130279096,0.4973570677934901,0.47389534341773465
37,76,0.5653467229880137,0.5790142498921577,0.5653467229880137,0.6864863863971213,0.6361571342209793,0.5653467229880137,0.5653467229880137,0.554353767899415,0.5653467229880137,0.5780462013910943
37,77,0.5540386548407573,0.6380283369365275,0.5540386548407573,0.7056131755314614,0.5743562236267548,0.5540386548407573,0.5540386548407574,0.5485074250883544,0.5540386548407573,0.5436874883882529
37,78,0.5313713167585123,0.6172662308868313,0.5313713167585123,0.6469233068808158,0.6153782002734871,0.5313713167585123,0.5313713167585123,0.5640656587743161,0.5313713167585123,0.5243612732272332
37,79,0.4281736954207295,0.4955335021412967,0.4281736954207295,0.6151918360897268,0.6344776154883516,0.4281736954207295,0.4281736954207296,0.4703476925655671,0.4281736954207295,0.36559735089820944
37,80,0.6283449937428813,0.6529392786680643,0.6283449937428813,0.7086607275788712,0.6228440570346718,0.6283449937428813,0.6283449937428813,0.5920078750619826,0.6283449937428813,0.628954935756137
37,81,0.4570473220675152,0.5635011084517169,0.4570473220675152,0.6415561241435878,0.5681352270267965,0.4570473220675152,0.4570473220675152,0.49153570353138554,0.4570473220675152,0.435158282244745
37,82,0.5772743234743098,0.608691519412127,0.5772743234743098,0.6706659479950705,0.5767407849362778,0.5772743234743098,0.5772743234743098,0.5391916979710597,0.5772743234743098,0.5706034128726123
37,83,0.5496548153887484,0.6108537291206078,0.5496548153887484,0.6831622152683254,0.5591501069392595,0.5496548153887484,0.5496548153887484,0.5050528052129128,0.5496548153887484,0.5266070368352088
37,84,0.5490119588233551,0.6172415353125391,0.5490119588233551,0.6762462504277065,0.6381730562200321,0.5490119588233551,0.5490119588233551,0.5887518970052947,0.5490119588233551,0.5655875947974243
37,85,0.5107868971372811,0.6166922019793074,0.5107868971372811,0.7054241161930777,0.5854581109147574,0.5107868971372811,0.5107868971372811,0.5146815331139059,0.5107868971372811,0.4953570161107499
37,86,0.5649687961809228,0.6058788997038107,0.5649687961809228,0.6613368007615685,0.4963892517064994,0.5649687961809228,0.5649687961809227,0.48365454591576584,0.5649687961809228,0.5693521865332354
37,87,0.5128623815819271,0.6343041696195566,0.5128623815819271,0.696963982095218,0.5806108497425777,0.5128623815819271,0.5128623815819271,0.5295589895706144,0.5128623815819271,0.5304896009414556
37,88,0.4601291864779331,0.5506886769190606,0.4601291864779331,0.6189667444606295,0.49924359266448814,0.4601291864779331,0.4601291864779331,0.425318663341123,0.4601291864779331,0.45271812289369007
37,89,0.5077144181725274,0.5670782140734932,0.5077144181725274,0.6487862889221012,0.5336178149461228,0.5077144181725274,0.5077144181725273,0.493695409044705,0.5077144181725274,0.5267163575925811
37,90,0.5249829877181686,0.6199994995319105,0.5249829877181686,0.6944261453165148,0.5571473762525443,0.5249829877181686,0.5249829877181686,0.5062928347448339,0.5249829877181686,0.5221869597196879
37,91,0.47197677836307234,0.6036659568370071,0.47197677836307234,0.6624608299756303,0.6278369731420669,0.47197677836307234,0.47197677836307234,0.5394814768702376,0.47197677836307234,0.43316739519166525
37,92,0.4866619342957473,0.6099950743568143,0.4866619342957473,0.6953967853216767,0.6636554406147259,0.4866619342957473,0.4866619342957472,0.5634838735296005,0.4866619342957473,0.4628268603013693
37,93,0.46635703368994,0.5323597248364725,0.46635703368994,0.6652489495384011,0.6532032443578988,0.46635703368994,0.46635703368993997,0.5132519782120845,0.46635703368994,0.4212139683149918
37,94,0.41234435144386716,0.47903932441033004,0.41234435144386716,0.5766906714819717,0.5732060729227177,0.41234435144386716,0.41234435144386716,0.44329131104685454,0.41234435144386716,0.3419376086773857
37,95,0.38677876915548554,0.4375031859927452,0.38677876915548554,0.570077640098499,0.45815908332901456,0.38677876915548554,0.3867787691554855,0.3523912128238085,0.38677876915548554,0.3339796151551466
37,96,0.5339507345876812,0.5716127851782169,0.5339507345876812,0.6545702337554086,0.5239121464977632,0.5339507345876812,0.533950734587681,0.4478062479735388,0.5339507345876812,0.5244846204237728
37,97,0.5913710770114845,0.6508293738473373,0.5913710770114845,0.7091579870218745,0.6401626475783991,0.5913710770114845,0.5913710770114846,0.590459003948338,0.5913710770114845,0.5851155387373415
37,98,0.5314668438688368,0.6104308257076876,0.5314668438688368,0.6816005525219335,0.6496088303071963,0.5314668438688368,0.5314668438688368,0.5709795273534215,0.5314668438688368,0.5179481836219866
37,99,0.5151176762974659,0.5335793065840677,0.5151176762974659,0.6399997704914127,0.5135213904708771,0.5151176762974659,0.5151176762974659,0.4501927315782308,0.5151176762974659,0.5198516036926956
38,0,0.6244504984182736,0.6415702533963035,0.6244504984182736,0.6851397877365789,0.5893386121205287,0.6244504984182736,0.6244504984182736,0.5783093928320597,0.6244504984182736,0.6280775581511107
38,1,0.527747977180915,0.5310659439473668,0.527747977180915,0.6451123265355723,0.6013438392058583,0.527747977180915,0.527747977180915,0.497519572749423,0.527747977180915,0.5171956007819357
38,2,0.38952405847485766,0.5161483697097327,0.38952405847485766,0.6050236507597713,0.5176474607697776,0.38952405847485766,0.3895240584748576,0.4007035277631247,0.38952405847485766,0.34442259798259955
38,3,0.5114709195683104,0.5720993722356233,0.5114709195683104,0.6298376173466128,0.5793510752309354,0.5114709195683104,0.5114709195683104,0.5186187538104332,0.5114709195683104,0.5070697114775271
38,4,0.5287172799900532,0.6165442495113109,0.5287172799900532,0.7034535733110928,0.5998770238759545,0.5287172799900532,0.5287172799900532,0.5241256096484911,0.5287172799900532,0.5387537869909835
38,5,0.47931052843497324,0.5697663155702462,0.47931052843497324,0.6322065288971852,0.6574782984723706,0.47931052843497324,0.4793105284349733,0.5569237253234525,0.47931052843497324,0.44192685171256213
38,6,0.4940170571647052,0.5485067637131147,0.4940170571647052,0.6456607286251688,0.6444254225464201,0.4940170571647052,0.4940170571647051,0.5293917376155373,0.4940170571647052,0.4853001022737222
38,7,0.4838459288956778,0.60231199109331,0.4838459288956778,0.6705225689575408,0.6331658657466659,0.4838459288956778,0.4838459288956778,0.5534526556122163,0.4838459288956778,0.4644472845848073
38,8,0.5144697088458197,0.5861991808361132,0.5144697088458197,0.6515766032677717,0.5684708684383323,0.5144697088458197,0.5144697088458197,0.5112649483170381,0.5144697088458197,0.5214965497793338
38,9,0.5292831944860413,0.6250289812288725,0.5292831944860413,0.6519936062915895,0.48701087069283994,0.5292831944860413,0.5292831944860414,0.4591598830333526,0.5292831944860413,0.5302960566942597
38,10,0.5911069835800234,0.6852480823893584,0.5911069835800234,0.7008584998533407,0.5746761341589139,0.5911069835800234,0.5911069835800233,0.5575844185132401,0.5911069835800234,0.5992861404597477
38,11,0.5189678462994813,0.5234332466240534,0.5189678462994813,0.6478300096542384,0.6452295466470075,0.5189678462994813,0.5189678462994813,0.524123454943308,0.5189678462994813,0.5081214047676377
38,12,0.5029678916469812,0.5573544864472448,0.5029678916469812,0.6457536167392607,0.6239678445074948,0.5029678916469812,0.5029678916469812,0.5474967864078877,0.5029678916469812,0.507685531562349
38,13,0.4850073081027154,0.583778232320028,0.4850073081027154,0.664280144236674,0.6095993862990872,0.4850073081027154,0.4850073081027154,0.499024896210963,0.4850073081027154,0.4691344484861438
38,14,0.44511488947058003,0.57384331624873,0.44511488947058003,0.6579948051317366,0.5528768445472171,0.44511488947058003,0.4451148894705801,0.4663597282946933,0.44511488947058003,0.40783344892582574
38,15,0.5350032983801372,0.6131821089848015,0.5350032983801372,0.6711357245067495,0.6236649582497907,0.5350032983801372,0.5350032983801372,0.5640439339753136,0.5350032983801372,0.5254834528173945
38,16,0.6366715567006832,0.6239521075488845,0.6366715567006832,0.6904589211402077,0.672021338862152,0.6366715567006832,0.6366715567006831,0.6230554766497717,0.6366715567006832,0.6453963689150437
38,17,0.46197338008834027,0.5829337983718219,0.46197338008834027,0.6472730575374508,0.6461851371090268,0.46197338008834027,0.4619733800883403,0.5392193204119959,0.46197338008834027,0.4109879081059728
38,18,0.48308487147003865,0.46491194536112895,0.48308487147003865,0.5674939667379997,0.406833530502529,0.48308487147003865,0.4830848714700386,0.34980840083856823,0.48308487147003865,0.4801296719749555
38,19,0.5370099252481777,0.5631208267523786,0.5370099252481777,0.6612391099668481,0.5853386849993505,0.5370099252481777,0.5370099252481777,0.5104526522280894,0.5370099252481777,0.5164785383455428
38,20,0.5456147062685391,0.48134217267859375,0.5456147062685391,0.595001822210056,0.516440485141533,0.5456147062685391,0.5456147062685391,0.4535047302597667,0.5456147062685391,0.5428649907356708
38,21,0.5202622943995001,0.4862811634904271,0.5202622943995001,0.5926563106933306,0.4340523508554403,0.5202622943995001,0.5202622943995001,0.39631527866845606,0.5202622943995001,0.515996414214445
38,22,0.48592624545096275,0.5806099493088188,0.48592624545096275,0.6716400798592267,0.5904817565571385,0.48592624545096275,0.48592624545096275,0.49221050259191934,0.48592624545096275,0.4711342117879207
38,23,0.5433651729156853,0.5646820078670444,0.5433651729156853,0.6444494550782918,0.6288996138726775,0.5433651729156853,0.5433651729156854,0.5469479621314046,0.5433651729156853,0.5105692048266355
38,24,0.5042229394602514,0.5931150464597585,0.5042229394602514,0.6762007758908831,0.6384319145962982,0.5042229394602514,0.5042229394602513,0.531773704538773,0.5042229394602514,0.48567608667220197
38,25,0.48266150423790044,0.5393576047135448,0.48266150423790044,0.6442199932807201,0.6495133530617537,0.48266150423790044,0.48266150423790044,0.5183173181640153,0.48266150423790044,0.4363376500806927
38,26,0.633761696843972,0.5968706167191866,0.633761696843972,0.6773627371187354,0.6638900567091293,0.633761696843972,0.633761696843972,0.5926780569728345,0.633761696843972,0.6255108416583242
38,27,0.524054479073848,0.5586097356598081,0.524054479073848,0.6487012655521408,0.5920312963868304,0.524054479073848,0.524054479073848,0.5164551880831727,0.524054479073848,0.5059765024229138
38,28,0.41394703244753,0.47920948787019085,0.41394703244753,0.5950343064430325,0.5561221517651871,0.41394703244753,0.41394703244753006,0.4350078445870471,0.41394703244753,0.3758084072170865
38,29,0.4333804804846384,0.5686587339915634,0.4333804804846384,0.6629876359203224,0.6017374423981563,0.4333804804846384,0.4333804804846384,0.46603161785554104,0.4333804804846384,0.39293603919846387
38,30,0.5023292167157947,0.5388838992780159,0.5023292167157947,0.6208936516213913,0.5677144134197459,0.5023292167157947,0.5023292167157947,0.4962747369564521,0.5023292167157947,0.5015062931918612
38,31,0.5469764322166852,0.5566307312525907,0.5469764322166852,0.6696649900732471,0.6301634605884292,0.5469764322166852,0.5469764322166852,0.532882266217203,0.5469764322166852,0.5496632589485837
38,32,0.5189443362227186,0.6415204231340617,0.5189443362227186,0.7045590611508316,0.5096338341952447,0.5189443362227186,0.5189443362227187,0.4542565104974642,0.5189443362227186,0.5134192263683136
38,33,0.4968830563248472,0.6191453572016083,0.4968830563248472,0.6774970824365467,0.5946306582388922,0.4968830563248472,0.4968830563248472,0.5312823511012817,0.4968830563248472,0.48963110994686193
38,34,0.4631980413597076,0.6022463682763205,0.4631980413597076,0.6391492472166139,0.6095093831005653,0.4631980413597076,0.4631980413597076,0.528283443236708,0.4631980413597076,0.42481514755773964
38,35,0.5229298982478302,0.4433616948840941,0.5229298982478302,0.6014410363852674,0.4357020856166081,0.5229298982478302,0.5229298982478302,0.35322588602016464,0.5229298982478302,0.5209304530608957
38,36,0.5240414695452046,0.6171027744345257,0.5240414695452046,0.6735474493355028,0.5485108957158803,0.5240414695452046,0.5240414695452045,0.49330197407487325,0.5240414695452046,0.5036470564558138
38,37,0.5628626464187602,0.5905378211914702,0.5628626464187602,0.6623920196177179,0.5478085363725108,0.5628626464187602,0.5628626464187603,0.4686388682377792,0.5628626464187602,0.5552431043049266
38,38,0.6015562369864059,0.6064643110680191,0.6015562369864059,0.6865962003119281,0.631884104837523,0.6015562369864059,0.6015562369864059,0.5481562152502516,0.6015562369864059,0.6009835453691617
38,39,0.5863535805893372,0.6310943975985805,0.5863535805893372,0.7116809691549824,0.6601999175233795,0.5863535805893372,0.5863535805893372,0.5797827142960769,0.5863535805893372,0.5651263488626761
38,40,0.590424819653086,0.5885280452809061,0.590424819653086,0.6724966662124687,0.5996105965088816,0.590424819653086,0.590424819653086,0.5281390058051993,0.590424819653086,0.5843243738743137
38,41,0.5241897781717394,0.6262889570972223,0.5241897781717394,0.6789605964347671,0.5888594829642217,0.5241897781717394,0.5241897781717394,0.5406689887919423,0.5241897781717394,0.5116445138838457
38,42,0.4359181748969436,0.5213885885681777,0.4359181748969436,0.6547739079370558,0.591935022336737,0.4359181748969436,0.4359181748969436,0.4590509800490904,0.4359181748969436,0.4061166850229088
38,43,0.5433398043348306,0.5685349293858473,0.5433398043348306,0.6795093776102091,0.6487602679271722,0.5433398043348306,0.5433398043348308,0.5415828363786293,0.5433398043348306,0.5320907992253148
38,44,0.5858265088288701,0.6612488256977671,0.5858265088288701,0.7114547728515328,0.5528707253348899,0.5858265088288701,0.5858265088288701,0.5086134442661387,0.5858265088288701,0.5805603054913614
38,45,0.5360893152462476,0.5851791776666857,0.5360893152462476,0.6553447917074668,0.565646115868103,0.5360893152462476,0.5360893152462476,0.4725400036270016,0.5360893152462476,0.5144211251572886
38,46,0.5354274090139121,0.6006514718567905,0.5354274090139121,0.6814323438017136,0.5545916313592192,0.5354274090139121,0.5354274090139122,0.5032010494732113,0.5354274090139121,0.5374463467647471
38,47,0.4840231372608419,0.5742642273324192,0.4840231372608419,0.671184219623136,0.6484440136152065,0.4840231372608419,0.4840231372608419,0.5382293751053736,0.4840231372608419,0.47667735188212124
38,48,0.44471679789409185,0.5697273213981455,0.44471679789409185,0.6624444158918499,0.602356324707324,0.44471679789409185,0.44471679789409185,0.5017565400321539,0.44471679789409185,0.4173887112068081
38,49,0.5198925450104137,0.6170489053534342,0.5198925450104137,0.699769200573592,0.6609673648964504,0.5198925450104137,0.5198925450104136,0.5878196778265825,0.5198925450104137,0.5315102454024444
38,50,0.5447970573933012,0.598636135124589,0.5447970573933012,0.6680420755621015,0.5926960496319933,0.5447970573933012,0.5447970573933012,0.5248890013817467,0.5447970573933012,0.5553843655793858
38,51,0.5622227634599138,0.5478396367370966,0.5622227634599138,0.6736115632529137,0.6403244682234183,0.5622227634599138,0.5622227634599138,0.530188978655773,0.5622227634599138,0.5374855726795603
38,52,0.4544321280345771,0.6133668078151681,0.4544321280345771,0.6859672424962018,0.6494729652839621,0.4544321280345771,0.4544321280345771,0.5554424846287476,0.4544321280345771,0.43014518333950635
38,53,0.4785949114343814,0.5294064568244117,0.4785949114343814,0.6314799275914647,0.5939487459532952,0.4785949114343814,0.4785949114343814,0.4796600361844624,0.4785949114343814,0.4354783624881112
38,54,0.43756713265249514,0.5144653607773279,0.43756713265249514,0.6497688691356458,0.6217591734756007,0.43756713265249514,0.43756713265249514,0.48180742402206456,0.43756713265249514,0.39508728246648545
38,55,0.46591052808185746,0.6202741727468382,0.46591052808185746,0.6774981077203169,0.6320932792764895,0.46591052808185746,0.46591052808185746,0.5614739470785588,0.46591052808185746,0.4445977550238942
38,56,0.4682574470491276,0.5507911568924349,0.4682574470491276,0.6757124138489107,0.6233183001916135,0.4682574470491276,0.46825744704912753,0.49047482199453335,0.4682574470491276,0.4224148895024086
38,57,0.5324557538961447,0.5814690518653358,0.5324557538961447,0.6703839569516385,0.551481908859609,0.5324557538961447,0.5324557538961447,0.48566332942567053,0.5324557538961447,0.5008996949490241
38,58,0.5381116464738648,0.6122047020899137,0.5381116464738648,0.6768309978201754,0.5740295105204696,0.5381116464738648,0.5381116464738649,0.5119781677919563,0.5381116464738648,0.5220905657592355
38,59,0.4562258632588888,0.536475429280689,0.4562258632588888,0.653010313931421,0.6294292502732455,0.4562258632588888,0.45622586325888875,0.48411865627323414,0.4562258632588888,0.4034091152773008
38,60,0.5298610963334224,0.6253775123488063,0.5298610963334224,0.6973502599960119,0.6699301909297777,0.5298610963334224,0.5298610963334223,0.6087757570823438,0.5298610963334224,0.5423541289160256
38,61,0.5698056460053359,0.6273158519336992,0.5698056460053359,0.6847143987481804,0.6235019053529041,0.5698056460053359,0.569805646005336,0.5860749798111944,0.5698056460053359,0.5827224172512439
38,62,0.4714361395227343,0.5947598482821355,0.4714361395227343,0.6615110063718924,0.6244146118617422,0.4714361395227343,0.47143613952273433,0.5348446038461867,0.4714361395227343,0.4580142455944176
38,63,0.5143200992664205,0.5656731196591744,0.5143200992664205,0.6635329653969433,0.5911666511534714,0.5143200992664205,0.5143200992664205,0.48731763429355657,0.5143200992664205,0.48742387222192873
38,64,0.548736342666524,0.6043864038376822,0.548736342666524,0.6816757687855648,0.5901482428121445,0.548736342666524,0.548736342666524,0.5379543360561503,0.548736342666524,0.5486433654807816
38,65,0.5169518339857767,0.5979407302142751,0.5169518339857767,0.6567545385647457,0.6140630072751313,0.5169518339857767,0.5169518339857767,0.5280164281273669,0.5169518339857767,0.5184692059812982
38,66,0.5188711111614972,0.4926877156017276,0.5188711111614972,0.6291760803848092,0.5571289064877942,0.5188711111614972,0.5188711111614972,0.458157167594215,0.5188711111614972,0.51275482668378
38,67,0.5889958158568127,0.5835428644339771,0.5889958158568127,0.695685519011434,0.6552047756516126,0.5889958158568127,0.5889958158568126,0.5485598059595034,0.5889958158568127,0.5599765364591972
38,68,0.6013009714493813,0.6506471969033654,0.6013009714493813,0.7145652051657363,0.6599635976716924,0.6013009714493813,0.6013009714493813,0.6200769380508808,0.6013009714493813,0.599455263243321
38,69,0.4386157006611535,0.5537843744468611,0.4386157006611535,0.6580997965641601,0.6250064670728492,0.4386157006611535,0.43861570066115363,0.5063791858604091,0.4386157006611535,0.39513502071750656
38,70,0.41968135389792893,0.5938800831518151,0.41968135389792893,0.6605583512864519,0.6163186989016812,0.41968135389792893,0.41968135389792893,0.507073033090442,0.41968135389792893,0.35438520601697676
38,71,0.5511846430320082,0.6101905699489667,0.5511846430320082,0.6875905662667432,0.5976150189686826,0.5511846430320082,0.5511846430320082,0.50405948958238,0.5511846430320082,0.5299132721769934
38,72,0.49003205269082123,0.5232345638018736,0.49003205269082123,0.6391368576314207,0.6300513118738128,0.49003205269082123,0.4900320526908212,0.5105326458030807,0.49003205269082123,0.46036351629195005
38,73,0.4873801532020678,0.599273722275738,0.4873801532020678,0.678830267971456,0.6305394882211817,0.4873801532020678,0.48738015320206785,0.530269815380944,0.4873801532020678,0.4599198402421286
38,74,0.5120876641512123,0.6361997705206748,0.5120876641512123,0.6770823360225078,0.6321025077248017,0.5120876641512123,0.5120876641512123,0.5765838099588545,0.5120876641512123,0.5222407927970616
38,75,0.6232617062758803,0.5815464167519824,0.6232617062758803,0.6927254645533493,0.6780174467817499,0.6232617062758803,0.6232617062758803,0.5760557454942181,0.6232617062758803,0.6064652457376072
38,76,0.5548303775839131,0.5674599439492547,0.5548303775839131,0.6810723999228377,0.6337475012078364,0.5548303775839131,0.5548303775839131,0.5426447127001883,0.5548303775839131,0.567659399751469
38,77,0.557631329100838,0.6384701640957403,0.557631329100838,0.7149549859778525,0.5823343026360408,0.557631329100838,0.5576313291008381,0.5531500474623267,0.557631329100838,0.5466382093903741
38,78,0.5105550487518147,0.6010316032796563,0.5105550487518147,0.6360125338196835,0.5853735570224384,0.5105550487518147,0.5105550487518147,0.5340450996190125,0.5105550487518147,0.4979185287611584
38,79,0.43135080816585814,0.5011781028206954,0.43135080816585814,0.6151074396008086,0.6400578740770095,0.43135080816585814,0.43135080816585814,0.47905004398410533,0.43135080816585814,0.3697864342799014
38,80,0.6229536592226453,0.6571845191564134,0.6229536592226453,0.709969991308393,0.6238969338951903,0.6229536592226453,0.6229536592226453,0.5922749710260662,0.6229536592226453,0.6249984576400566
38,81,0.5076439808674438,0.5992462208712065,0.5076439808674438,0.6614136220710062,0.6230834793701893,0.5076439808674438,0.5076439808674438,0.5546003839483513,0.5076439808674438,0.4971764655003942
38,82,0.5746653554300797,0.6030770961153511,0.5746653554300797,0.6687619904615996,0.5693434346857704,0.5746653554300797,0.5746653554300797,0.5296497186157179,0.5746653554300797,0.5662969129913447
38,83,0.5438844389589663,0.6004213216029579,0.5438844389589663,0.6789813133154501,0.5481545469592004,0.5438844389589663,0.5438844389589663,0.4877622212347028,0.5438844389589663,0.5165396524484333
38,84,0.5167708156872242,0.5675275832337012,0.5167708156872242,0.6511685575777877,0.588506532775077,0.5167708156872242,0.5167708156872242,0.5147474680513722,0.5167708156872242,0.5243779958597206
38,85,0.5578843644329523,0.6621621776505767,0.5578843644329523,0.7104828125642915,0.6500105232757301,0.5578843644329523,0.5578843644329523,0.5861411798081925,0.5578843644329523,0.5449823947508686
38,86,0.5729540448622444,0.6204833452408418,0.5729540448622444,0.665483628795203,0.4998054506937746,0.5729540448622444,0.5729540448622443,0.4905846224876753,0.5729540448622444,0.5753067662191708
38,87,0.5709521571796383,0.6874276297558358,0.5709521571796383,0.728941409474928,0.6491539398044344,0.5709521571796383,0.5709521571796383,0.6214270311849579,0.5709521571796383,0.5979685147686968
38,88,0.5213363239142178,0.5871928093022444,0.5213363239142178,0.6485209012576395,0.5646212194008958,0.5213363239142178,0.5213363239142177,0.5052513435293249,0.5213363239142178,0.5258774480525396
38,89,0.6360940265541206,0.6626459684736699,0.6360940265541206,0.7130108935154531,0.6783429735652665,0.6360940265541206,0.6360940265541206,0.6387472003187201,0.6360940265541206,0.6435701866038392
38,90,0.5260900986057223,0.6103824448885339,0.5260900986057223,0.6882312799968209,0.5571539611731418,0.5260900986057223,0.5260900986057224,0.5011373797725557,0.5260900986057223,0.5214685003246291
38,91,0.4735232396179547,0.6016323206924163,0.4735232396179547,0.6602092142064928,0.6295799341016826,0.4735232396179547,0.4735232396179547,0.5403384706230044,0.4735232396179547,0.43487804595110113
38,92,0.5051870384579322,0.6175222898521737,0.5051870384579322,0.6991153558640697,0.6694245703626378,0.5051870384579322,0.5051870384579322,0.5767830745443868,0.5051870384579322,0.48828277654410895
38,93,0.4245312132509855,0.48931992196999086,0.4245312132509855,0.6264465921888979,0.5924804674774038,0.4245312132509855,0.4245312132509855,0.4481542320278748,0.4245312132509855,0.3730817979702134
38,94,0.41808108894958557,0.5085170575080721,0.41808108894958557,0.6067436888307354,0.5856653690848838,0.41808108894958557,0.41808108894958557,0.4648556185171793,0.41808108894958557,0.3495638692985794
38,95,0.48956352380924945,0.5066209841150127,0.48956352380924945,0.6212086907602095,0.6119430968052864,0.48956352380924945,0.48956352380924945,0.4957282379431092,0.48956352380924945,0.44819853509011304
38,96,0.5361788022182733,0.5693552622884128,0.5361788022182733,0.6470972143802379,0.5307407375275224,0.5361788022182733,0.5361788022182734,0.44954863102806997,0.5361788022182733,0.5198703893939899
38,97,0.5397973096852317,0.5587942077599075,0.5397973096852317,0.6488144685995383,0.5577828832131209,0.5397973096852317,0.5397973096852317,0.4885350160084639,0.5397973096852317,0.5254634569425073
38,98,0.5231224392717526,0.6089436525837826,0.5231224392717526,0.6810562050417122,0.6391535698612332,0.5231224392717526,0.5231224392717526,0.5638398895786054,0.5231224392717526,0.511239933869341
38,99,0.6445805137890317,0.6307235222201953,0.6445805137890317,0.7146773039696025,0.6822008722893037,0.6445805137890317,0.6445805137890318,0.6163279981242096,0.6445805137890317,0.6482337941662225
