round,cid,accuracy,precision_macro,precision_micro,precision_weighted,recall_macro,recall_micro,recall_weighted,f1_macro,f1_micro,f1_weighted
1,0,0.6298521476362198,0.5537011322722564,0.6298521476362198,0.6936817436113352,0.5627703961947961,0.6298521476362198,0.6298521476362198,0.5050839908155937,0.6298521476362198,0.6279211628726289
1,1,0.460292641912817,0.39464966533707296,0.460292641912817,0.6099793919422447,0.45000235052095056,0.460292641912817,0.46029264191281705,0.36156596991221956,0.460292641912817,0.4744340835222767
1,2,0.5868598371039748,0.44269471987375064,0.5868598371039748,0.6235080972175772,0.46446843073679656,0.5868598371039748,0.5868598371039748,0.41609635482079865,0.5868598371039748,0.5821471184666915
1,3,0.6789412808419916,0.6214870346609052,0.6789412808419916,0.6946862829317852,0.48437959820490434,0.6789412808419916,0.6789412808419915,0.49562416936723575,0.6789412808419916,0.6609708217968069
1,4,0.5380337751524136,0.5096211864301283,0.5380337751524136,0.6690796709736427,0.48800837887885185,0.5380337751524136,0.5380337751524136,0.40028544675141703,0.5380337751524136,0.5235764652256049
1,5,0.3642631779323454,0.5606605591156184,0.3642631779323454,0.6563644853175368,0.3922173879679237,0.3642631779323454,0.3642631779323454,0.38839555268175896,0.3642631779323454,0.402268892334012
1,6,0.41835661218121195,0.46180952835180455,0.41835661218121195,0.4236705495519798,0.4235787191856012,0.41835661218121195,0.4183566121812119,0.3851479201621567,0.41835661218121195,0.3860655636356977
1,7,0.4690628297973589,0.5016726679434578,0.4690628297973589,0.6200490893876666,0.4201244879536827,0.4690628297973589,0.4690628297973589,0.3528318282366011,0.4690628297973589,0.4653985612641348
1,8,0.5426808717090422,0.4267095037431794,0.5426808717090422,0.5173155069713755,0.4782858249982933,0.5426808717090422,0.5426808717090422,0.39449099394580056,0.5426808717090422,0.49453986730996097
1,9,0.4337860990026988,0.4904466339343779,0.4337860990026988,0.6157826486912262,0.4181142643267067,0.4337860990026988,0.4337860990026988,0.3548441396672573,0.4337860990026988,0.39864363992568397
1,10,0.43072486398770116,0.49752057798664806,0.43072486398770116,0.40774617784613343,0.5132424127400652,0.43072486398770116,0.43072486398770116,0.4598192059091155,0.43072486398770116,0.39538303581385215
1,11,0.6467874873981807,0.6490807923252468,0.6467874873981807,0.701813829449617,0.6337925578636141,0.6467874873981807,0.6467874873981807,0.5945206790817736,0.6467874873981807,0.6276676136177826
1,12,0.5487480512423031,0.5763959017674013,0.5487480512423031,0.6841441022395989,0.531490344357241,0.5487480512423031,0.5487480512423031,0.47796308721862235,0.5487480512423031,0.5344702768358932
1,13,0.5316671906099453,0.5325534858338234,0.5316671906099453,0.6413323431957838,0.40542554216707205,0.5316671906099453,0.5316671906099453,0.35569206127973657,0.5316671906099453,0.49829718047502664
1,14,0.6126150797349365,0.6294131792374739,0.6126150797349365,0.7183725464221125,0.6318969286996894,0.6126150797349365,0.6126150797349365,0.5787401616124557,0.6126150797349365,0.6111274880369586
1,15,0.49297815337732476,0.39930459645909755,0.49297815337732476,0.5734622257583573,0.342113925519152,0.49297815337732476,0.49297815337732476,0.27119724220917063,0.49297815337732476,0.4331614995561779
1,16,0.44304247155768567,0.4531578933515903,0.44304247155768567,0.630721230086127,0.48267915110754894,0.44304247155768567,0.4430424715576857,0.39863022810534243,0.44304247155768567,0.4435730392535018
1,17,0.5829986090026124,0.6082900325704607,0.5829986090026124,0.696164276055407,0.5142972969352289,0.5829986090026124,0.5829986090026125,0.45522420882226816,0.5829986090026124,0.578483319088451
1,18,0.5858754804116921,0.5925039540452337,0.5858754804116921,0.6964345841707137,0.5741056344093103,0.5858754804116921,0.5858754804116921,0.49607394179715714,0.5858754804116921,0.5857690686412382
1,19,0.5906708855948556,0.6264766883854732,0.5906708855948556,0.6980162294653329,0.5634437875486835,0.5906708855948556,0.5906708855948556,0.5030052606495248,0.5906708855948556,0.5477937829648987
1,20,0.6034398308835617,0.5255661590707124,0.6034398308835617,0.662944136614589,0.4983729722750848,0.6034398308835617,0.6034398308835617,0.4391570359108824,0.6034398308835617,0.5769710834870923
1,21,0.5809984868988936,0.49281545166615215,0.5809984868988936,0.6490801585112334,0.6044709912247948,0.5809984868988936,0.5809984868988936,0.4817931752426461,0.5809984868988936,0.544632999043987
1,22,0.25800841028856714,0.5319121065974622,0.25800841028856714,0.6314979864363438,0.3528292519685869,0.25800841028856714,0.25800841028856714,0.29063598473783764,0.25800841028856714,0.2468200869848693
1,23,0.39059706581232473,0.4577993201010644,0.39059706581232473,0.5412799912244552,0.44966437663722064,0.39059706581232473,0.39059706581232473,0.34906793191720153,0.39059706581232473,0.3057960116615531
1,24,0.4616634745310135,0.627079896792986,0.4616634745310135,0.6665954423609746,0.40614247105436785,0.4616634745310135,0.4616634745310134,0.39057095578804363,0.4616634745310135,0.47976043329187856
1,25,0.35828148958731265,0.41119388487826464,0.35828148958731265,0.5658234219637723,0.4401887747553783,0.35828148958731265,0.35828148958731265,0.3164397891558744,0.35828148958731265,0.31990761742302853
1,26,0.6938020654113525,0.5689082964101926,0.6938020654113525,0.6804439164592092,0.5816665377999785,0.6938020654113525,0.6938020654113525,0.5237727490833974,0.6938020654113525,0.6552240267235083
1,27,0.5930725375076327,0.6294468695689466,0.5930725375076327,0.7038286424175509,0.5964612517079941,0.5930725375076327,0.5930725375076327,0.525613082470114,0.5930725375076327,0.5622779066495371
1,28,0.44218486484447156,0.3970606034178218,0.44218486484447156,0.586538171881109,0.44253389795451714,0.44218486484447156,0.44218486484447156,0.32906149750496955,0.44218486484447156,0.42148084413697845
1,29,0.5369016673848236,0.4586432462392457,0.5369016673848236,0.5503383523845663,0.49891174573564967,0.5369016673848236,0.5369016673848237,0.4415376892881785,0.5369016673848236,0.5199039387559257
1,30,0.4847197975196962,0.4260456760203222,0.4847197975196962,0.6211459586642281,0.4647211351987597,0.4847197975196962,0.4847197975196962,0.3771740368267137,0.4847197975196962,0.47431027942258386
1,31,0.4646140356273376,0.634843687420571,0.4646140356273376,0.6698102239444259,0.5272001414894115,0.4646140356273376,0.4646140356273376,0.47379308142231047,0.4646140356273376,0.47067982311086554
1,32,0.5482254398916566,0.6154827489885246,0.5482254398916566,0.7078065253542488,0.4713058110208238,0.5482254398916566,0.5482254398916566,0.4415963093487385,0.5482254398916566,0.5447527751251549
1,33,0.31346933184826464,0.4806517291186597,0.31346933184826464,0.6096229611261166,0.3407245260361038,0.31346933184826464,0.31346933184826464,0.27465321705991524,0.31346933184826464,0.29712893478264785
1,34,0.6180599391730196,0.627821213364952,0.6180599391730196,0.6919339832297808,0.4587284037604103,0.6180599391730196,0.6180599391730195,0.42245889506167655,0.6180599391730196,0.6053521070368563
1,35,0.5676295235641128,0.4977639059016974,0.5676295235641128,0.6360421674154177,0.5390497428633212,0.5676295235641128,0.5676295235641128,0.48712340925649766,0.5676295235641128,0.5718616812328334
1,36,0.5076068107856054,0.5910292222899765,0.5076068107856054,0.6972000131578351,0.4607773988408228,0.5076068107856054,0.5076068107856055,0.4339757390525881,0.5076068107856054,0.5424755519204125
1,37,0.4328559177046954,0.5585285987694937,0.4328559177046954,0.6581749543758357,0.46876638243847724,0.4328559177046954,0.4328559177046954,0.41635960292560154,0.4328559177046954,0.43148853143194454
1,38,0.6386713071035837,0.6593613113516772,0.6386713071035837,0.7076101125220315,0.5739531224038203,0.6386713071035837,0.6386713071035837,0.5536772339419587,0.6386713071035837,0.6366801008590455
1,39,0.539426909819713,0.5364780872681936,0.539426909819713,0.6801467758032519,0.4895697517073409,0.539426909819713,0.5394269098197131,0.447435868290037,0.539426909819713,0.5302062219539645
1,40,0.563462664464835,0.6029880038775344,0.563462664464835,0.702454086729184,0.5749002543428423,0.563462664464835,0.563462664464835,0.4961683383130634,0.563462664464835,0.5825213473948779
1,41,0.5091212128449023,0.564812723658793,0.5091212128449023,0.6593093226919227,0.4119061214632044,0.5091212128449023,0.5091212128449023,0.3680904921835133,0.5091212128449023,0.4955848369563404
1,42,0.5142477105320404,0.4554111187459169,0.5142477105320404,0.5944924862744053,0.4476432157271538,0.5142477105320404,0.5142477105320404,0.3808464828109078,0.5142477105320404,0.5146554141289629
1,43,0.4597556271554582,0.5840843747810363,0.4597556271554582,0.6611038784773524,0.5444169970397227,0.4597556271554582,0.45975562715545826,0.5026371817952497,0.4597556271554582,0.4621346265851082
1,44,0.5821524320895636,0.6009330882310482,0.5821524320895636,0.6707141116071389,0.5268677061576196,0.5821524320895636,0.5821524320895637,0.4781282251518175,0.5821524320895636,0.5465340927079989
1,45,0.5597602455381266,0.604536487723974,0.5597602455381266,0.7027087290005651,0.5033483439775025,0.5597602455381266,0.5597602455381266,0.4478698364294711,0.5597602455381266,0.5390029426447077
1,46,0.4376857981387639,0.4562762843370187,0.4376857981387639,0.5051460525409781,0.4675464098487596,0.4376857981387639,0.4376857981387639,0.3791246045224671,0.4376857981387639,0.39695424944053004
1,47,0.5871964121950206,0.4879071703868416,0.5871964121950206,0.6704813323002281,0.5007487072322503,0.5871964121950206,0.5871964121950206,0.44915734228246007,0.5871964121950206,0.5895780435352442
1,48,0.5171839611468568,0.4806740769761467,0.5171839611468568,0.5985390012055981,0.49271778376518527,0.5171839611468568,0.5171839611468569,0.4175047381921223,0.5171839611468568,0.4411402448115624
1,49,0.28390527093133267,0.41738660412658596,0.28390527093133267,0.408199793241098,0.34722402949766445,0.28390527093133267,0.28390527093133267,0.2970381467720627,0.28390527093133267,0.26783006694971845
2,0,0.6189155944569372,0.536524145681122,0.6189155944569372,0.6904556255732601,0.565477586153938,0.6189155944569372,0.6189155944569371,0.487483801395734,0.6189155944569372,0.6148427690773024
2,1,0.538969253187079,0.4184637002729601,0.538969253187079,0.6204204320469644,0.505545203283826,0.538969253187079,0.538969253187079,0.41225726477319263,0.538969253187079,0.535427155748097
2,2,0.5881563295584947,0.4430842950169955,0.5881563295584947,0.6223826847955345,0.4683574561232472,0.5881563295584947,0.5881563295584947,0.422259529900866,0.5881563295584947,0.5829026348773777
2,3,0.6530005595026569,0.619577383330788,0.6530005595026569,0.6893413986067853,0.4870111431220351,0.6530005595026569,0.6530005595026569,0.4914060552543453,0.6530005595026569,0.6448678613793615
2,4,0.5403524448574867,0.5099281761887896,0.5403524448574867,0.6689380720148954,0.4922011443770062,0.5403524448574867,0.5403524448574867,0.40377512677822724,0.5403524448574867,0.5300866273648029
2,5,0.39284613453915557,0.6210123100619775,0.39284613453915557,0.6912408770210035,0.44150085135563544,0.39284613453915557,0.3928461345391555,0.44438218834932625,0.39284613453915557,0.4356445745143026
2,6,0.4385736055434717,0.4537378817664717,0.4385736055434717,0.41234212943213855,0.43748003170873473,0.4385736055434717,0.4385736055434717,0.39249606034347173,0.4385736055434717,0.3926100713042602
2,7,0.5101412528157498,0.5709020228463484,0.5101412528157498,0.6296289530385797,0.47144390481985776,0.5101412528157498,0.5101412528157498,0.42301343436282524,0.5101412528157498,0.5103032358138486
2,8,0.5365576582774102,0.42806708386557535,0.5365576582774102,0.5197406199423148,0.476860258327773,0.5365576582774102,0.5365576582774102,0.391698887864143,0.5365576582774102,0.49257311780419355
2,9,0.46248772109577774,0.5550525840385203,0.46248772109577774,0.6360108703121686,0.4482651649664339,0.46248772109577774,0.46248772109577774,0.39875883310504157,0.46248772109577774,0.4361163803297099
2,10,0.42635617134404136,0.5133866387575301,0.42635617134404136,0.4180135747562673,0.5275085089596342,0.42635617134404136,0.42635617134404136,0.4718704539850528,0.42635617134404136,0.39250627748759653
2,11,0.6485481412496563,0.6420566992555474,0.6485481412496563,0.7042333505836866,0.6412202680953148,0.6485481412496563,0.6485481412496563,0.5993294507298856,0.6485481412496563,0.635915267193853
2,12,0.5289592572228206,0.567764105033747,0.5289592572228206,0.6816119622405667,0.537845996289168,0.5289592572228206,0.5289592572228206,0.4802306299988332,0.5289592572228206,0.5176436988192512
2,13,0.51379154070268,0.6232553648150672,0.51379154070268,0.6848307674971783,0.3799323645500204,0.51379154070268,0.51379154070268,0.326865907961533,0.51379154070268,0.4784852273025405
2,14,0.6058951006393904,0.6385694454823193,0.6058951006393904,0.7211609065752563,0.633154752779094,0.6058951006393904,0.6058951006393904,0.5837324401660349,0.6058951006393904,0.5988312228819455
2,15,0.47302971385634673,0.5042193962487926,0.47302971385634673,0.6246358025953718,0.3732752953603395,0.47302971385634673,0.47302971385634673,0.2964400557762434,0.47302971385634673,0.4324265960944277
2,16,0.4887260818654326,0.5009898477010288,0.4887260818654326,0.6452326784150026,0.5183090542647651,0.4887260818654326,0.48872608186543254,0.4609850061901356,0.4887260818654326,0.5047278273580541
2,17,0.5493538306510628,0.6206722554649347,0.5493538306510628,0.6914959494203974,0.49813232708435745,0.5493538306510628,0.5493538306510628,0.4569574682703764,0.5493538306510628,0.5548412831414649
2,18,0.5869451424417937,0.5856685918356164,0.5869451424417937,0.6918277245764517,0.5784150390030856,0.5869451424417937,0.5869451424417937,0.5013457058028632,0.5869451424417937,0.586978085676981
2,19,0.5901403756018184,0.6908553534243911,0.5901403756018184,0.721041006485276,0.5737426645679146,0.5901403756018184,0.5901403756018184,0.518505973062287,0.5901403756018184,0.5522611851831635
2,20,0.6023265869325046,0.5327473108096977,0.6023265869325046,0.6633714304737259,0.5017794425771456,0.6023265869325046,0.6023265869325046,0.44319957710392494,0.6023265869325046,0.5732905414998077
2,21,0.5832833318294938,0.5428956609986386,0.5832833318294938,0.6857924141108387,0.6110997121262358,0.5832833318294938,0.5832833318294938,0.484375966098459,0.5832833318294938,0.5415003300690165
2,22,0.3418879966933495,0.5931770706833324,0.3418879966933495,0.6698311877549034,0.4406145334485564,0.3418879966933495,0.3418879966933495,0.37146659671574866,0.3418879966933495,0.3146654944002516
2,23,0.40033060929291076,0.4525758006051846,0.40033060929291076,0.5513331553876324,0.4850148920423815,0.40033060929291076,0.40033060929291076,0.37606893164204763,0.40033060929291076,0.3189621732718529
2,24,0.4605761567120386,0.6401878367141853,0.4605761567120386,0.6728173033140161,0.43893248015204106,0.4605761567120386,0.46057615671203866,0.43447926450877866,0.4605761567120386,0.48428362560840577
2,25,0.3991482289896345,0.49064773920113264,0.3991482289896345,0.6026516564112898,0.48926027231373237,0.3991482289896345,0.3991482289896344,0.36320388970015843,0.3991482289896345,0.3640775432151435
2,26,0.6801715176256347,0.5606015431641085,0.6801715176256347,0.6779731074804066,0.5804515306273323,0.6801715176256347,0.6801715176256347,0.5178166438386619,0.6801715176256347,0.6472547095609908
2,27,0.5958802725644932,0.634287586819585,0.5958802725644932,0.702216092998058,0.6083769594514046,0.5958802725644932,0.595880272564493,0.5424456901260251,0.5958802725644932,0.5639440620988201
2,28,0.42078353974963906,0.40922072316975605,0.42078353974963906,0.5912579653547702,0.44758668598114426,0.42078353974963906,0.420783539749639,0.35011560825001264,0.42078353974963906,0.40821893648133284
2,29,0.5100679348293238,0.4666075081540645,0.5100679348293238,0.5444283739157455,0.49312122669469993,0.5100679348293238,0.5100679348293238,0.41424112860700407,0.5100679348293238,0.4915342935198909
2,30,0.5540217424535209,0.5198861765273541,0.5540217424535209,0.6651231360715671,0.5362653132837787,0.5540217424535209,0.554021742453521,0.4517531488657671,0.5540217424535209,0.54862191000888
2,31,0.4781768409389051,0.6300868203071208,0.4781768409389051,0.6698145901497585,0.5461704093134041,0.4781768409389051,0.4781768409389051,0.4683557992112566,0.4781768409389051,0.47394236657710526
2,32,0.5587364885590953,0.6261951169305188,0.5587364885590953,0.7083169887364809,0.4960304074088967,0.5587364885590953,0.5587364885590953,0.47156276379574347,0.5587364885590953,0.5552308855648356
2,33,0.34497153375745016,0.5380276358286606,0.34497153375745016,0.6352170524033652,0.35993576410675493,0.34497153375745016,0.34497153375745016,0.3039629584511084,0.34497153375745016,0.3361847663678973
2,34,0.612614708034118,0.6763518745614687,0.612614708034118,0.7203683160808108,0.46112686621258775,0.612614708034118,0.6126147080341181,0.4280933833703753,0.612614708034118,0.6077352114270658
2,35,0.5596144458921158,0.5600526984031737,0.5596144458921158,0.6760172386635661,0.5564186833878704,0.5596144458921158,0.559614445892116,0.4946674955332552,0.5596144458921158,0.5646415651823913
2,36,0.595193462377326,0.6423534570636359,0.595193462377326,0.7361362120513172,0.5251957343373335,0.595193462377326,0.595193462377326,0.49324110869080673,0.595193462377326,0.6097396222265677
2,37,0.44767841708976286,0.6059287515323618,0.44767841708976286,0.6851525055698768,0.5054811281072621,0.44767841708976286,0.44767841708976286,0.4633417034867151,0.44767841708976286,0.4457431039474888
2,38,0.5970690647068865,0.6466942515252077,0.5970690647068865,0.7058354438655755,0.5718006465879902,0.5970690647068865,0.5970690647068866,0.537572378129096,0.5970690647068865,0.6127291123283627
2,39,0.5298015312772765,0.5432849788031766,0.5298015312772765,0.6800421420694853,0.49341360816162316,0.5298015312772765,0.5298015312772765,0.4590675523959519,0.5298015312772765,0.5307159633309626
2,40,0.5426746457203343,0.5965519471950167,0.5426746457203343,0.6997819351200587,0.5887107043540386,0.5426746457203343,0.5426746457203343,0.5069571551566303,0.5426746457203343,0.5723703379405646
2,41,0.565428032542035,0.6047087871188126,0.565428032542035,0.6823192582897197,0.4630148583512095,0.565428032542035,0.565428032542035,0.43243746755788626,0.565428032542035,0.5668201720748045
2,42,0.499193269836302,0.482449310507575,0.499193269836302,0.5966110377079337,0.435554280574327,0.499193269836302,0.499193269836302,0.3718273020794971,0.499193269836302,0.500542907484393
2,43,0.48528571201568427,0.6512937629918772,0.48528571201568427,0.6730563239668388,0.5806265444728905,0.48528571201568427,0.48528571201568427,0.5382741547038505,0.48528571201568427,0.4905658569175506
2,44,0.5919192427933948,0.6551145575923911,0.5919192427933948,0.7052283949911877,0.5423767817723677,0.5919192427933948,0.5919192427933948,0.4943970036032591,0.5919192427933948,0.5571437277761242
2,45,0.5630163447071616,0.6162724496622898,0.5630163447071616,0.7001256833658089,0.5095831421768994,0.5630163447071616,0.5630163447071616,0.461180714165751,0.5630163447071616,0.5442795468638777
2,46,0.46778724551387313,0.5025464238666661,0.46778724551387313,0.5233282429401851,0.49757318474676937,0.46778724551387313,0.46778724551387313,0.43005325133859085,0.46778724551387313,0.45168826094069
2,47,0.5565058190227744,0.49553819490262896,0.5565058190227744,0.6685871720394743,0.49014692159779394,0.5565058190227744,0.5565058190227744,0.44112957402177344,0.5565058190227744,0.5700798163272833
2,48,0.5209560739770119,0.49718805620370504,0.5209560739770119,0.6126404150838665,0.49689705314676297,0.5209560739770119,0.5209560739770119,0.42677313195616706,0.5209560739770119,0.4356018305134983
2,49,0.35071245289737535,0.4114079712431612,0.35071245289737535,0.41539303368537017,0.4124154072360058,0.35071245289737535,0.35071245289737535,0.34621882168238105,0.35071245289737535,0.3298883302804327
3,0,0.613636234808239,0.5398926469640394,0.613636234808239,0.6872286832080843,0.5714277737755249,0.613636234808239,0.6136362348082391,0.4994350855297635,0.613636234808239,0.6137123967681666
3,1,0.48530699188753673,0.4464508593584571,0.48530699188753673,0.6162383729570501,0.4876102124400046,0.48530699188753673,0.4853069918875367,0.3897159200769643,0.48530699188753673,0.4864348334042474
3,2,0.566533006149883,0.4996003689256657,0.566533006149883,0.6604695214049876,0.4561482585893401,0.566533006149883,0.566533006149883,0.4091659175411447,0.566533006149883,0.5615421343277232
3,3,0.6275917420344282,0.6246304986000241,0.6275917420344282,0.6896517998423388,0.4805477201668104,0.6275917420344282,0.6275917420344281,0.4766786045606488,0.6275917420344282,0.6245626176794843
3,4,0.5337033676930473,0.5101843101937058,0.5337033676930473,0.6623465609295561,0.49598497836309946,0.5337033676930473,0.5337033676930472,0.40841697045379666,0.5337033676930473,0.5181650505075845
3,5,0.4073082699808007,0.6120582402946653,0.4073082699808007,0.6847429374382532,0.4881860344164073,0.4073082699808007,0.4073082699808007,0.4628620234528148,0.4073082699808007,0.4378582064848202
3,6,0.4329629675403897,0.517606911415516,0.4329629675403897,0.42757353213701826,0.4522138362185921,0.4329629675403897,0.43296296754038965,0.4070204059261576,0.4329629675403897,0.3893676039510581
3,7,0.4854671949402598,0.5732221780499719,0.4854671949402598,0.6254008216770336,0.46475507985211995,0.4854671949402598,0.48546719494025975,0.4096491884698584,0.4854671949402598,0.47810853410726173
3,8,0.5315841154770367,0.47841079181834506,0.5315841154770367,0.525729105888177,0.47521761232296644,0.5315841154770367,0.5315841154770367,0.3920561059510709,0.5315841154770367,0.4878736710680587
3,9,0.47056738178496865,0.5520370816777062,0.47056738178496865,0.6373365251424732,0.477476775281517,0.47056738178496865,0.4705673817849687,0.4182287648720391,0.47056738178496865,0.44339521315025715
3,10,0.4393026037735253,0.5205609243870707,0.4393026037735253,0.413875148221724,0.5386565963271897,0.4393026037735253,0.43930260377352526,0.48333294638814694,0.4393026037735253,0.39982129133230127
3,11,0.6345187584858135,0.6247427515743029,0.6345187584858135,0.6898573866239422,0.6354109813823212,0.6345187584858135,0.6345187584858135,0.5918734145994557,0.6345187584858135,0.6209277474868468
3,12,0.5154372460760707,0.6506826939383972,0.5154372460760707,0.7184364519066531,0.537074210043208,0.5154372460760707,0.5154372460760706,0.4653335044873809,0.5154372460760707,0.5031337447826578
3,13,0.5357701171684612,0.6606242029196626,0.5357701171684612,0.7017189633593248,0.42749484535479076,0.5357701171684612,0.5357701171684611,0.3840946907438091,0.5357701171684612,0.4990341363444798
3,14,0.5901301538293129,0.6376704404161515,0.5901301538293129,0.7163441578576488,0.6204629247238604,0.5901301538293129,0.5901301538293129,0.5734471857521337,0.5901301538293129,0.591761651508267
3,15,0.4977696557018952,0.6300036140377865,0.4977696557018952,0.6660718846622902,0.37788904716604754,0.4977696557018952,0.4977696557018952,0.2994089215589585,0.4977696557018952,0.4430981232057545
3,16,0.5295654083323986,0.5329271233500964,0.5295654083323986,0.6490393438874166,0.5439888763431675,0.5295654083323986,0.5295654083323986,0.5058313246349092,0.5295654083323986,0.5481874883589835
3,17,0.5400373354887025,0.6199767748584916,0.5400373354887025,0.6845254164701572,0.4983354310696453,0.5400373354887025,0.5400373354887025,0.4568574307831444,0.5400373354887025,0.5515459357442163
3,18,0.5646676255928279,0.6039444048175949,0.5646676255928279,0.6979338381351043,0.5738779705252283,0.5646676255928279,0.564667625592828,0.5047395507032265,0.5646676255928279,0.569577218284049
3,19,0.5956688677240378,0.6982673510297052,0.5956688677240378,0.726790731764827,0.5729634260755996,0.5956688677240378,0.5956688677240378,0.5125817399803898,0.5956688677240378,0.5532539326435638
3,20,0.5938519011985771,0.5191765958356556,0.5938519011985771,0.6531270335673434,0.48933153510627403,0.5938519011985771,0.5938519011985771,0.42420028538672727,0.5938519011985771,0.5575397937463771
3,21,0.5784343088032785,0.5542987947642685,0.5784343088032785,0.6914836245890257,0.614256571015735,0.5784343088032785,0.5784343088032786,0.49620222550821674,0.5784343088032785,0.5406775850699659
3,22,0.37422587496746457,0.6212792100260924,0.37422587496746457,0.6870786832470626,0.45828581682879777,0.37422587496746457,0.37422587496746457,0.4013178908001356,0.37422587496746457,0.3544115518822477
3,23,0.3989224207424668,0.46428441082952326,0.3989224207424668,0.5533275721857411,0.48632597855924076,0.3989224207424668,0.39892242074246675,0.38444190516954124,0.3989224207424668,0.3177500154709794
3,24,0.5079463594831983,0.6622354549712086,0.5079463594831983,0.6955745191947296,0.4895717389739341,0.5079463594831983,0.5079463594831983,0.48510817245686355,0.5079463594831983,0.5384214171073392
3,25,0.4076629654867427,0.500628238761244,0.4076629654867427,0.6067534015452805,0.5112577604667983,0.4076629654867427,0.4076629654867427,0.39217981512083966,0.4076629654867427,0.3712497067411967
3,26,0.6714968568514171,0.544101594897517,0.6714968568514171,0.6677721696291781,0.5858413404153465,0.6714968568514171,0.6714968568514172,0.520071552390295,0.6714968568514171,0.6437750631918441
3,27,0.5827098903919334,0.6345479244454366,0.5827098903919334,0.7044505697834027,0.6037507319745679,0.5827098903919334,0.5827098903919334,0.5403120791347162,0.5827098903919334,0.556077900962014
3,28,0.4379992348538654,0.4078935454229712,0.4379992348538654,0.598058366756274,0.4685646696554288,0.4379992348538654,0.4379992348538654,0.36669032991895156,0.4379992348538654,0.4270189789353277
3,29,0.5258206155123947,0.5095701158348656,0.5258206155123947,0.5586009465627932,0.5024674385530765,0.5258206155123947,0.5258206155123947,0.43785839851937136,0.5258206155123947,0.5071261023011303
3,30,0.5368741615242633,0.5193903145657217,0.5368741615242633,0.660372638052878,0.5257780582224583,0.5368741615242633,0.5368741615242634,0.4431071875251635,0.5368741615242633,0.534285550869656
3,31,0.48060553408621953,0.637825868077045,0.48060553408621953,0.6749852804840341,0.5452079831881295,0.48060553408621953,0.48060553408621953,0.48232766579957426,0.48060553408621953,0.47927558707528195
3,32,0.5568605145287163,0.61440261834495,0.5568605145287163,0.6997646974645755,0.5146513284128427,0.5568605145287163,0.5568605145287163,0.47647306191123356,0.5568605145287163,0.5461348612843906
3,33,0.3843642006392696,0.5404513187017163,0.3843642006392696,0.6364598759773619,0.402971898547448,0.3843642006392696,0.3843642006392697,0.36006198401362743,0.3843642006392696,0.38751357656172225
3,34,0.5791361728735902,0.6550179095693534,0.5791361728735902,0.7032470460792202,0.44529825486730823,0.5791361728735902,0.5791361728735902,0.399917436306274,0.5791361728735902,0.5763851358336156
3,35,0.5725221285112834,0.563121691220877,0.5725221285112834,0.6768628608873692,0.5562436728496901,0.5725221285112834,0.5725221285112834,0.49874363106044783,0.5725221285112834,0.5745398944651197
3,36,0.588958274074156,0.6496770300005653,0.588958274074156,0.738485496237635,0.5235300496242563,0.588958274074156,0.588958274074156,0.4933354191173146,0.588958274074156,0.6060969607796843
3,37,0.43075376372633045,0.5698174019034702,0.43075376372633045,0.6609387794766232,0.5251270283706707,0.43075376372633045,0.43075376372633045,0.4597930206518722,0.43075376372633045,0.40829049216875635
3,38,0.5879193702867755,0.6224014257132133,0.5879193702867755,0.6948505568614112,0.5644935211792135,0.5879193702867755,0.5879193702867755,0.5113233439379179,0.5879193702867755,0.6004702465737427
3,39,0.5213475678639738,0.5414910027440845,0.5213475678639738,0.6775570583625028,0.49025602523428063,0.5213475678639738,0.5213475678639738,0.4546346735123126,0.5213475678639738,0.5259722711490162
3,40,0.5381175007617544,0.5773163622199239,0.5381175007617544,0.6807367179918853,0.5922015710077249,0.5381175007617544,0.5381175007617544,0.5057670039788615,0.5381175007617544,0.5620769188285797
3,41,0.556940151429055,0.6000772112931837,0.556940151429055,0.6749515488317832,0.4724866072093602,0.556940151429055,0.5569401514290548,0.43208045696812447,0.556940151429055,0.5579430324566711
3,42,0.4955211445262919,0.5000295972872779,0.4955211445262919,0.6074377439513301,0.4720820607676938,0.4955211445262919,0.4955211445262919,0.40791338196467686,0.4955211445262919,0.5050225613310854
3,43,0.48656705766185504,0.6589472417245469,0.48656705766185504,0.6853494659718574,0.5871866368879496,0.48656705766185504,0.4865670576618551,0.5455725920581967,0.48656705766185504,0.49337291641268416
3,44,0.589361476536897,0.6489208327971241,0.589361476536897,0.7014074504457326,0.5454702239843465,0.589361476536897,0.5893614765368969,0.4975476834475476,0.589361476536897,0.5560590749346017
3,45,0.5591387617697903,0.6170963587088889,0.5591387617697903,0.6963349579527753,0.5082715780689062,0.5591387617697903,0.5591387617697903,0.4614951166364974,0.5591387617697903,0.5403760335245494
3,46,0.5050669790935945,0.533311807555799,0.5050669790935945,0.5406956779414276,0.5370499378687393,0.5050669790935945,0.5050669790935945,0.46711937446900315,0.5050669790935945,0.48510569811981397
3,47,0.5467327823302351,0.4969210222291634,0.5467327823302351,0.6681293470795673,0.4966538976799909,0.5467327823302351,0.5467327823302353,0.4419915584221308,0.5467327823302351,0.5624469929661409
3,48,0.5456418404282811,0.5725755606854008,0.5456418404282811,0.6589725909693604,0.5364731823396862,0.5456418404282811,0.5456418404282811,0.46654515792302126,0.5456418404282811,0.47886382144327533
3,49,0.3492494384762199,0.4878561228545679,0.3492494384762199,0.4208564724390371,0.4117787140400515,0.3492494384762199,0.3492494384762199,0.3482712292085042,0.3492494384762199,0.3215648519182769
4,0,0.6051641509800403,0.5383661118199857,0.6051641509800403,0.6863660882724228,0.5647601970017035,0.6051641509800403,0.6051641509800403,0.4920807582297266,0.6051641509800403,0.6083624041055198
4,1,0.5237392767798592,0.48737494796350184,0.5237392767798592,0.6181535501010049,0.5070753953255753,0.5237392767798592,0.5237392767798592,0.4139822177662963,0.5237392767798592,0.5185058353216024
4,2,0.5780512711099349,0.6028541031059739,0.5780512711099349,0.6875429998234106,0.4618625286983693,0.5780512711099349,0.5780512711099349,0.41447495360532527,0.5780512711099349,0.5742738556132316
4,3,0.632498099911879,0.626694451587317,0.632498099911879,0.6835525145930033,0.4858912023792946,0.632498099911879,0.632498099911879,0.4835404614757022,0.632498099911879,0.6264049300679462
4,4,0.5407864984881534,0.5111198862580517,0.5407864984881534,0.6669491399054872,0.5153940604764783,0.5407864984881534,0.5407864984881533,0.42132776523589466,0.5407864984881534,0.5226756947928197
4,5,0.4346146201268745,0.6259675830787251,0.4346146201268745,0.6879227047808435,0.5292125088290833,0.4346146201268745,0.4346146201268745,0.502310275583399,0.4346146201268745,0.46403877979283303
4,6,0.4354365435615239,0.5236414375465765,0.4354365435615239,0.42871918617357274,0.4627583113999687,0.4354365435615239,0.43543654356152384,0.4156360917495723,0.4354365435615239,0.3909119278778407
4,7,0.4720869876557229,0.5642839573939732,0.4720869876557229,0.6157956947782255,0.4661971521056866,0.4720869876557229,0.4720869876557229,0.40328628742691497,0.4720869876557229,0.45899468877274413
4,8,0.5283768020404145,0.5093359323872757,0.5283768020404145,0.6446443229452559,0.4755055170034855,0.5283768020404145,0.5283768020404145,0.3919530684065151,0.5283768020404145,0.4873044213868538
4,9,0.47499554655956977,0.5322579340854614,0.47499554655956977,0.626573368092203,0.5027703424694908,0.47499554655956977,0.4749955465595697,0.43707662416406723,0.47499554655956977,0.4458461368385322
4,10,0.44080427507979253,0.5124560372394475,0.44080427507979253,0.4112133376258554,0.5595795299713319,0.44080427507979253,0.4408042750797926,0.4939973080914239,0.44080427507979253,0.40120869396542763
4,11,0.6366321564139346,0.6147765761950212,0.6366321564139346,0.6894903442523945,0.6416626352452608,0.6366321564139346,0.6366321564139346,0.5886802466193997,0.6366321564139346,0.6220395580756268
4,12,0.5546563286757052,0.7165946013706742,0.5546563286757052,0.7403277051301725,0.5663603125068777,0.5546563286757052,0.5546563286757054,0.5232456467785733,0.5546563286757052,0.5466362778603477
4,13,0.537692553801138,0.6562665234564443,0.537692553801138,0.7032896376652094,0.44072727271201384,0.537692553801138,0.5376925538011381,0.39517990799214325,0.537692553801138,0.49842426842278553
4,14,0.5798629408987336,0.613569732593243,0.5798629408987336,0.6999621082601744,0.6171986096320659,0.5798629408987336,0.5798629408987335,0.5649939305488785,0.5798629408987336,0.5844967136089594
4,15,0.4830249347130744,0.6364447314446356,0.4830249347130744,0.6713415668474916,0.38252606367034336,0.4830249347130744,0.4830249347130744,0.3062692455025734,0.4830249347130744,0.43673235337444927
4,16,0.5324596567547377,0.5244646768262813,0.5324596567547377,0.647263844658693,0.544299894590867,0.5324596567547377,0.5324596567547377,0.5038248565440215,0.5324596567547377,0.5548954437146578
4,17,0.5474321374200227,0.5946020685676433,0.5474321374200227,0.6762804794868876,0.5198481086844593,0.5474321374200227,0.5474321374200227,0.4671688719719912,0.5474321374200227,0.5564073691099586
4,18,0.5580239380902551,0.5862161811977538,0.5580239380902551,0.6941585607127203,0.5698322747519703,0.5580239380902551,0.5580239380902551,0.4898441018373997,0.5580239380902551,0.5645776180897415
4,19,0.5877656719983742,0.6975401746283771,0.5877656719983742,0.7253848287306375,0.5588029786572812,0.5877656719983742,0.5877656719983742,0.505095994979786,0.5877656719983742,0.5440705299363939
4,20,0.5789964133658783,0.5886240741288666,0.5789964133658783,0.6728052519789569,0.481380786118993,0.5789964133658783,0.5789964133658783,0.41072828027021435,0.5789964133658783,0.542878896215267
4,21,0.5750705093221171,0.5539468970061332,0.5750705093221171,0.6860470340892109,0.607532167757955,0.5750705093221171,0.5750705093221171,0.48961626711679296,0.5750705093221171,0.5378978430410066
4,22,0.39018354865187366,0.6329302582390625,0.39018354865187366,0.6817240580449871,0.48360311820775914,0.39018354865187366,0.39018354865187366,0.4296025405097361,0.39018354865187366,0.3634935852160057
4,23,0.38791171324991686,0.4738118898954086,0.38791171324991686,0.5512995815813807,0.5074015122778891,0.38791171324991686,0.38791171324991686,0.4028109723145505,0.38791171324991686,0.29965683736292786
4,24,0.5118229202433191,0.6697851285350439,0.5118229202433191,0.7008789669685916,0.5196992377703057,0.5118229202433191,0.5118229202433191,0.5130708255641808,0.5118229202433191,0.5464368407880598
4,25,0.410614641685522,0.5051318427138323,0.410614641685522,0.5897606888626994,0.5283202092162811,0.410614641685522,0.410614641685522,0.41114318475700545,0.410614641685522,0.36529160528605575
4,26,0.6711395594397465,0.6000464930898849,0.6711395594397465,0.7050572006672776,0.5834149008925157,0.6711395594397465,0.6711395594397465,0.5191957554687772,0.6711395594397465,0.6437163028140167
4,27,0.553539460641669,0.6142834034016542,0.553539460641669,0.6959000639034829,0.5946979732186105,0.553539460641669,0.553539460641669,0.5236187841710667,0.553539460641669,0.5333185057256737
4,28,0.44429045705540654,0.4065756443711404,0.44429045705540654,0.5854327157530217,0.4782338463991616,0.44429045705540654,0.4442904570554066,0.37380756718676245,0.44429045705540654,0.43204663956247286
4,29,0.5300163743503018,0.6314488421845061,0.5300163743503018,0.7687230675108194,0.5134842643956984,0.5300163743503018,0.5300163743503019,0.4509183593600008,0.5300163743503018,0.5123513377590645
4,30,0.5292176822168014,0.5108220760200886,0.5292176822168014,0.6551105720841417,0.5180440704881026,0.5292176822168014,0.5292176822168013,0.431714950273276,0.5292176822168014,0.523858082455053
4,31,0.4944670010053578,0.639605617324486,0.4944670010053578,0.6877473799848295,0.5490745801706871,0.4944670010053578,0.4944670010053578,0.48418160832561075,0.4944670010053578,0.48979380005488127
4,32,0.550114888076702,0.5974556777470346,0.550114888076702,0.6924102054332831,0.5085062878582047,0.550114888076702,0.550114888076702,0.4581377505359743,0.550114888076702,0.5305885691834635
4,33,0.40602330025165073,0.560293542412795,0.40602330025165073,0.6283656798875108,0.42825623586610506,0.40602330025165073,0.4060233002516508,0.39229263687866356,0.40602330025165073,0.40873590842832436
4,34,0.6099701496365277,0.6551808830326233,0.6099701496365277,0.7043457563991625,0.46703698965521895,0.6099701496365277,0.6099701496365277,0.43298348594532343,0.6099701496365277,0.6020016219944154
4,35,0.554147005629316,0.5686968658694833,0.554147005629316,0.6753767236690056,0.5555763826587463,0.554147005629316,0.554147005629316,0.49612568573998117,0.554147005629316,0.5590611552293248
4,36,0.5544512427491625,0.6404013058549296,0.5544512427491625,0.7304525364027226,0.5019605984273516,0.5544512427491625,0.5544512427491625,0.46537314903209215,0.5544512427491625,0.5763994497753058
4,37,0.4272925786307527,0.5836748928043782,0.4272925786307527,0.6730265835183536,0.5382962530397944,0.4272925786307527,0.42729257863075265,0.470447831149356,0.4272925786307527,0.4031799346270791
4,38,0.5810736633894116,0.5997071723131069,0.5810736633894116,0.6778809183966737,0.5669867890927333,0.5810736633894116,0.5810736633894116,0.5100456015931436,0.5810736633894116,0.5912037582702404
4,39,0.5712131840793477,0.5815556894376652,0.5712131840793477,0.6923417725579902,0.5398879448948071,0.5712131840793477,0.5712131840793477,0.515002836659479,0.5712131840793477,0.5678994291336668
4,40,0.5232194531853506,0.5622104568848771,0.5232194531853506,0.676787509253629,0.5766460610923703,0.5232194531853506,0.5232194531853506,0.4781033495499167,0.5232194531853506,0.5467805336080057
4,41,0.5319099112443494,0.5968648174278874,0.5319099112443494,0.6688454340753225,0.4554726829358545,0.5319099112443494,0.5319099112443494,0.4137586354430396,0.5319099112443494,0.5329775552426301
4,42,0.5150017056421303,0.5035951969771473,0.5150017056421303,0.6076869638027145,0.4811108523412363,0.5150017056421303,0.5150017056421303,0.41885679669919573,0.5150017056421303,0.5241120323266681
4,43,0.49502975604438965,0.6640219542072585,0.49502975604438965,0.6855034509415712,0.5927776274062306,0.49502975604438965,0.4950297560443896,0.5533568323885638,0.49502975604438965,0.5032654608034934
4,44,0.5808399564998532,0.6280051679190026,0.5808399564998532,0.6931947225667456,0.545059542270943,0.5808399564998532,0.5808399564998532,0.4967141101247318,0.5808399564998532,0.5509584852849897
4,45,0.554783264505183,0.6060322437742224,0.554783264505183,0.6893582368671645,0.5124117452782389,0.554783264505183,0.5547832645051831,0.46207738307880675,0.554783264505183,0.5362853860893022
4,46,0.517753778501438,0.5529806821185663,0.517753778501438,0.5461160227314937,0.5626412953509274,0.517753778501438,0.517753778501438,0.4983546332180358,0.517753778501438,0.4974391361321642
4,47,0.5544868331025226,0.5461028012816795,0.5544868331025226,0.6780927062501306,0.5047823346783313,0.5544868331025226,0.5544868331025227,0.4527007361424946,0.5544868331025226,0.5718198747499044
4,48,0.5406338223770025,0.6060099215316128,0.5406338223770025,0.6798028730569539,0.5375691028876989,0.5406338223770025,0.5406338223770026,0.46302861647708987,0.5406338223770025,0.46958107362968615
4,49,0.3606898321148206,0.490899760495771,0.3606898321148206,0.4311277283550632,0.4267494416002655,0.3606898321148206,0.3606898321148206,0.3613144612995601,0.3606898321148206,0.3330173180914222
5,0,0.5869410537327915,0.5377278939369803,0.5869410537327915,0.6861467423438368,0.5446769551754145,0.5869410537327915,0.5869410537327915,0.4740674548960816,0.5869410537327915,0.5920032334988202
5,1,0.5231383294817384,0.4989672195170888,0.5231383294817384,0.6184295693145666,0.5149101680899028,0.5231383294817384,0.5231383294817384,0.4218380378849572,0.5231383294817384,0.5137309767966578
5,2,0.5709623789521437,0.5981789605080438,0.5709623789521437,0.6847260639736307,0.45928732042601306,0.5709623789521437,0.5709623789521439,0.4127683936095726,0.5709623789521437,0.5667104770624842
5,3,0.611535939333966,0.6337928495437521,0.611535939333966,0.6804050782803228,0.4831834014745893,0.611535939333966,0.6115359393339661,0.4794581414231206,0.611535939333966,0.611008436232525
5,4,0.5375450815014445,0.49901673933342394,0.5375450815014445,0.6617150734652477,0.5119266163397274,0.5375450815014445,0.5375450815014445,0.41441661811338115,0.5375450815014445,0.5255929978283521
5,5,0.44945059366660833,0.6076912470145444,0.44945059366660833,0.6779772400433818,0.5614943497217554,0.44945059366660833,0.4494505936666083,0.5239727712772667,0.44945059366660833,0.47050616016473473
5,6,0.44865310956076765,0.580855570469746,0.44865310956076765,0.4349857808312365,0.48557194390042036,0.44865310956076765,0.44865310956076765,0.43598851996020405,0.44865310956076765,0.40405212806389024
5,7,0.4813007075418003,0.5594523234763505,0.4813007075418003,0.6179874242180275,0.48282508798912205,0.4813007075418003,0.48130070754180027,0.42027066325329754,0.4813007075418003,0.4677124886080946
5,8,0.5156808959625206,0.4934703788526004,0.5156808959625206,0.5933438963582437,0.46915255794504485,0.5156808959625206,0.5156808959625208,0.3838775698793945,0.5156808959625206,0.4753133210230849
5,9,0.4980447143074986,0.6056167308690614,0.4980447143074986,0.6734783768583343,0.5172393367831314,0.4980447143074986,0.49804471430749864,0.4585596528713798,0.4980447143074986,0.47050490309592713
5,10,0.44368328376857796,0.5067958673815929,0.44368328376857796,0.40872317154097704,0.5637237908102097,0.44368328376857796,0.4436832837685779,0.49871969831708457,0.44368328376857796,0.40381600841329185
5,11,0.6358301189730687,0.6089645807600917,0.6358301189730687,0.6842649118816688,0.640761741093835,0.6358301189730687,0.6358301189730686,0.5901158520156451,0.6358301189730687,0.622023237236524
5,12,0.5477360028390509,0.6917764959542247,0.5477360028390509,0.7309407113470601,0.5703652763074412,0.5477360028390509,0.5477360028390508,0.5197284722737328,0.5477360028390509,0.5378946215420515
5,13,0.5391072471159036,0.6540503987582409,0.5391072471159036,0.7042433328499345,0.44423855519388766,0.5391072471159036,0.5391072471159037,0.40718022164673506,0.5391072471159036,0.5046817060807892
5,14,0.5845423754265615,0.6028215926275584,0.5845423754265615,0.6937915948670037,0.6151123324676169,0.5845423754265615,0.5845423754265615,0.5589667001555693,0.5845423754265615,0.5885365698075395
5,15,0.48729215303331563,0.6141923958108984,0.48729215303331563,0.6512445142505993,0.38841801069412113,0.48729215303331563,0.48729215303331563,0.3176251800586981,0.48729215303331563,0.4463870205183318
5,16,0.5142163947380917,0.4921339592193594,0.5142163947380917,0.6353160614465948,0.5368847089571344,0.5142163947380917,0.5142163947380918,0.47939813777066204,0.5142163947380917,0.5306894442527852
5,17,0.5417864666148082,0.6013089120132189,0.5417864666148082,0.6766427021923774,0.5149896961645898,0.5417864666148082,0.5417864666148081,0.4658707400649928,0.5417864666148082,0.5539229940318534
5,18,0.5492590469423752,0.5599880863233131,0.5492590469423752,0.6854571768157927,0.5647316516313383,0.5492590469423752,0.549259046942375,0.4709726186589272,0.5492590469423752,0.552757168872852
5,19,0.5827376750281076,0.6878937362278774,0.5827376750281076,0.7226839039774974,0.5632046836008581,0.5827376750281076,0.5827376750281076,0.506232967144459,0.5827376750281076,0.5403826778990883
5,20,0.5743916907025453,0.5822897092266539,0.5743916907025453,0.6725961851918779,0.48411944810316815,0.5743916907025453,0.5743916907025453,0.4060812720612359,0.5743916907025453,0.535266024845372
5,21,0.5752354515602746,0.5361228897859616,0.5752354515602746,0.6837733510145756,0.607025593407702,0.5752354515602746,0.5752354515602747,0.4762099512223884,0.5752354515602746,0.5333479422817451
5,22,0.40470617840171064,0.6285897247962167,0.40470617840171064,0.6698212806883816,0.5012030090921812,0.40470617840171064,0.40470617840171064,0.4482895763635184,0.40470617840171064,0.37722046386480645
5,23,0.39126454755693596,0.47056795600626233,0.39126454755693596,0.5590497977937539,0.5110721661108456,0.39126454755693596,0.39126454755693596,0.4062852886981262,0.39126454755693596,0.31014655376439837
5,24,0.4997640164429291,0.6683649581716306,0.4997640164429291,0.7061829494827596,0.5165289053801339,0.4997640164429291,0.4997640164429291,0.5045930535876231,0.4997640164429291,0.5341183657525805
5,25,0.4229625428722047,0.5727929468743729,0.4229625428722047,0.618362870899591,0.5366602473706705,0.4229625428722047,0.4229625428722047,0.4243217544665154,0.4229625428722047,0.38419682855781506
5,26,0.6653248576873723,0.6555766408490629,0.6653248576873723,0.7092668594112699,0.5921332177996267,0.6653248576873723,0.6653248576873723,0.5226532085177398,0.6653248576873723,0.6415128302224107
5,27,0.5578937498786164,0.6197888743608009,0.5578937498786164,0.6954352512118982,0.5951654715427992,0.5578937498786164,0.5578937498786165,0.5219600909482074,0.5578937498786164,0.5341181562277029
5,28,0.428592416392638,0.46061334648905977,0.428592416392638,0.6008766713897559,0.482052407328711,0.428592416392638,0.428592416392638,0.3687708275167213,0.428592416392638,0.4135082898211257
5,29,0.5363403062238608,0.599608592947162,0.5363403062238608,0.7094116999119011,0.5166355337541101,0.5363403062238608,0.5363403062238608,0.45251991589312746,0.5363403062238608,0.514600424966899
5,30,0.5193552514774411,0.5088548190690398,0.5193552514774411,0.654445162636865,0.5180901275353278,0.5193552514774411,0.5193552514774411,0.4340947564857849,0.5193552514774411,0.5153477056121794
5,31,0.4948984527302958,0.6122693039064812,0.4948984527302958,0.6770584985684269,0.5647335036594965,0.4948984527302958,0.49489845273029587,0.49295776221757964,0.4948984527302958,0.4929305867432586
5,32,0.5518693159394696,0.5927623732403227,0.5518693159394696,0.6850291520884295,0.5109585803083476,0.5518693159394696,0.5518693159394696,0.4662761990949794,0.5518693159394696,0.5359495453101983
5,33,0.4076146443803529,0.56752593508266,0.4076146443803529,0.6341624964906681,0.42517494107280934,0.4076146443803529,0.4076146443803529,0.38665252097477565,0.4076146443803529,0.40733767445454205
5,34,0.6145650222281736,0.6546694577330275,0.6145650222281736,0.7025273579210478,0.46334512563804253,0.6145650222281736,0.6145650222281736,0.4419411814034265,0.6145650222281736,0.6099516406682757
5,35,0.5285546608820108,0.5549791960981072,0.5285546608820108,0.6663555282399609,0.5464619147616039,0.5285546608820108,0.5285546608820108,0.47915134602992193,0.5285546608820108,0.531621540870282
5,36,0.5225791985256859,0.6158414638110845,0.5225791985256859,0.718676898619358,0.4983384377050282,0.5225791985256859,0.5225791985256859,0.44723425577972603,0.5225791985256859,0.5488286839354595
5,37,0.46080280128604767,0.574652361340314,0.46080280128604767,0.6695019956391608,0.5755817312816391,0.46080280128604767,0.46080280128604767,0.4987071078976374,0.46080280128604767,0.44331207418522256
5,38,0.5851947103628237,0.5972916309044307,0.5851947103628237,0.6732484639613996,0.5636681990500934,0.5851947103628237,0.5851947103628237,0.511307900428996,0.5851947103628237,0.5942929163689903
5,39,0.5540093834013097,0.5711365735658217,0.5540093834013097,0.688801141453299,0.5245010338511386,0.5540093834013097,0.5540093834013096,0.4924617608319266,0.5540093834013097,0.5489769834059123
5,40,0.5704706187694231,0.5909015236804247,0.5704706187694231,0.6981186296856866,0.6171489621550735,0.5704706187694231,0.5704706187694231,0.5281194101415039,0.5704706187694231,0.5918173076024653
5,41,0.5384759132758802,0.5928385532389959,0.5384759132758802,0.6605542986823825,0.4672358185016881,0.5384759132758802,0.5384759132758802,0.426778102694006,0.5384759132758802,0.5393910692105932
5,42,0.4982133735538399,0.5059368440405496,0.4982133735538399,0.5968987215071482,0.480491649304189,0.4982133735538399,0.4982133735538399,0.4244498288743833,0.4982133735538399,0.5074672852488064
5,43,0.4808712072461588,0.6508874327113001,0.4808712072461588,0.6638181402780081,0.5943390616790214,0.4808712072461588,0.4808712072461587,0.5543777634705384,0.4808712072461588,0.48069883270677904
5,44,0.5671667560452259,0.6253110088866591,0.5671667560452259,0.6890943023901899,0.536488248607628,0.5671667560452259,0.567166756045226,0.4870569468933639,0.5671667560452259,0.5380839092410966
5,45,0.5572871341430155,0.6087698153998471,0.5572871341430155,0.6906354029915964,0.5143880098461986,0.5572871341430155,0.5572871341430155,0.4649914541730217,0.5572871341430155,0.5414462267032716
5,46,0.51931297050935,0.5916992385843172,0.51931297050935,0.6918640642755264,0.5724722500231396,0.51931297050935,0.51931297050935,0.5080007458515962,0.51931297050935,0.49780223998975276
5,47,0.5484367518069073,0.5516004431495973,0.5484367518069073,0.6783687093672703,0.5017448805933864,0.5484367518069073,0.5484367518069073,0.4625062383473488,0.5484367518069073,0.5679466097949992
5,48,0.5286986949491341,0.5967647377058833,0.5286986949491341,0.6753150574139763,0.5279259000011112,0.5286986949491341,0.5286986949491341,0.4492538111377591,0.5286986949491341,0.45960084358486336
5,49,0.3836373396889217,0.4959101619377764,0.3836373396889217,0.43689230114855965,0.45456686755994985,0.3836373396889217,0.3836373396889217,0.3845805906513295,0.3836373396889217,0.35315270920700426
6,0,0.5935406017631815,0.5271352639499967,0.5935406017631815,0.6792590238595797,0.5559242078156817,0.5935406017631815,0.5935406017631815,0.4813604348878981,0.5935406017631815,0.5969101654205279
6,1,0.5182876338018405,0.4813997745913543,0.5182876338018405,0.6098668473912688,0.5175952361294796,0.5182876338018405,0.5182876338018405,0.42502956960101057,0.5182876338018405,0.5063967900726369
6,2,0.5786413461591179,0.5959957805281881,0.5786413461591179,0.6819463437671965,0.4627867242940025,0.5786413461591179,0.5786413461591179,0.4192545300136251,0.5786413461591179,0.5747604392782851
6,3,0.6015069866279701,0.6107661574410517,0.6015069866279701,0.6707359063814712,0.48063488370445995,0.6015069866279701,0.6015069866279701,0.4774139110808586,0.6015069866279701,0.6035093110888502
6,4,0.5378435572586061,0.4912521969519027,0.5378435572586061,0.6493208227362334,0.5068282948318257,0.5378435572586061,0.5378435572586061,0.40385851920471605,0.5378435572586061,0.5174822084720727
6,5,0.42857559693060615,0.611430191908499,0.42857559693060615,0.6826709597426883,0.5491418480514318,0.42857559693060615,0.42857559693060615,0.5068291149601897,0.42857559693060615,0.4444013129237704
6,6,0.44163484055846935,0.5883914270312356,0.44163484055846935,0.45196571475637176,0.4879017823907059,0.44163484055846935,0.44163484055846935,0.4417162206295295,0.44163484055846935,0.4063640360754761
6,7,0.4900457126958968,0.6326047702611904,0.4900457126958968,0.6762324605156046,0.47999529450780515,0.4900457126958968,0.4900457126958968,0.42381352476225903,0.4900457126958968,0.4864638818866793
6,8,0.557772482486619,0.5308295779446033,0.557772482486619,0.6415495044612496,0.5244483837375774,0.557772482486619,0.557772482486619,0.4506221871326382,0.557772482486619,0.518419441701653
6,9,0.478651781659594,0.5941923324587618,0.478651781659594,0.6649251390585342,0.5181641450081624,0.478651781659594,0.478651781659594,0.4495813933613244,0.478651781659594,0.442674736827392
6,10,0.437811061314559,0.4946890330161271,0.437811061314559,0.39842130096524553,0.5700871456060285,0.437811061314559,0.437811061314559,0.49801132144931504,0.437811061314559,0.3954551120856791
6,11,0.6147855337386793,0.6019159777996452,0.6147855337386793,0.6774493423932914,0.6268234484935766,0.6147855337386793,0.6147855337386793,0.5766679162427673,0.6147855337386793,0.6005865435116882
6,12,0.5318764581706948,0.6694648182646151,0.5318764581706948,0.7234174061354792,0.5737643211692043,0.5318764581706948,0.5318764581706948,0.5109541489138674,0.5318764581706948,0.5209138701115213
6,13,0.5303224699742402,0.6450760989657914,0.5303224699742402,0.7043781411041441,0.4381085002145515,0.5303224699742402,0.5303224699742402,0.398235682199996,0.5303224699742402,0.4992399387799148
6,14,0.5643148815161825,0.5822109582682244,0.5643148815161825,0.683501172576688,0.6200583015664572,0.5643148815161825,0.5643148815161825,0.5450118884899517,0.5643148815161825,0.5667919897191449
6,15,0.49167608541052915,0.6551439888204995,0.49167608541052915,0.6825258388851196,0.3961112105904653,0.49167608541052915,0.49167608541052915,0.3248024336629062,0.49167608541052915,0.45245072278522847
6,16,0.5588768056180349,0.5244806670803291,0.5588768056180349,0.6566320892428533,0.5758233224216915,0.5588768056180349,0.5588768056180349,0.5225666381723864,0.5588768056180349,0.5751215067384361
6,17,0.5141490239647598,0.5994543096102136,0.5141490239647598,0.6726957555223708,0.5018788532588765,0.5141490239647598,0.5141490239647598,0.45435428312857884,0.5141490239647598,0.53199742540319
6,18,0.5422410567156906,0.5611461458574336,0.5422410567156906,0.6880570994961455,0.5641975276535889,0.5422410567156906,0.5422410567156906,0.47383296522153834,0.5422410567156906,0.5525450779629154
6,19,0.5862668813734494,0.6889652478264916,0.5862668813734494,0.7195615441120238,0.5675084818732505,0.5862668813734494,0.5862668813734494,0.5084170957155413,0.5862668813734494,0.5433122992009514
6,20,0.5777195281295281,0.5667747023830222,0.5777195281295281,0.6690363975330789,0.4905261816009455,0.5777195281295281,0.5777195281295281,0.41716226980522075,0.5777195281295281,0.5477847114774537
6,21,0.5742523028956515,0.5317140590996255,0.5742523028956515,0.6760269018520035,0.6025469824673041,0.5742523028956515,0.5742523028956517,0.47579419251446775,0.5742523028956515,0.5336232970518442
6,22,0.3936532828662742,0.6275509452223206,0.3936532828662742,0.6740193647240214,0.5166291451815948,0.3936532828662742,0.3936532828662742,0.4632269712676596,0.3936532828662742,0.3649578817083323
6,23,0.40108906481282125,0.4665038279041131,0.40108906481282125,0.5618846794520271,0.5349715049656254,0.40108906481282125,0.40108906481282125,0.424385746292373,0.40108906481282125,0.3234541825065122
6,24,0.5117798029483867,0.6671658885201024,0.5117798029483867,0.7043193303388973,0.5428418815647256,0.5117798029483867,0.5117798029483867,0.5286487974310699,0.5117798029483867,0.5483000366146559
6,25,0.4109307732315567,0.5578568559246708,0.4109307732315567,0.618261141592988,0.5423548039068485,0.4109307732315567,0.4109307732315567,0.4200688568488656,0.4109307732315567,0.3598963231101515
6,26,0.6497820021162786,0.6312835266495469,0.6497820021162786,0.6985716345009985,0.5773503445772108,0.6497820021162786,0.6497820021162786,0.5036200391554437,0.6497820021162786,0.626626582302128
6,27,0.5558471651725997,0.6158600874041786,0.5558471651725997,0.69117870828571,0.591532665068115,0.5558471651725997,0.5558471651725998,0.5193262463927637,0.5558471651725997,0.5361495734912771
6,28,0.4307546000531718,0.46530729597180376,0.4307546000531718,0.6036655938828978,0.4880570304721381,0.4307546000531718,0.4307546000531718,0.3742308376541017,0.4307546000531718,0.4115857813699988
6,29,0.5224484527628197,0.58486791265984,0.5224484527628197,0.6960758905996053,0.5145039206484705,0.5224484527628197,0.5224484527628197,0.4494452636849259,0.5224484527628197,0.5042916726226809
6,30,0.5599411709114746,0.5343315875795213,0.5599411709114746,0.6642013465739404,0.5576175347365615,0.5599411709114746,0.5599411709114746,0.4698167406808348,0.5599411709114746,0.5495791407255071
6,31,0.47394456249559186,0.6077590342359432,0.47394456249559186,0.6734295150317058,0.5664725389788114,0.47394456249559186,0.4739445624955918,0.4836597404468035,0.47394456249559186,0.46711952086861463
6,32,0.544595502624533,0.5902833237752496,0.544595502624533,0.686750100147459,0.5040334404601612,0.544595502624533,0.544595502624533,0.45393012540062233,0.544595502624533,0.5308674452629691
6,33,0.4423236951001376,0.5736906993165393,0.4423236951001376,0.6365504655121018,0.4696562076029445,0.4423236951001376,0.4423236951001376,0.4324412696167049,0.4423236951001376,0.43766179147579165
6,34,0.5961017133270448,0.6547290302931155,0.5961017133270448,0.7018771760588145,0.4611865720844683,0.5961017133270448,0.5961017133270448,0.434668933631864,0.5961017133270448,0.5969252000178923
6,35,0.5397526126618211,0.6139908779109273,0.5397526126618211,0.6921367023138216,0.5472797955211044,0.5397526126618211,0.5397526126618211,0.48350890590412005,0.5397526126618211,0.5463948121383727
6,36,0.6015135843174965,0.652315726388264,0.6015135843174965,0.7425122520602,0.5736383642966942,0.6015135843174965,0.6015135843174965,0.5309980577370115,0.6015135843174965,0.6187850093302699
6,37,0.4396252400838817,0.5608777848799998,0.4396252400838817,0.6566333443244707,0.5811451414462985,0.4396252400838817,0.4396252400838817,0.497015132181567,0.4396252400838817,0.411180636240825
6,38,0.5865836633959163,0.5908636613489282,0.5865836633959163,0.6665590939308603,0.5604249834594868,0.5865836633959163,0.5865836633959163,0.5074359279252303,0.5865836633959163,0.5911621567163143
6,39,0.5479808607531607,0.5519012724424952,0.5479808607531607,0.6693932031472587,0.5367140250289805,0.5479808607531607,0.5479808607531607,0.4940363189577699,0.5479808607531607,0.5475104830485769
6,40,0.5479596738065128,0.5792341695878503,0.5479596738065128,0.6820975302808052,0.5982355770541865,0.5479596738065128,0.5479596738065129,0.5103066288178492,0.5479596738065128,0.5653629541428778
6,41,0.5241441518962828,0.566026677252349,0.5241441518962828,0.652606935497276,0.4800625504336421,0.5241441518962828,0.5241441518962828,0.4267176260972063,0.5241441518962828,0.5298213924106924
6,42,0.5012128133077813,0.4956838589717652,0.5012128133077813,0.5960067265620488,0.5074421064647641,0.5012128133077813,0.5012128133077813,0.43890608002201414,0.5012128133077813,0.5109661996090923
6,43,0.4868355185779321,0.6622013961012195,0.4868355185779321,0.6794336479642644,0.6062747270297582,0.4868355185779321,0.48683551857793217,0.5715830587935149,0.4868355185779321,0.4925484385721442
6,44,0.5750054616789001,0.597007396536336,0.5750054616789001,0.6799634774714478,0.5367688264285868,0.5750054616789001,0.5750054616789001,0.4824647532601263,0.5750054616789001,0.5405041569984543
6,45,0.5436819549381522,0.6048819245505497,0.5436819549381522,0.6844797454585737,0.4962111796322497,0.5436819549381522,0.5436819549381522,0.4462644054194286,0.5436819549381522,0.5298754438471681
6,46,0.5257670905945475,0.6028710570655336,0.5257670905945475,0.760837886314635,0.5871354032688536,0.5257670905945475,0.5257670905945475,0.5183977944614746,0.5257670905945475,0.501238530645882
6,47,0.5364495862644654,0.5570720016476653,0.5364495862644654,0.6807007069324724,0.49038111120404215,0.5364495862644654,0.5364495862644654,0.4480856337733917,0.5364495862644654,0.5567317515557857
6,48,0.5229105698052743,0.5589931475216898,0.5229105698052743,0.6658633020895246,0.5376720084098461,0.5229105698052743,0.5229105698052743,0.4417462827199273,0.5229105698052743,0.4562465620776168
6,49,0.3821001709544989,0.6041867734542612,0.3821001709544989,0.6345834263896615,0.45333886121779765,0.3821001709544989,0.3821001709544989,0.3783349556287462,0.3821001709544989,0.34342670240072104
7,0,0.5780464389992959,0.5139646088892439,0.5780464389992959,0.6721189407860837,0.5555813157832264,0.5780464389992959,0.5780464389992959,0.4733389131356918,0.5780464389992959,0.5813778252001547
7,1,0.5369934774869642,0.4920995522039497,0.5369934774869642,0.619232549983922,0.5464253130769114,0.5369934774869642,0.5369934774869642,0.4552317985485923,0.5369934774869642,0.5195695312382845
7,2,0.5531173014371905,0.5913656286444717,0.5531173014371905,0.677103597067414,0.44945263560705245,0.5531173014371905,0.5531173014371905,0.40343187824293025,0.5531173014371905,0.5513450128784656
7,3,0.60321839012101,0.6149218565044299,0.60321839012101,0.6689438709665709,0.47891141348017274,0.60321839012101,0.60321839012101,0.47806469940474317,0.60321839012101,0.6041942803979523
7,4,0.5251728339111578,0.49224169531170925,0.5251728339111578,0.650114557836442,0.4982785792507115,0.5251728339111578,0.5251728339111578,0.39885529748423726,0.5251728339111578,0.5071318356612275
7,5,0.4380423521487978,0.6164144595539119,0.4380423521487978,0.6817868488677907,0.564873043810416,0.4380423521487978,0.4380423521487977,0.5221658289404412,0.4380423521487978,0.45158932139986463
7,6,0.44903438167522397,0.6413583491029624,0.44903438167522397,0.6664065300785889,0.5054886227656521,0.44903438167522397,0.449034381675224,0.4569511079288428,0.44903438167522397,0.41000276774252875
7,7,0.4843024704258567,0.622232595058196,0.4843024704258567,0.6686727188101513,0.4948412562080168,0.4843024704258567,0.48430247042585667,0.4372783914721676,0.4843024704258567,0.47740558044767234
7,8,0.52317131792937,0.5240164502478709,0.52317131792937,0.6639460191997892,0.49178858399860725,0.52317131792937,0.52317131792937,0.4030871161802275,0.52317131792937,0.4819013445191491
7,9,0.5215912177504239,0.5887977157644582,0.5215912177504239,0.6637637758544492,0.5528758431279839,0.5215912177504239,0.5215912177504238,0.49207755711193446,0.5215912177504239,0.5004730803796402
7,10,0.4397098020200639,0.5680173461398125,0.4397098020200639,0.6187254220672839,0.5674222142167342,0.4397098020200639,0.4397098020200638,0.49929613603940337,0.4397098020200639,0.3971414964965104
7,11,0.6019917774203462,0.6033107088145943,0.6019917774203462,0.6729266236047671,0.6035068231784877,0.6019917774203462,0.6019917774203462,0.5634324697031228,0.6019917774203462,0.5982422145933095
7,12,0.4945491468862204,0.643513116409869,0.4945491468862204,0.7070022031082664,0.5609835300426294,0.4945491468862204,0.4945491468862204,0.4773392395781364,0.4945491468862204,0.4790659802999326
7,13,0.5306970514739656,0.6194454283216745,0.5306970514739656,0.6922319434049095,0.449835385333716,0.5306970514739656,0.5306970514739656,0.4003937061772614,0.5306970514739656,0.49852020118888324
7,14,0.5529866485995288,0.5693055004903258,0.5529866485995288,0.6742547308440654,0.6049959323527159,0.5529866485995288,0.552986648599529,0.5348603234121097,0.5529866485995288,0.5543233153374698
7,15,0.5055785323448941,0.6783572880315327,0.5055785323448941,0.7002589308389717,0.39337205611100134,0.5055785323448941,0.5055785323448941,0.3285190958600779,0.5055785323448941,0.46839863230107837
7,16,0.5149303390850009,0.4978342324646048,0.5149303390850009,0.6391998246495967,0.5536908745189797,0.5149303390850009,0.5149303390850009,0.48580658913348373,0.5149303390850009,0.5248790958775089
7,17,0.5588177981131166,0.6269794179408383,0.5588177981131166,0.6949817253321406,0.5741726057300713,0.5588177981131166,0.5588177981131165,0.5173070406814354,0.5588177981131166,0.5696123156460944
7,18,0.5186501350249685,0.5574440757433015,0.5186501350249685,0.6825341364322668,0.5533879189055894,0.5186501350249685,0.5186501350249686,0.4620405215746834,0.5186501350249685,0.5344629767866811
7,19,0.5821134964288379,0.678464538299653,0.5821134964288379,0.7172581042951359,0.5703761089013673,0.5821134964288379,0.5821134964288379,0.5165283927740238,0.5821134964288379,0.5439680766606245
7,20,0.567800041314546,0.6191759790678372,0.567800041314546,0.6663900421578028,0.4841847755910698,0.567800041314546,0.567800041314546,0.40966019609450943,0.567800041314546,0.5365051174843265
7,21,0.5776606135498144,0.545270573389266,0.5776606135498144,0.6792786455331562,0.6138836869239974,0.5776606135498144,0.5776606135498144,0.4940295489351489,0.5776606135498144,0.5391252946779383
7,22,0.39650339181643035,0.6243610833025619,0.39650339181643035,0.676335242492302,0.5269181017046454,0.39650339181643035,0.39650339181643035,0.4689996595775751,0.39650339181643035,0.36436701718255293
7,23,0.3989532719103926,0.459679091759925,0.3989532719103926,0.5657986400815719,0.5297393797818447,0.3989532719103926,0.39895327191039254,0.4117664695649567,0.3989532719103926,0.3174545299355823
7,24,0.5050584299747717,0.6511206872499462,0.5050584299747717,0.6953618687544822,0.5496513229206156,0.5050584299747717,0.5050584299747718,0.5259721310820235,0.5050584299747717,0.5358218335826967
7,25,0.41747921239941893,0.5763998400690359,0.41747921239941893,0.6177970010000811,0.5499831306460753,0.41747921239941893,0.41747921239941893,0.43437662458456666,0.41747921239941893,0.3647700008752839
7,26,0.6393318194578502,0.6250518328647149,0.6393318194578502,0.6997267436921977,0.5759794871463619,0.6393318194578502,0.6393318194578503,0.49605038773615595,0.6393318194578502,0.6206985941537704
7,27,0.548575210361755,0.6126642425187174,0.548575210361755,0.6924692775286896,0.5947675010011639,0.548575210361755,0.548575210361755,0.5255643200078479,0.548575210361755,0.5317673201375663
7,28,0.42946043072876683,0.46693529766069175,0.42946043072876683,0.599000170318676,0.4935860691189714,0.42946043072876683,0.42946043072876683,0.38142897873585774,0.42946043072876683,0.41228124082710316
7,29,0.5279532489578671,0.5845223906679341,0.5279532489578671,0.6674985845904277,0.5161861791723863,0.5279532489578671,0.5279532489578671,0.45034426655175736,0.5279532489578671,0.506820496923813
7,30,0.5534384509442734,0.531465562485986,0.5534384509442734,0.6629593880111672,0.5551527805240306,0.5534384509442734,0.5534384509442734,0.47453037710543233,0.5534384509442734,0.5432112288247835
7,31,0.48491336072086916,0.6085618983417369,0.48491336072086916,0.6662264443937322,0.5730382644082438,0.48491336072086916,0.4849133607208691,0.49221694146017275,0.48491336072086916,0.4779722819721381
7,32,0.5399222940854129,0.5888311851100101,0.5399222940854129,0.6848844220510222,0.501821112988108,0.5399222940854129,0.5399222940854129,0.4522530263404003,0.5399222940854129,0.5333054018592911
7,33,0.4269649243593481,0.6170996284121919,0.4269649243593481,0.6762921115409382,0.4713335110885587,0.4269649243593481,0.4269649243593481,0.42624899265526967,0.4269649243593481,0.41555979608987825
7,34,0.6071247798718059,0.6548797165171557,0.6071247798718059,0.7037832066465105,0.4818803820194837,0.6071247798718059,0.607124779871806,0.45580505369940494,0.6071247798718059,0.6063928173279522
7,35,0.5111723508859443,0.6052443180461985,0.5111723508859443,0.6805554220662695,0.5355072563808129,0.5111723508859443,0.5111723508859443,0.47024212385465536,0.5111723508859443,0.5196783820758537
7,36,0.589236863837534,0.6612788646630797,0.589236863837534,0.741943656245426,0.5591053592312762,0.589236863837534,0.589236863837534,0.522812108185224,0.589236863837534,0.6087930170965048
7,37,0.4226037586572605,0.5676414313603527,0.4226037586572605,0.658056755430816,0.5754765176156196,0.4226037586572605,0.4226037586572605,0.48678741741667264,0.4226037586572605,0.3802723275463179
7,38,0.5697191326398573,0.5690035050118327,0.5697191326398573,0.6503780700245408,0.5611204012308078,0.5697191326398573,0.5697191326398573,0.5026231414786779,0.5697191326398573,0.5754407937205089
7,39,0.5248410909307509,0.5671551606945076,0.5248410909307509,0.6773759883998935,0.5187797896310575,0.5248410909307509,0.5248410909307509,0.4837488247487298,0.5248410909307509,0.5307584457287177
7,40,0.5487219392598117,0.5683518745652858,0.5487219392598117,0.6835548638573248,0.5947248337390189,0.5487219392598117,0.5487219392598117,0.5006045715631064,0.5487219392598117,0.5686962733347352
7,41,0.5258001719673836,0.5631709477047997,0.5258001719673836,0.6493338807518804,0.46586738099720637,0.5258001719673836,0.5258001719673836,0.425501934431874,0.5258001719673836,0.533239958786522
7,42,0.5071603051775229,0.5034910921984616,0.5071603051775229,0.6050018814055464,0.5068896182863469,0.5071603051775229,0.5071603051775229,0.44273919073937174,0.5071603051775229,0.518609033463225
7,43,0.5068891494305126,0.658754341448672,0.5068891494305126,0.6866264219358665,0.6173086821224567,0.5068891494305126,0.5068891494305126,0.5769137670156766,0.5068891494305126,0.5147033896862357
7,44,0.5768981622461062,0.6194328147610855,0.5768981622461062,0.6886639086449922,0.5420459673901648,0.5768981622461062,0.5768981622461062,0.49277778672717226,0.5768981622461062,0.543353774869179
7,45,0.5387448388179803,0.5967339383692761,0.5387448388179803,0.6780419985671009,0.4952258018142686,0.5387448388179803,0.5387448388179802,0.43824142620055717,0.5387448388179803,0.5212537174092889
7,46,0.49541818339959987,0.5589316094450529,0.49541818339959987,0.6528775314906718,0.5510045874329113,0.49541818339959987,0.49541818339959987,0.4778850339991578,0.49541818339959987,0.47272944128038974
7,47,0.5182180328235984,0.569277442837641,0.5182180328235984,0.6777767347963644,0.49695938637008935,0.5182180328235984,0.5182180328235984,0.4473337061875411,0.5182180328235984,0.5388224033266423
7,48,0.5131263820881836,0.5756431225095167,0.5131263820881836,0.6679091107976662,0.5414412745089778,0.5131263820881836,0.5131263820881836,0.4482149017600039,0.5131263820881836,0.4489983983859886
7,49,0.38066782185086007,0.608407539750885,0.38066782185086007,0.6583768603452157,0.4601574949372164,0.38066782185086007,0.38066782185086,0.38093433385394593,0.38066782185086007,0.33856957579214475
8,0,0.5888752918664519,0.5191998663892864,0.5888752918664519,0.6780947232895272,0.5717110266288365,0.5888752918664519,0.588875291866452,0.48375270153711913,0.5888752918664519,0.5902295702542933
8,1,0.503099659587098,0.47340252899054214,0.503099659587098,0.6089039626641223,0.5229471696215637,0.503099659587098,0.503099659587098,0.4185041538010607,0.503099659587098,0.48514469902624874
8,2,0.5390019628590966,0.5576677598824913,0.5390019628590966,0.6544413809133623,0.44694200677337287,0.5390019628590966,0.5390019628590967,0.39671185473825826,0.5390019628590966,0.544560744732676
8,3,0.5913642934715491,0.6226680881768848,0.5913642934715491,0.6698795635977228,0.477223080469251,0.5913642934715491,0.5913642934715491,0.47820779579118833,0.5913642934715491,0.5966894019755742
8,4,0.5231055268845162,0.5027431690305618,0.5231055268845162,0.6499683434941599,0.492071385214347,0.5231055268845162,0.5231055268845162,0.40807044134317993,0.5231055268845162,0.5108285694780635
8,5,0.44717606343371824,0.6171190086954732,0.44717606343371824,0.6841463208552391,0.5704789048630197,0.44717606343371824,0.4471760634337183,0.5334479335711964,0.44717606343371824,0.4634305666102626
8,6,0.4446898495847591,0.5778232419978122,0.4446898495847591,0.4441419257992958,0.5007760453207928,0.4446898495847591,0.4446898495847591,0.4444146965167293,0.4446898495847591,0.40134132602643446
8,7,0.5012000825547518,0.6133477633419555,0.5012000825547518,0.6613809978629257,0.49968543511395647,0.5012000825547518,0.5012000825547518,0.4368261783050718,0.5012000825547518,0.4909996902789633
8,8,0.5180826408005024,0.5794972501016722,0.5180826408005024,0.6707145131646071,0.49561107438288654,0.5180826408005024,0.5180826408005024,0.4071903417876127,0.5180826408005024,0.48106336131483207
8,9,0.503085627881204,0.5852585235170953,0.503085627881204,0.6602399501341911,0.5523195706579624,0.503085627881204,0.5030856278812039,0.47802294969890846,0.503085627881204,0.4705832300875014
8,10,0.43744623696131607,0.552304719236169,0.43744623696131607,0.6121866764062495,0.5660879237189858,0.43744623696131607,0.43744623696131607,0.49724873968515093,0.43744623696131607,0.3944019243016519
8,11,0.6148710249269074,0.5871281536943203,0.6148710249269074,0.6687310533108546,0.6205157680809162,0.6148710249269074,0.6148710249269074,0.5681446052927688,0.6148710249269074,0.6015145514084985
8,12,0.5100124584821801,0.6568165361664696,0.5100124584821801,0.7130795393548734,0.5702665607800724,0.5100124584821801,0.5100124584821801,0.5007275669915789,0.5100124584821801,0.501695087394389
8,13,0.5176644773798215,0.6213351652222117,0.5176644773798215,0.6907698084841833,0.4287672192217875,0.5176644773798215,0.5176644773798215,0.37174197409164633,0.5176644773798215,0.48086637471263766
8,14,0.5220004603514635,0.5658601260567362,0.5220004603514635,0.6660176342134856,0.5833671169345905,0.5220004603514635,0.5220004603514635,0.5177545238405903,0.5220004603514635,0.5224722756975501
8,15,0.48356929056159625,0.6624264608249171,0.48356929056159625,0.6930349338072239,0.3957104588320637,0.48356929056159625,0.48356929056159625,0.32002040481443533,0.48356929056159625,0.44293239972373977
8,16,0.5564471832186745,0.5136142718773878,0.5564471832186745,0.6500155978918174,0.5688874270836438,0.5564471832186745,0.5564471832186744,0.5114510735809916,0.5564471832186745,0.5675101642910518
8,17,0.5043842576154296,0.6031315037431574,0.5043842576154296,0.6773850071333742,0.5239534144399964,0.5043842576154296,0.5043842576154296,0.4632025875623859,0.5043842576154296,0.5181737506333141
8,18,0.5241356027774601,0.5657259578054311,0.5241356027774601,0.6871931832518172,0.5609763934971634,0.5241356027774601,0.5241356027774601,0.4676991762544666,0.5241356027774601,0.5381164778680245
8,19,0.5726624455702229,0.6820105175374007,0.5726624455702229,0.7075147703250142,0.5578678570992808,0.5726624455702229,0.5726624455702229,0.499524645349418,0.5726624455702229,0.5338178036612149
8,20,0.5691110301009827,0.6104899401396301,0.5691110301009827,0.6694600049516719,0.49308564374002933,0.5691110301009827,0.5691110301009827,0.42055144584708404,0.5691110301009827,0.5447277424387115
8,21,0.5724369160986691,0.5211097982726569,0.5724369160986691,0.6725989723673172,0.6076231697229868,0.5724369160986691,0.5724369160986691,0.47716514706258717,0.5724369160986691,0.5313666010942377
8,22,0.40948364902038714,0.6261665457990166,0.40948364902038714,0.6882035055062555,0.5271783055661455,0.40948364902038714,0.40948364902038714,0.47296710201595127,0.40948364902038714,0.38704276872181576
8,23,0.39362196707232544,0.5098400170881511,0.39362196707232544,0.5695793825377529,0.5397859274233279,0.39362196707232544,0.39362196707232544,0.4128053608129739,0.39362196707232544,0.30554289005252877
8,24,0.49057919629548097,0.6405342652802577,0.49057919629548097,0.6861662429592468,0.540684111445148,0.49057919629548097,0.4905791962954809,0.5229566787760372,0.49057919629548097,0.5174382682250246
8,25,0.42333219933608657,0.5585035666547884,0.42333219933608657,0.6007695505679802,0.5559172042295553,0.42333219933608657,0.42333219933608657,0.440767604346869,0.42333219933608657,0.3757519827745943
8,26,0.6283471310225871,0.6099192163831078,0.6283471310225871,0.6865108891771458,0.5671528357439803,0.6283471310225871,0.628347131022587,0.48838636788549683,0.6283471310225871,0.6066404977505928
8,27,0.5540043654402615,0.6152535271021818,0.5540043654402615,0.6930453948494716,0.5960783367221574,0.5540043654402615,0.5540043654402615,0.5238818941558406,0.5540043654402615,0.532680565295852
8,28,0.43512338562203623,0.4781256757871398,0.43512338562203623,0.6033264614148328,0.49622800211947643,0.43512338562203623,0.43512338562203623,0.3943013405258959,0.43512338562203623,0.4187807150355562
8,29,0.5122802981003394,0.5785721983319303,0.5122802981003394,0.6951089508358406,0.507142491396745,0.5122802981003394,0.5122802981003394,0.4363949498588991,0.5122802981003394,0.4917233342843624
8,30,0.5510186786166001,0.5228889500684322,0.5510186786166001,0.6649917594889572,0.5530524636627148,0.5510186786166001,0.5510186786166001,0.4647075362110611,0.5510186786166001,0.5427940880026629
8,31,0.4822840420568325,0.6110138856235134,0.4822840420568325,0.6560224928884589,0.5739528284461921,0.4822840420568325,0.4822840420568325,0.5001461218110017,0.4822840420568325,0.47350461956835355
8,32,0.5277356181287038,0.6054030873934262,0.5277356181287038,0.68660275600561,0.47697842278980873,0.5277356181287038,0.5277356181287038,0.4393869609167643,0.5277356181287038,0.5192716918508314
8,33,0.43386880243478904,0.6206811540446713,0.43386880243478904,0.6779259936095554,0.4805779764892019,0.43386880243478904,0.4338688024347891,0.44252220808371434,0.43386880243478904,0.4263502143617147
8,34,0.5957480399983534,0.6383039643354746,0.5957480399983534,0.6962236621808424,0.45815204117340497,0.5957480399983534,0.5957480399983534,0.43362018280486037,0.5957480399983534,0.5964809057787239
8,35,0.5580637100778221,0.6311258892127296,0.5580637100778221,0.6979278371188868,0.5974106373588123,0.5580637100778221,0.5580637100778221,0.5259452541007149,0.5580637100778221,0.5615883751247487
8,36,0.5792185975300667,0.650651524986907,0.5792185975300667,0.7317034380683722,0.5376230186192623,0.5792185975300667,0.5792185975300668,0.5089442337587291,0.5792185975300667,0.600591552098603
8,37,0.4412702949808402,0.5735029384112802,0.4412702949808402,0.6596245218220768,0.5794464704998354,0.4412702949808402,0.44127029498084025,0.502905373242883,0.4412702949808402,0.4125386331566594
8,38,0.570782104055228,0.5632786735153714,0.570782104055228,0.647194624211056,0.5561240993255,0.570782104055228,0.570782104055228,0.49485311886867167,0.570782104055228,0.574616189390968
8,39,0.5361460925462556,0.6166994651911505,0.5361460925462556,0.6872733142735941,0.5221010979014183,0.5361460925462556,0.5361460925462556,0.4862636748791709,0.5361460925462556,0.5374497831715308
8,40,0.5292162883387325,0.5579160587450924,0.5292162883387325,0.6768639858832988,0.5980389498967718,0.5292162883387325,0.5292162883387325,0.4978110769054191,0.5292162883387325,0.55323814108592
8,41,0.5257227652719554,0.550280635094362,0.5257227652719554,0.6365834924522993,0.4641116848122784,0.5257227652719554,0.5257227652719554,0.4268553596489068,0.5257227652719554,0.5320394982990204
8,42,0.5102628919085657,0.4940142475026852,0.5102628919085657,0.6061682740970681,0.5378001137835906,0.5102628919085657,0.5102628919085657,0.4613268059108725,0.5102628919085657,0.5172467381516322
8,43,0.4925859160887261,0.6416520712790681,0.4925859160887261,0.6726675920939442,0.6192442685708242,0.4925859160887261,0.4925859160887261,0.5701355541157391,0.4925859160887261,0.49042098283084434
8,44,0.5785926533519097,0.6065766662506722,0.5785926533519097,0.6866035008182158,0.5450687923200439,0.5785926533519097,0.5785926533519097,0.49140655348179274,0.5785926533519097,0.545921952147798
8,45,0.5322486236151008,0.6082210336083876,0.5322486236151008,0.69069311569041,0.4951946763020082,0.5322486236151008,0.5322486236151008,0.4458929755520512,0.5322486236151008,0.5127945923232282
8,46,0.5128368271506633,0.5620247312845082,0.5128368271506633,0.6628714302961201,0.5914188302729785,0.5128368271506633,0.5128368271506633,0.5092301028238955,0.5128368271506633,0.4869721906006259
8,47,0.5488934791874954,0.5869096850846784,0.5488934791874954,0.68443799252365,0.5093343062836897,0.5488934791874954,0.5488934791874955,0.46449241952305576,0.5488934791874954,0.565614698348087
8,48,0.5532256522257492,0.5904895587159067,0.5532256522257492,0.6858150461297107,0.5802377127813878,0.5532256522257492,0.5532256522257492,0.4901818135196939,0.5532256522257492,0.5065423566511615
8,49,0.3839422272852004,0.6056808090211203,0.3839422272852004,0.6653992018274704,0.466196973833839,0.3839422272852004,0.38394222728520033,0.3931512867868217,0.3839422272852004,0.3410415646972732
9,0,0.5811439148440859,0.5121826710361992,0.5811439148440859,0.6701117253813328,0.5626577954986329,0.5811439148440859,0.5811439148440859,0.473427182942942,0.5811439148440859,0.583956704191123
9,1,0.4940563645262492,0.6094693583972601,0.4940563645262492,0.6828480961803355,0.5425834793566716,0.4940563645262492,0.49405636452624924,0.44420341062677415,0.4940563645262492,0.4792725109456229
9,2,0.5511239628734071,0.5736236322741535,0.5511239628734071,0.6682921614797698,0.446863053483597,0.5511239628734071,0.5511239628734071,0.3958221944138104,0.5511239628734071,0.5500120958200345
9,3,0.579644473742729,0.6053394479911591,0.579644473742729,0.6631916917186704,0.4815220623250486,0.579644473742729,0.579644473742729,0.48077258577047877,0.579644473742729,0.588383404631269
9,4,0.5279280662274216,0.49701035955151984,0.5279280662274216,0.6453413884047879,0.49242227345536216,0.5279280662274216,0.5279280662274216,0.39794906677737196,0.5279280662274216,0.5066307108258311
9,5,0.4351321205912682,0.6050553593793347,0.4351321205912682,0.6727038969223313,0.5567163581727662,0.4351321205912682,0.43513212059126816,0.5144187197298117,0.4351321205912682,0.4431432329914517
9,6,0.44390630425960775,0.6362218335450458,0.44390630425960775,0.6581111125929183,0.5031291339730591,0.44390630425960775,0.44390630425960775,0.4486374003755146,0.44390630425960775,0.40330077757019167
9,7,0.47276515579886264,0.6459288074251593,0.47276515579886264,0.6906063851254709,0.5164057193967906,0.47276515579886264,0.4727651557988627,0.4357698675525298,0.47276515579886264,0.4592475192000993
9,8,0.5182136653389823,0.5492688481859805,0.5182136653389823,0.6568490876102075,0.4968355582543557,0.5182136653389823,0.5182136653389824,0.4101366220353159,0.5182136653389823,0.48324282023402326
9,9,0.44900501731057174,0.5479586259102407,0.44900501731057174,0.6215905099020643,0.4772114379708713,0.44900501731057174,0.44900501731057174,0.4152959957060016,0.44900501731057174,0.41791053959252095
9,10,0.43263271136325643,0.5413258818984021,0.43263271136325643,0.60938462944311,0.5644659207770089,0.43263271136325643,0.43263271136325643,0.48963774216584305,0.43263271136325643,0.3869599717663096
9,11,0.5797817242699169,0.5796594199669476,0.5797817242699169,0.6590406601188254,0.6124097907267518,0.5797817242699169,0.5797817242699168,0.5547219626350524,0.5797817242699169,0.5674880257808401
9,12,0.513737737009219,0.6574405912991937,0.513737737009219,0.7122620629166307,0.5882701188427515,0.513737737009219,0.5137377370092191,0.5208688106852567,0.513737737009219,0.5032803361403639
9,13,0.5209925006572135,0.6134622458245242,0.5209925006572135,0.6857166324865094,0.4332868485971452,0.5209925006572135,0.5209925006572135,0.37987896689739004,0.5209925006572135,0.4886399678210227
9,14,0.5340523947615089,0.5528758414173167,0.5340523947615089,0.6636307326120146,0.5978573178170652,0.5340523947615089,0.5340523947615088,0.5219244115743435,0.5340523947615089,0.5350061961129158
9,15,0.4830290234220766,0.6647846575624052,0.4830290234220766,0.6937854625463923,0.40286198122310446,0.4830290234220766,0.4830290234220766,0.3417900325336998,0.4830290234220766,0.4534944362617669
9,16,0.5562024182297692,0.5805305010235124,0.5562024182297692,0.6563596464731222,0.5759033531910559,0.5562024182297692,0.5562024182297693,0.5245302198933545,0.5562024182297692,0.5647510429555882
9,17,0.5488760092490315,0.6149282437762416,0.5488760092490315,0.6844644044712481,0.5749608824135152,0.5488760092490315,0.5488760092490315,0.5151526727686144,0.5488760092490315,0.5591763371543005
9,18,0.537093743782723,0.562316596515825,0.537093743782723,0.6822480686998298,0.5714318880053403,0.537093743782723,0.537093743782723,0.48698415297770237,0.537093743782723,0.5532099349526743
9,19,0.5746058832991384,0.6861554620342747,0.5746058832991384,0.7192918139602527,0.563263250242714,0.5746058832991384,0.5746058832991383,0.5047311420275338,0.5746058832991384,0.5353918206573743
9,20,0.5711290867691886,0.6340184895954797,0.5711290867691886,0.6773232833451572,0.4930459751637667,0.5711290867691886,0.5711290867691885,0.42960009960268497,0.5711290867691886,0.5432809999043627
9,21,0.5629246275302255,0.5344344220431594,0.5629246275302255,0.6741764509857087,0.5940534395437447,0.5629246275302255,0.5629246275302255,0.465786001423244,0.5629246275302255,0.5268513609009924
9,22,0.39339346399422453,0.6116820249020081,0.39339346399422453,0.6788632138006857,0.5209726932532673,0.39339346399422453,0.3933934639942245,0.46065961802308725,0.39339346399422453,0.35774035755174316
9,23,0.3921815334758868,0.510728325359102,0.3921815334758868,0.5628894372627957,0.5229293735698818,0.3921815334758868,0.3921815334758868,0.40660991842994954,0.3921815334758868,0.3094806864208669
9,24,0.5025285412796525,0.6531457461190614,0.5025285412796525,0.695199682408723,0.5565529866859648,0.5025285412796525,0.5025285412796525,0.5419532841851483,0.5025285412796525,0.5352813415169131
9,25,0.42259009865218494,0.5669597243420235,0.42259009865218494,0.6284552743583596,0.5688202854409818,0.42259009865218494,0.42259009865218494,0.44153857589966616,0.42259009865218494,0.36428035058623826
9,26,0.6320272479001924,0.6114681313375188,0.6320272479001924,0.6843057378885147,0.5697170201142748,0.6320272479001924,0.6320272479001924,0.49470215445653787,0.6320272479001924,0.6120471749478057
9,27,0.5620639542852598,0.6170291241725907,0.5620639542852598,0.6883772473273021,0.6149528025790159,0.5620639542852598,0.5620639542852598,0.5473342876457131,0.5620639542852598,0.5433656893463832
9,28,0.4412923182543294,0.5375404835008095,0.4412923182543294,0.6497783280541384,0.5184270536651843,0.4412923182543294,0.44129231825432946,0.4074323280165216,0.4412923182543294,0.42126663197529
9,29,0.5357052553756534,0.6229812839454784,0.5357052553756534,0.7243066855830919,0.5687478581413845,0.5357052553756534,0.5357052553756534,0.5136130585613873,0.5357052553756534,0.5160253784339749
9,30,0.5335004190462102,0.5082744670809952,0.5335004190462102,0.6545681255958713,0.5431882358048211,0.5335004190462102,0.53350041904621,0.4488221175108143,0.5335004190462102,0.5276252177632854
9,31,0.46670977776658545,0.5920445446936327,0.46670977776658545,0.6484435835649958,0.5793393326225285,0.46670977776658545,0.4667097777665855,0.4954773785274923,0.46670977776658545,0.4548831142082391
9,32,0.5343637871221092,0.5940698248300996,0.5343637871221092,0.6788716242430457,0.47752383033281764,0.5343637871221092,0.5343637871221092,0.4403093382459831,0.5343637871221092,0.5230082829829978
9,33,0.4279715831007338,0.6195921582041458,0.4279715831007338,0.6699363019843023,0.4801110873471151,0.4279715831007338,0.4279715831007338,0.4386156843921746,0.4279715831007338,0.412376706012353
9,34,0.5783588535371468,0.6215944434223976,0.5783588535371468,0.682526273646787,0.4445037296826289,0.5783588535371468,0.5783588535371468,0.4172584521729983,0.5783588535371468,0.5769272936200129
9,35,0.543043187081761,0.6324892628890167,0.543043187081761,0.7018630513755789,0.5947153449978322,0.543043187081761,0.543043187081761,0.5257389039924429,0.543043187081761,0.5544998321620859
9,36,0.544962371332277,0.6245566942909055,0.544962371332277,0.7184228377046762,0.5057117724492184,0.544962371332277,0.544962371332277,0.45777750760069336,0.544962371332277,0.5630202253801866
9,37,0.4370372731358902,0.5735185532249576,0.4370372731358902,0.6568692707464437,0.5653164765904455,0.4370372731358902,0.43703727313589025,0.4945045288995886,0.4370372731358902,0.4090215950247086
9,38,0.561117975702475,0.5589352919144585,0.561117975702475,0.649971323078173,0.553573184630292,0.561117975702475,0.561117975702475,0.4849403365256888,0.561117975702475,0.5676016828257832
9,39,0.5194466898787633,0.6128634667654614,0.5194466898787633,0.690807050383305,0.5123694047208172,0.5194466898787633,0.5194466898787633,0.47447710227516027,0.5194466898787633,0.5239928950154527
9,40,0.5157441780268504,0.5482555465287215,0.5157441780268504,0.6611441561862972,0.5825071383487228,0.5157441780268504,0.5157441780268504,0.4897294546570631,0.5157441780268504,0.5386440007323559
9,41,0.5101276857358789,0.5508292915207454,0.5101276857358789,0.6410818421727704,0.4614598224451677,0.5101276857358789,0.5101276857358789,0.4184026657746672,0.5101276857358789,0.5237741886519243
9,42,0.4881248557916981,0.4878916425140747,0.4881248557916981,0.5921195963420423,0.5242509377929023,0.4881248557916981,0.4881248557916981,0.4522739773699216,0.4881248557916981,0.49344630524569194
9,43,0.4781360467740876,0.6488413517666725,0.4781360467740876,0.6719062966241744,0.6022446757206541,0.4781360467740876,0.4781360467740876,0.5558456332316792,0.4781360467740876,0.47547552928395714
9,44,0.5674032506909221,0.5883416139223456,0.5674032506909221,0.6777537852882192,0.5217597195060165,0.5674032506909221,0.5674032506909221,0.4656690321633496,0.5674032506909221,0.536265183232885
9,45,0.530226199462279,0.5824674257724634,0.530226199462279,0.6790421933671597,0.49442247520644594,0.530226199462279,0.530226199462279,0.43255042950282585,0.530226199462279,0.5125163976601834
9,46,0.5255395167684925,0.5897938926203987,0.5255395167684925,0.7068816770280282,0.6021308652954429,0.5255395167684925,0.5255395167684925,0.5235902292175638,0.5255395167684925,0.501243566017194
9,47,0.5171822884931742,0.5736144801803105,0.5171822884931742,0.6717385080362903,0.4945678760821638,0.5171822884931742,0.517182288493174,0.4499825838330087,0.5171822884931742,0.538845033828331
9,48,0.5287617911630547,0.5623428662167469,0.5287617911630547,0.6733339750544194,0.5677892166763793,0.5287617911630547,0.5287617911630547,0.45371640367845534,0.5287617911630547,0.4812964626142734
9,49,0.386414316503061,0.6078803556963059,0.386414316503061,0.6761359824588196,0.4793509129621419,0.386414316503061,0.386414316503061,0.404562518166498,0.386414316503061,0.3439824102334368
10,0,0.5595603634230412,0.48313032946215106,0.5595603634230412,0.6588710973236878,0.5203735242315244,0.5595603634230412,0.559560363423041,0.43405217070897584,0.5595603634230412,0.5665227788764056
10,1,0.5238163117744691,0.6195627684835856,0.5238163117744691,0.6920684689241265,0.5537595900633788,0.5238163117744691,0.5238163117744691,0.4600970803823297,0.5238163117744691,0.5105390996376158
10,2,0.5432672297500414,0.5660380990005551,0.5432672297500414,0.6650197634069598,0.43834819798931823,0.5432672297500414,0.5432672297500414,0.38535986640571207,0.5432672297500414,0.5408358590042079
10,3,0.5551579389301131,0.6054509247266493,0.5551579389301131,0.6620484857589709,0.4500003351447257,0.5551579389301131,0.5551579389301131,0.45290611422150034,0.5551579389301131,0.5686292586130695
10,4,0.5315627426799796,0.47820778116665974,0.5315627426799796,0.6407572767518239,0.5105041072526736,0.5315627426799796,0.5315627426799796,0.4043138134138514,0.5315627426799796,0.5055040498465637
10,5,0.45346105964655153,0.6188481847504252,0.45346105964655153,0.6837355660974072,0.5609050904241948,0.45346105964655153,0.45346105964655153,0.5310818690776616,0.45346105964655153,0.4706143614372722
10,6,0.4451494576466896,0.6373149095560268,0.4451494576466896,0.6663148643160625,0.5063105467404752,0.4451494576466896,0.4451494576466897,0.4485069328379324,0.4451494576466896,0.4038503055816416
10,7,0.4847432146712543,0.6723369574567717,0.4847432146712543,0.690758635642759,0.5002735102011022,0.4847432146712543,0.48474321467125425,0.44273446265055794,0.4847432146712543,0.4745013625634744
10,8,0.5219889376260937,0.5336307174717294,0.5219889376260937,0.6487659509969902,0.49726525172716063,0.5219889376260937,0.5219889376260938,0.41755412278695686,0.5219889376260937,0.48567786290406156
10,9,0.48080179211832574,0.5711813256024837,0.48080179211832574,0.637904938151721,0.5003861403914174,0.48080179211832574,0.48080179211832574,0.4389518918799515,0.48080179211832574,0.4553905340362239
10,10,0.4411413147968613,0.5491675041984622,0.4411413147968613,0.6118840936512167,0.5856324000171904,0.4411413147968613,0.4411413147968613,0.5039659964597833,0.4411413147968613,0.3973606395479502
10,11,0.5768424071233488,0.5618460949982345,0.5768424071233488,0.6561866878007583,0.6104294603558661,0.5768424071233488,0.5768424071233488,0.5383915993327496,0.5768424071233488,0.5654962428524278
10,12,0.5167170119937632,0.6490125314205536,0.5167170119937632,0.7123166707295949,0.5934942070915159,0.5167170119937632,0.5167170119937633,0.5204814006471918,0.5167170119937632,0.5065878516068328
10,13,0.4986561621537386,0.6120495953739764,0.4986561621537386,0.6754792068859258,0.4133011630015655,0.4986561621537386,0.49865616215373865,0.3653029889964479,0.4986561621537386,0.4703469485563226
10,14,0.5360105146727504,0.542911459659293,0.5360105146727504,0.6599235952279643,0.5977186468762263,0.5360105146727504,0.5360105146727504,0.5168697126204311,0.5360105146727504,0.5414284387413066
10,15,0.47796004643658324,0.668844425014997,0.47796004643658324,0.6947432252153841,0.43283553065580116,0.47796004643658324,0.47796004643658324,0.3753671727168186,0.47796004643658324,0.46013854686933453
10,16,0.5424467931186656,0.5570081981168151,0.5424467931186656,0.6494711807211838,0.5620881875339665,0.5424467931186656,0.5424467931186656,0.49987988204355005,0.5424467931186656,0.550313938106885
10,17,0.5475476434493353,0.6029831499134861,0.5475476434493353,0.6838198972507835,0.5646074726990198,0.5475476434493353,0.5475476434493353,0.5044745359346774,0.5475476434493353,0.561852992936474
10,18,0.5246177916641074,0.5578739746238208,0.5246177916641074,0.6804908559457263,0.558766294770053,0.5246177916641074,0.5246177916641074,0.4684569967605334,0.5246177916641074,0.5378935086692602
10,19,0.5718291852606129,0.6688257399228874,0.5718291852606129,0.7134308226792401,0.5763425193215113,0.5718291852606129,0.5718291852606129,0.5171164319153196,0.5718291852606129,0.536832175267367
10,20,0.5650109842238092,0.5975715998593314,0.5650109842238092,0.6650960251976739,0.4902638715359843,0.5650109842238092,0.5650109842238092,0.41969275710677084,0.5650109842238092,0.5344074473583165
10,21,0.5586943934414134,0.5290739323235695,0.5586943934414134,0.6683283657059741,0.5976850683545696,0.5586943934414134,0.5586943934414135,0.46805672666265014,0.5586943934414134,0.5269569806501287
10,22,0.40953968291875836,0.6214428913878666,0.40953968291875836,0.6930973561131836,0.5459055352960447,0.40953968291875836,0.4095396829187584,0.48556977895746595,0.40953968291875836,0.3824454902369525
10,23,0.40000899515980487,0.5374432890736257,0.40000899515980487,0.5859388901852327,0.5367567356488377,0.40000899515980487,0.4000089951598049,0.4314018471295077,0.40000899515980487,0.32412983437395293
10,24,0.5294471145469483,0.663984053475228,0.5294471145469483,0.7048830269729385,0.5880746996412946,0.5294471145469483,0.5294471145469483,0.5581681204124704,0.5294471145469483,0.5604030135958564
10,25,0.41590199290181534,0.5583568746704046,0.41590199290181534,0.6028969223527041,0.5590142365712482,0.41590199290181534,0.4159019929018153,0.4370110457165878,0.41590199290181534,0.3592164262584753
10,26,0.6115102919774976,0.5938600211030874,0.6115102919774976,0.6770581782774628,0.5622715690348539,0.6115102919774976,0.6115102919774976,0.47813104281755753,0.6115102919774976,0.5944920333430598
10,27,0.5507248491196685,0.6166320073497941,0.5507248491196685,0.6890027216541038,0.6036577468627964,0.5507248491196685,0.5507248491196685,0.5397853309529594,0.5507248491196685,0.5314089166417232
10,28,0.4287734346911905,0.5272668535870915,0.4287734346911905,0.6490162371748478,0.5119299791104555,0.4287734346911905,0.42877343469119045,0.39570416257545127,0.4287734346911905,0.4086047394586613
10,29,0.5345923831254147,0.6187522236463217,0.5345923831254147,0.7004818395239732,0.5502783434872143,0.5345923831254147,0.5345923831254148,0.49700792194284954,0.5345923831254147,0.5148156304967921
10,30,0.512387719636852,0.49876348695502587,0.512387719636852,0.6427915570673124,0.5241318851771948,0.512387719636852,0.512387719636852,0.43097352130615857,0.512387719636852,0.509034311217204
10,31,0.4742578133602841,0.5970185389424453,0.4742578133602841,0.650959764212192,0.5728438939397797,0.4742578133602841,0.47425781336028416,0.49548054042008327,0.4742578133602841,0.4631264805166325
10,32,0.5466842753734362,0.5726078429198276,0.5466842753734362,0.6735142134278305,0.5035754276589943,0.5466842753734362,0.5466842753734362,0.45259847792174795,0.5466842753734362,0.5344303056097934
10,33,0.4105218094061308,0.6114926476826921,0.4105218094061308,0.6477235314018874,0.44770335636623326,0.4105218094061308,0.4105218094061308,0.4065586086881324,0.4105218094061308,0.3939005611187545
10,34,0.5815026990590301,0.610145396326603,0.5815026990590301,0.6777852269811814,0.4666222806846473,0.5815026990590301,0.5815026990590301,0.43529118355544555,0.5815026990590301,0.5825488187892065
10,35,0.5265314004023476,0.6096832997237467,0.5265314004023476,0.6893036452158021,0.5780238914522935,0.5265314004023476,0.5265314004023475,0.4959422662698799,0.5265314004023476,0.529997875376359
10,36,0.5384260124410123,0.6116182188174117,0.5384260124410123,0.710474963314111,0.5178215586753376,0.5384260124410123,0.5384260124410123,0.470994943240556,0.5384260124410123,0.5628548807261229
10,37,0.438343894437711,0.5721575956067644,0.438343894437711,0.6511709251549049,0.5839137500001754,0.438343894437711,0.43834389443771093,0.5068588315930689,0.438343894437711,0.4057658677527238
10,38,0.5767649075027159,0.5777823514798226,0.5767649075027159,0.650704431069218,0.5539381383563768,0.5767649075027159,0.5767649075027159,0.5018047153040548,0.5767649075027159,0.5812847367409464
10,39,0.5096137164292598,0.5846549578114427,0.5096137164292598,0.6670770980042349,0.5007003760819009,0.5096137164292598,0.5096137164292598,0.4561804728744851,0.5096137164292598,0.512911504232051
10,40,0.5159413653110025,0.5384482090940204,0.5159413653110025,0.6617759358964108,0.5886426290070303,0.5159413653110025,0.5159413653110025,0.4845660762904882,0.5159413653110025,0.5372499344787217
10,41,0.5959551702793973,0.588755028749575,0.5959551702793973,0.6787804283909589,0.5597708972418485,0.5959551702793973,0.5959551702793974,0.49704316420829386,0.5959551702793973,0.6010968619437291
10,42,0.5073857417238722,0.5546394991727686,0.5073857417238722,0.6597946252424318,0.5372473622473963,0.5073857417238722,0.5073857417238722,0.46501793766513627,0.5073857417238722,0.518843764666933
10,43,0.4653987889801487,0.6374064203458586,0.4653987889801487,0.6554257116570795,0.5985249854263631,0.4653987889801487,0.46539878898014864,0.5469992274230808,0.4653987889801487,0.45005973388714104
10,44,0.5619099772212446,0.581605855809329,0.5619099772212446,0.6694436916663609,0.5313087361571082,0.5619099772212446,0.5619099772212446,0.47523536578622444,0.5619099772212446,0.5327169595006308
10,45,0.5387656540638097,0.5808222801308405,0.5387656540638097,0.6818065862803191,0.5096715152751871,0.5387656540638097,0.5387656540638097,0.4439114838968458,0.5387656540638097,0.5209804104244954
10,46,0.5050761786888496,0.5702186004428176,0.5050761786888496,0.6566944601296816,0.5869232223411384,0.5050761786888496,0.5050761786888495,0.5059054539186325,0.5050761786888496,0.48159405604730726
10,47,0.5284955604518878,0.5688486048275359,0.5284955604518878,0.6715516898814493,0.5116536839772075,0.5284955604518878,0.5284955604518878,0.46501331228834786,0.5284955604518878,0.5493330785610018
10,48,0.5050000729462856,0.5449392601832624,0.5050000729462856,0.6638788589430554,0.55570543270824,0.5050000729462856,0.5050000729462856,0.43025982138030117,0.5050000729462856,0.44026933655285616
10,49,0.3880439458160566,0.6065195027929473,0.3880439458160566,0.6693337526716909,0.47203075178060316,0.3880439458160566,0.3880439458160566,0.39639165166187595,0.3880439458160566,0.34514302905317923
11,0,0.5623233085312864,0.5041085870925384,0.5623233085312864,0.6712609419747533,0.5352776412852802,0.5623233085312864,0.5623233085312864,0.43832761896055283,0.5623233085312864,0.565063493064703
11,1,0.47545664142477384,0.5760894463306168,0.47545664142477384,0.6705037410824816,0.4846163621078679,0.47545664142477384,0.47545664142477384,0.39043963701207074,0.47545664142477384,0.45729214585421796
11,2,0.5593640124657303,0.5695630219858145,0.5593640124657303,0.6685522899154787,0.44877559353117324,0.5593640124657303,0.5593640124657303,0.40369610720436905,0.5593640124657303,0.5575139313819556
11,3,0.5772980194014817,0.613551145917183,0.5772980194014817,0.6667033686184586,0.46464491935536806,0.5772980194014817,0.5772980194014818,0.46266772139211737,0.5772980194014817,0.5846791728115854
11,4,0.5308544667705508,0.4812954999159613,0.5308544667705508,0.6375819715855966,0.4976095302610911,0.5308544667705508,0.5308544667705508,0.3966225692160224,0.5308544667705508,0.5040585907054411
11,5,0.43273204840696927,0.6169815200631505,0.43273204840696927,0.6827661149432322,0.5672647081562504,0.43273204840696927,0.43273204840696927,0.5233594692474338,0.43273204840696927,0.4387982034839847
11,6,0.46444221692404003,0.6389768718370721,0.46444221692404003,0.6296990986967834,0.5376090373058522,0.46444221692404003,0.46444221692404003,0.47511211118209984,0.46444221692404003,0.41876509715071175
11,7,0.47044332663683336,0.641832758775883,0.47044332663683336,0.699002198282803,0.5182977516350011,0.47044332663683336,0.4704433266368333,0.43796647012589607,0.47044332663683336,0.45655392419259866
11,8,0.5025914516431639,0.5332355046157172,0.5025914516431639,0.6471296474807213,0.48954871896987406,0.5025914516431639,0.5025914516431639,0.4023883686307181,0.5025914516431639,0.4660383426684708
11,9,0.5079003615069234,0.5982523115716023,0.5079003615069234,0.6650690458896827,0.555653616304226,0.5079003615069234,0.5079003615069234,0.4875212667727167,0.5079003615069234,0.4781938213893229
11,10,0.4382322912669915,0.5261821249609245,0.4382322912669915,0.6065335723911338,0.5916982375156014,0.4382322912669915,0.4382322912669915,0.49170038084330053,0.4382322912669915,0.388574659733277
11,11,0.5468927066073445,0.5296854769925826,0.5468927066073445,0.6405604053129577,0.5936306651484646,0.5468927066073445,0.5468927066073443,0.5110997446063145,0.5468927066073445,0.5365794144211916
11,12,0.4837433394698041,0.6150444503832494,0.4837433394698041,0.6877061272575979,0.5368077705769274,0.4837433394698041,0.48374333946980413,0.46299904841071815,0.4837433394698041,0.46693215060863397
11,13,0.5541715378833293,0.6621687295963445,0.5541715378833293,0.7149668218193563,0.51318500685794,0.5541715378833293,0.5541715378833292,0.47860798976653285,0.5541715378833293,0.52732186388766
11,14,0.5167089275009634,0.5455191708428409,0.5167089275009634,0.6582438122314039,0.5846558253096605,0.5167089275009634,0.5167089275009634,0.5031179659357734,0.5167089275009634,0.5181248579403673
11,15,0.4677486815539659,0.6621100504656624,0.4677486815539659,0.6920341138949838,0.42938835230833483,0.4677486815539659,0.4677486815539659,0.35717239760872976,0.4677486815539659,0.43558361448285143
11,16,0.5489496060110713,0.5474478078901694,0.5489496060110713,0.6472871125998638,0.5703045612073876,0.5489496060110713,0.5489496060110712,0.5024398543770754,0.5489496060110713,0.5571643629082237
11,17,0.5459385506065554,0.6011385450457261,0.5459385506065554,0.6801122429581219,0.5550711900825699,0.5459385506065554,0.5459385506065553,0.49539716273701173,0.5459385506065554,0.5581427540321576
11,18,0.5261336805266777,0.5641946357343961,0.5261336805266777,0.6858023961789368,0.5635254263168172,0.5261336805266777,0.5261336805266777,0.48039412670647397,0.5261336805266777,0.5439525118496471
11,19,0.5641397175055195,0.6365506256277895,0.5641397175055195,0.700440791409056,0.5743402443461899,0.5641397175055195,0.5641397175055195,0.5136698657509557,0.5641397175055195,0.5300289904719868
11,20,0.5496007329196737,0.5975180179656803,0.5496007329196737,0.6555700685632201,0.48058424851458004,0.5496007329196737,0.5496007329196737,0.40741239004220686,0.5496007329196737,0.5265246046675176
11,21,0.5581654631768544,0.5370439529760437,0.5581654631768544,0.6736675177459868,0.605589415368518,0.5581654631768544,0.5581654631768544,0.47720024654145665,0.5581654631768544,0.5206985618891061
11,22,0.41095539841077455,0.6223904205081272,0.41095539841077455,0.6791718742063411,0.5513766080459438,0.41095539841077455,0.41095539841077455,0.496189350126213,0.41095539841077455,0.38308357850548236
11,23,0.40330616726927115,0.5201322553451658,0.40330616726927115,0.5764127914353627,0.5257845617484997,0.40330616726927115,0.40330616726927115,0.41704868317542576,0.40330616726927115,0.32600096862543637
11,24,0.4970821021130913,0.6355358332706359,0.4970821021130913,0.6778750755408565,0.5640936824786729,0.4970821021130913,0.49708210211309123,0.5336181618720222,0.4970821021130913,0.5186931340789098
11,25,0.4228082870325758,0.5658649375584219,0.4228082870325758,0.6201253164695444,0.560488716684838,0.4228082870325758,0.4228082870325758,0.4408601048655236,0.4228082870325758,0.3717805335574472
11,26,0.6200075585361419,0.5895263868396848,0.6200075585361419,0.6726650923571511,0.5655361489448174,0.6200075585361419,0.6200075585361418,0.4871775228758804,0.6200075585361419,0.6019193036520168
11,27,0.5529382345679345,0.6186657761539199,0.5529382345679345,0.6859481318940543,0.5961083457456944,0.5529382345679345,0.5529382345679346,0.5289770948911438,0.5529382345679345,0.5284915019419845
11,28,0.4160509520047823,0.5400076865465078,0.4160509520047823,0.6501204404801288,0.5006489324924022,0.4160509520047823,0.4160509520047823,0.4023896123682311,0.4160509520047823,0.40335326685350087
11,29,0.5303041637089349,0.6038332662043222,0.5303041637089349,0.6961336226049495,0.5581857048037246,0.5303041637089349,0.5303041637089349,0.4990583189772938,0.5303041637089349,0.5104351043660553
11,30,0.4919747470180999,0.48845453001183203,0.4919747470180999,0.6396645629561035,0.5159459139576906,0.4919747470180999,0.49197474701809984,0.41834349416511685,0.4919747470180999,0.49233106098179225
11,31,0.46381320621413147,0.604294574576151,0.46381320621413147,0.6528849131706063,0.5740846025149893,0.46381320621413147,0.46381320621413147,0.4997436095468931,0.46381320621413147,0.4532143835647129
11,32,0.5300249234691247,0.5786140180448076,0.5300249234691247,0.6701652348677121,0.4748054281735278,0.5300249234691247,0.5300249234691247,0.4296049454984423,0.5300249234691247,0.5209403527800681
11,33,0.42634715759919556,0.6126753780427112,0.42634715759919556,0.6594127527619869,0.4542165743070642,0.42634715759919556,0.4263471575991955,0.41287203178796034,0.42634715759919556,0.4085661703476496
11,34,0.5801119804470501,0.620814081672785,0.5801119804470501,0.6818882746610703,0.45671247631016876,0.5801119804470501,0.5801119804470501,0.4281898567597344,0.5801119804470501,0.5826847070592067
11,35,0.5175881857868484,0.6064577257231265,0.5175881857868484,0.686189497879403,0.5596797931598703,0.5175881857868484,0.5175881857868483,0.4868748657262342,0.5175881857868484,0.5240907963758775
11,36,0.525609303597144,0.5892731458670725,0.525609303597144,0.6962316870802,0.513674669275439,0.525609303597144,0.525609303597144,0.4647182998453019,0.525609303597144,0.5484308905253927
11,37,0.4458208422498939,0.5717619842287271,0.4458208422498939,0.6619230009003066,0.5761531959379695,0.4458208422498939,0.4458208422498939,0.5029760011824045,0.4458208422498939,0.42291029655362383
11,38,0.5649915628560487,0.5566548364558515,0.5649915628560487,0.6473979907937177,0.5485917293557211,0.5649915628560487,0.5649915628560487,0.48786433231457516,0.5649915628560487,0.5716624513261399
11,39,0.5573303443631524,0.627667484780841,0.5573303443631524,0.6978845982283381,0.5732578749189421,0.5573303443631524,0.5573303443631524,0.531321132686664,0.5573303443631524,0.5572083091223501
11,40,0.47999752447254956,0.5128843280672748,0.47999752447254956,0.6559858417043114,0.5712665667156203,0.47999752447254956,0.4799975244725496,0.4413257888340689,0.47999752447254956,0.49782615240129335
11,41,0.5659131021100248,0.5949610626268487,0.5659131021100248,0.671577134085079,0.5334658878260301,0.5659131021100248,0.5659131021100248,0.4814507893276948,0.5659131021100248,0.5774092203421644
11,42,0.5121048553140626,0.5782692374259216,0.5121048553140626,0.6604998573488834,0.5452773543477185,0.5121048553140626,0.5121048553140626,0.48409401826258736,0.5121048553140626,0.5212094621084988
11,43,0.4619832301600274,0.6329988609571188,0.4619832301600274,0.6588679038690575,0.5983148923243635,0.4619832301600274,0.4619832301600274,0.5437235951857914,0.4619832301600274,0.44371877647930635
11,44,0.5589847847057751,0.5723242346152579,0.5589847847057751,0.6655523946536963,0.5395664710452255,0.5589847847057751,0.5589847847057751,0.4752770904778786,0.5589847847057751,0.5262888752831253
11,45,0.5316749963271313,0.5743377194879205,0.5316749963271313,0.6754916469303656,0.49678972864512205,0.5316749963271313,0.5316749963271313,0.42990638563617267,0.5316749963271313,0.5144090963544861
11,46,0.4932950283249962,0.571232842899185,0.4932950283249962,0.6802148510075032,0.5961179163854884,0.4932950283249962,0.4932950283249962,0.5061294640096572,0.4932950283249962,0.46992215809777954
11,47,0.5249907934353547,0.5710381171919354,0.5249907934353547,0.6713015456148826,0.49735554121498826,0.5249907934353547,0.5249907934353547,0.4523918487871891,0.5249907934353547,0.5421572597421895
11,48,0.5366964885330762,0.5725596790974169,0.5366964885330762,0.6827419497814354,0.5909924613390776,0.5366964885330762,0.5366964885330762,0.4774072177788165,0.5366964885330762,0.4863042716621354
11,49,0.3835939436183755,0.5987871226756054,0.3835939436183755,0.6566394995777995,0.46829633040799934,0.3835939436183755,0.3835939436183755,0.39308372288931437,0.3835939436183755,0.33763976085920144
12,0,0.5732732429400308,0.5105234419759526,0.5732732429400308,0.6692601939763771,0.5505221324137062,0.5732732429400308,0.5732732429400309,0.4646551977237244,0.5732732429400308,0.5779383591045215
12,1,0.5131595563862242,0.6055186907055001,0.5131595563862242,0.688278596701968,0.5354529466724394,0.5131595563862242,0.5131595563862243,0.43616736177491894,0.5131595563862242,0.49459375608256906
12,2,0.5588849830360393,0.57408168626093,0.5588849830360393,0.6717427439651291,0.4560746657050717,0.5588849830360393,0.5588849830360392,0.4094671801071615,0.5588849830360393,0.5601950628400427
12,3,0.570447201617865,0.6052110092522547,0.570447201617865,0.6584333042363919,0.46010704492307475,0.570447201617865,0.570447201617865,0.46004656262559673,0.570447201617865,0.5791186874955434
12,4,0.514055634134141,0.4815376655432187,0.514055634134141,0.6408404609242434,0.48377971935661024,0.514055634134141,0.5140556341341411,0.3799311378787116,0.514055634134141,0.4987826087494469
12,5,0.43427256244875756,0.6053360849067362,0.43427256244875756,0.6866100639106238,0.5662303028463378,0.43427256244875756,0.43427256244875756,0.5120848923244645,0.43427256244875756,0.4402224300377593
12,6,0.4577679570291552,0.6523686033384153,0.4577679570291552,0.6740082777775034,0.5270911613861531,0.4577679570291552,0.4577679570291552,0.4766062896700501,0.4577679570291552,0.41947826132569443
12,7,0.5128506730061481,0.6750349488888459,0.5128506730061481,0.70189127130912,0.5310179119810801,0.5128506730061481,0.512850673006148,0.47639077194483637,0.5128506730061481,0.5054051704530971
12,8,0.5690423583747864,0.6125878556130172,0.5690423583747864,0.6896066767661138,0.5743747689698726,0.5690423583747864,0.5690423583747866,0.5029995327837301,0.5690423583747864,0.5304677051029042
12,9,0.48669352886530987,0.57825753165199,0.48669352886530987,0.6582232178569338,0.5377950417441864,0.48669352886530987,0.4866935288653098,0.4551443274038398,0.48669352886530987,0.4511345186156293
12,10,0.4408404229843803,0.540235690053344,0.4408404229843803,0.6152751250325591,0.5949820802856729,0.4408404229843803,0.4408404229843803,0.5016955538529052,0.4408404229843803,0.39564827357825627
12,11,0.5723320964678851,0.5505154430350655,0.5723320964678851,0.6504416669631645,0.6011646571797584,0.5723320964678851,0.5723320964678851,0.5242510911042133,0.5723320964678851,0.5553881760931503
12,12,0.5170858321308037,0.6450007151498584,0.5170858321308037,0.7024775283810516,0.5904241213519723,0.5170858321308037,0.5170858321308038,0.5191411998817625,0.5170858321308037,0.5005777671496721
12,13,0.5449383037042868,0.6573394506739335,0.5449383037042868,0.7109536258749842,0.49420789227634776,0.5449383037042868,0.5449383037042866,0.4549022098248514,0.5449383037042868,0.5221945975850415
12,14,0.5145136624675934,0.5358777141189567,0.5145136624675934,0.6548069184682029,0.5618207476708056,0.5145136624675934,0.5145136624675934,0.4850009862481811,0.5145136624675934,0.5158938187432532
12,15,0.4684513819511189,0.6591954978628818,0.4684513819511189,0.6893188168063757,0.4424058137127371,0.4684513819511189,0.4684513819511189,0.3715719391148947,0.4684513819511189,0.43498091703504965
12,16,0.4596827737950551,0.4725190277961768,0.4596827737950551,0.6056317661802155,0.5053272143995275,0.4596827737950551,0.4596827737950552,0.40937378248754386,0.4596827737950551,0.46554071877946057
12,17,0.5332624375972405,0.5805639558706732,0.5332624375972405,0.6621393646434017,0.5384666096744577,0.5332624375972405,0.5332624375972403,0.4863911027371638,0.5332624375972405,0.5490073787101784
12,18,0.5182416358255656,0.5603485000527821,0.5182416358255656,0.6807772253636779,0.557207404963346,0.5182416358255656,0.5182416358255656,0.4720319156555391,0.5182416358255656,0.5334893577943552
12,19,0.5767907407095936,0.6687187861828128,0.5767907407095936,0.7097523163329764,0.5776740879510995,0.5767907407095936,0.5767907407095936,0.5216336661840953,0.5767907407095936,0.5382950684680997
12,20,0.5425465018631969,0.5740197983812032,0.5425465018631969,0.6474972860186752,0.46782591256755846,0.5425465018631969,0.5425465018631968,0.3919785007930524,0.5425465018631969,0.515517890675966
12,21,0.5566921340579889,0.5274799829212575,0.5566921340579889,0.6674757433473213,0.6142707070090463,0.5566921340579889,0.5566921340579889,0.47959557783409734,0.5566921340579889,0.5200249355200259
12,22,0.41598423170788257,0.6221289847575016,0.41598423170788257,0.6720617343796608,0.5587729355416854,0.41598423170788257,0.41598423170788257,0.5000130673421983,0.41598423170788257,0.38433823348762985
12,23,0.3973106330687536,0.5189145835335371,0.3973106330687536,0.5769978313640249,0.5352390453100542,0.3973106330687536,0.3973106330687536,0.42144032553060773,0.3973106330687536,0.3157741964476725
12,24,0.5147677199769582,0.6588863753896179,0.5147677199769582,0.6952509543408338,0.5917811060447136,0.5147677199769582,0.5147677199769582,0.5647721556164347,0.5147677199769582,0.5415585629249948
12,25,0.4182662888823449,0.5526865381188362,0.4182662888823449,0.6095728389810978,0.5581374615251957,0.4182662888823449,0.41826628888234485,0.43565878928292323,0.4182662888823449,0.36343383461917594
12,26,0.6261661764707249,0.5822086179747629,0.6261661764707249,0.6719925877037349,0.5732893109223219,0.6261661764707249,0.6261661764707249,0.4946552791797408,0.6261661764707249,0.6087171980685565
12,27,0.5487953501714423,0.6122237622357076,0.5487953501714423,0.6860737308501317,0.590576765339885,0.5487953501714423,0.5487953501714424,0.5237527643362421,0.5487953501714423,0.528955803408574
12,28,0.4233250440953327,0.5466603421598207,0.4233250440953327,0.6510961856341484,0.516736235693641,0.4233250440953327,0.4233250440953327,0.4144543116260979,0.4233250440953327,0.4117684562853655
12,29,0.5213746090985112,0.5826539844936989,0.5213746090985112,0.6813862476326165,0.5547098466870999,0.5213746090985112,0.5213746090985112,0.4939626584325687,0.5213746090985112,0.5042852133373512
12,30,0.5568750108606333,0.536006393741872,0.5568750108606333,0.6529178133855353,0.5635290530344306,0.5568750108606333,0.5568750108606333,0.49138632032651375,0.5568750108606333,0.5496600771432416
12,31,0.46768233295788453,0.6014453365642161,0.46768233295788453,0.656974805513691,0.5892568450984876,0.46768233295788453,0.46768233295788453,0.5032269207223411,0.46768233295788453,0.4517183182344985
12,32,0.5369579800588087,0.582148526324775,0.5369579800588087,0.6754288177967971,0.48805444052653363,0.5369579800588087,0.5369579800588087,0.4461856038131339,0.5369579800588087,0.5267079252749475
12,33,0.4444686875978212,0.6230921969718579,0.4444686875978212,0.6673252567203032,0.5039499285134317,0.4444686875978212,0.4444686875978212,0.45505710474106564,0.4444686875978212,0.4258135519131612
12,34,0.5821201870435688,0.6029033463299672,0.5821201870435688,0.6711755461518485,0.4575556572653787,0.5821201870435688,0.5821201870435688,0.43391146290514404,0.5821201870435688,0.5829057118606988
12,35,0.49845219132965096,0.5997321843721961,0.49845219132965096,0.6690619727238661,0.5348685845347937,0.49845219132965096,0.49845219132965096,0.4585630599592946,0.49845219132965096,0.5034358597684438
12,36,0.5243738630020435,0.6060296883815228,0.5243738630020435,0.7050513537746109,0.5035173238256369,0.5243738630020435,0.5243738630020436,0.461276560657196,0.5243738630020435,0.5531157371378114
12,37,0.44603206123994005,0.5785908460486221,0.44603206123994005,0.6623819345275958,0.5956797321558394,0.44603206123994005,0.4460320612399401,0.5148541579391976,0.44603206123994005,0.41710504334037946
12,38,0.5636232392183763,0.5640939647642337,0.5636232392183763,0.6478274545625349,0.5455450859376397,0.5636232392183763,0.5636232392183763,0.48590880430837713,0.5636232392183763,0.5698393464946143
12,39,0.5424888882363474,0.6148592403162796,0.5424888882363474,0.6894767795851997,0.5675297716701946,0.5424888882363474,0.5424888882363474,0.5183318648547822,0.5424888882363474,0.5445076414844574
12,40,0.552528713191281,0.5582492742551257,0.552528713191281,0.6820290492670924,0.6244529692472409,0.552528713191281,0.552528713191281,0.5165349537257558,0.552528713191281,0.569163588138468
12,41,0.5715344265116352,0.5827498705714026,0.5715344265116352,0.6651336532114813,0.52871454789969,0.5715344265116352,0.5715344265116352,0.4785012211821437,0.5715344265116352,0.5770331894398583
12,42,0.5000172376254525,0.5659783520141153,0.5000172376254525,0.6502829900085134,0.5211745243797117,0.5000172376254525,0.5000172376254526,0.4516138303702888,0.5000172376254525,0.5065640451021943
12,43,0.46408064495295803,0.6460708355452482,0.46408064495295803,0.6671258343133257,0.5964413572839036,0.46408064495295803,0.464080644952958,0.5456733503559257,0.46408064495295803,0.4497319332331503
12,44,0.5515730703872184,0.5671843825699239,0.5515730703872184,0.6592466748829517,0.5317087431292433,0.5515730703872184,0.5515730703872184,0.46619563544866843,0.5515730703872184,0.5218678545728186
12,45,0.5271787173775615,0.5646647682351769,0.5271787173775615,0.6719559324307278,0.4923965287432181,0.5271787173775615,0.5271787173775615,0.4307702005213522,0.5271787173775615,0.5121687827692813
12,46,0.5019923628491351,0.5795376526958267,0.5019923628491351,0.6762049497978924,0.5920739280748597,0.5019923628491351,0.5019923628491351,0.5150620494613298,0.5019923628491351,0.4768922512713224
12,47,0.5394960461719323,0.5574878674207722,0.5394960461719323,0.6719422002826669,0.500476138083352,0.5394960461719323,0.5394960461719321,0.44558689377199057,0.5394960461719323,0.5499985627054322
12,48,0.5543273734514363,0.5636405267996873,0.5543273734514363,0.6782422020895217,0.5817943920366461,0.5543273734514363,0.5543273734514363,0.4718510033688152,0.5543273734514363,0.505925965479731
12,49,0.3900033666801625,0.599915909584156,0.3900033666801625,0.6613240706961068,0.4919733146616065,0.3900033666801625,0.3900033666801625,0.41184137490543515,0.3900033666801625,0.3474501711914778
13,0,0.5689911565870542,0.5057935490392687,0.5689911565870542,0.6632441948556788,0.5388274989124238,0.5689911565870542,0.5689911565870542,0.4606193887613602,0.5689911565870542,0.5743126612437881
13,1,0.5293220372215623,0.60749660780446,0.5293220372215623,0.6882620059386212,0.5376550551862648,0.5293220372215623,0.5293220372215623,0.43736036826059477,0.5293220372215623,0.5117604613685824
13,2,0.5453318419457497,0.5694339161690253,0.5453318419457497,0.6695005961798761,0.4499292854954622,0.5453318419457497,0.5453318419457497,0.39816158314910394,0.5453318419457497,0.5491632792889898
13,3,0.5600116082165582,0.5909395711640374,0.5600116082165582,0.6570622118765406,0.4568262727515323,0.5600116082165582,0.560011608216558,0.44942897307953855,0.5600116082165582,0.5703418822004916
13,4,0.49888420060581656,0.48137167296800465,0.49888420060581656,0.6327141812925854,0.4590662239583786,0.49888420060581656,0.4988842006058165,0.3569817987306251,0.49888420060581656,0.47990767147018154
13,5,0.4407713795573657,0.6095830509013584,0.4407713795573657,0.6909829701981176,0.5772105471150855,0.4407713795573657,0.4407713795573657,0.5223265897341857,0.4407713795573657,0.4522888455749518
13,6,0.44411538596994815,0.6437710287256108,0.44411538596994815,0.6610105605984915,0.5254919363470466,0.44411538596994815,0.44411538596994815,0.47051023508652545,0.44411538596994815,0.40320359605247014
13,7,0.4666977904151926,0.64430482281576,0.4666977904151926,0.6914082433495706,0.49517099959274036,0.4666977904151926,0.46669779041519255,0.4270689640817526,0.4666977904151926,0.4568851079856312
13,8,0.5517153388754544,0.5933275128255951,0.5517153388754544,0.670683684586999,0.5632784720166837,0.5517153388754544,0.5517153388754545,0.48504748237957923,0.5517153388754544,0.5160564950589104
13,9,0.5061291141821239,0.5833751598942715,0.5061291141821239,0.6600784254627454,0.5585248475895533,0.5061291141821239,0.506129114182124,0.4857565532277168,0.5061291141821239,0.4823340655546109
13,10,0.43096953605140176,0.5247599413971131,0.43096953605140176,0.6096648907272443,0.5773636567901804,0.43096953605140176,0.43096953605140176,0.4804536512970071,0.43096953605140176,0.38400337610669966
13,11,0.5543354579442361,0.5359778825279398,0.5543354579442361,0.6459268208726159,0.6075434758122962,0.5543354579442361,0.5543354579442361,0.5088697749779683,0.5543354579442361,0.5257468317344706
13,12,0.4949276312445389,0.6429953450799729,0.4949276312445389,0.7058002226645979,0.5728939748395409,0.4949276312445389,0.49492763124453887,0.498494461646651,0.4949276312445389,0.4806506865493041
13,13,0.5324508288603012,0.6430025724557562,0.5324508288603012,0.6978409926177267,0.4890899762837776,0.5324508288603012,0.5324508288603012,0.44251711771309105,0.5324508288603012,0.5059255981434521
13,14,0.5187747477243314,0.5356967364182345,0.5187747477243314,0.6521764080148159,0.5782214187071879,0.5187747477243314,0.5187747477243314,0.5010507415160954,0.5187747477243314,0.5233584959268942
13,15,0.448480175755015,0.6595218331445041,0.448480175755015,0.6898279048500301,0.4120513965364518,0.448480175755015,0.4484801757550149,0.3384216232294929,0.448480175755015,0.41904793302976673
13,16,0.5382209265144694,0.5586130314059221,0.5382209265144694,0.6590006498753446,0.5723420942146944,0.5382209265144694,0.5382209265144694,0.49716738843941527,0.5382209265144694,0.5439485265563143
13,17,0.5293080055156685,0.5772298073155724,0.5293080055156685,0.6681744317168455,0.5256944851264456,0.5293080055156685,0.5293080055156685,0.46419295707281116,0.5293080055156685,0.5381864502058634
13,18,0.5086227620474507,0.5449092036551677,0.5086227620474507,0.6736831349749759,0.5508630287524634,0.5086227620474507,0.5086227620474508,0.45199313410758735,0.5086227620474507,0.5236611568806362
13,19,0.5817732972548129,0.6671466264035817,0.5817732972548129,0.7139571393100816,0.5884168762021712,0.5817732972548129,0.5817732972548129,0.532880001274505,0.5817732972548129,0.5456532601398932
13,20,0.5384007367853622,0.559124227773869,0.5384007367853622,0.6430890618572306,0.4648856111400352,0.5384007367853622,0.5384007367853623,0.37904935471648615,0.5384007367853622,0.5066818451969926
13,21,0.5553819815983935,0.5206024974788761,0.5553819815983935,0.6669376959612854,0.5995185211409098,0.5553819815983935,0.5553819815983934,0.46717263455782815,0.5553819815983935,0.522553256543304
13,22,0.4055643426661524,0.6045881328424525,0.4055643426661524,0.6673985239854703,0.560155349726062,0.4055643426661524,0.4055643426661524,0.48891889242817055,0.4055643426661524,0.3686739467342711
13,23,0.40043961055790156,0.5028149824609286,0.40043961055790156,0.559846796857898,0.5402626899041196,0.40043961055790156,0.4004396105579015,0.4109996338946843,0.40043961055790156,0.318463640456663
13,24,0.5003279795096207,0.6536842310819676,0.5003279795096207,0.6956122155392921,0.5687395479879475,0.5003279795096207,0.5003279795096207,0.5460203393625576,0.5003279795096207,0.5271381647790773
13,25,0.41979026223771515,0.5682927680214203,0.41979026223771515,0.6157035259553952,0.5741259353980984,0.41979026223771515,0.4197902622377151,0.4513158721715709,0.41979026223771515,0.359205138578117
13,26,0.6122591762013347,0.5870921427042035,0.6122591762013347,0.6699558888319852,0.5590771932290397,0.6122591762013347,0.6122591762013347,0.4807337671631138,0.6122591762013347,0.5938780525844798
13,27,0.5109575078129189,0.5928312324770073,0.5109575078129189,0.6733284328445284,0.561213982051823,0.5109575078129189,0.5109575078129189,0.4834967819146132,0.5109575078129189,0.4918549696452432
13,28,0.42662518981134606,0.5369330325141954,0.42662518981134606,0.6417146911682754,0.5123468447716577,0.42662518981134606,0.426625189811346,0.41116845152105136,0.42662518981134606,0.412642010516958
13,29,0.5114005751884314,0.5891405798439509,0.5114005751884314,0.6977958438248608,0.5373266646710656,0.5114005751884314,0.5114005751884314,0.46527471955989974,0.5114005751884314,0.49187966253837684
13,30,0.5361473005739154,0.5287411900789784,0.5361473005739154,0.6519109455440951,0.5502267819996967,0.5361473005739154,0.5361473005739154,0.4694259155406055,0.5361473005739154,0.5281512131459676
13,31,0.45702604219566273,0.5819125361816658,0.45702604219566273,0.6526283494928854,0.5786403327851103,0.45702604219566273,0.4570260421956628,0.4798016522158075,0.45702604219566273,0.43185985370557023
13,32,0.554032986403277,0.5711738064820826,0.554032986403277,0.6687604461361527,0.5079901869492114,0.554032986403277,0.554032986403277,0.4605135839162925,0.554032986403277,0.5483012184136045
13,33,0.44066628115096784,0.6082813199443677,0.44066628115096784,0.6658329877017958,0.5233298953132941,0.44066628115096784,0.44066628115096795,0.4655149247273534,0.44066628115096784,0.41995704861201677
13,34,0.5630025917768814,0.6043381863738309,0.5630025917768814,0.6685419508470808,0.4594990218442549,0.5630025917768814,0.5630025917768815,0.42632006070754036,0.5630025917768814,0.5655855529640464
13,35,0.5529604436918328,0.6339649087658379,0.5529604436918328,0.701990478370986,0.6060748839762832,0.5529604436918328,0.552960443691833,0.5314018231342267,0.5529604436918328,0.5552619099206806
13,36,0.5278369066017132,0.6057773276917338,0.5278369066017132,0.711242550515952,0.5184840000449698,0.5278369066017132,0.5278369066017132,0.47016577351636063,0.5278369066017132,0.5572279599089034
13,37,0.43612465470155537,0.5800960171847529,0.43612465470155537,0.6572021115530973,0.5887066957980962,0.43612465470155537,0.43612465470155537,0.5113543093789226,0.43612465470155537,0.40260094059049245
13,38,0.5561529820209243,0.5611678827538685,0.5561529820209243,0.6461170493672261,0.5374044171555599,0.5561529820209243,0.5561529820209243,0.4778304025891202,0.5561529820209243,0.5622732980931975
13,39,0.515493465824851,0.6071553031653267,0.515493465824851,0.6860117405272577,0.5413200221778443,0.515493465824851,0.515493465824851,0.49983417067928765,0.515493465824851,0.5201171169951597
13,40,0.5447537542479596,0.5627672859398736,0.5447537542479596,0.6830948238616076,0.6105270593957999,0.5447537542479596,0.5447537542479596,0.5026627595615618,0.5447537542479596,0.5594461004230068
13,41,0.5649860802689776,0.563955814765968,0.5649860802689776,0.6528157259083407,0.5047508885929444,0.5649860802689776,0.5649860802689776,0.45466513001782105,0.5649860802689776,0.5651665400555774
13,42,0.5237336083423788,0.5617816509185205,0.5237336083423788,0.6635373279164352,0.5704045628915895,0.5237336083423788,0.5237336083423788,0.49238795826730086,0.5237336083423788,0.5358537916768433
13,43,0.4869448915437413,0.6504643025282045,0.4869448915437413,0.6711278682214361,0.6058949021814989,0.4869448915437413,0.4869448915437413,0.5602802992082099,0.4869448915437413,0.4793970375807696
13,44,0.5586898401063882,0.5643029335851416,0.5586898401063882,0.6601984651635768,0.5393850686916069,0.5586898401063882,0.5586898401063882,0.47740089723919976,0.5586898401063882,0.5307440553814948
13,45,0.5222468050688469,0.5818457551733531,0.5222468050688469,0.6726730898134714,0.48065172203521367,0.5222468050688469,0.5222468050688469,0.43342337851041496,0.5222468050688469,0.5106058483424534
13,46,0.5070189659413328,0.5707188552720388,0.5070189659413328,0.6791267152855764,0.6151080474245489,0.5070189659413328,0.5070189659413328,0.520380373261523,0.5070189659413328,0.47964549401878287
13,47,0.5228256361682738,0.5514528799709956,0.5228256361682738,0.6647348193321418,0.4896191759192148,0.5228256361682738,0.5228256361682738,0.4416138530928615,0.5228256361682738,0.5419663690736867
13,48,0.532066304363684,0.5591944986722013,0.532066304363684,0.6732609963488234,0.5614644578246657,0.532066304363684,0.532066304363684,0.44970403862964103,0.532066304363684,0.4776462352953332
13,49,0.3901789023916439,0.6058948010514782,0.3901789023916439,0.6719203653215955,0.5003295750591019,0.3901789023916439,0.3901789023916439,0.4247178063383662,0.3901789023916439,0.34765666233382975
14,0,0.48530643433630916,0.45050887056513644,0.48530643433630916,0.6390433574542197,0.48067021647356606,0.48530643433630916,0.48530643433630916,0.3832647095671512,0.48530643433630916,0.4985283132069265
14,1,0.5114261296196952,0.6101547735189694,0.5114261296196952,0.68546258876396,0.52737782928927,0.5114261296196952,0.5114261296196952,0.4267065776006061,0.5114261296196952,0.4956344907484704
14,2,0.5525183984935709,0.5767022395967307,0.5525183984935709,0.672302744119833,0.4621584766412862,0.5525183984935709,0.552518398493571,0.4199957458704669,0.5525183984935709,0.5612369170002149
14,3,0.5644719251119493,0.5830539070037684,0.5644719251119493,0.6532192047917781,0.45233074655854044,0.5644719251119493,0.5644719251119493,0.44957288452800614,0.5644719251119493,0.5744060582355512
14,4,0.6160359352917196,0.5682669155430029,0.6160359352917196,0.6869040941053767,0.6722473918434877,0.6160359352917196,0.6160359352917195,0.553442643902235,0.6160359352917196,0.572282016656215
14,5,0.4385995316755539,0.6089854233054043,0.4385995316755539,0.6914544685123658,0.5857075964305407,0.4385995316755539,0.4385995316755539,0.5242263346764132,0.4385995316755539,0.4420364133301059
14,6,0.4455827678757196,0.6519347029048481,0.4455827678757196,0.677838950760433,0.5334911264209821,0.4455827678757196,0.4455827678757196,0.4791723155540517,0.4455827678757196,0.40995887187772384
14,7,0.4787883817103497,0.6521825436856321,0.4787883817103497,0.6875745813219606,0.5094007856907224,0.4787883817103497,0.4787883817103497,0.44153943841536725,0.4787883817103497,0.46776955739930043
14,8,0.5351692627955451,0.577118352931935,0.5351692627955451,0.6616526749929864,0.5474153823090804,0.5351692627955451,0.5351692627955451,0.47174400799834787,0.5351692627955451,0.502325299673719
14,9,0.49264408726680303,0.5840932564658949,0.49264408726680303,0.6507452894118515,0.548475616330298,0.49264408726680303,0.49264408726680303,0.48650169182008673,0.49264408726680303,0.4662339914492435
14,10,0.44271955647171546,0.5325007055835196,0.44271955647171546,0.6163950213848373,0.5968174753714359,0.44271955647171546,0.44271955647171546,0.5008254076598968,0.44271955647171546,0.397773889242929
14,11,0.5877282231409221,0.5560438632579424,0.5877282231409221,0.659680082775111,0.6171119474885465,0.5877282231409221,0.5877282231409221,0.5381873125112114,0.5877282231409221,0.5658152130815048
14,12,0.5149332197663433,0.6467406719969013,0.5149332197663433,0.7090882396528453,0.6130133984026422,0.5149332197663433,0.5149332197663433,0.5364144659840615,0.5149332197663433,0.4985879754504151
14,13,0.5231626758853426,0.6471340794205884,0.5231626758853426,0.6995767076818444,0.48189382610402254,0.5231626758853426,0.5231626758853426,0.4370657567552346,0.5231626758853426,0.501815198997015
14,14,0.529641421149758,0.5463869860861574,0.529641421149758,0.657219780716086,0.5799814464315783,0.529641421149758,0.529641421149758,0.507270672795458,0.529641421149758,0.5312680856278248
14,15,0.4740163936787444,0.6523341680717889,0.4740163936787444,0.6818464371119386,0.4227077546968483,0.4740163936787444,0.4740163936787444,0.34827588478241045,0.4740163936787444,0.44167205544278454
14,16,0.5486706445468749,0.5616160776526368,0.5486706445468749,0.6575243533970718,0.5894013055360618,0.5486706445468749,0.5486706445468749,0.5194952666119146,0.5486706445468749,0.5566781082401578
14,17,0.523426025915167,0.5597542045079921,0.523426025915167,0.6631255450249326,0.539643417359829,0.523426025915167,0.5234260259151668,0.4655968216780628,0.523426025915167,0.5345675065963449
14,18,0.5161337204845158,0.5494730277105162,0.5161337204845158,0.6719067690967497,0.5569979853445121,0.5161337204845158,0.5161337204845158,0.462934460624632,0.5161337204845158,0.5245976644716418
14,19,0.5736697547880408,0.6678048191781143,0.5736697547880408,0.7070769184996367,0.5807456065902157,0.5736697547880408,0.5736697547880408,0.5219812022072309,0.5736697547880408,0.5378857141602775
14,20,0.5565597156414399,0.5915489899902856,0.5565597156414399,0.6572211357619488,0.48098834356040276,0.5565597156414399,0.5565597156414399,0.4115137694823692,0.5565597156414399,0.5305560148197364
14,21,0.5493148949903371,0.5189105222607454,0.5493148949903371,0.6639145337207494,0.600288862940785,0.5493148949903371,0.5493148949903371,0.46608878842620644,0.5493148949903371,0.5158842048469807
14,22,0.42239607082498903,0.6019559899267654,0.42239607082498903,0.6704899129979208,0.5658638161307654,0.42239607082498903,0.42239607082498903,0.4906001917033208,0.42239607082498903,0.38376402210422955
14,23,0.4046586936221622,0.5089422502351298,0.4046586936221622,0.5664256918456163,0.5382392254518547,0.4046586936221622,0.4046586936221622,0.417233642770131,0.4046586936221622,0.3221274665233713
14,24,0.5155355609425329,0.6485517521215607,0.5155355609425329,0.694441835277706,0.5987138404108947,0.5155355609425329,0.5155355609425329,0.564348970986315,0.5155355609425329,0.5380550929262542
14,25,0.4198127501372273,0.5623092838930199,0.4198127501372273,0.6128885047349281,0.5676994960028237,0.4198127501372273,0.4198127501372273,0.4436562504376197,0.4198127501372273,0.35986357289338206
14,26,0.6045613451778277,0.5774946293272667,0.6045613451778277,0.6728206390237044,0.5579342660943882,0.6045613451778277,0.6045613451778278,0.46914783427658846,0.6045613451778277,0.5869251397327994
14,27,0.5190288981589009,0.5985953487192747,0.5190288981589009,0.6794354480799769,0.5852020507449596,0.5190288981589009,0.5190288981589007,0.5060925586190178,0.5190288981589009,0.5013871993749348
14,28,0.4272741794402427,0.5340440572736922,0.4272741794402427,0.648993104938609,0.5126956743325848,0.4272741794402427,0.4272741794402427,0.4044345610348993,0.4272741794402427,0.41216530024226816
14,29,0.5164214169179442,0.5828531638086425,0.5164214169179442,0.6822951046578345,0.5300149818650884,0.5164214169179442,0.5164214169179442,0.4538900809276051,0.5164214169179442,0.49265652184196196
14,30,0.5390643156713805,0.5210051708512085,0.5390643156713805,0.6564908702361889,0.5523831812386715,0.5390643156713805,0.5390643156713804,0.46286261550233876,0.5390643156713805,0.5313514294905419
14,31,0.44683716521255756,0.5744713556772876,0.44683716521255756,0.6509637153615435,0.5789554288728593,0.44683716521255756,0.4468371652125576,0.47400868740388064,0.44683716521255756,0.42145952680221976
14,32,0.5237458744693855,0.5726804617510519,0.5237458744693855,0.6703511108686016,0.4822696305576283,0.5237458744693855,0.5237458744693855,0.4294244617358346,0.5237458744693855,0.5126485471228656
14,33,0.46391793291971084,0.6282373812531489,0.46391793291971084,0.6786562605083217,0.55588256447671,0.46391793291971084,0.46391793291971084,0.5026218321739333,0.46391793291971084,0.4483642676005388
14,34,0.5781337886916159,0.6062923819228649,0.5781337886916159,0.6725376605609693,0.46963422686763534,0.5781337886916159,0.578133788691616,0.43891045209341933,0.5781337886916159,0.5788281726415772
14,35,0.5455925900698454,0.6276423769068751,0.5455925900698454,0.7004480360749766,0.6002885536609746,0.5455925900698454,0.5455925900698454,0.5243233455363913,0.5455925900698454,0.546695478114873
14,36,0.5252239427736854,0.5975136814949313,0.5252239427736854,0.7014986528217431,0.5128235242029697,0.5252239427736854,0.5252239427736854,0.46500300512797466,0.5252239427736854,0.5516469649189213
14,37,0.43544388465268696,0.5500334305449555,0.43544388465268696,0.6429242399845523,0.5986375285394905,0.43544388465268696,0.43544388465268696,0.5008497719105512,0.43544388465268696,0.3929297792150408
14,38,0.5400307377991762,0.5401546242266002,0.5400307377991762,0.6374897771824124,0.5414991835968751,0.5400307377991762,0.5400307377991762,0.4756795614184637,0.5400307377991762,0.5502600040145684
14,39,0.5183619739655171,0.6109432780826207,0.5183619739655171,0.6949157382598647,0.5471646511479674,0.5183619739655171,0.5183619739655172,0.5013763161207492,0.5183619739655171,0.5259181380294773
14,40,0.5417727136845281,0.5624433056707603,0.5417727136845281,0.687028781093999,0.6118736185096887,0.5417727136845281,0.5417727136845281,0.5051582364227443,0.5417727136845281,0.5598679282977851
14,41,0.5379247738874228,0.5619415493145212,0.5379247738874228,0.6526497214235841,0.4925728996776525,0.5379247738874228,0.5379247738874228,0.4411571722100376,0.5379247738874228,0.544012814298825
14,42,0.5256423849699801,0.5710788433300871,0.5256423849699801,0.6545153653071444,0.5419676642162268,0.5256423849699801,0.5256423849699801,0.4845407019803906,0.5256423849699801,0.5336606025883845
14,43,0.4832750893638461,0.6350418722873432,0.4832750893638461,0.6515822653511154,0.6150788467605787,0.4832750893638461,0.4832750893638461,0.5612807025402664,0.4832750893638461,0.4723466982855509
14,44,0.5558874017861897,0.574795882512762,0.5558874017861897,0.6625298745247086,0.5330891345311439,0.5558874017861897,0.5558874017861897,0.4763366861539362,0.5558874017861897,0.5295087448371399
14,45,0.505856007005817,0.5601505199614514,0.505856007005817,0.664730402714913,0.46753980704797915,0.505856007005817,0.505856007005817,0.4028491634557808,0.505856007005817,0.4865451841972117
14,46,0.5033405217174102,0.5712940634507676,0.5033405217174102,0.681122014646153,0.620327907798311,0.5033405217174102,0.5033405217174102,0.5235275242976924,0.5033405217174102,0.47760666404555424
14,47,0.5160661638607746,0.5457599390806817,0.5160661638607746,0.6533705473589837,0.4930671869549983,0.5160661638607746,0.5160661638607746,0.43789992442388204,0.5160661638607746,0.5303696116521663
14,48,0.507318649726154,0.5400486108984487,0.507318649726154,0.6605540254142535,0.5655282049036454,0.507318649726154,0.507318649726154,0.44014989349062544,0.507318649726154,0.44630847971682647
14,49,0.4006642107774095,0.60107187736715,0.4006642107774095,0.6686717898847858,0.510551933801126,0.4006642107774095,0.4006642107774095,0.43439331025995653,0.4006642107774095,0.3572668670178515
15,0,0.6234421670232052,0.5842486267303648,0.6234421670232052,0.6952266853288585,0.6098850303432919,0.6234421670232052,0.6234421670232051,0.5219414116676161,0.6234421670232052,0.6222428707326075
15,1,0.4858689105997272,0.5792841467028437,0.4858689105997272,0.6772332056399115,0.5246148460193811,0.4858689105997272,0.4858689105997272,0.4094020257098261,0.4858689105997272,0.46870435923072545
15,2,0.5397511258585476,0.5609488648711515,0.5397511258585476,0.6623385284841432,0.4462037688464663,0.5397511258585476,0.5397511258585476,0.3984882284153535,0.5397511258585476,0.5468567691284122
15,3,0.5741521295250974,0.5907186105751068,0.5741521295250974,0.6571181160323953,0.4699670812506589,0.5741521295250974,0.5741521295250973,0.46391984937695063,0.5741521295250974,0.5817338622428461
15,4,0.6047096538043625,0.5546703225075724,0.6047096538043625,0.6786797384869035,0.643464047633842,0.6047096538043625,0.6047096538043626,0.5271869572052997,0.6047096538043625,0.5636771656778552
15,5,0.4450065386820214,0.6156455854605523,0.4450065386820214,0.6937367514578457,0.5896503630744323,0.4450065386820214,0.44500653868202134,0.53428193184201,0.4450065386820214,0.44884983563088
15,6,0.4669904118844646,0.6455386387184683,0.4669904118844646,0.6657927037943197,0.5548130935726824,0.4669904118844646,0.4669904118844646,0.5036244125330249,0.4669904118844646,0.42294819557426855
15,7,0.4833845552548599,0.650554276805517,0.4833845552548599,0.6843879116718994,0.529774282683523,0.4833845552548599,0.48338455525485996,0.46235625948736425,0.4833845552548599,0.47141463513586773
15,8,0.5242143104257526,0.5654040168264926,0.5242143104257526,0.65242799243498,0.5198679982658619,0.5242143104257526,0.5242143104257526,0.4339077223988716,0.5242143104257526,0.4903036909868956
15,9,0.4993112848461386,0.6020771928030125,0.4993112848461386,0.6683619830750632,0.5767393305023694,0.4993112848461386,0.4993112848461386,0.5001366609903265,0.4993112848461386,0.45992660141170333
15,10,0.4431612299691591,0.5521286819114635,0.4431612299691591,0.6173302032689691,0.5924213282144133,0.4431612299691591,0.443161229969159,0.5085198580544983,0.4431612299691591,0.3977449563302279
15,11,0.5579079674349195,0.5457947660884566,0.5579079674349195,0.6456383723566113,0.6000955808788864,0.5579079674349195,0.5579079674349197,0.5219798446423077,0.5579079674349195,0.5411199411553906
15,12,0.4894026702800942,0.63595613097263,0.4894026702800942,0.6986581744040616,0.5770853679835516,0.4894026702800942,0.4894026702800942,0.4934024165935467,0.4894026702800942,0.4686415183656919
15,13,0.5082826557986303,0.6449493518245242,0.5082826557986303,0.7011885638621718,0.44714731372757555,0.5082826557986303,0.5082826557986304,0.40880072176605764,0.5082826557986303,0.48491201534972417
15,14,0.5196530767581704,0.5360663765885434,0.5196530767581704,0.6500623122830484,0.5895827931046964,0.5196530767581704,0.5196530767581704,0.5077341572183094,0.5196530767581704,0.5181707284697373
15,15,0.450576103744672,0.6531245117894214,0.450576103744672,0.6921430494076386,0.4176206872608096,0.450576103744672,0.45057610374467205,0.34269702135217495,0.450576103744672,0.42236833393269724
15,16,0.5550575797091497,0.5634342595963595,0.5550575797091497,0.6617819158736067,0.5930341627985509,0.5550575797091497,0.5550575797091497,0.5213594549300083,0.5550575797091497,0.5632885034984041
15,17,0.497551095620686,0.5584300032627842,0.497551095620686,0.6457242367202125,0.5074619467802293,0.497551095620686,0.49755109562068606,0.44714827698888004,0.497551095620686,0.5122078442112651
15,18,0.5105562567794745,0.5340686115204661,0.5105562567794745,0.6654003076501753,0.5519274916132166,0.5105562567794745,0.5105562567794744,0.4514931584474108,0.5105562567794745,0.5215710519875666
15,19,0.575400393798432,0.6702187655736258,0.575400393798432,0.7149101238701032,0.5868413778609136,0.575400393798432,0.5754003937984321,0.5297398747749198,0.575400393798432,0.5404555800902993
15,20,0.5511185732115406,0.5870628408589873,0.5511185732115406,0.6452723613729878,0.47552110757526456,0.5511185732115406,0.5511185732115406,0.40023959780763796,0.5511185732115406,0.5210011602757495
15,21,0.5547863310369348,0.5293408272270237,0.5547863310369348,0.6666398848605419,0.6045907241629165,0.5547863310369348,0.5547863310369348,0.47416762727213185,0.5547863310369348,0.5171590100345652
15,22,0.4234070970509908,0.6019213129465268,0.4234070970509908,0.6748639935870726,0.5847071845648903,0.4234070970509908,0.4234070970509908,0.5020327155078361,0.4234070970509908,0.3801133417384197
15,23,0.41384583689972526,0.5364165539315453,0.41384583689972526,0.5851544348800665,0.568868170800737,0.41384583689972526,0.41384583689972526,0.45488549793711897,0.41384583689972526,0.3315557080767576
15,24,0.5163915879272689,0.6515808194728967,0.5163915879272689,0.6930053015713133,0.5699330825899078,0.5163915879272689,0.5163915879272689,0.5480699144020732,0.5163915879272689,0.5439156119309
15,25,0.4191206432133982,0.5555009774554018,0.4191206432133982,0.6288116954573038,0.571612252614778,0.4191206432133982,0.41912064321339815,0.4408739617374043,0.4191206432133982,0.35769034768363545
15,26,0.6031445145833564,0.5758587385528585,0.6031445145833564,0.6719783778113779,0.5555068055288981,0.6031445145833564,0.6031445145833564,0.47268945310198207,0.6031445145833564,0.5874011871025977
15,27,0.529549239346799,0.6018903954519979,0.529549239346799,0.6822531812592438,0.590838717321895,0.529549239346799,0.5295492393467989,0.5212357468680269,0.529549239346799,0.515922679184095
15,28,0.42673484155276903,0.5288143686858857,0.42673484155276903,0.6448368676414924,0.5275083676099078,0.42673484155276903,0.426734841552769,0.4230582871247769,0.42673484155276903,0.4119784881330886
15,29,0.5057230310380405,0.5449143223995021,0.5057230310380405,0.6641388361508935,0.5239207230448868,0.5057230310380405,0.5057230310380405,0.43676827815606895,0.5057230310380405,0.4785192439336696
15,30,0.5138209050673322,0.526761769676571,0.5138209050673322,0.6576732521787855,0.5540494331613297,0.5138209050673322,0.5138209050673322,0.4687407289555064,0.5138209050673322,0.5129803192327784
15,31,0.4562233542783647,0.592856574258865,0.4562233542783647,0.6557315503489143,0.5934763283501455,0.4562233542783647,0.45622335427836463,0.49828578392075035,0.4562233542783647,0.4348794438422391
15,32,0.5360819741550845,0.577557464191049,0.5360819741550845,0.669198068733275,0.4901657714837673,0.5360819741550845,0.5360819741550846,0.4458178384613252,0.5360819741550845,0.5289533238185797
15,33,0.44988018688745446,0.6228860825186713,0.44988018688745446,0.6785450520324604,0.5301224135083484,0.44988018688745446,0.44988018688745446,0.47681662737312086,0.44988018688745446,0.4327010368698566
15,34,0.5736349078363174,0.6055466792060766,0.5736349078363174,0.6724936935336214,0.4585456416311897,0.5736349078363174,0.5736349078363174,0.43198628259384575,0.5736349078363174,0.5754266991090606
15,35,0.5294930195980185,0.6271062496468731,0.5294930195980185,0.6946244672194328,0.5859090299061178,0.5294930195980185,0.5294930195980185,0.5005616588937098,0.5294930195980185,0.5225390019159144
15,36,0.5121333833518734,0.5862751991674363,0.5121333833518734,0.6945286537486266,0.5124135157917873,0.5121333833518734,0.5121333833518734,0.46229685239392404,0.5121333833518734,0.5386360101504313
15,37,0.4427626737666479,0.5805743860646113,0.4427626737666479,0.6525191946454184,0.5868917272016365,0.4427626737666479,0.4427626737666479,0.5090398462497207,0.4427626737666479,0.40857451390580113
15,38,0.5580251461179149,0.5588397115005079,0.5580251461179149,0.6439789578028228,0.5428854448369242,0.5580251461179149,0.5580251461179149,0.49244452614113526,0.5580251461179149,0.5633719934668434
15,39,0.5195430533159291,0.61104993057937,0.5195430533159291,0.6868066034622449,0.5384615006877622,0.5195430533159291,0.5195430533159291,0.5010460959320313,0.5195430533159291,0.525105675551652
15,40,0.5306189943021052,0.5436360805038303,0.5306189943021052,0.6744946756755741,0.6035840134358101,0.5306189943021052,0.5306189943021052,0.49274979439275146,0.5306189943021052,0.5454347874307857
15,41,0.5191113228153772,0.5552148535781575,0.5191113228153772,0.6418365140589812,0.492013778367569,0.5191113228153772,0.5191113228153772,0.42609379071189624,0.5191113228153772,0.5246828859828688
15,42,0.5032173958213209,0.5559266430958845,0.5032173958213209,0.6505428867371532,0.5250828167620267,0.5032173958213209,0.5032173958213209,0.44942779551815615,0.5032173958213209,0.509170390251676
15,43,0.48600309459516344,0.6188987276823052,0.48600309459516344,0.6597778875955533,0.6248300444849056,0.48600309459516344,0.48600309459516344,0.5536502110310006,0.48600309459516344,0.469089300583238
15,44,0.5624708737561845,0.57302216330308,0.5624708737561845,0.6665320897539236,0.5291147759173325,0.5624708737561845,0.5624708737561845,0.47455932759456826,0.5624708737561845,0.5328043480652235
15,45,0.5902741878964364,0.6334511620939935,0.5902741878964364,0.7124765879653557,0.6040012082564177,0.5902741878964364,0.5902741878964364,0.5379696846682582,0.5902741878964364,0.5741070204457042
15,46,0.5181714772960958,0.5787681468674544,0.5181714772960958,0.6796642335076327,0.6229063808820239,0.5181714772960958,0.5181714772960958,0.5332615652847171,0.5181714772960958,0.49387676203078457
15,47,0.5010913600653747,0.5518453437174776,0.5010913600653747,0.6590506361323929,0.4871862819757604,0.5010913600653747,0.5010913600653747,0.43036262187461616,0.5010913600653747,0.522118413940724
15,48,0.5291126767356081,0.585718897630984,0.5291126767356081,0.6814179735407413,0.5880764032015315,0.5291126767356081,0.5291126767356082,0.47878143531263395,0.5291126767356081,0.46517776561496216
15,49,0.399005124174557,0.6070374533790666,0.399005124174557,0.6716106297250753,0.4962387843184879,0.399005124174557,0.399005124174557,0.41704821309571155,0.399005124174557,0.3564768620392019
16,0,0.6094108328300659,0.5213319730758872,0.6094108328300659,0.6804456041702893,0.5879763719358246,0.6094108328300659,0.6094108328300659,0.49675534677833116,0.6094108328300659,0.6073469685369973
16,1,0.5553754768340717,0.6182512394556614,0.5553754768340717,0.7021477137397294,0.5939550130648865,0.5553754768340717,0.5553754768340717,0.50496623074103,0.5553754768340717,0.5462192816313679
16,2,0.5442685917547652,0.5641156060865238,0.5442685917547652,0.6635223522345282,0.45214741055607155,0.5442685917547652,0.5442685917547652,0.41087642755877085,0.5442685917547652,0.5518084211532645
16,3,0.5692828488042803,0.5745751887328373,0.5692828488042803,0.6502486506769413,0.45877849156397393,0.5692828488042803,0.5692828488042803,0.45151992198143265,0.5692828488042803,0.5766253628354704
16,4,0.5800193340180682,0.5480379947356389,0.5800193340180682,0.6806289162496907,0.5937769386712233,0.5800193340180682,0.5800193340180682,0.49110148520854663,0.5800193340180682,0.5518526621869914
16,5,0.4591988193295205,0.6241789026460662,0.4591988193295205,0.7036287502951266,0.5958048813934965,0.4591988193295205,0.4591988193295205,0.542677105525674,0.4591988193295205,0.4702437970185536
16,6,0.4592509503692987,0.6519722438238045,0.4592509503692987,0.672789866935434,0.5523672438454162,0.4592509503692987,0.45925095036929875,0.500345197719296,0.4592509503692987,0.4171729919815482
16,7,0.47021593866118755,0.6423766036152168,0.47021593866118755,0.6907821202055262,0.5364894083934142,0.47021593866118755,0.4702159386611875,0.4621758098840636,0.47021593866118755,0.45804172074304383
16,8,0.5152282572909348,0.5662135229625598,0.5152282572909348,0.6582261379792533,0.5010105426240798,0.5152282572909348,0.5152282572909348,0.41521121958473006,0.5152282572909348,0.48145427404442126
16,9,0.5235219247263098,0.5834858229990627,0.5235219247263098,0.6626211605213621,0.5767515967597521,0.5235219247263098,0.5235219247263097,0.5022277313806787,0.5235219247263098,0.4987646138372619
16,10,0.4461093750101637,0.5542085075069044,0.4461093750101637,0.6235213920838935,0.5893950321149732,0.4461093750101637,0.4461093750101637,0.5113279021571342,0.4461093750101637,0.4031370489271037
16,11,0.5731705605889525,0.5339252853459122,0.5731705605889525,0.6448223691505461,0.6110038748948788,0.5731705605889525,0.5731705605889524,0.5264525429434235,0.5731705605889525,0.5507614277744235
16,12,0.5070660790200628,0.6463576380787633,0.5070660790200628,0.7039351068411467,0.6062999960728408,0.5070660790200628,0.5070660790200628,0.5224548926651791,0.5070660790200628,0.4853213343639906
16,13,0.5451038964188764,0.6710092006158848,0.5451038964188764,0.7143537759057794,0.5112489433531575,0.5451038964188764,0.5451038964188764,0.4722683225266096,0.5451038964188764,0.5232001317686888
16,14,0.5209384181881388,0.5276277815906834,0.5209384181881388,0.6482312702203153,0.5874102062978525,0.5209384181881388,0.5209384181881388,0.49628694543161456,0.5209384181881388,0.5177111060168533
16,15,0.4554173210537012,0.6579766923661194,0.4554173210537012,0.6927800915231388,0.42690793846183894,0.4554173210537012,0.4554173210537012,0.34818570693577616,0.4554173210537012,0.41581218508474094
16,16,0.5276531934722274,0.5511998769162791,0.5276531934722274,0.6525907705110447,0.5834873032904808,0.5276531934722274,0.5276531934722274,0.5095083791300468,0.5276531934722274,0.5346603273821383
16,17,0.5747032689135547,0.6197444403911139,0.5747032689135547,0.6882353275993562,0.6131731473469957,0.5747032689135547,0.5747032689135547,0.5417472795912037,0.5747032689135547,0.5813259256455823
16,18,0.5948709189921741,0.6028289229935383,0.5948709189921741,0.705921887706811,0.6221657758672863,0.5948709189921741,0.5948709189921741,0.530883271218483,0.5948709189921741,0.5914904353902661
16,19,0.571391507546967,0.6604827591573106,0.571391507546967,0.7173062764203124,0.5855468665461299,0.571391507546967,0.5713915075469669,0.526611604110719,0.571391507546967,0.5381036680166497
16,20,0.5538606101487519,0.5857217258329945,0.5538606101487519,0.6525818613539082,0.479425608063889,0.5538606101487519,0.5538606101487518,0.4006869076563784,0.5538606101487519,0.525767907664628
16,21,0.5520672466252585,0.5235319591767287,0.5520672466252585,0.6687149406858542,0.6062166105704418,0.5520672466252585,0.5520672466252586,0.4687812282406777,0.5520672466252585,0.5176439211217585
16,22,0.4208701460403223,0.622886941274023,0.4208701460403223,0.6852581199557598,0.578773151040756,0.4208701460403223,0.42087014604032225,0.5122995913763722,0.4208701460403223,0.3841906382343677
16,23,0.4136476274383225,0.526776383937215,0.4136476274383225,0.5841505183397521,0.5554834202497847,0.4136476274383225,0.4136476274383225,0.43763278394679317,0.4136476274383225,0.33533802160304543
16,24,0.480699667318475,0.6423852820402585,0.480699667318475,0.6856560786398815,0.5516807160393782,0.480699667318475,0.480699667318475,0.5284270120948813,0.480699667318475,0.5049157877959356
16,25,0.43665609394663846,0.5827701237280822,0.43665609394663846,0.6261750331376672,0.5864089244602475,0.43665609394663846,0.4366560939466384,0.4768124469160334,0.43665609394663846,0.3884747731888798
16,26,0.6035728997765427,0.5632461881576557,0.6035728997765427,0.6617698902621356,0.5446229380371586,0.6035728997765427,0.6035728997765427,0.45933220627483146,0.6035728997765427,0.5847469596790634
16,27,0.5179360977528549,0.5964838218806495,0.5179360977528549,0.675532227847004,0.5815857643144263,0.5179360977528549,0.5179360977528549,0.5080804591781093,0.5179360977528549,0.5013357507093931
16,28,0.44240779241029676,0.5381573472514047,0.44240779241029676,0.647271193343753,0.5251823805608782,0.44240779241029676,0.4424077924102967,0.4358429249769079,0.44240779241029676,0.43673151547732136
16,29,0.5624541472193573,0.6280444242355965,0.5624541472193573,0.707450230135112,0.6180724211644424,0.5624541472193573,0.5624541472193573,0.5630625991377896,0.5624541472193573,0.539146084686187
16,30,0.5245194767976451,0.5191722836717856,0.5245194767976451,0.6537204699624353,0.5595114200819546,0.5245194767976451,0.5245194767976451,0.47157770773496654,0.5245194767976451,0.5259132345120586
16,31,0.45845095728293395,0.613691421314284,0.45845095728293395,0.6689344339353442,0.5938048624762475,0.45845095728293395,0.45845095728293384,0.49764893053352255,0.45845095728293395,0.4365127058213348
16,32,0.5256687757280852,0.5709752611783458,0.5256687757280852,0.6647240933496409,0.4790792488423583,0.5256687757280852,0.5256687757280852,0.44329317049512934,0.5256687757280852,0.5196579973689079
16,33,0.4507370501990319,0.6037024870637592,0.4507370501990319,0.6733380098234906,0.49306250231977883,0.4507370501990319,0.4507370501990318,0.4390420689935354,0.4507370501990319,0.4316754963362598
16,34,0.5724380312011242,0.6009475643855776,0.5724380312011242,0.6730233201148286,0.46649812492450293,0.5724380312011242,0.5724380312011242,0.44101180953386915,0.5724380312011242,0.5774415679896618
16,35,0.5289799795434454,0.6254840101794579,0.5289799795434454,0.6959457320690383,0.5854140249433379,0.5289799795434454,0.5289799795434454,0.49931860434884,0.5289799795434454,0.5267278445567266
16,36,0.4965008549583449,0.5896372292045833,0.4965008549583449,0.697932667358921,0.5163371980176821,0.4965008549583449,0.4965008549583449,0.46314003115776214,0.4965008549583449,0.5280032207330492
16,37,0.45140118663627765,0.5986983571582345,0.45140118663627765,0.6653254997730447,0.6110970761239025,0.45140118663627765,0.45140118663627765,0.5297048386692822,0.45140118663627765,0.41687207649933467
16,38,0.5571021200606653,0.5557221458575842,0.5571021200606653,0.6426900722668075,0.5412722360384201,0.5571021200606653,0.5571021200606654,0.4785165360288154,0.5571021200606653,0.561884542008455
16,39,0.5197245362405045,0.6088301041701847,0.5197245362405045,0.6836901883014077,0.5380093964701973,0.5197245362405045,0.5197245362405045,0.500720290980847,0.5197245362405045,0.5281893955050734
16,40,0.5192608394695718,0.5442994262282752,0.5192608394695718,0.673317263338038,0.5976918869892867,0.5192608394695718,0.5192608394695718,0.4793759118060663,0.5192608394695718,0.5304420695030827
16,41,0.5373885954569053,0.5580438566397835,0.5373885954569053,0.642305863234512,0.49875899157725595,0.5373885954569053,0.5373885954569054,0.43650901711184364,0.5373885954569053,0.5383490825064323
16,42,0.5121332904266689,0.5697645295491944,0.5121332904266689,0.6613650445059385,0.5732293438031513,0.5121332904266689,0.5121332904266689,0.4960478564881785,0.5121332904266689,0.5219528630501391
16,43,0.485860454406109,0.6135912129050418,0.485860454406109,0.6585456353510981,0.6349141570815693,0.485860454406109,0.48586045440610903,0.5568293849947881,0.485860454406109,0.4626802564680051
16,44,0.5635166540087051,0.5720015149165579,0.5635166540087051,0.6638332082645949,0.5439095515545542,0.5635166540087051,0.563516654008705,0.4845076213042647,0.5635166540087051,0.537111406874035
16,45,0.5788665968550579,0.6285319370759536,0.5788665968550579,0.70764457656894,0.5909739951708801,0.5788665968550579,0.5788665968550579,0.5299570309865033,0.5788665968550579,0.5625580750648944
16,46,0.5108040883001314,0.5792876008781138,0.5108040883001314,0.680245964647469,0.6141926195286044,0.5108040883001314,0.5108040883001312,0.5265219358679115,0.5108040883001314,0.4874920759576545
16,47,0.5946789355194793,0.6478880508194411,0.5946789355194793,0.7068423863452804,0.6080456909437465,0.5946789355194793,0.5946789355194793,0.5684464334191414,0.5946789355194793,0.6009536965816095
16,48,0.5301763915526156,0.5958883324842119,0.5301763915526156,0.68716275936964,0.5931890157339397,0.5301763915526156,0.5301763915526156,0.4867141890033004,0.5301763915526156,0.4734386310415587
16,49,0.395313670421991,0.6197571042202783,0.395313670421991,0.6798271511281074,0.49847286905602384,0.395313670421991,0.395313670421991,0.4256262141947766,0.395313670421991,0.3545606515040791
17,0,0.585856895370773,0.5051464557735339,0.585856895370773,0.6671924645972269,0.5711834558920447,0.585856895370773,0.5858568953707729,0.4673685482126019,0.585856895370773,0.5818743245524798
17,1,0.5222127944439648,0.606204020688109,0.5222127944439648,0.6888654709533544,0.5565246660840679,0.5222127944439648,0.5222127944439648,0.46156778940296944,0.5222127944439648,0.5094957372886767
17,2,0.5440748427031831,0.5518738104644345,0.5440748427031831,0.6623761016407086,0.4563386640636652,0.5440748427031831,0.5440748427031831,0.41490807337986196,0.5440748427031831,0.5542594154182112
17,3,0.5610042352520499,0.5863733845032487,0.5610042352520499,0.6535154056607242,0.4416396758221607,0.5610042352520499,0.5610042352520499,0.43831183547511654,0.5610042352520499,0.5699232608553682
17,4,0.5682737740075751,0.5322097321874711,0.5682737740075751,0.6713924075198086,0.5756625752199864,0.5682737740075751,0.5682737740075752,0.46970720777947855,0.5682737740075751,0.5422299408484264
17,5,0.4544630721277075,0.6391773416632771,0.4544630721277075,0.704396590938394,0.5885988233862316,0.4544630721277075,0.4544630721277074,0.5439420207093326,0.4544630721277075,0.4650072073476763
17,6,0.4560088829061577,0.6420115192744034,0.4560088829061577,0.6677923269425836,0.531354581694938,0.4560088829061577,0.4560088829061577,0.4713235821840505,0.4560088829061577,0.40978294989818076
17,7,0.47139766848803166,0.6685360291631914,0.47139766848803166,0.6907737150353483,0.5328216958201729,0.47139766848803166,0.47139766848803166,0.47157669004703195,0.47139766848803166,0.4627045559491687
17,8,0.5667748904574457,0.6183415498138249,0.5667748904574457,0.6911384073940094,0.5950518852995907,0.5667748904574457,0.5667748904574457,0.5283666967975595,0.5667748904574457,0.533404564183842
17,9,0.5152578075059963,0.5629688939579328,0.5152578075059963,0.6506273514317433,0.5763924904331703,0.5152578075059963,0.5152578075059963,0.4949764124443363,0.5152578075059963,0.48272587257694327
17,10,0.4549805725921012,0.5437952669251164,0.4549805725921012,0.619585264252634,0.6117076841654481,0.4549805725921012,0.4549805725921011,0.5165415775557269,0.4549805725921012,0.40543443270014196
17,11,0.565876489579414,0.5355437723792243,0.565876489579414,0.6444026229369034,0.5975283563017741,0.565876489579414,0.565876489579414,0.5147275869676019,0.565876489579414,0.5491444826723457
17,12,0.5165447286644427,0.656329367415995,0.5165447286644427,0.7174383381751127,0.6280989093301136,0.5165447286644427,0.5165447286644427,0.547398578163764,0.5165447286644427,0.49985208347038246
17,13,0.542735883430163,0.6686733091041527,0.542735883430163,0.7134302436858306,0.49596782000963247,0.542735883430163,0.542735883430163,0.45802320207101477,0.542735883430163,0.5161406345472376
17,14,0.49886663774214796,0.5452222649901595,0.49886663774214796,0.6591391162345079,0.5695430289996366,0.49886663774214796,0.498866637742148,0.4907465763889041,0.49886663774214796,0.4986931250913912
17,15,0.4748648007967035,0.6655840474001885,0.4748648007967035,0.6980231148347174,0.459821351655191,0.4748648007967035,0.47486480079670357,0.391789016718454,0.4748648007967035,0.4515943818777342
17,16,0.5268454875938812,0.5556401284730081,0.5268454875938812,0.6553865843569999,0.587862623973328,0.5268454875938812,0.5268454875938812,0.5087466015862885,0.5268454875938812,0.5288743333178882
17,17,0.544454813864775,0.6065511900548969,0.544454813864775,0.681638252888939,0.5633854351894714,0.544454813864775,0.5444548138647751,0.5004321567731485,0.544454813864775,0.556003649869488
17,18,0.607010760645767,0.6230906793954017,0.607010760645767,0.7126990746633022,0.6234398044432192,0.607010760645767,0.607010760645767,0.5492157973907701,0.607010760645767,0.6115286909536591
17,19,0.5562140338803437,0.6483984503053063,0.5562140338803437,0.7104783316618197,0.567831124778202,0.5562140338803437,0.5562140338803437,0.5110169534939034,0.5562140338803437,0.5262443197636736
17,20,0.5422382689595527,0.5765736414494309,0.5422382689595527,0.6510557834798469,0.469835735315823,0.5422382689595527,0.5422382689595527,0.38519471680675965,0.5422382689595527,0.5116650824891221
17,21,0.5540578903581086,0.5242170740087704,0.5540578903581086,0.6635049897386611,0.5971209202167258,0.5540578903581086,0.5540578903581087,0.466536400021617,0.5540578903581086,0.5198197884657316
17,22,0.4272772459719944,0.6293672336509363,0.4272772459719944,0.6924526213783607,0.5800717885936423,0.4272772459719944,0.4272772459719944,0.5139651804245613,0.4272772459719944,0.39427310495239953
17,23,0.4134908626181695,0.5407433468949345,0.4134908626181695,0.5933347629958841,0.5632450151369117,0.4134908626181695,0.4134908626181695,0.45572305666489,0.4134908626181695,0.3355116822356452
17,24,0.5249540879795394,0.6731306054215838,0.5249540879795394,0.7094451027681101,0.6008093838615015,0.5249540879795394,0.5249540879795394,0.5762664577631627,0.5249540879795394,0.5502998571330812
17,25,0.43665395666693274,0.592615971960412,0.43665395666693274,0.6307239624921203,0.5943308938439793,0.43665395666693274,0.43665395666693274,0.4949358242329762,0.43665395666693274,0.38942559489184825
17,26,0.5952698468955037,0.5833677101317041,0.5952698468955037,0.6660812132358787,0.5427810737016133,0.5952698468955037,0.5952698468955037,0.465146928525067,0.5952698468955037,0.5813870950760959
17,27,0.5998160266799414,0.656637819319457,0.5998160266799414,0.7180583587280536,0.6672383891379734,0.5998160266799414,0.5998160266799414,0.6082866855590501,0.5998160266799414,0.5796795602689357
17,28,0.43959912810139035,0.5469386728144437,0.43959912810139035,0.6547879060591066,0.5245979678801425,0.43959912810139035,0.43959912810139035,0.42896163056402176,0.43959912810139035,0.43030630274788884
17,29,0.531458294750014,0.6159844369393699,0.531458294750014,0.7018924042966825,0.5838508179707341,0.531458294750014,0.5314582947500139,0.5272034354483509,0.531458294750014,0.5137405998470266
17,30,0.5181437855851263,0.505286319508603,0.5181437855851263,0.6490505461887853,0.5504658711524381,0.5181437855851263,0.5181437855851263,0.45085462035746565,0.5181437855851263,0.5187988368750225
17,31,0.4568700207771465,0.6064189526902685,0.4568700207771465,0.6600266740089398,0.5955567706531535,0.4568700207771465,0.4568700207771465,0.49643518225986516,0.4568700207771465,0.42880893600337416
17,32,0.5186405637288952,0.5642425370408297,0.5186405637288952,0.6611691893483438,0.4779181640116468,0.5186405637288952,0.5186405637288951,0.42756282130852885,0.5186405637288952,0.5098812907962637
17,33,0.43524102893105443,0.6149109236468533,0.43524102893105443,0.675010898985699,0.4925052037247564,0.43524102893105443,0.43524102893105443,0.44376625488982463,0.43524102893105443,0.4154482846705988
17,34,0.5810560076005383,0.6095700888819753,0.5810560076005383,0.6800541900484941,0.46017608022442374,0.5810560076005383,0.5810560076005383,0.4270413863174095,0.5810560076005383,0.5817464709084692
17,35,0.5250933828612284,0.6228654333012181,0.5250933828612284,0.7015797157580177,0.5754436086858123,0.5250933828612284,0.5250933828612284,0.4975842254516579,0.5250933828612284,0.5294086172628711
17,36,0.60033928850702,0.7188640127476722,0.60033928850702,0.7508488160466942,0.5895205629748996,0.60033928850702,0.60033928850702,0.5481033875446799,0.60033928850702,0.6204092043736138
17,37,0.443135954313509,0.6017127953417021,0.443135954313509,0.6656175578976709,0.6042736955116688,0.443135954313509,0.44313595431350905,0.5235659030659165,0.443135954313509,0.40515584967531804
17,38,0.5620336606685615,0.5599645234280526,0.5620336606685615,0.6452116173232043,0.5443502087524864,0.5620336606685615,0.5620336606685615,0.4817332201469673,0.5620336606685615,0.5699289674268515
17,39,0.5128371988514816,0.6184412379164199,0.5128371988514816,0.6976773432602821,0.5341460611863347,0.5128371988514816,0.5128371988514817,0.49869235842301574,0.5128371988514816,0.5248774854888246
17,40,0.512045661958735,0.5399884205203327,0.512045661958735,0.6672555275526347,0.5904116355651281,0.512045661958735,0.512045661958735,0.47688555618962225,0.512045661958735,0.5243151125019265
17,41,0.5171628671254136,0.5470737004592782,0.5171628671254136,0.6397969224533077,0.49218391763843017,0.5171628671254136,0.5171628671254136,0.43087807860583704,0.5171628671254136,0.5286317572460202
17,42,0.5058527546236562,0.5853603168387176,0.5058527546236562,0.664661949626022,0.5732650578356284,0.5058527546236562,0.5058527546236562,0.5100410308830223,0.5058527546236562,0.5190226228488711
17,43,0.4856002638332409,0.6311544956729015,0.4856002638332409,0.6656653822102498,0.6382069152763866,0.4856002638332409,0.4856002638332409,0.5739722059017351,0.4856002638332409,0.46651145311207853
17,44,0.5651356898483767,0.5660248298422191,0.5651356898483767,0.6679493267922247,0.5370669971490101,0.5651356898483767,0.5651356898483767,0.47655151893398745,0.5651356898483767,0.5339328076988088
17,45,0.5690678198808458,0.6105018259214579,0.5690678198808458,0.7008980268030731,0.5745982971453963,0.5690678198808458,0.5690678198808458,0.5097311129380879,0.5690678198808458,0.5513455850493332
17,46,0.5277020721298448,0.5817518417635458,0.5277020721298448,0.6913362452281293,0.6397784088240452,0.5277020721298448,0.5277020721298448,0.5347863183633659,0.5277020721298448,0.4992921794555624
17,47,0.5864751267569485,0.6409937846145877,0.5864751267569485,0.6963467750648649,0.590224640233163,0.5864751267569485,0.5864751267569484,0.5492786886516601,0.5864751267569485,0.5915659991256988
17,48,0.5362899407629699,0.5765819009633346,0.5362899407629699,0.6815381175512514,0.584737592664115,0.5362899407629699,0.5362899407629699,0.4768820160624897,0.5362899407629699,0.48221668754674873
17,49,0.40205706666909513,0.6151375446904916,0.40205706666909513,0.672756169927439,0.5108071090114881,0.40205706666909513,0.40205706666909513,0.4278295745183327,0.40205706666909513,0.3595099632407033
18,0,0.5885844359760672,0.4956949187978425,0.5885844359760672,0.6665939484116806,0.5815852989658374,0.5885844359760672,0.5885844359760672,0.47306243636857526,0.5885844359760672,0.5868004316093035
18,1,0.5331802917163778,0.6058522486024941,0.5331802917163778,0.689998910279688,0.5555760752723952,0.5331802917163778,0.5331802917163778,0.45601020287527266,0.5331802917163778,0.5202887129552005
18,2,0.5345853208098654,0.5721456003299732,0.5345853208098654,0.667859166650233,0.4482264796231557,0.5345853208098654,0.5345853208098654,0.4107229267193434,0.5345853208098654,0.5493965920386445
18,3,0.5634179674414244,0.5746383294188495,0.5634179674414244,0.6506445043304043,0.45040708900775206,0.5634179674414244,0.5634179674414244,0.4458199736317318,0.5634179674414244,0.5719276177977972
18,4,0.5629862369408726,0.5289325961472651,0.5629862369408726,0.6591393795612408,0.5725036667884591,0.5629862369408726,0.5629862369408726,0.4678502223491952,0.5629862369408726,0.5318439135542419
18,5,0.46050525478093207,0.6362864923322178,0.46050525478093207,0.7030626949102269,0.5965453367160726,0.46050525478093207,0.46050525478093207,0.548340745227633,0.46050525478093207,0.47293441244774803
18,6,0.4551791537543223,0.6458575059666789,0.4551791537543223,0.6602447771523511,0.5486193457988806,0.4551791537543223,0.4551791537543223,0.4875797403651241,0.4551791537543223,0.406352902261922
18,7,0.5046694450683339,0.6721042868466447,0.5046694450683339,0.7094617694651224,0.562494660636012,0.5046694450683339,0.504669445068334,0.5004231487478568,0.5046694450683339,0.5005646984452894
18,8,0.5544772618064493,0.593023318862312,0.5544772618064493,0.6793699848169275,0.5541168793850528,0.5544772618064493,0.5544772618064493,0.472337898596372,0.5544772618064493,0.516204041779542
18,9,0.5312623154935215,0.5943749143959698,0.5312623154935215,0.6735696403855759,0.600462457783126,0.5312623154935215,0.5312623154935217,0.5184846731781992,0.5312623154935215,0.5052879068771967
18,10,0.44878924498550044,0.5473685232061853,0.44878924498550044,0.6210092368477707,0.6105788944810285,0.44878924498550044,0.44878924498550044,0.514539722778195,0.44878924498550044,0.39944595589611875
18,11,0.5829524251759283,0.5424130809088019,0.5829524251759283,0.6532239866915588,0.6306750971171182,0.5829524251759283,0.5829524251759284,0.5415591930395167,0.5829524251759283,0.5673763404300967
18,12,0.5205194184406166,0.6533068721935955,0.5205194184406166,0.7118316788278629,0.6224850920678996,0.5205194184406166,0.5205194184406166,0.5455755482196862,0.5205194184406166,0.5021698259134384
18,13,0.5426150806641885,0.6669366996509054,0.5426150806641885,0.7136806304919421,0.5046960022886313,0.5426150806641885,0.5426150806641885,0.45571289576167606,0.5426150806641885,0.5147803760804529
18,14,0.5865300455528646,0.6101227902338251,0.5865300455528646,0.6968150580982224,0.6662522500403254,0.5865300455528646,0.5865300455528646,0.585895025345191,0.5865300455528646,0.5788870851513963
18,15,0.47881486539365953,0.6666095811388494,0.47881486539365953,0.6910643664327825,0.4523755013991735,0.47881486539365953,0.4788148653936595,0.40456984714500466,0.47881486539365953,0.4583476994819592
18,16,0.5179104503963864,0.5352414001699382,0.5179104503963864,0.6447348033423085,0.5706120671098426,0.5179104503963864,0.5179104503963864,0.48654137086302035,0.5179104503963864,0.5287461712057199
18,17,0.5428010239985845,0.5905726824168891,0.5428010239985845,0.6702227340724682,0.5725198191821428,0.5428010239985845,0.5428010239985845,0.4953671613951751,0.5428010239985845,0.5504335712247717
18,18,0.5882482325858399,0.5984642997722881,0.5882482325858399,0.7013957016961178,0.6141669399251282,0.5882482325858399,0.5882482325858399,0.5289448856153062,0.5882482325858399,0.5906662496652612
18,19,0.5677483749007908,0.6565909845122533,0.5677483749007908,0.7074694153406613,0.5763431226663782,0.5677483749007908,0.5677483749007908,0.5134930255609003,0.5677483749007908,0.5330034141440771
18,20,0.5251805467031392,0.5606153581190548,0.5251805467031392,0.6376003365360302,0.45978633912029143,0.5251805467031392,0.5251805467031392,0.3765977344682634,0.5251805467031392,0.4984675956973008
18,21,0.5484141709821906,0.5229202499154555,0.5484141709821906,0.6561268260390826,0.5912688403001258,0.5484141709821906,0.5484141709821907,0.46140769903097245,0.5484141709821906,0.5112564172787489
18,22,0.4407274259355919,0.6205738948075681,0.4407274259355919,0.6863115840396393,0.6008287200575222,0.4407274259355919,0.4407274259355919,0.5293154325437757,0.4407274259355919,0.4112661187528739
18,23,0.40714128338814215,0.5575510771058629,0.40714128338814215,0.6085092434595408,0.5729527811305161,0.40714128338814215,0.40714128338814215,0.46309051693003794,0.40714128338814215,0.32371240233204185
18,24,0.497564198074534,0.6694277604347293,0.497564198074534,0.7024340834579996,0.5609303437151186,0.497564198074534,0.497564198074534,0.5421033310153301,0.497564198074534,0.5228159893596989
18,25,0.43314742407151224,0.5731096365372449,0.43314742407151224,0.6265626416552923,0.5837108348153721,0.43314742407151224,0.4331474240715123,0.46496909947450915,0.43314742407151224,0.37904377332231576
18,26,0.6004671535885437,0.5710290657689929,0.6004671535885437,0.6668955429720492,0.5519427325102264,0.6004671535885437,0.6004671535885437,0.4744619415450001,0.6004671535885437,0.5861946935908177
18,27,0.5925926717511002,0.6549059510539759,0.5925926717511002,0.7123570295868186,0.6562745460267031,0.5925926717511002,0.5925926717511002,0.6023045838879773,0.5925926717511002,0.5756783078855078
18,28,0.4585068982561006,0.5521460231899542,0.4585068982561006,0.661333567660024,0.5584226528683145,0.4585068982561006,0.4585068982561006,0.46611191071873054,0.4585068982561006,0.4513783810387819
18,29,0.5321029168942947,0.6185466524736467,0.5321029168942947,0.698804810474885,0.5724593423229896,0.5321029168942947,0.5321029168942948,0.5125095469933796,0.5321029168942947,0.5101435491108022
18,30,0.5660399450142979,0.6112562103827176,0.5660399450142979,0.6888518867778708,0.6209080731757258,0.5660399450142979,0.566039945014298,0.5310344294071726,0.5660399450142979,0.5566791192317424
18,31,0.45254816243660295,0.5948193759952007,0.45254816243660295,0.6543826147964,0.5900191454069976,0.45254816243660295,0.45254816243660295,0.4809119620861315,0.45254816243660295,0.42076272772676604
18,32,0.6231747282843786,0.6549653571926091,0.6231747282843786,0.7209438934971566,0.6626254613270962,0.6231747282843786,0.6231747282843786,0.6068551900539585,0.6231747282843786,0.6003527856683445
18,33,0.43897820188428155,0.6157112934582231,0.43897820188428155,0.6648175698343957,0.5119640403951995,0.43897820188428155,0.43897820188428155,0.4613896125673903,0.43897820188428155,0.4197913487482911
18,34,0.5739876519129629,0.6079530688465287,0.5739876519129629,0.6761846098419093,0.44758308259840607,0.5739876519129629,0.573987651912963,0.4165676991018062,0.5739876519129629,0.5764224510434679
18,35,0.5349189222943642,0.6220345802355358,0.5349189222943642,0.6968734053410586,0.585466010445523,0.5349189222943642,0.5349189222943642,0.5019018793127502,0.5349189222943642,0.5339463164679535
18,36,0.5907467125618057,0.7138883059219208,0.5907467125618057,0.7495998575944673,0.5842775950266115,0.5907467125618057,0.5907467125618057,0.5394954139676184,0.5907467125618057,0.6094668296219137
18,37,0.4463687292561904,0.6025440128753292,0.4463687292561904,0.6656358200899651,0.6182310314477222,0.4463687292561904,0.4463687292561905,0.5361441739302547,0.4463687292561904,0.40851102170074316
18,38,0.5646059232569763,0.5426878310764667,0.5646059232569763,0.6426814394045817,0.5494640721204083,0.5646059232569763,0.5646059232569764,0.484604294231888,0.5646059232569763,0.573186954848296
18,39,0.5768008695568946,0.6664087355123705,0.5768008695568946,0.7316074318853769,0.6278852861619254,0.5768008695568946,0.5768008695568945,0.5694289387408964,0.5768008695568946,0.5784722644769741
18,40,0.5807986977090127,0.592382691885192,0.5807986977090127,0.7025879672668244,0.6622426873847382,0.5807986977090127,0.5807986977090127,0.5639224438857163,0.5807986977090127,0.5934087132305784
18,41,0.6118090465102729,0.6795773100173303,0.6118090465102729,0.7283287332998536,0.5793211892188868,0.6118090465102729,0.6118090465102729,0.5304270968425517,0.6118090465102729,0.6149969235530939
18,42,0.5467234898097756,0.6098276234985303,0.5467234898097756,0.6782880656841579,0.6005144537707827,0.5467234898097756,0.5467234898097757,0.5543894139219188,0.5467234898097756,0.5646029947998724
18,43,0.5021141877923602,0.6592588185683075,0.5021141877923602,0.689355811857775,0.6521271598452365,0.5021141877923602,0.5021141877923602,0.6009604442828007,0.5021141877923602,0.4965682876231999
18,44,0.564764174880403,0.5586670870122044,0.564764174880403,0.6602989062038356,0.5386629632797522,0.564764174880403,0.5647641748804029,0.47499227377066533,0.564764174880403,0.5327381969422329
18,45,0.567319618006786,0.6013329111098877,0.567319618006786,0.6849352288646107,0.5626755249317732,0.567319618006786,0.5673196180067859,0.49634583020399686,0.567319618006786,0.5525464674025162
18,46,0.5220383738349387,0.5831604127445267,0.5220383738349387,0.6960035023474209,0.6339555765205322,0.5220383738349387,0.5220383738349386,0.5371696810133488,0.5220383738349387,0.4969655062147032
18,47,0.5854214478620373,0.6312603099686304,0.5854214478620373,0.7017357236796726,0.5806074056856452,0.5854214478620373,0.5854214478620374,0.5270604150398237,0.5854214478620373,0.5845737643486817
18,48,0.5346551076385169,0.5741826155786418,0.5346551076385169,0.6797500459538086,0.5806682666703564,0.5346551076385169,0.5346551076385169,0.47588893739853855,0.5346551076385169,0.4932450666304271
18,49,0.41026384903817303,0.6209257113589903,0.41026384903817303,0.6807071576142185,0.532942173305009,0.41026384903817303,0.41026384903817303,0.459555488768676,0.41026384903817303,0.3701343096943084
19,0,0.589745350557082,0.4862404379403334,0.589745350557082,0.6586253217442022,0.577271754216842,0.589745350557082,0.5897453505570819,0.47425131689676503,0.589745350557082,0.5883642394271666
19,1,0.5085283500395815,0.5902151571334926,0.5085283500395815,0.6809977262220153,0.5350839187190399,0.5085283500395815,0.5085283500395815,0.4228431461153098,0.5085283500395815,0.4886589473377618
19,2,0.541118055618151,0.5687299552987852,0.541118055618151,0.6681269309641206,0.45693576815196596,0.541118055618151,0.541118055618151,0.41297169233411096,0.541118055618151,0.5494028381994218
19,3,0.5474232166003816,0.5637663466957625,0.5474232166003816,0.6427472504513707,0.4542118214513201,0.5474232166003816,0.5474232166003816,0.44601013320620586,0.5474232166003816,0.5594873944309097
19,4,0.5564575908415892,0.5400966607010693,0.5564575908415892,0.6714414520400755,0.5581959180359191,0.5564575908415892,0.5564575908415892,0.45487399321937194,0.5564575908415892,0.5273258815954726
19,5,0.45902988130756545,0.6402990567971432,0.45902988130756545,0.7079951063878889,0.598814847983235,0.45902988130756545,0.4590298813075654,0.5451778302390976,0.45902988130756545,0.47026813202073203
19,6,0.46386310704899936,0.6413529157899596,0.46386310704899936,0.6675975288852949,0.5659582094532309,0.46386310704899936,0.46386310704899936,0.5064074308132012,0.46386310704899936,0.41861784693813675
19,7,0.472989198467143,0.6490487717305211,0.472989198467143,0.694129559112964,0.5496638528458595,0.472989198467143,0.472989198467143,0.47529590703083,0.472989198467143,0.457663789609972
19,8,0.551306746750847,0.5859328808628013,0.551306746750847,0.6663338714545066,0.5496492780412634,0.551306746750847,0.551306746750847,0.4661214775635454,0.551306746750847,0.5101315013558654
19,9,0.5133880594643252,0.5834970350501484,0.5133880594643252,0.6648718790905832,0.5810839496860142,0.5133880594643252,0.5133880594643252,0.49964320972262777,0.5133880594643252,0.48267475285366773
19,10,0.4524703840403563,0.555482131164978,0.4524703840403563,0.6292673536499036,0.6196301392612471,0.4524703840403563,0.4524703840403563,0.5232543275489938,0.4524703840403563,0.4030257006118204
19,11,0.5847942956562207,0.5541752376730393,0.5847942956562207,0.6536874000444233,0.6243288153761741,0.5847942956562207,0.5847942956562207,0.5455109695501164,0.5847942956562207,0.5689311642366269
19,12,0.5121356135567837,0.6475098129872179,0.5121356135567837,0.7111759678208478,0.6120821224267476,0.5121356135567837,0.5121356135567837,0.5280507149778806,0.5121356135567837,0.49257414444633973
19,13,0.5287448787758182,0.6461429410926307,0.5287448787758182,0.7024228918594316,0.4949592042048457,0.5287448787758182,0.5287448787758182,0.4539187828319615,0.5287448787758182,0.5028416012666497
19,14,0.5956789965713387,0.6059904070776565,0.5956789965713387,0.6966137191906019,0.6641778477141096,0.5956789965713387,0.5956789965713387,0.5829908325191244,0.5956789965713387,0.5892066274362364
19,15,0.47062657514029616,0.6652758896298632,0.47062657514029616,0.6896614651554878,0.4616388334309864,0.47062657514029616,0.47062657514029616,0.39861617779571046,0.47062657514029616,0.4492963988965521
19,16,0.5785328095201501,0.6000328989508544,0.5785328095201501,0.6842884807560452,0.6513503875043012,0.5785328095201501,0.5785328095201501,0.5855447481434606,0.5785328095201501,0.5784308622627385
19,17,0.5402797773474928,0.6087802507018594,0.5402797773474928,0.68178006361182,0.5607654297275383,0.5402797773474928,0.5402797773474928,0.49559494495805156,0.5402797773474928,0.5500920351690586
19,18,0.557820524817395,0.5929740323026549,0.557820524817395,0.7017958279019976,0.6010445568658969,0.557820524817395,0.557820524817395,0.514669514652802,0.557820524817395,0.5689327330935194
19,19,0.5663382349210503,0.6700888569327905,0.5663382349210503,0.7157033623072149,0.5708620515961765,0.5663382349210503,0.5663382349210504,0.5139142808118514,0.5663382349210503,0.5314294471273135
19,20,0.6027009825818209,0.6566278751976726,0.6027009825818209,0.7048903288207753,0.5794646014418867,0.6027009825818209,0.6027009825818209,0.5311371795408201,0.6027009825818209,0.5785264524316468
19,21,0.5357821974450586,0.5156606811171504,0.5357821974450586,0.6597891028403742,0.5690928338500164,0.5357821974450586,0.5357821974450586,0.43913957847122825,0.5357821974450586,0.5010184978522441
19,22,0.4151289481247833,0.6139448483951309,0.4151289481247833,0.6840958750606259,0.5666760443929981,0.4151289481247833,0.4151289481247833,0.4936547134327395,0.4151289481247833,0.3747629231196765
19,23,0.4235618175166427,0.543196525057367,0.4235618175166427,0.6065690702283109,0.5936547233087714,0.4235618175166427,0.4235618175166426,0.4733532686281735,0.4235618175166427,0.34250970074149556
19,24,0.5558705823241579,0.691542698258688,0.5558705823241579,0.7221199304807611,0.61590217203851,0.5558705823241579,0.5558705823241579,0.5900891985875748,0.5558705823241579,0.5848516965977629
19,25,0.4354252066865632,0.5612927996778033,0.4354252066865632,0.6238147932758407,0.5912193868484816,0.4354252066865632,0.43542520668656315,0.46357955811603285,0.4354252066865632,0.37997334265372873
19,26,0.5928391093936881,0.5261361270336897,0.5928391093936881,0.6539337950633041,0.5443882616854765,0.5928391093936881,0.5928391093936881,0.45611714475003184,0.5928391093936881,0.5745790494342029
19,27,0.5738292144391272,0.6245737850818314,0.5738292144391272,0.7020568663618407,0.6429676964653601,0.5738292144391272,0.5738292144391273,0.5730802882046819,0.5738292144391272,0.5545248472112821
19,28,0.45719776797375566,0.5531571031536211,0.45719776797375566,0.6611945191613541,0.5651154680128765,0.45719776797375566,0.45719776797375566,0.4720042431760682,0.45719776797375566,0.44806389170101846
19,29,0.5294170997058638,0.6121777055773568,0.5294170997058638,0.7019085251444781,0.5606465780715151,0.5294170997058638,0.5294170997058638,0.4953658011236668,0.5294170997058638,0.5050915073184766
19,30,0.5737560823031103,0.6078708012017391,0.5737560823031103,0.6920221828537914,0.6073983638002194,0.5737560823031103,0.5737560823031103,0.5171058504557986,0.5737560823031103,0.5664011554908314
19,31,0.4721428357036849,0.6132307514761162,0.4721428357036849,0.6705507878823277,0.6082516626435974,0.4721428357036849,0.472142835703685,0.5107068249847349,0.4721428357036849,0.4524118544825515
19,32,0.5964964595961675,0.6297378116771223,0.5964964595961675,0.7119991225686332,0.6309926517735281,0.5964964595961675,0.5964964595961675,0.5676877026387948,0.5964964595961675,0.5721114419488069
19,33,0.47342232284576374,0.644915639471987,0.47342232284576374,0.6913964776899043,0.544680385115687,0.47342232284576374,0.47342232284576374,0.4951357422246323,0.47342232284576374,0.4547731073850578
19,34,0.5647536743322836,0.6048378620631947,0.5647536743322836,0.6748415131525322,0.44836763589100365,0.5647536743322836,0.5647536743322836,0.411267586730083,0.5647536743322836,0.5687336338079991
19,35,0.5135345095867682,0.6155459458363475,0.5135345095867682,0.6874525226372938,0.5751318481982929,0.5135345095867682,0.5135345095867682,0.4957058607743461,0.5135345095867682,0.5121015485725837
19,36,0.5871158460426361,0.645841128792261,0.5871158460426361,0.737150797103471,0.5779035923855778,0.5871158460426361,0.587115846042636,0.5296914521850629,0.5871158460426361,0.6039234899532708
19,37,0.453713351577029,0.6110778579250395,0.453713351577029,0.6699696475284435,0.6260797833724951,0.453713351577029,0.453713351577029,0.5461935595212472,0.453713351577029,0.4204759327113648
19,38,0.5307076449472896,0.5183807803100026,0.5307076449472896,0.6225690494925242,0.5323568094312097,0.5307076449472896,0.5307076449472896,0.4514177809532296,0.5307076449472896,0.5321865422536912
19,39,0.5711112451299062,0.6669243630672064,0.5711112451299062,0.7349301751151405,0.6202255587409432,0.5711112451299062,0.5711112451299062,0.5706068375337483,0.5711112451299062,0.574857232167899
19,40,0.5405568803075973,0.5669084482511149,0.5405568803075973,0.6893272543661824,0.6306600552039804,0.5405568803075973,0.5405568803075973,0.5116554028963853,0.5405568803075973,0.5497411394658134
19,41,0.594592793854819,0.6099586687753208,0.594592793854819,0.6770555467062062,0.5620013334501264,0.594592793854819,0.594592793854819,0.5181409213317033,0.594592793854819,0.5992910665264405
19,42,0.5172841345174111,0.5818198160425048,0.5172841345174111,0.6558001687021112,0.5713389057724175,0.5172841345174111,0.5172841345174111,0.514914859746412,0.5172841345174111,0.5273912031321255
19,43,0.5011127328624317,0.6633495401025833,0.5011127328624317,0.693059428628755,0.6453242130596801,0.5011127328624317,0.5011127328624317,0.5940961896389103,0.5011127328624317,0.49432939945532484
19,44,0.5599144084525509,0.5807628826361925,0.5599144084525509,0.6653047335825136,0.5357088047683303,0.5599144084525509,0.5599144084525509,0.4794739531031889,0.5599144084525509,0.5321772882537331
19,45,0.5577150547101788,0.5875830210608409,0.5577150547101788,0.6827786367300785,0.5631737570179401,0.5577150547101788,0.5577150547101788,0.4848125065987354,0.5577150547101788,0.5414320441533939
19,46,0.541082186489177,0.6028884723511223,0.541082186489177,0.7020827829987955,0.6493625473214495,0.541082186489177,0.541082186489177,0.5518311883272509,0.541082186489177,0.5146205569916169
19,47,0.5711379146636252,0.61530872401456,0.5711379146636252,0.6874361841712459,0.5834946724719567,0.5711379146636252,0.5711379146636252,0.5279970195684971,0.5711379146636252,0.5727225461559825
19,48,0.5177294320978338,0.564012242107526,0.5177294320978338,0.6743633551946083,0.5699251175243167,0.5177294320978338,0.517729432097834,0.447220612254565,0.5177294320978338,0.46129577024152196
19,49,0.4121763426739581,0.6213486438676308,0.4121763426739581,0.6796720540846972,0.5405096614612516,0.4121763426739581,0.4121763426739581,0.4694935511082301,0.4121763426739581,0.36925153307698977
20,0,0.5889717482288224,0.4947577432894541,0.5889717482288224,0.6616248373550833,0.5748899170776651,0.5889717482288224,0.5889717482288224,0.4795319476912448,0.5889717482288224,0.5850207550630708
20,1,0.554823501118773,0.6292545490218762,0.554823501118773,0.7086744275805367,0.6234111209173013,0.554823501118773,0.554823501118773,0.5328052902686893,0.554823501118773,0.5453855657547291
20,2,0.536437691838277,0.5568179870280606,0.536437691838277,0.6622755233646396,0.44825911538490587,0.536437691838277,0.536437691838277,0.40134194664653633,0.536437691838277,0.5407099097707295
20,3,0.5577762924200075,0.5650846828004322,0.5577762924200075,0.6405118023956897,0.4477120947410717,0.5577762924200075,0.5577762924200074,0.4417664106436143,0.5577762924200075,0.5660478529016174
20,4,0.5708527272107208,0.5339936144275182,0.5708527272107208,0.6649166057201281,0.585096079696257,0.5708527272107208,0.5708527272107209,0.4774197244822845,0.5708527272107208,0.5373038507605821
20,5,0.4743583584316567,0.6432505997094846,0.4743583584316567,0.7077621755432291,0.6138689895601865,0.4743583584316567,0.4743583584316567,0.5662425961523305,0.4743583584316567,0.4842912784284501
20,6,0.45990560843567574,0.6380389969418259,0.45990560843567574,0.6707005216268864,0.5560140767253414,0.45990560843567574,0.45990560843567574,0.4983807501245269,0.45990560843567574,0.41830116793208366
20,7,0.47280836601899967,0.6512223897272716,0.47280836601899967,0.6888012733374873,0.5144229260798345,0.47280836601899967,0.47280836601899967,0.4446191936553454,0.47280836601899967,0.46157788879631634
20,8,0.5273332519928042,0.571943421881828,0.5273332519928042,0.6525726216040989,0.5248119942291254,0.5273332519928042,0.5273332519928042,0.4384205031706085,0.5273332519928042,0.4904845990512507
20,9,0.5281896506783587,0.5876430398639318,0.5281896506783587,0.66695648377359,0.602160050127007,0.5281896506783587,0.5281896506783587,0.5250358449060986,0.5281896506783587,0.5074018018837262
20,10,0.4586502818467918,0.5672604501117855,0.4586502818467918,0.6313515900606734,0.6331594671838345,0.4586502818467918,0.4586502818467918,0.5362156349284909,0.4586502818467918,0.4100537589088673
20,11,0.5521070186128255,0.5352514433512601,0.5521070186128255,0.6378632261646138,0.5970423418083408,0.5521070186128255,0.5521070186128255,0.5141552237597204,0.5521070186128255,0.5379510167446693
20,12,0.5241971192629024,0.6592495467833055,0.5241971192629024,0.7186710961439519,0.6367508512024029,0.5241971192629024,0.5241971192629025,0.5585416360739477,0.5241971192629024,0.5091906755245438
20,13,0.5253271826759913,0.6459221571616459,0.5253271826759913,0.698470800261036,0.47752226132538045,0.5253271826759913,0.5253271826759912,0.4360091610739733,0.5253271826759913,0.499075515126793
20,14,0.5875953400983501,0.5955615858228751,0.5875953400983501,0.6932499907873733,0.6633432689005268,0.5875953400983501,0.5875953400983502,0.5755846537452256,0.5875953400983501,0.5775488387769836
20,15,0.4767745996015553,0.6638929272925085,0.4767745996015553,0.691620478269174,0.45261291391766045,0.4767745996015553,0.4767745996015553,0.39574263402566123,0.4767745996015553,0.4517433084380985
20,16,0.574024171518369,0.5975600880339287,0.574024171518369,0.6823422335072469,0.6303184732321889,0.574024171518369,0.5740241715183689,0.5695509477680067,0.574024171518369,0.5793953743990283
20,17,0.533524579599405,0.5966402691547606,0.533524579599405,0.6745626024588263,0.5676584131752671,0.533524579599405,0.533524579599405,0.4928215670873134,0.533524579599405,0.5420178894072385
20,18,0.5632883367810133,0.5745339668930747,0.5632883367810133,0.6899945586849257,0.5878875867825804,0.5632883367810133,0.5632883367810133,0.48977066676894754,0.5632883367810133,0.5658091120546493
20,19,0.5638269312668502,0.6588795722160821,0.5638269312668502,0.7157509223604565,0.5733704422051005,0.5638269312668502,0.5638269312668502,0.5129385696772656,0.5638269312668502,0.5298461214516389
20,20,0.5930156672824201,0.6332886938392386,0.5930156672824201,0.6882815423397073,0.5468875424653903,0.5930156672824201,0.5930156672824201,0.4864546449849582,0.5930156672824201,0.563677131893342
20,21,0.536944320053733,0.5186594878390963,0.536944320053733,0.6648352318073871,0.5884884870260478,0.536944320053733,0.536944320053733,0.4531937728814507,0.536944320053733,0.5025049448635444
20,22,0.42742880698069,0.6213234773991603,0.42742880698069,0.6804855940159306,0.5870412175884643,0.42742880698069,0.42742880698069,0.5157921749761323,0.42742880698069,0.38829530124018546
20,23,0.41601907865960597,0.5491850865892292,0.41601907865960597,0.6085231080272473,0.5784890031653999,0.41601907865960597,0.41601907865960597,0.4657120860719337,0.41601907865960597,0.33659428690903725
20,24,0.5230919598046452,0.6771108954447195,0.5230919598046452,0.7100660610777301,0.6037340609328612,0.5230919598046452,0.5230919598046452,0.5713558360647383,0.5230919598046452,0.5499263874953553
20,25,0.44378197033585864,0.5759027430019863,0.44378197033585864,0.6284627915229609,0.6102162852820874,0.44378197033585864,0.44378197033585864,0.4844706071994945,0.44378197033585864,0.3876562332920024
20,26,0.4806518108381082,0.5303505720238819,0.4806518108381082,0.6298514881339126,0.4483349599027583,0.4806518108381082,0.48065181083810826,0.3776544550930697,0.4806518108381082,0.4703387801926384
20,27,0.5674014851120348,0.6164901295000013,0.5674014851120348,0.6886038971326842,0.6313095925477905,0.5674014851120348,0.5674014851120348,0.5623115068143358,0.5674014851120348,0.5492823928768109
20,28,0.45622697836134396,0.5610754404906545,0.45622697836134396,0.6678980880867873,0.5568903874740266,0.45622697836134396,0.4562269783613439,0.46378644968519933,0.45622697836134396,0.4495414280425116
20,29,0.5455043111254794,0.6116527720236906,0.5455043111254794,0.7047917368604701,0.5759400607035452,0.5455043111254794,0.5455043111254794,0.5175923007698856,0.5455043111254794,0.5229756249610913
20,30,0.563801934386814,0.6001164614849264,0.563801934386814,0.6936636936302285,0.6080357623995434,0.563801934386814,0.5638019343868139,0.5122904154159074,0.563801934386814,0.5626079572886046
20,31,0.476947068781285,0.6201425732771908,0.476947068781285,0.6743458158838148,0.6093600277442702,0.476947068781285,0.476947068781285,0.5145242448501355,0.476947068781285,0.45872726187327695
20,32,0.5978545614613343,0.6321293760632218,0.5978545614613343,0.6991930331703028,0.61690901672378,0.5978545614613343,0.5978545614613344,0.5628659721411077,0.5978545614613343,0.5796039739280257
20,33,0.4752174519481444,0.6518226296043377,0.4752174519481444,0.6917915800728053,0.5548584022579744,0.4752174519481444,0.4752174519481444,0.5066746784898675,0.4752174519481444,0.4581146284400603
20,34,0.5577809386802373,0.5962760174759754,0.5577809386802373,0.66785795661175,0.4407924428346245,0.5577809386802373,0.5577809386802373,0.4073835256951779,0.5577809386802373,0.5627264281289004
20,35,0.5784877407959211,0.6584326756313109,0.5784877407959211,0.7228645260884534,0.6515586124286972,0.5784877407959211,0.578487740795921,0.5866709611404172,0.5784877407959211,0.5895124625323263
20,36,0.5481060310037511,0.6139307075735014,0.5481060310037511,0.7210318953318917,0.5469920311811189,0.5481060310037511,0.5481060310037511,0.4916338094602093,0.5481060310037511,0.5687078654356187
20,37,0.4473318060766207,0.6032674279952965,0.4473318060766207,0.6689059430640798,0.6200523039348655,0.4473318060766207,0.44733180607662076,0.5362414799877955,0.4473318060766207,0.4092847402877414
20,38,0.5457818787116069,0.5384124708410816,0.5457818787116069,0.6320145545917069,0.5374458258110557,0.5457818787116069,0.5457818787116069,0.4690226737431825,0.5457818787116069,0.5491672610333869
20,39,0.5638754382236493,0.6563241435811364,0.5638754382236493,0.724648192732843,0.6147865055897729,0.5638754382236493,0.5638754382236492,0.560304352208974,0.5638754382236493,0.5678187337037455
20,40,0.5425862738507637,0.5783721387835385,0.5425862738507637,0.6905090683446858,0.6385324536785344,0.5425862738507637,0.5425862738507637,0.52770894274331,0.5425862738507637,0.5530710073597357
20,41,0.5886734583220701,0.5986562023721365,0.5886734583220701,0.6727496009430984,0.5509697478446065,0.5886734583220701,0.58867345832207,0.5069717469618255,0.5886734583220701,0.5940541794315427
20,42,0.5260908420073591,0.5920218355822129,0.5260908420073591,0.6724376740648607,0.5765601462871977,0.5260908420073591,0.5260908420073591,0.5155043962449491,0.5260908420073591,0.5401563200752639
20,43,0.4943510303500223,0.6495066946905128,0.4943510303500223,0.6735102634802836,0.647149857454961,0.4943510303500223,0.49435103035002226,0.5891095089743432,0.4943510303500223,0.4812943648041224
20,44,0.5543143639227929,0.5642619725349443,0.5543143639227929,0.6602462106603507,0.5309463201510993,0.5543143639227929,0.5543143639227929,0.46726997670890646,0.5543143639227929,0.5251984439645192
20,45,0.5507588597445505,0.5949780379957155,0.5507588597445505,0.6891645445909873,0.5549541346342397,0.5507588597445505,0.5507588597445504,0.47689492290475166,0.5507588597445505,0.5334481538769984
20,46,0.538253450336078,0.5947734765535574,0.538253450336078,0.6942241032549812,0.647836786169287,0.538253450336078,0.538253450336078,0.5546570396582828,0.538253450336078,0.5121373296735694
20,47,0.5610400114558193,0.6208551963723361,0.5610400114558193,0.6855792471652726,0.5587179357131365,0.5610400114558193,0.5610400114558193,0.507401231067646,0.5610400114558193,0.5641557982940308
20,48,0.5751455928874305,0.6061374078099079,0.5751455928874305,0.6988509121994971,0.6235604901210722,0.5751455928874305,0.5751455928874305,0.5265106561279176,0.5751455928874305,0.5372526851087278
20,49,0.4140573346653852,0.632242329918522,0.4140573346653852,0.6898388154731593,0.5410644460183567,0.4140573346653852,0.41405733466538513,0.46637890756509065,0.4140573346653852,0.37230861675635296
21,0,0.5749268469558121,0.5022204003412112,0.5749268469558121,0.6645066460479924,0.5647079026130846,0.5749268469558121,0.5749268469558122,0.46754291487997124,0.5749268469558121,0.5734317899302739
21,1,0.5355736732859459,0.6300147322194758,0.5355736732859459,0.7033211138144355,0.5962149527160802,0.5355736732859459,0.5355736732859457,0.505350924014145,0.5355736732859459,0.5248283425769544
21,2,0.507961134590729,0.5184364393322558,0.507961134590729,0.6358336420340103,0.4224920081524772,0.507961134590729,0.507961134590729,0.3653980903113077,0.507961134590729,0.5095914914375425
21,3,0.5511329766182529,0.5733810910610404,0.5511329766182529,0.6491467671069538,0.4574607514260645,0.5511329766182529,0.551132976618253,0.45002101333179545,0.5511329766182529,0.5636931711495581
21,4,0.5771902261641507,0.5437212980242181,0.5771902261641507,0.6706216020133879,0.5850038382911686,0.5771902261641507,0.5771902261641506,0.48533970290660533,0.5771902261641507,0.5465246605085946
21,5,0.4698913509215346,0.6371450852429508,0.4698913509215346,0.6986597932466798,0.6150653985168963,0.4698913509215346,0.4698913509215346,0.5593166388638025,0.4698913509215346,0.47495700323027606
21,6,0.4488384024187316,0.6292259876518542,0.4488384024187316,0.660181696121883,0.5491739441452497,0.4488384024187316,0.4488384024187315,0.48975889626968205,0.4488384024187316,0.4036426915443129
21,7,0.4724282090069985,0.6536691771060998,0.4724282090069985,0.6938272479252454,0.5246182150379413,0.4724282090069985,0.47242820900699845,0.45132720460081155,0.4724282090069985,0.46029392366059074
21,8,0.5279276945266033,0.5620929358381761,0.5279276945266033,0.6318329884233839,0.5173662271848604,0.5279276945266033,0.5279276945266033,0.42838250235099395,0.5279276945266033,0.4857676651813532
21,9,0.4808440730864168,0.5529935518170577,0.4808440730864168,0.6473921638600683,0.5751882986917436,0.4808440730864168,0.4808440730864168,0.4787884218905215,0.4808440730864168,0.44696546572834484
21,10,0.4620362904518516,0.5587582543293836,0.4620362904518516,0.6252542992996281,0.6248030032083567,0.4620362904518516,0.4620362904518516,0.5316018874392076,0.4620362904518516,0.41206948142246624
21,11,0.573002644744248,0.5418974432870987,0.573002644744248,0.6453989162405283,0.6032996508474642,0.573002644744248,0.573002644744248,0.5223492436987683,0.573002644744248,0.5541163767226802
21,12,0.5225629366148816,0.6471478968096502,0.5225629366148816,0.7111923215441007,0.6343359414697158,0.5225629366148816,0.5225629366148816,0.5518940109000483,0.5225629366148816,0.5069045015695475
21,13,0.5620253903253525,0.6992086609143563,0.5620253903253525,0.7179298349847403,0.5638002904326473,0.5620253903253525,0.5620253903253525,0.5337170999302736,0.5620253903253525,0.5413340291293034
21,14,0.5769263185830987,0.5863341130953034,0.5769263185830987,0.6870928056214111,0.6611477717677575,0.5769263185830987,0.5769263185830987,0.56829074128703,0.5769263185830987,0.5684456785903544
21,15,0.48297531265382027,0.6463823110515494,0.48297531265382027,0.67746388997455,0.4807644171222557,0.48297531265382027,0.48297531265382027,0.4147227256950494,0.48297531265382027,0.4644402945374996
21,16,0.5732527064698152,0.5919860604391458,0.5732527064698152,0.676866851648685,0.6191785973910913,0.5732527064698152,0.5732527064698152,0.554953753659761,0.5732527064698152,0.5802708518425681
21,17,0.5385759007960251,0.586976846433351,0.5385759007960251,0.6712392561120665,0.5650520253821609,0.5385759007960251,0.5385759007960251,0.4874110865715745,0.5385759007960251,0.5456098302624484
21,18,0.5612665631046236,0.5863964858378194,0.5612665631046236,0.6940600818302276,0.5999086889244357,0.5612665631046236,0.5612665631046236,0.517650339236485,0.5612665631046236,0.5705293323903777
21,19,0.5655022797805069,0.65390645546726,0.5655022797805069,0.7076479578956969,0.5782060932627735,0.5655022797805069,0.5655022797805069,0.51941398346801,0.5655022797805069,0.5296115040301239
21,20,0.5852264907827954,0.6265777658661797,0.5852264907827954,0.680966458034288,0.533281746038689,0.5852264907827954,0.5852264907827954,0.4709791415146817,0.5852264907827954,0.5557432658527773
21,21,0.5354060362168551,0.5105170657683291,0.5354060362168551,0.659372344280954,0.5867150062911941,0.5354060362168551,0.5354060362168551,0.44847319299155897,0.5354060362168551,0.5022092124396095
21,22,0.4350861226149933,0.6115540907903583,0.4350861226149933,0.6795476759620711,0.5904042609094534,0.4350861226149933,0.4350861226149933,0.5100079737631092,0.4350861226149933,0.3943786772065697
21,23,0.42777690479710573,0.5483905864127903,0.42777690479710573,0.5969901468863139,0.5922255405075005,0.42777690479710573,0.42777690479710573,0.4837212556772299,0.42777690479710573,0.35367880845497457
21,24,0.5304116781706522,0.6809174511103417,0.5304116781706522,0.7168801951536871,0.6257759604618328,0.5304116781706522,0.530411678170652,0.5909734893830803,0.5304116781706522,0.5547397999954261
21,25,0.44472311680800436,0.5993327002797664,0.44472311680800436,0.6482354833857303,0.6178967574541845,0.44472311680800436,0.44472311680800436,0.5089685768167198,0.44472311680800436,0.3927117781760623
21,26,0.5853101234669316,0.6326694681236732,0.5853101234669316,0.6910920846046913,0.5616147370633966,0.5853101234669316,0.5853101234669316,0.48657197823568976,0.5853101234669316,0.5571986502554425
21,27,0.5644875365463214,0.609812477764062,0.5644875365463214,0.6861170702658057,0.6252169425686629,0.5644875365463214,0.5644875365463214,0.5536643657688806,0.5644875365463214,0.5461982850837482
21,28,0.45984186174532304,0.5604714478889454,0.45984186174532304,0.6655729006068787,0.5716590068876344,0.45984186174532304,0.45984186174532304,0.47785534951293995,0.45984186174532304,0.4523755018754142
21,29,0.5352646040554604,0.6041723298200576,0.5352646040554604,0.7033456812546002,0.5718407844411766,0.5352646040554604,0.5352646040554603,0.5064804262657836,0.5352646040554604,0.5128869293373761
21,30,0.554459606017576,0.5414893025253572,0.554459606017576,0.6760186939795727,0.6012400816640789,0.554459606017576,0.5544596060175762,0.5092327905673327,0.554459606017576,0.5531884054689077
21,31,0.47905814357929116,0.6153478293720953,0.47905814357929116,0.6622101204273142,0.6151217008707002,0.47905814357929116,0.47905814357929116,0.5253606037256898,0.47905814357929116,0.4619338254718308
21,32,0.5820216863266974,0.6205678949195012,0.5820216863266974,0.680933042723198,0.5942504073829966,0.5820216863266974,0.5820216863266974,0.5373570260145906,0.5820216863266974,0.5574489435826806
21,33,0.4871375254928683,0.6676851501284194,0.4871375254928683,0.7089485430458482,0.5971611906873198,0.4871375254928683,0.4871375254928683,0.5522147605299075,0.4871375254928683,0.47881475915693966
21,34,0.5675067693688418,0.5983072077975955,0.5675067693688418,0.6708141544873416,0.45456661027615114,0.5675067693688418,0.5675067693688418,0.42458527945121366,0.5675067693688418,0.5729141029214142
21,35,0.559694175717659,0.6562273137309094,0.559694175717659,0.7163232357095843,0.6428023994413168,0.559694175717659,0.559694175717659,0.5718554025431486,0.559694175717659,0.5661027623017971
21,36,0.5752968751205124,0.6101599011704857,0.5752968751205124,0.7146564368529025,0.5616320535499362,0.5752968751205124,0.5752968751205123,0.5034198361072206,0.5752968751205124,0.5875770334978959
21,37,0.44363338293371,0.6090840201391341,0.44363338293371,0.6675718294262976,0.6233733791482821,0.44363338293371,0.4436333829337101,0.5385961888381183,0.44363338293371,0.40088193942231964
21,38,0.546291015907587,0.5300397236058872,0.546291015907587,0.6362098340632654,0.5457817811918573,0.546291015907587,0.546291015907587,0.47431346146539205,0.546291015907587,0.5512304112097379
21,39,0.5394653808544156,0.6404782552094247,0.5394653808544156,0.7215289812270811,0.5934820333398843,0.5394653808544156,0.5394653808544156,0.5387250535669299,0.5394653808544156,0.5456299271272467
21,40,0.5414060308271932,0.5646930759035396,0.5414060308271932,0.6844658529725447,0.6263734117980129,0.5414060308271932,0.5414060308271932,0.5172216716844122,0.5414060308271932,0.5518176272771144
21,41,0.5764077030162499,0.6014256315848809,0.5764077030162499,0.6697410202078455,0.5350445391723594,0.5764077030162499,0.57640770301625,0.4936755026420895,0.5764077030162499,0.5837868499647899
21,42,0.5624241323782728,0.6007897230557594,0.5624241323782728,0.6856461362694162,0.6306536016977385,0.5624241323782728,0.5624241323782728,0.5658461878462065,0.5624241323782728,0.5776827174817498
21,43,0.48055758468064813,0.663522807870319,0.48055758468064813,0.6813166378390583,0.6407938746062367,0.48055758468064813,0.48055758468064813,0.584266180525022,0.48055758468064813,0.46352684435188596
21,44,0.5580889857334721,0.5692161353481688,0.5580889857334721,0.6606612897547418,0.5251653981483622,0.5580889857334721,0.5580889857334721,0.464011567591022,0.5580889857334721,0.5286482396276524
21,45,0.5440193663560394,0.5819351056796455,0.5440193663560394,0.6800842152006294,0.5396684007089789,0.5440193663560394,0.5440193663560394,0.45718583107576644,0.5440193663560394,0.5222596025570951
21,46,0.5258832471002922,0.5843186997637564,0.5258832471002922,0.6910842923949505,0.6263938393180297,0.5258832471002922,0.5258832471002922,0.5309991175904316,0.5258832471002922,0.5015217788746358
21,47,0.5842095173436995,0.6209716215571793,0.5842095173436995,0.6922636162527906,0.5702273030059142,0.5842095173436995,0.5842095173436996,0.5153498620940904,0.5842095173436995,0.5868212243340061
21,48,0.5501577265960206,0.6004375054048363,0.5501577265960206,0.6978237100872818,0.6102465334464381,0.5501577265960206,0.5501577265960205,0.516909803549161,0.5501577265960206,0.5140136380934797
21,49,0.4188878655758858,0.6231206488325078,0.4188878655758858,0.6905832006257664,0.5560924204398591,0.4188878655758858,0.41888786557588586,0.4788209796650808,0.4188878655758858,0.3790308635538137
22,0,0.5829252910161864,0.4931510273291126,0.5829252910161864,0.6585431238635431,0.5761124362424758,0.5829252910161864,0.5829252910161864,0.4750017437037517,0.5829252910161864,0.5813116309829671
22,1,0.5221350160477182,0.6206575094300576,0.5221350160477182,0.6986232255042868,0.5778491329585651,0.5221350160477182,0.5221350160477182,0.4783984828771869,0.5221350160477182,0.5067704555191364
22,2,0.647745267481949,0.6668532757432981,0.647745267481949,0.7178697066204819,0.6285492852871133,0.647745267481949,0.647745267481949,0.5915240763335212,0.647745267481949,0.6521776169876707
22,3,0.5349519107419957,0.5777203102283779,0.5349519107419957,0.6447871101437326,0.43819834100294247,0.5349519107419957,0.5349519107419957,0.42935053938531753,0.5349519107419957,0.5472240832464961
22,4,0.5631585202701931,0.5330759160569509,0.5631585202701931,0.6675936290904108,0.5563064282573565,0.5631585202701931,0.563158520270193,0.4550109684525294,0.5631585202701931,0.5361899266685178
22,5,0.47990432049234005,0.6529632661304909,0.47990432049234005,0.7076536450961647,0.6181906502842356,0.47990432049234005,0.47990432049234005,0.5705324683467378,0.47990432049234005,0.49224778284871584
22,6,0.4507166995792254,0.6332347055899192,0.4507166995792254,0.6790781626647872,0.5663674309363813,0.4507166995792254,0.45071669957922533,0.5074439069277448,0.4507166995792254,0.41165915197624936
22,7,0.4820523795217753,0.6532021719796621,0.4820523795217753,0.6873112932461981,0.5347476868951457,0.4820523795217753,0.4820523795217753,0.4627991393038474,0.4820523795217753,0.46959911912284874
22,8,0.5278654346395241,0.5684056898517522,0.5278654346395241,0.6587552996407405,0.5286976988903147,0.5278654346395241,0.5278654346395242,0.4407332662562313,0.5278654346395241,0.48916259741909385
22,9,0.532965541568557,0.6044812711241921,0.532965541568557,0.6741557919128099,0.6128115853267754,0.532965541568557,0.532965541568557,0.5338414063101486,0.532965541568557,0.5115104901177646
22,10,0.46198016362827576,0.5655512055149172,0.46198016362827576,0.6331555057474059,0.6352990573126749,0.46198016362827576,0.4619801636282758,0.5378354788921116,0.46198016362827576,0.4138472991350993
22,11,0.5621939566464892,0.5312947212384064,0.5621939566464892,0.6385407562049994,0.6094225811769133,0.5621939566464892,0.5621939566464892,0.5170412425406545,0.5621939566464892,0.5305483147949948
22,12,0.5501719441523237,0.6631017965655446,0.5501719441523237,0.716751272022765,0.6395459174780008,0.5501719441523237,0.5501719441523237,0.5682254053485192,0.5501719441523237,0.5352612597340414
22,13,0.5463948133611205,0.6718035015990247,0.5463948133611205,0.7092092457261672,0.536250909218988,0.5463948133611205,0.5463948133611205,0.4953405477437681,0.5463948133611205,0.5207265525214526
22,14,0.5522295869576873,0.5806874250040581,0.5522295869576873,0.6828284902014223,0.6421503626392151,0.5522295869576873,0.5522295869576873,0.5564614505560768,0.5522295869576873,0.5475960306639692
22,15,0.4948755002047607,0.6664202974321964,0.4948755002047607,0.6918585979996507,0.4671857741027588,0.4948755002047607,0.4948755002047607,0.4076787439703644,0.4948755002047607,0.4746035567050344
22,16,0.553640842039883,0.5741862140679992,0.553640842039883,0.670930539341419,0.6071283697640031,0.553640842039883,0.5536408420398828,0.5323205528024112,0.553640842039883,0.5573289459569059
22,17,0.535217119275912,0.5722033355811762,0.535217119275912,0.6646527937652885,0.5685618649752441,0.535217119275912,0.535217119275912,0.480790827351705,0.535217119275912,0.539303051883343
22,18,0.5530208450748201,0.5738651375708441,0.5530208450748201,0.6893321701023845,0.5917953489568331,0.5530208450748201,0.5530208450748202,0.4983369525188263,0.5530208450748201,0.5584837584230413
22,19,0.5646674397424187,0.6461191835384912,0.5646674397424187,0.7048239602963629,0.5771763977821833,0.5646674397424187,0.5646674397424187,0.5224175190668296,0.5646674397424187,0.5302842793146829
22,20,0.5701116487040697,0.6097807263926999,0.5701116487040697,0.674879868001129,0.5228303579334386,0.5701116487040697,0.5701116487040698,0.4491652747478324,0.5701116487040697,0.5381218202992045
22,21,0.5355680048484655,0.5195979598100757,0.5355680048484655,0.6603786530791914,0.5911534541344751,0.5355680048484655,0.5355680048484655,0.45521574913950774,0.5355680048484655,0.5006255024404032
22,22,0.43998950688589705,0.6201825094058272,0.43998950688589705,0.6840095082529665,0.5827427073374888,0.43998950688589705,0.4399895068858971,0.5113454238417878,0.43998950688589705,0.41071407630633183
22,23,0.4268029557277377,0.5550155709268397,0.4268029557277377,0.6078433824642184,0.6045138846041537,0.4268029557277377,0.42680295572773774,0.4886277616034182,0.4268029557277377,0.3465531234933286
22,24,0.542816077881729,0.6717543847165002,0.542816077881729,0.7106923253626289,0.6228904619048408,0.542816077881729,0.542816077881729,0.5861585072975427,0.542816077881729,0.5646894059519394
22,25,0.4378630994291326,0.597705709807056,0.4378630994291326,0.6353266526799912,0.6166707510493419,0.4378630994291326,0.43786309942913254,0.5092954177427537,0.4378630994291326,0.3809810583177641
22,26,0.627789022243785,0.6245289320731455,0.627789022243785,0.6975057092043381,0.6026734257533528,0.627789022243785,0.627789022243785,0.5096331077794474,0.627789022243785,0.599071458391478
22,27,0.5423134454500707,0.6094552549193673,0.5423134454500707,0.6841141251291827,0.614958190122853,0.5423134454500707,0.5423134454500707,0.5410103268534155,0.5423134454500707,0.5246258866925035
22,28,0.4638274237704346,0.5618815490942819,0.4638274237704346,0.6646987406186643,0.5610471154929222,0.4638274237704346,0.4638274237704346,0.47291039314928307,0.4638274237704346,0.4588908008251148
22,29,0.5134938083471552,0.6081248615569438,0.5134938083471552,0.7024261850140824,0.5588007033715183,0.5134938083471552,0.5134938083471552,0.4953154369168251,0.5134938083471552,0.4945186856505668
22,30,0.5668524830032832,0.5323761590853605,0.5668524830032832,0.6723195672727891,0.5904443474728315,0.5668524830032832,0.5668524830032832,0.496930299800429,0.5668524830032832,0.5571131892003922
22,31,0.45978034525988065,0.606717536901051,0.45978034525988065,0.666367141733843,0.6108409011372706,0.45978034525988065,0.45978034525988065,0.5141050590872871,0.45978034525988065,0.43636341688124536
22,32,0.5769544749200913,0.6328871995650488,0.5769544749200913,0.69907857133142,0.5878604792896956,0.5769544749200913,0.5769544749200913,0.5327256166261891,0.5769544749200913,0.5528796719057361
22,33,0.47959172010407997,0.6505846042983732,0.47959172010407997,0.7004702377375065,0.5762887932208186,0.47959172010407997,0.4795917201040799,0.5224738540637012,0.47959172010407997,0.465459129673219
22,34,0.5737384265142371,0.6046626725681459,0.5737384265142371,0.6762516564884078,0.45229040418583194,0.5737384265142371,0.5737384265142371,0.42613093654571044,0.5737384265142371,0.5779468931225201
22,35,0.5438013638260578,0.6395687320303047,0.5438013638260578,0.7070841945685565,0.6142017613280473,0.5438013638260578,0.5438013638260577,0.5390894913637829,0.5438013638260578,0.5507148876745767
22,36,0.5862231136020848,0.6131834185876909,0.5862231136020848,0.7220811956656987,0.578826019280501,0.5862231136020848,0.5862231136020848,0.5206084530078687,0.5862231136020848,0.601447342482309
22,37,0.4491485867516722,0.6144369976397417,0.4491485867516722,0.674283423157032,0.6311178133994255,0.4491485867516722,0.44914858675167224,0.5471638114277991,0.4491485867516722,0.409878042406611
22,38,0.5479988882428523,0.5438690795268057,0.5479988882428523,0.6412963820884902,0.5419486517394425,0.5479988882428523,0.5479988882428521,0.4731293157238461,0.5479988882428523,0.5545107986532811
22,39,0.5322280871448851,0.6291842631777835,0.5322280871448851,0.7064415848309032,0.5822581819030093,0.5322280871448851,0.5322280871448852,0.5244137633109995,0.5322280871448851,0.5370411950036577
22,40,0.5310931916211573,0.5484400057017396,0.5310931916211573,0.678964136921769,0.6175297041283669,0.5310931916211573,0.5310931916211573,0.5002625797347078,0.5310931916211573,0.5402905158785106
22,41,0.550048911181439,0.5898850450646111,0.550048911181439,0.6596321505037388,0.5101678281447575,0.550048911181439,0.5500489111814391,0.4649258775304611,0.550048911181439,0.5539400112191856
22,42,0.5072995071340074,0.5842375642093208,0.5072995071340074,0.6586245370536299,0.5696124896380512,0.5072995071340074,0.5072995071340074,0.5039248862245795,0.5072995071340074,0.5139478285840521
22,43,0.47615172195515004,0.6281820539282874,0.47615172195515004,0.664283580190124,0.648604520415902,0.47615172195515004,0.47615172195515,0.5708525665727306,0.47615172195515004,0.44742367967051005
22,44,0.5560461180356392,0.5567535327616723,0.5560461180356392,0.662303229394668,0.5402075623035166,0.5560461180356392,0.5560461180356393,0.4692351691700253,0.5560461180356392,0.525597246455732
22,45,0.5594127981981432,0.592271528402011,0.5594127981981432,0.6860584042246892,0.5479124221961003,0.5594127981981432,0.5594127981981432,0.48090845858309217,0.5594127981981432,0.5461376353033666
22,46,0.539637013707304,0.6096991404151937,0.539637013707304,0.7106476420404464,0.6676190583284168,0.539637013707304,0.5396370137073041,0.5723186563290477,0.539637013707304,0.5123291231782208
22,47,0.5626617421264242,0.6071271269914174,0.5626617421264242,0.6849229700338467,0.5476915491357088,0.5626617421264242,0.5626617421264242,0.48608522574521446,0.5626617421264242,0.5698994470664267
22,48,0.5326020181681784,0.588412008618482,0.5326020181681784,0.691179692347961,0.6022048727667819,0.5326020181681784,0.5326020181681784,0.4949986912197599,0.5326020181681784,0.4898934595917326
22,49,0.42155714207789863,0.6280760651825261,0.42155714207789863,0.6873926276915119,0.5654079051909395,0.42155714207789863,0.42155714207789863,0.4945033718361353,0.42155714207789863,0.38312486269906987
23,0,0.5573944627543235,0.4885155702188395,0.5573944627543235,0.6583824810242359,0.5558016374683616,0.5573944627543235,0.5573944627543235,0.446443225847567,0.5573944627543235,0.5534971792553167
23,1,0.558496555680829,0.6283294133665145,0.558496555680829,0.7105406348161774,0.6286792192598122,0.558496555680829,0.558496555680829,0.5377460174732885,0.558496555680829,0.5441882430932742
23,2,0.6475071931077747,0.6680955919021864,0.6475071931077747,0.717439376811522,0.6253050930994883,0.6475071931077747,0.6475071931077747,0.5971370164758584,0.6475071931077747,0.6537209424293898
23,3,0.5123472971728529,0.563951941842637,0.5123472971728529,0.629137222986674,0.4162490374818091,0.5123472971728529,0.5123472971728529,0.4127107194457841,0.5123472971728529,0.5279981772899337
23,4,0.5522238255950024,0.5300957357222993,0.5522238255950024,0.655668918083368,0.53939590353534,0.5522238255950024,0.5522238255950024,0.4400727534370674,0.5522238255950024,0.5222463711153771
23,5,0.4716801611100027,0.6524087506471198,0.4716801611100027,0.715789776902634,0.6211160763490919,0.4716801611100027,0.4716801611100027,0.570882006951164,0.4716801611100027,0.4802590340486784
23,6,0.46084731245904903,0.632167969652094,0.46084731245904903,0.6740211751538446,0.5736233822708033,0.46084731245904903,0.46084731245904903,0.5072796871388127,0.46084731245904903,0.41727355324524007
23,7,0.46917248153878194,0.6558224704542485,0.46917248153878194,0.6873489057065032,0.5375693544045772,0.46917248153878194,0.4691724815387819,0.4642951681362022,0.46917248153878194,0.45471813765843583
23,8,0.5315751946573954,0.5776885251051534,0.5315751946573954,0.6641296808438384,0.5327716531291427,0.5315751946573954,0.5315751946573954,0.4511366746947113,0.5315751946573954,0.49360413290826777
23,9,0.5207778434345973,0.5759986936035202,0.5207778434345973,0.6566261848562045,0.5912422275986235,0.5207778434345973,0.5207778434345973,0.5062184150672474,0.5207778434345973,0.49023005447437074
23,10,0.45985505712437563,0.5745075868364591,0.45985505712437563,0.6369798056130886,0.6266969698052419,0.45985505712437563,0.4598550571243757,0.5349283127943252,0.45985505712437563,0.41291592046458475
23,11,0.5601385440460359,0.5427532716532791,0.5601385440460359,0.6472168824547959,0.6046005200635265,0.5601385440460359,0.5601385440460359,0.5174088466206777,0.5601385440460359,0.5345104119426116
23,12,0.5177224627074892,0.6552432026995489,0.5177224627074892,0.7102656694397187,0.6145343328619461,0.5177224627074892,0.5177224627074892,0.5379368810282047,0.5177224627074892,0.5006060615116368
23,13,0.5437052791645057,0.6750724906903474,0.5437052791645057,0.7136004014246338,0.5301955000025789,0.5437052791645057,0.5437052791645057,0.4895881900015793,0.5437052791645057,0.5184822689466088
23,14,0.5586811980623608,0.5596091134408812,0.5586811980623608,0.6674658202661998,0.6517598201991464,0.5586811980623608,0.5586811980623608,0.5503482090860123,0.5586811980623608,0.5483886261314332
23,15,0.4962359252000424,0.6794712932626551,0.4962359252000424,0.7043208322393328,0.4906993831122395,0.4962359252000424,0.49623592520004245,0.43459726687503064,0.4962359252000424,0.48248576842946134
23,16,0.5135270755704004,0.5450958650493651,0.5135270755704004,0.6516417254888753,0.5626870887560317,0.5135270755704004,0.5135270755704004,0.4798037561639084,0.5135270755704004,0.5167812497379225
23,17,0.5153010177261332,0.567756601154661,0.5153010177261332,0.6577153818092618,0.5529475738955262,0.5153010177261332,0.5153010177261332,0.4707933812368884,0.5153010177261332,0.5217491139004863
23,18,0.5373141623680241,0.5623084763146058,0.5373141623680241,0.6835915329798761,0.5860584223889951,0.5373141623680241,0.5373141623680242,0.4852444581337384,0.5373141623680241,0.5421416995541829
23,19,0.5631616797271493,0.6521880655415545,0.5631616797271493,0.7081279519777541,0.5669380009556303,0.5631616797271493,0.5631616797271493,0.5065238101774325,0.5631616797271493,0.527948872926555
23,20,0.5553669277152489,0.6155029928002291,0.5553669277152489,0.6756716615635396,0.5138062289287204,0.5553669277152489,0.555366927715249,0.44198552057691814,0.5553669277152489,0.523512015174305
23,21,0.5401484740333989,0.5146977389371437,0.5401484740333989,0.6596689092738917,0.5794835698894104,0.5401484740333989,0.540148474033399,0.44081474148988925,0.5401484740333989,0.5036231810993314
23,22,0.4423669053202746,0.6392247590769036,0.4423669053202746,0.7000720292191112,0.5941437293616356,0.4423669053202746,0.44236690532027456,0.5291653025997867,0.4423669053202746,0.4134076785434355
23,23,0.42202232565210496,0.5624934766177956,0.42202232565210496,0.6125442701278361,0.59520827755633,0.42202232565210496,0.42202232565210496,0.4832945286936288,0.42202232565210496,0.340419597399753
23,24,0.5196882954107123,0.6621657568499989,0.5196882954107123,0.7002863637191858,0.6035853174539925,0.5196882954107123,0.5196882954107123,0.5712958918926532,0.5196882954107123,0.5431982137145126
23,25,0.4353028241921106,0.5755826361220813,0.4353028241921106,0.6291980585096497,0.6051504364067821,0.4353028241921106,0.4353028241921106,0.47951008518862154,0.4353028241921106,0.3733187491573544
23,26,0.6333131468813883,0.6096045148176595,0.6333131468813883,0.6927587843590564,0.6035607791071816,0.6333131468813883,0.6333131468813883,0.5115084927877189,0.6333131468813883,0.6104514972452165
23,27,0.529903934852741,0.5854797114636316,0.529903934852741,0.6693089002212108,0.6063557908568391,0.529903934852741,0.529903934852741,0.5243413237005319,0.529903934852741,0.5115104968055445
23,28,0.4637245555689471,0.5723293980764403,0.4637245555689471,0.6705044365691293,0.5786762543291277,0.4637245555689471,0.4637245555689471,0.4941566383601765,0.4637245555689471,0.4593841768066399
23,29,0.5668025821684152,0.6570229249937349,0.5668025821684152,0.7311763430747213,0.6454502302785996,0.5668025821684152,0.5668025821684153,0.5918095899194209,0.5668025821684152,0.5489573469567703
23,30,0.5459350194487806,0.5219009518482836,0.5459350194487806,0.6610486258090028,0.5799642359984623,0.5459350194487806,0.5459350194487806,0.48207484476260687,0.5459350194487806,0.5382357937703826
23,31,0.4786856993592714,0.6076743791655277,0.4786856993592714,0.6763512006028691,0.6214462134046532,0.4786856993592714,0.4786856993592714,0.5247131036745245,0.4786856993592714,0.4620117475502351
23,32,0.5718839182061198,0.6163849002113115,0.5718839182061198,0.6869991661669058,0.5860478153727797,0.5718839182061198,0.5718839182061198,0.5237300359885484,0.5718839182061198,0.5484798026568183
23,33,0.4606643427312,0.652013853418739,0.4606643427312,0.6963467907389733,0.566905850665125,0.4606643427312,0.4606643427312,0.5180927071083711,0.4606643427312,0.4441732209354554
23,34,0.5662079537842071,0.6105699641543116,0.5662079537842071,0.6769860365580849,0.4467051906428382,0.5662079537842071,0.5662079537842071,0.413485325003999,0.5662079537842071,0.5694527145888076
23,35,0.5477507779465816,0.6418756727225818,0.5477507779465816,0.7144578140989577,0.6269943854413407,0.5477507779465816,0.5477507779465816,0.5489393183402748,0.5477507779465816,0.5536935200361631
23,36,0.553854384160044,0.6204175749036657,0.553854384160044,0.7202872012825599,0.5608449463172547,0.553854384160044,0.553854384160044,0.5029068819022342,0.553854384160044,0.5740696051676666
23,37,0.4611564746147391,0.6140117989616587,0.4611564746147391,0.6753400254933313,0.6341096123443439,0.4611564746147391,0.4611564746147391,0.5559844372728215,0.4611564746147391,0.4293169824919514
23,38,0.5310562073897283,0.5244281682094205,0.5310562073897283,0.6342325198153775,0.539009499217036,0.5310562073897283,0.5310562073897283,0.4614342234800497,0.5310562073897283,0.5374641007970404
23,39,0.5353722114423822,0.6351586939604623,0.5353722114423822,0.7110140190694727,0.5819997317679754,0.5353722114423822,0.5353722114423822,0.5269831534493693,0.5353722114423822,0.5409043097070285
23,40,0.5262819891532126,0.5522047326898409,0.5262819891532126,0.6800559620963975,0.6173864807461962,0.5262819891532126,0.5262819891532127,0.4992655168152766,0.5262819891532126,0.5352056757407354
23,41,0.555434019712967,0.5838682187361532,0.555434019712967,0.6591950388598384,0.5406547846635215,0.555434019712967,0.5554340197129671,0.47703379767736853,0.555434019712967,0.5630969351681496
23,42,0.5327593405395591,0.5995061551638184,0.5327593405395591,0.6747642514833487,0.6063501928076229,0.5327593405395591,0.5327593405395591,0.5503557901119314,0.5327593405395591,0.5482870444071982
23,43,0.49715476962308514,0.6452144561845234,0.49715476962308514,0.678255657015273,0.6552478083357258,0.49715476962308514,0.49715476962308514,0.5875548609872966,0.49715476962308514,0.4795810983476755
23,44,0.5445661382598808,0.5571745294915138,0.5445661382598808,0.6567203027611881,0.5253761739312628,0.5445661382598808,0.5445661382598808,0.4570742091813812,0.5445661382598808,0.5136673841996775
23,45,0.5475977301346123,0.5862705389296352,0.5475977301346123,0.6816448309682106,0.5476419207843691,0.5475977301346123,0.5475977301346124,0.474941950952059,0.5475977301346123,0.5265592874711849
23,46,0.5232234489691482,0.5911219249018589,0.5232234489691482,0.6967685857117145,0.643913722289001,0.5232234489691482,0.5232234489691483,0.54429246829353,0.5232234489691482,0.4952031142995553
23,47,0.5508575463118311,0.6035873172088446,0.5508575463118311,0.6783250376343493,0.5370285289118422,0.5508575463118311,0.5508575463118311,0.47331715763658827,0.5508575463118311,0.5580540945682344
23,48,0.5339999849461169,0.5724083347956366,0.5339999849461169,0.6856053439671568,0.5958655063808206,0.5339999849461169,0.5339999849461169,0.4755177696025899,0.5339999849461169,0.4852905681433164
23,49,0.4193971886222751,0.6286212133525608,0.4193971886222751,0.6857859464175007,0.5659956188351849,0.4193971886222751,0.41939718862227515,0.49494212326691633,0.4193971886222751,0.3796208361569957
24,0,0.5666177539364743,0.5027721623233297,0.5666177539364743,0.6651222222418021,0.5619502530325414,0.5666177539364743,0.5666177539364743,0.46445616490717545,0.5666177539364743,0.5674962050858422
24,1,0.5518459917131161,0.6252253108561896,0.5518459917131161,0.7019088120754677,0.6021400425731238,0.5518459917131161,0.5518459917131161,0.510646699651297,0.5518459917131161,0.538610268600739
24,2,0.6398048087492425,0.66617668432893,0.6398048087492425,0.7146335765101399,0.6174997054941682,0.6398048087492425,0.6398048087492425,0.588918215667799,0.6398048087492425,0.6461590210072058
24,3,0.6642081755037452,0.7044461706168865,0.6642081755037452,0.72275495015618,0.6648559549247011,0.6642081755037452,0.6642081755037452,0.6451059622464892,0.6642081755037452,0.6651636007555652
24,4,0.5564390058006701,0.5199254083440252,0.5564390058006701,0.6551173870889351,0.5544444355882208,0.5564390058006701,0.5564390058006701,0.4495869855491176,0.5564390058006701,0.524533369256868
24,5,0.48160410833480544,0.642791085246273,0.48160410833480544,0.7101452407899986,0.6343880226732739,0.48160410833480544,0.4816041083348055,0.5765902067364275,0.48160410833480544,0.488357222716275
24,6,0.44179959694621757,0.61004032413679,0.44179959694621757,0.6578714273830607,0.5542351144557232,0.44179959694621757,0.4417995969462175,0.47832326450018586,0.44179959694621757,0.39326231898586816
24,7,0.4935891365975418,0.6657058955317097,0.4935891365975418,0.6931992608815458,0.5579762533709272,0.4935891365975418,0.4935891365975418,0.49097823273751234,0.4935891365975418,0.4821957323568733
24,8,0.5255058778444289,0.5732797872905055,0.5255058778444289,0.665728370120461,0.5084746034157532,0.5255058778444289,0.5255058778444288,0.41766848841923604,0.5255058778444289,0.484501763242071
24,9,0.5300256668707614,0.5956629453178048,0.5300256668707614,0.6692022735499147,0.6126653201622188,0.5300256668707614,0.5300256668707615,0.5296584869113188,0.5300256668707614,0.5010417656358991
24,10,0.46952308833572165,0.5752236611964401,0.46952308833572165,0.6404410883113678,0.6414932946065789,0.46952308833572165,0.46952308833572165,0.5456755709015271,0.46952308833572165,0.4204358568709349
24,11,0.5612083919265467,0.5362838025757644,0.5612083919265467,0.6442553775555713,0.6080625304874989,0.5612083919265467,0.5612083919265467,0.5180801617834154,0.5612083919265467,0.5412406724466174
24,12,0.5257115213221993,0.6542321665948747,0.5257115213221993,0.7104831538806609,0.6308249407612276,0.5257115213221993,0.5257115213221992,0.5538319429074448,0.5257115213221993,0.5095552164908963
24,13,0.5331399621775832,0.6684868641462449,0.5331399621775832,0.7133950936658626,0.5076758459836894,0.5331399621775832,0.5331399621775832,0.4711951954524386,0.5331399621775832,0.5093380433887731
24,14,0.5454771769657375,0.5499053764135874,0.5454771769657375,0.664069095359271,0.6293401367877245,0.5454771769657375,0.5454771769657375,0.533189223835759,0.5454771769657375,0.5403486142250113
24,15,0.4852651755454686,0.6717811964807442,0.4852651755454686,0.7002426529249642,0.497194106643269,0.4852651755454686,0.48526517554546866,0.43559246135086305,0.4852651755454686,0.47186528893746016
24,16,0.5967653851382676,0.6155225322894969,0.5967653851382676,0.6892593711021624,0.6394624444869276,0.5967653851382676,0.5967653851382676,0.583190408406994,0.5967653851382676,0.6028508478580481
24,17,0.5575459308378146,0.6030682208150564,0.5575459308378146,0.6831236431665783,0.5898408231579656,0.5575459308378146,0.5575459308378146,0.5047794115865833,0.5575459308378146,0.5600809180351962
24,18,0.5312480979372184,0.5640168166503267,0.5312480979372184,0.6861828420091871,0.5850297081587281,0.5312480979372184,0.5312480979372185,0.4871554900502293,0.5312480979372184,0.5403312873137684
24,19,0.5608720026859101,0.64476171062366,0.5608720026859101,0.7003499041646871,0.5792824636171215,0.5608720026859101,0.5608720026859101,0.5197557711310572,0.5608720026859101,0.5269935287229517
24,20,0.5598751940162116,0.6169896114552118,0.5598751940162116,0.6776084596184209,0.5206050275714529,0.5598751940162116,0.5598751940162116,0.4452638664812199,0.5598751940162116,0.529579501708624
24,21,0.5438808148759872,0.5060959751266723,0.5438808148759872,0.6572624901685864,0.5875853618751669,0.5438808148759872,0.543880814875987,0.4477037532478699,0.5438808148759872,0.5076739661692047
24,22,0.44557951549355873,0.6232847149267597,0.44557951549355873,0.694899564396415,0.6117422791038192,0.44557951549355873,0.4455795154935588,0.5342381648422587,0.44557951549355873,0.41158510044974
24,23,0.42374116316151245,0.5632493597898256,0.42374116316151245,0.6177102581667504,0.6057829295653883,0.42374116316151245,0.42374116316151245,0.49356204996385683,0.42374116316151245,0.3448701027815215
24,24,0.5474704226043162,0.689987075184544,0.5474704226043162,0.7242052552934263,0.6496395498258467,0.5474704226043162,0.5474704226043161,0.6119208172619972,0.5474704226043162,0.5725184333539882
24,25,0.4432502523151618,0.588011197154297,0.4432502523151618,0.6320412287290924,0.6060136713188411,0.4432502523151618,0.4432502523151618,0.49181359431154353,0.4432502523151618,0.3897818849580579
24,26,0.591371913338326,0.5983051827501624,0.591371913338326,0.6760615132462464,0.5710942891221509,0.591371913338326,0.591371913338326,0.48346691901246913,0.591371913338326,0.5664415848203741
24,27,0.5156070204248671,0.5915835777826777,0.5156070204248671,0.6704559635669791,0.6031653917324484,0.5156070204248671,0.5156070204248671,0.5203172669104617,0.5156070204248671,0.4984573866956114
24,28,0.4597270061924427,0.5753089972509525,0.4597270061924427,0.6749552859064083,0.5769535356654587,0.4597270061924427,0.45972700619244267,0.4916181212339764,0.4597270061924427,0.45391989891801887
24,29,0.5546151628100693,0.6404046709242535,0.5546151628100693,0.7224837912346953,0.6299628691875394,0.5546151628100693,0.5546151628100693,0.5693866134073464,0.5546151628100693,0.5340430569042252
24,30,0.5372734611284112,0.5218236662768707,0.5372734611284112,0.6696095215434352,0.5826462668485057,0.5372734611284112,0.5372734611284113,0.48015535593788133,0.5372734611284112,0.5349353862623096
24,31,0.4878040779854336,0.6229572082498767,0.4878040779854336,0.6834887024457745,0.6265384776706966,0.4878040779854336,0.48780407798543357,0.53532536835297,0.4878040779854336,0.4734977285824169
24,32,0.5660373431085692,0.6188541701449637,0.5660373431085692,0.6746391887015255,0.561692782756037,0.5660373431085692,0.5660373431085692,0.5103759388069252,0.5660373431085692,0.5367679416590903
24,33,0.48604277365752585,0.6610258887161256,0.48604277365752585,0.6987464031808321,0.596291017040652,0.48604277365752585,0.48604277365752585,0.5463521665433826,0.48604277365752585,0.4720051467192706
24,34,0.5624489434079,0.6006295601468254,0.5624489434079,0.6755215643714989,0.43810173213385906,0.5624489434079,0.5624489434079,0.40523946526063576,0.5624489434079,0.5657063101654879
24,35,0.5549914169634775,0.6386761678900361,0.5549914169634775,0.709616749466153,0.6174679205932662,0.5549914169634775,0.5549914169634775,0.5427517060347324,0.5549914169634775,0.5603092181513194
24,36,0.5797208582609067,0.6190976240866746,0.5797208582609067,0.7228591701580311,0.5584357708098532,0.5797208582609067,0.5797208582609067,0.502793199043157,0.5797208582609067,0.5940561847928624
24,37,0.46406001555753773,0.6090767178755379,0.46406001555753773,0.6765404290190322,0.642087278646809,0.46406001555753773,0.46406001555753773,0.5545505534364186,0.46406001555753773,0.42984129999358023
24,38,0.5380781934002103,0.5316239645586585,0.5380781934002103,0.6309441862768529,0.5434074390149473,0.5380781934002103,0.5380781934002103,0.4693971838441867,0.5380781934002103,0.5428345405554489
24,39,0.537845880388721,0.634760189698179,0.537845880388721,0.7138602757385596,0.5816706725221747,0.537845880388721,0.5378458803887209,0.5298287081270896,0.537845880388721,0.5431342749039633
24,40,0.5164550558420078,0.5443258659359488,0.5164550558420078,0.672796404230287,0.6164215690365782,0.5164550558420078,0.5164550558420078,0.4942957003631614,0.5164550558420078,0.5240758055097174
24,41,0.5474237741516091,0.5730779258911902,0.5474237741516091,0.6490764565880096,0.5271541857312644,0.5474237741516091,0.5474237741516091,0.4657158476558981,0.5474237741516091,0.5511437382200588
24,42,0.5156979012749617,0.5917473769234638,0.5156979012749617,0.6605222329745873,0.5807910373222849,0.5156979012749617,0.5156979012749617,0.5192826049660686,0.5156979012749617,0.524844589231542
24,43,0.4860095993594851,0.6328844569364531,0.4860095993594851,0.6762785835903478,0.6449673360891983,0.4860095993594851,0.4860095993594851,0.5720769640565757,0.4860095993594851,0.46399951087797364
24,44,0.5550187369736287,0.5590466946415777,0.5550187369736287,0.6572505086167792,0.5342573572214524,0.5550187369736287,0.5550187369736287,0.4730873571442797,0.5550187369736287,0.5273490066706228
24,45,0.5400896523788898,0.5908033640205589,0.5400896523788898,0.6835964411386953,0.530129265349871,0.5400896523788898,0.5400896523788898,0.4685073292231804,0.5400896523788898,0.5209669335229226
24,46,0.5193743011443832,0.5782922661507591,0.5193743011443832,0.6837777542128769,0.6355358806432183,0.5193743011443832,0.5193743011443832,0.534053154217647,0.5193743011443832,0.4912230899981294
24,47,0.540171240708525,0.5990327069916545,0.540171240708525,0.6726179139504638,0.5236542569769709,0.540171240708525,0.540171240708525,0.4659141544163489,0.540171240708525,0.550918433915763
24,48,0.5350683460233542,0.5746803101474092,0.5350683460233542,0.6860954180388072,0.5945996057338963,0.5350683460233542,0.5350683460233541,0.4795948715314724,0.5350683460233542,0.48180126146576674
24,49,0.41909062837231376,0.6267071834737207,0.41909062837231376,0.6886647762175063,0.5585669669887114,0.41909062837231376,0.4190906283723137,0.48428448497070176,0.41909062837231376,0.3794211958251581
25,0,0.5727501669633613,0.4975436408297482,0.5727501669633613,0.6629899931042682,0.5672301886998214,0.5727501669633613,0.5727501669633615,0.47070902522996316,0.5727501669633613,0.575610459657494
25,1,0.5081277494825692,0.6072929973441868,0.5081277494825692,0.6930300554493787,0.5761696696224973,0.5081277494825692,0.5081277494825691,0.47606801088525263,0.5081277494825692,0.4934798063012394
25,2,0.6408632268295881,0.6758416296191737,0.6408632268295881,0.7179724798394833,0.6126538937824452,0.6408632268295881,0.6408632268295881,0.5921191453394865,0.6408632268295881,0.6465818077943422
25,3,0.6558082016343127,0.695058408114591,0.6558082016343127,0.7145807599916169,0.6568213615733621,0.6558082016343127,0.6558082016343127,0.6369769881681261,0.6558082016343127,0.6574496707565082
25,4,0.556448670021948,0.5165287723102387,0.556448670021948,0.6514600618074564,0.5652105374856458,0.556448670021948,0.556448670021948,0.46084655646137157,0.556448670021948,0.5306367869126336
25,5,0.4756973177046768,0.6345243249748576,0.4756973177046768,0.7072488462894131,0.6318147977273594,0.4756973177046768,0.4756973177046768,0.5650790674279458,0.4756973177046768,0.48048449755329714
25,6,0.45086658793423834,0.62145676924878,0.45086658793423834,0.6663303164926234,0.5624315349913166,0.45086658793423834,0.4508665879342383,0.4811480656430867,0.45086658793423834,0.4003546716288187
25,7,0.5089657489776137,0.6686782936931555,0.5089657489776137,0.7064951815598527,0.5739073771632912,0.5089657489776137,0.5089657489776136,0.5046522239990536,0.5089657489776137,0.5029687576795556
25,8,0.5839281398241837,0.6442188224318421,0.5839281398241837,0.714180155423303,0.619419783117355,0.5839281398241837,0.5839281398241837,0.5526669649523739,0.5839281398241837,0.5500178864298157
25,9,0.5046388726760219,0.5856918905612907,0.5046388726760219,0.6654279525543554,0.5968298617727412,0.5046388726760219,0.504638872676022,0.510815605451883,0.5046388726760219,0.472980119298537
25,10,0.46657262016460216,0.570945573640541,0.46657262016460216,0.6427375826421142,0.6451396157046384,0.46657262016460216,0.4665726201646021,0.5429859888588896,0.46657262016460216,0.41792317602068
25,11,0.5704094739847991,0.5318008611377911,0.5704094739847991,0.6437642558694664,0.6139386549923811,0.5704094739847991,0.5704094739847991,0.5213333889562874,0.5704094739847991,0.548988967816573
25,12,0.5382165590298534,0.6723883740348073,0.5382165590298534,0.7188260186626081,0.6460438752974719,0.5382165590298534,0.5382165590298533,0.5735485750744951,0.5382165590298534,0.5237104189873986
25,13,0.5353526042242125,0.6577698860231647,0.5353526042242125,0.7101978456384932,0.5053891394942389,0.5353526042242125,0.5353526042242125,0.46420229026823373,0.5353526042242125,0.5097188049706814
25,14,0.540952091202743,0.5454831502789441,0.540952091202743,0.6670134084980011,0.6287778904926811,0.540952091202743,0.540952091202743,0.527796006878493,0.540952091202743,0.5352482634219304
25,15,0.48529788521748635,0.6669050524762283,0.48529788521748635,0.6991982998864816,0.5000765006982191,0.48529788521748635,0.48529788521748635,0.432455663065428,0.48529788521748635,0.4699810116542346
25,16,0.5705534151267179,0.6003487903394272,0.5705534151267179,0.6775963306433925,0.627007127823282,0.5705534151267179,0.5705534151267179,0.5631908858702801,0.5705534151267179,0.5708156518810452
25,17,0.5740668241872785,0.6138960529735257,0.5740668241872785,0.6928182884863839,0.6220347990472529,0.5740668241872785,0.5740668241872785,0.5364543121389029,0.5740668241872785,0.5761234741704564
25,18,0.5477797706104155,0.5684076436423281,0.5477797706104155,0.689538453476174,0.5921052238144677,0.5477797706104155,0.5477797706104155,0.493731945007405,0.5477797706104155,0.5557098625164536
25,19,0.5608053753142149,0.6267833878964096,0.5608053753142149,0.6950209672468873,0.5731438344672465,0.5608053753142149,0.560805375314215,0.5077156654888206,0.5608053753142149,0.5226299437641768
25,20,0.5585116095639736,0.6014781519064558,0.5585116095639736,0.6742814320002721,0.5196087582010924,0.5585116095639736,0.5585116095639735,0.44304454162353224,0.5585116095639736,0.530946879432812
25,21,0.5388572783155411,0.515134264568804,0.5388572783155411,0.6594361198912315,0.5906805416448524,0.5388572783155411,0.5388572783155411,0.45393840713750266,0.5388572783155411,0.5036280592918639
25,22,0.45399231304122545,0.6261990240796257,0.45399231304122545,0.6971328049571307,0.6226130784469102,0.45399231304122545,0.45399231304122545,0.5403128380103868,0.45399231304122545,0.4214767253659685
25,23,0.4312418069008673,0.5327844499429347,0.4312418069008673,0.6018410517102037,0.6088224791525356,0.4312418069008673,0.4312418069008673,0.47108859335357844,0.4312418069008673,0.350525793587096
25,24,0.5220066863401714,0.6830810899369097,0.5220066863401714,0.7168791890932762,0.6160584966463687,0.5220066863401714,0.5220066863401716,0.5835429293806333,0.5220066863401714,0.5456098485393943
25,25,0.44882046785424456,0.5888847583562382,0.44882046785424456,0.6284029060084668,0.6175667130926149,0.44882046785424456,0.44882046785424456,0.4988172815856336,0.44882046785424456,0.3911069322443784
25,26,0.612237710479073,0.5928815390977324,0.612237710479073,0.6796075815143661,0.5882794008584326,0.612237710479073,0.612237710479073,0.4855016390033833,0.612237710479073,0.5865826956984649
25,27,0.5910327363415514,0.6470516775955404,0.5910327363415514,0.7125130077924456,0.6766616752456429,0.5910327363415514,0.5910327363415514,0.6097480139113418,0.5910327363415514,0.5694384773865906
25,28,0.47420707619857483,0.5783219905267535,0.47420707619857483,0.6716168476975732,0.5920533658696243,0.47420707619857483,0.47420707619857483,0.5099382896501186,0.47420707619857483,0.47234976097454834
25,29,0.5612206580535534,0.6349186021421748,0.5612206580535534,0.7239694834598878,0.6298119064937997,0.5612206580535534,0.5612206580535534,0.5654706847682571,0.5612206580535534,0.5382791561508278
25,30,0.5283857228600557,0.5163617932987445,0.5283857228600557,0.6575332731219967,0.571706695149255,0.5283857228600557,0.5283857228600557,0.47519929428032603,0.5283857228600557,0.5271591681591802
25,31,0.4953860312788097,0.6199166572032644,0.4953860312788097,0.6866966316616225,0.6340080692283994,0.4953860312788097,0.4953860312788097,0.534852810274613,0.4953860312788097,0.4810348824531489
25,32,0.5740583679936603,0.6011620645403905,0.5740583679936603,0.6841313675229971,0.580709429114836,0.5740583679936603,0.5740583679936603,0.5070450991471159,0.5740583679936603,0.5468774688470213
25,33,0.47772856975193523,0.6555022605273252,0.47772856975193523,0.6988037401325445,0.5968326718109911,0.47772856975193523,0.47772856975193523,0.5427507807043889,0.47772856975193523,0.4636415176709995
25,34,0.569106383840753,0.5951175940966058,0.569106383840753,0.668833931689199,0.45636032385568154,0.569106383840753,0.5691063838407528,0.42389090265215584,0.569106383840753,0.5731735815330445
25,35,0.5384172774717803,0.6276736609919952,0.5384172774717803,0.7032557321061653,0.612446028102653,0.5384172774717803,0.5384172774717803,0.5287230951028865,0.5384172774717803,0.5413064576445932
25,36,0.5649173156175767,0.6133959974433504,0.5649173156175767,0.7127007186084249,0.5544273612364472,0.5649173156175767,0.5649173156175767,0.49951997898522854,0.5649173156175767,0.5794696656516816
25,37,0.4607709279408713,0.6115123007920229,0.4607709279408713,0.6825212862759867,0.6435489855948171,0.4607709279408713,0.4607709279408713,0.5530887909454447,0.4607709279408713,0.42438765109663146
25,38,0.5372624030290644,0.5326591729302421,0.5372624030290644,0.6335027757115345,0.5423987702199089,0.5372624030290644,0.5372624030290644,0.47063902923311907,0.5372624030290644,0.5438945835869351
25,39,0.5242341964195361,0.6283503233833116,0.5242341964195361,0.7040663990472099,0.5726824138890119,0.5242341964195361,0.5242341964195361,0.5242848558278894,0.5242341964195361,0.5331105018827869
25,40,0.5877828631612244,0.6200565016373583,0.5877828631612244,0.7236426322479952,0.6769327880653713,0.5877828631612244,0.5877828631612244,0.5799034782818557,0.5877828631612244,0.6049267714188006
25,41,0.5434576334942581,0.5735181557077136,0.5434576334942581,0.6517900117029394,0.520706400599507,0.5434576334942581,0.5434576334942581,0.4563943339519786,0.5434576334942581,0.5471440188958379
25,42,0.544909961516885,0.6145925525016368,0.544909961516885,0.6875543805077133,0.6297136735072129,0.544909961516885,0.544909961516885,0.57110015145101,0.544909961516885,0.5616793123774786
25,43,0.49845042575076365,0.6508044352122053,0.49845042575076365,0.6862754447900793,0.662788330977775,0.49845042575076365,0.4984504257507636,0.5969839965298949,0.49845042575076365,0.48224637231282447
25,44,0.5594930855749138,0.5617365549567348,0.5594930855749138,0.6619935147256244,0.5374628407770307,0.5594930855749138,0.5594930855749138,0.4748562139661049,0.5594930855749138,0.5280529768304106
25,45,0.5546486158837238,0.5845692262895459,0.5546486158837238,0.6847808814702058,0.5624296187338541,0.5546486158837238,0.5546486158837238,0.4898844193296801,0.5546486158837238,0.5369004938811178
25,46,0.5496860382574926,0.607772670120238,0.5496860382574926,0.7046524176648996,0.6682995829279029,0.5496860382574926,0.5496860382574925,0.5685789667902519,0.5496860382574926,0.51915034172898
25,47,0.5384492437421612,0.5948217783394645,0.5384492437421612,0.6726481494907603,0.5338780015151594,0.5384492437421612,0.5384492437421612,0.4720710979595435,0.5384492437421612,0.5469245175310331
25,48,0.5369784236038198,0.5665439746116407,0.5369784236038198,0.6798979978286177,0.5944318266015396,0.5369784236038198,0.5369784236038198,0.47376459636320856,0.5369784236038198,0.47962931047616786
25,49,0.41804364009213346,0.6230780923089041,0.41804364009213346,0.684305420235122,0.566085571873292,0.41804364009213346,0.41804364009213346,0.48856723852737405,0.41804364009213346,0.37298896098719647
26,0,0.5571936513871921,0.481063441538647,0.5571936513871921,0.6502103593395756,0.5533184424504591,0.5571936513871921,0.5571936513871921,0.4481355210637463,0.5571936513871921,0.558022804833907
26,1,0.5701917502304312,0.6447135794935867,0.5701917502304312,0.7127506356715854,0.6585381609506247,0.5701917502304312,0.5701917502304312,0.575325299255095,0.5701917502304312,0.5646582935096996
26,2,0.6372907173389046,0.6658861601200784,0.6372907173389046,0.7174344893482765,0.6029707723996116,0.6372907173389046,0.6372907173389046,0.5746979789207289,0.6372907173389046,0.6427532654601071
26,3,0.6332464265844886,0.6856568691369833,0.6332464265844886,0.7037450016093845,0.636950979806485,0.6332464265844886,0.6332464265844886,0.6176902294432827,0.6332464265844886,0.6367543288910271
26,4,0.5281899294539725,0.5271428431011966,0.5281899294539725,0.6568479148775934,0.5194310197438459,0.5281899294539725,0.5281899294539725,0.4250776486678659,0.5281899294539725,0.5080372230621969
26,5,0.4628949193423163,0.6407330696275846,0.4628949193423163,0.7134755439508319,0.6269504298528852,0.4628949193423163,0.46289491934231636,0.5631340551354983,0.4628949193423163,0.4634345258478085
26,6,0.46840361839595673,0.6391488581596932,0.46840361839595673,0.6755404360747594,0.5870507960429541,0.46840361839595673,0.46840361839595673,0.510313322109751,0.46840361839595673,0.418968133693774
26,7,0.49101482965462584,0.6508237333199798,0.49101482965462584,0.6944179048053449,0.569041599749341,0.49101482965462584,0.4910148296546258,0.4928107147087153,0.49101482965462584,0.4807525712805193
26,8,0.5883681060997684,0.6311315225889792,0.5883681060997684,0.7004801035890205,0.6248097408371556,0.5883681060997684,0.5883681060997683,0.5544822099076084,0.5883681060997684,0.5481466840196264
26,9,0.5257892997184459,0.5997697246046798,0.5257892997184459,0.6738178039298034,0.6226151525736252,0.5257892997184459,0.5257892997184459,0.5360299410967415,0.5257892997184459,0.5026130087943907
26,10,0.47218437327013923,0.5676740921254262,0.47218437327013923,0.6380039766156439,0.6502316796671599,0.47218437327013923,0.47218437327013923,0.547598864225948,0.47218437327013923,0.4222739755191265
26,11,0.5216365652502666,0.5143652332934625,0.5216365652502666,0.6242791950190106,0.5520613760883142,0.5216365652502666,0.5216365652502667,0.47712110237428285,0.5216365652502666,0.5187136576219791
26,12,0.5131284264426847,0.6423172661227894,0.5131284264426847,0.7035643699028602,0.6315598808755776,0.5131284264426847,0.5131284264426847,0.5437150432433616,0.5131284264426847,0.49529715149755293
26,13,0.5293238028004498,0.6592823260267813,0.5293238028004498,0.7064186014343941,0.4987013525832616,0.5293238028004498,0.5293238028004497,0.4590332820553569,0.5293238028004498,0.5071821280288634
26,14,0.5480538999639729,0.5500921202970057,0.5480538999639729,0.6651975841928042,0.6338261266506995,0.5480538999639729,0.5480538999639729,0.5328538108380798,0.5480538999639729,0.5390397449973794
26,15,0.47744431155107686,0.6626587412642859,0.47744431155107686,0.6948523706999411,0.4827050567321106,0.47744431155107686,0.47744431155107686,0.4115792769852853,0.47744431155107686,0.46029387059904964
26,16,0.5768005907812808,0.5811071937612262,0.5768005907812808,0.6755139555380313,0.6328543168677674,0.5768005907812808,0.5768005907812808,0.5545527678585019,0.5768005907812808,0.5761829927238067
26,17,0.5598864379659676,0.6102630549360585,0.5598864379659676,0.6897257263038057,0.6171967969519982,0.5598864379659676,0.5598864379659676,0.5314883606601983,0.5598864379659676,0.5660664112835614
26,18,0.5269476123937319,0.5563566367862249,0.5269476123937319,0.682850793321911,0.5849989067515119,0.5269476123937319,0.5269476123937319,0.4829990317150555,0.5269476123937319,0.5401256927454563
26,19,0.5564969911283378,0.6406827811205673,0.5564969911283378,0.6982788351870494,0.5768911604738824,0.5564969911283378,0.5564969911283378,0.5179400470748148,0.5564969911283378,0.5231987786772558
26,20,0.5569985084575411,0.6083889751629142,0.5569985084575411,0.6713069339194688,0.5101171549761796,0.5569985084575411,0.5569985084575411,0.4392259730894228,0.5569985084575411,0.5297524107724914
26,21,0.5386007118256523,0.509716499556898,0.5386007118256523,0.6594900078138665,0.5963338179836324,0.5386007118256523,0.5386007118256522,0.4542715493815176,0.5386007118256523,0.5041048581078077
26,22,0.4634624135667825,0.6451085795943567,0.4634624135667825,0.704039733888576,0.6280402164374621,0.4634624135667825,0.4634624135667825,0.5595679882396278,0.4634624135667825,0.43990829763150996
26,23,0.4355868036173552,0.5739047967956332,0.4355868036173552,0.6253191888310664,0.61846369831815,0.4355868036173552,0.43558680361735524,0.505240487314851,0.4355868036173552,0.36005394924062817
26,24,0.5297253326095079,0.6885196543989918,0.5297253326095079,0.7290427431465525,0.633921464011048,0.5297253326095079,0.5297253326095079,0.5932479171043183,0.5297253326095079,0.5523537515058352
26,25,0.4488555006563772,0.5888693229307986,0.4488555006563772,0.6317898544976932,0.6132331837824355,0.4488555006563772,0.44885550065637714,0.4985349668158517,0.4488555006563772,0.39717277467077516
26,26,0.6237856185793911,0.5865823899364782,0.6237856185793911,0.6785984141717312,0.5937542477726097,0.6237856185793911,0.6237856185793911,0.49048746631230977,0.6237856185793911,0.6011642331009026
26,27,0.5687716672537991,0.6422199078648231,0.5687716672537991,0.7024332384349214,0.6605182000794075,0.5687716672537991,0.5687716672537991,0.5934274511302964,0.5687716672537991,0.5525711026801385
26,28,0.48361324418337004,0.5842638813438912,0.48361324418337004,0.6751529682392872,0.604129077563417,0.48361324418337004,0.4836132441833701,0.5272303223684642,0.48361324418337004,0.48016183212595814
26,29,0.537493043386871,0.6111956836725381,0.537493043386871,0.7152671220635756,0.599616068068412,0.537493043386871,0.537493043386871,0.5305722994454102,0.537493043386871,0.5148359241668745
26,30,0.605955409097173,0.6378520152891218,0.605955409097173,0.7055771552295931,0.6654783723699287,0.605955409097173,0.605955409097173,0.5894626217979417,0.605955409097173,0.6015784988037863
26,31,0.5032464814103593,0.6131268738275291,0.5032464814103593,0.680269743433169,0.6382540077093357,0.5032464814103593,0.5032464814103592,0.5433553531605055,0.5032464814103593,0.4894710091109163
26,32,0.5684511682231483,0.6192373774568122,0.5684511682231483,0.69911200287741,0.5829054475818567,0.5684511682231483,0.5684511682231483,0.5199229981235838,0.5684511682231483,0.5481542617585795
26,33,0.4630175806123827,0.6191709460118804,0.4630175806123827,0.6835688720142807,0.5647908086474562,0.4630175806123827,0.4630175806123827,0.4962597826450592,0.4630175806123827,0.43915679543979486
26,34,0.5734842760796678,0.6051754311606263,0.5734842760796678,0.677296562842554,0.45303356964609315,0.5734842760796678,0.5734842760796677,0.42366664368695134,0.5734842760796678,0.577058339795812
26,35,0.5220584456791313,0.622577117727017,0.5220584456791313,0.6964981274875574,0.6018970238693095,0.5220584456791313,0.5220584456791313,0.5152497017845143,0.5220584456791313,0.5234765556269669
26,36,0.5373234548884838,0.6011262409156175,0.5373234548884838,0.7120229044250501,0.5508900180425416,0.5373234548884838,0.5373234548884837,0.48910842194059134,0.5373234548884838,0.5553192094673967
26,37,0.46829805536353597,0.6186599919585296,0.46829805536353597,0.6779617912119666,0.6472027201008566,0.46829805536353597,0.4682980553635359,0.5604939891660055,0.46829805536353597,0.43469214134928785
26,38,0.5483358350347164,0.5424731037817634,0.5483358350347164,0.6362713569851383,0.5440225249836727,0.5483358350347164,0.5483358350347163,0.47796123435405435,0.5483358350347164,0.5536046242892945
26,39,0.5896183218023996,0.6910466854017847,0.5896183218023996,0.7487882711297963,0.683187947570004,0.5896183218023996,0.5896183218023996,0.6288257462008644,0.5896183218023996,0.5953281411945683
26,40,0.5791594041747392,0.6049181088915322,0.5791594041747392,0.7121808007143549,0.6688219430559255,0.5791594041747392,0.5791594041747392,0.5663308681149467,0.5791594041747392,0.5931218969158829
26,41,0.5473271319388295,0.5767938488663935,0.5473271319388295,0.6557733632264263,0.527565707580518,0.5473271319388295,0.5473271319388295,0.46859931754862827,0.5473271319388295,0.5532003015132669
26,42,0.5460863016818626,0.5997894894497364,0.5460863016818626,0.6802389518071124,0.6043733685208232,0.5460863016818626,0.5460863016818626,0.5389385679060914,0.5460863016818626,0.5579603993157938
26,43,0.48076908244630806,0.6465783706461825,0.48076908244630806,0.6840875122862287,0.656747340138608,0.48076908244630806,0.480769082446308,0.5848438709122574,0.48076908244630806,0.45508405645447003
26,44,0.5613985168951496,0.5664428953570191,0.5613985168951496,0.6574535624420277,0.5292963495197812,0.5613985168951496,0.5613985168951496,0.47150300345878904,0.5613985168951496,0.5295776705598122
26,45,0.5476355506928828,0.5681114254245047,0.5476355506928828,0.6857743308294534,0.5487423965727065,0.5476355506928828,0.5476355506928828,0.4641074670460742,0.5476355506928828,0.5301642246929286
26,46,0.5382431356383678,0.6052755021288768,0.5382431356383678,0.6958238266696081,0.6702690288630224,0.5382431356383678,0.5382431356383678,0.5688275499723265,0.5382431356383678,0.5089971130366713
26,47,0.533250821946666,0.5868185046512802,0.533250821946666,0.6662358320246049,0.5275453774064038,0.533250821946666,0.533250821946666,0.46149422858718164,0.533250821946666,0.5378978280107793
26,48,0.5338857798696687,0.5671020371573843,0.5338857798696687,0.681234624897766,0.5930972631281735,0.5338857798696687,0.5338857798696688,0.47340206293205456,0.5338857798696687,0.4822236633441722
26,49,0.42185413103178665,0.6430770130051666,0.42185413103178665,0.701509237170749,0.5743953073964554,0.42185413103178665,0.4218541310317866,0.5116272176590073,0.42185413103178665,0.38302160505651983
27,0,0.560559866923673,0.49024968580979056,0.560559866923673,0.6528412100027814,0.5566073462095134,0.560559866923673,0.560559866923673,0.46008216086220427,0.560559866923673,0.564322038622081
27,1,0.5552929592523907,0.6393250809887092,0.5552929592523907,0.7105311339620158,0.6231335989429158,0.5552929592523907,0.5552929592523907,0.5378708908248943,0.5552929592523907,0.5463349497354683
27,2,0.6230521599395168,0.6516551087549162,0.6230521599395168,0.7088577528333941,0.5772731276425929,0.6230521599395168,0.6230521599395168,0.5442327647556977,0.6230521599395168,0.6271231142722344
27,3,0.6464085384138393,0.6876914544895967,0.6464085384138393,0.7077692662607071,0.6419259750654012,0.6464085384138393,0.6464085384138392,0.6216387007351694,0.6464085384138393,0.6475567993551762
27,4,0.6378224353596015,0.6060509298716983,0.6378224353596015,0.7154347303627372,0.7002497406952525,0.6378224353596015,0.6378224353596015,0.5845630960066113,0.6378224353596015,0.5952570535940942
27,5,0.47202101076045994,0.6384500262294349,0.47202101076045994,0.7066873798071538,0.6380686464898272,0.47202101076045994,0.47202101076045994,0.5721522281090713,0.47202101076045994,0.47131427856810093
27,6,0.4634868528955912,0.6353938330584319,0.4634868528955912,0.6697235711963728,0.5761436435099395,0.4634868528955912,0.4634868528955912,0.5035110174296044,0.4634868528955912,0.4151451092325269
27,7,0.4904842267363841,0.648904848332901,0.4904842267363841,0.6921035157769987,0.5491236964581854,0.4904842267363841,0.4904842267363841,0.4754663592406948,0.4904842267363841,0.48084320589948903
27,8,0.5841279290140645,0.6319150731329206,0.5841279290140645,0.6890728597529294,0.626191684818421,0.5841279290140645,0.5841279290140646,0.5593036830980475,0.5841279290140645,0.5461645262304804
27,9,0.51997496966689,0.5798546304548349,0.51997496966689,0.6657987279912205,0.6236045756911509,0.51997496966689,0.51997496966689,0.525266049436139,0.51997496966689,0.486800176885264
27,10,0.4691624456166856,0.5677679429381748,0.4691624456166856,0.6461882581142745,0.6450013386236033,0.4691624456166856,0.4691624456166856,0.5429821076899518,0.4691624456166856,0.4204200753372305
27,11,0.6478676499764017,0.609403171890218,0.6478676499764017,0.6911504068121597,0.6671145875781559,0.6478676499764017,0.6478676499764017,0.6057717962355395,0.6478676499764017,0.6390495375866021
27,12,0.5270640476750904,0.6322340031911284,0.5270640476750904,0.6964061715745506,0.6349347536383826,0.5270640476750904,0.5270640476750903,0.5463729448447421,0.5270640476750904,0.5061688562780949
27,13,0.5786159775782632,0.6985513090413256,0.5786159775782632,0.7310250965345206,0.592890458125075,0.5786159775782632,0.5786159775782632,0.55699808822761,0.5786159775782632,0.5577240460802904
27,14,0.5557054542355913,0.5460558240518798,0.5557054542355913,0.6604692985492819,0.6381398581687912,0.5557054542355913,0.5557054542355913,0.5360224386053323,0.5557054542355913,0.5458896276746401
27,15,0.4817422881140393,0.6744008302399349,0.4817422881140393,0.7062270119866894,0.49537724584721415,0.4817422881140393,0.4817422881140393,0.43121919147579324,0.4817422881140393,0.46633691326872817
27,16,0.558104875943458,0.5701280532624298,0.558104875943458,0.6693284909093198,0.6186286458656196,0.558104875943458,0.5581048759434579,0.5352682412559955,0.558104875943458,0.5569029268652876
27,17,0.5623992284234413,0.603446526075337,0.5623992284234413,0.6823295785123668,0.6101195562099802,0.5623992284234413,0.5623992284234411,0.5260388913731704,0.5623992284234413,0.569231258277034
27,18,0.6225909721491082,0.6516153428995587,0.6225909721491082,0.7334869217318231,0.6658243193874078,0.6225909721491082,0.6225909721491082,0.5955080894554532,0.6225909721491082,0.6292781376545653
27,19,0.5671004074491446,0.655675801994709,0.5671004074491446,0.7088850939805611,0.5844099788602188,0.5671004074491446,0.5671004074491446,0.526835049215762,0.5671004074491446,0.5348127238151225
27,20,0.5569672855887968,0.6116821484432529,0.5569672855887968,0.6748859140066368,0.5113188339117755,0.5569672855887968,0.5569672855887968,0.4418016404860402,0.5569672855887968,0.5306588078125316
27,21,0.5416472646583238,0.5130515360504948,0.5416472646583238,0.6586558845624098,0.5872959999081007,0.5416472646583238,0.5416472646583238,0.44987487505226853,0.5416472646583238,0.505766081083847
27,22,0.4524425994041822,0.6452765625590964,0.4524425994041822,0.705287771721804,0.625253176751521,0.4524425994041822,0.4524425994041822,0.5520763342516397,0.4524425994041822,0.41924127115168214
27,23,0.42996538629054015,0.5677874710388356,0.42996538629054015,0.6146144281879133,0.6110716036698122,0.42996538629054015,0.42996538629054015,0.4983959003766635,0.42996538629054015,0.35454274140070846
27,24,0.5456345922623227,0.6953277444216366,0.5456345922623227,0.7263547184241116,0.6398021330425753,0.5456345922623227,0.5456345922623227,0.6100249949124961,0.5456345922623227,0.5670327808036648
27,25,0.4534881938062935,0.593993520372214,0.4534881938062935,0.6422740564780842,0.6199769606223295,0.4534881938062935,0.45348819380629346,0.5050874862526453,0.4534881938062935,0.4036745599567
27,26,0.6276724011120174,0.5902081934236929,0.6276724011120174,0.6829515587615205,0.5980338933699285,0.6276724011120174,0.6276724011120174,0.4983107868004789,0.6276724011120174,0.6068351151413596
27,27,0.5661363084514637,0.6346860520545718,0.5661363084514637,0.6975694927344156,0.6502937842000824,0.5661363084514637,0.5661363084514637,0.5811629350513905,0.5661363084514637,0.5470932238003434
27,28,0.49454134116903437,0.5898068380009238,0.49454134116903437,0.6804987591217676,0.6109803931137989,0.49454134116903437,0.4945413411690344,0.5331088517043966,0.49454134116903437,0.49211795357293386
27,29,0.5351734444297519,0.6015081342219275,0.5351734444297519,0.7108276482213763,0.593976145326705,0.5351734444297519,0.5351734444297519,0.5207321463323693,0.5351734444297519,0.511012734363555
27,30,0.5975221680044953,0.6293241404381258,0.5975221680044953,0.7030345461853081,0.6517890072303993,0.5975221680044953,0.5975221680044953,0.5687562895363585,0.5975221680044953,0.5909288039357935
27,31,0.4890694404964139,0.6197887705499103,0.4890694404964139,0.6803412215510352,0.6353242267848815,0.4890694404964139,0.4890694404964138,0.5387901946478302,0.4890694404964139,0.4669244333310358
27,32,0.5574171365042448,0.6085252034408021,0.5574171365042448,0.6722438213142657,0.5565546480534821,0.5574171365042448,0.5574171365042448,0.4986521255887341,0.5574171365042448,0.5329051543257265
27,33,0.47254250700865125,0.6280337031098313,0.47254250700865125,0.6898294927053037,0.599084494106206,0.47254250700865125,0.4725425070086512,0.5256881738198391,0.47254250700865125,0.450448573556429
27,34,0.561475180188941,0.6014356922195603,0.561475180188941,0.670350071912365,0.444258538303524,0.561475180188941,0.561475180188941,0.41688282519243947,0.561475180188941,0.5658309892382674
27,35,0.5908677011781894,0.6638029328486565,0.5908677011781894,0.7326409438110608,0.6683166551536803,0.5908677011781894,0.5908677011781894,0.5895493786876469,0.5908677011781894,0.5978872316247419
27,36,0.5489819439822706,0.5785692492766792,0.5489819439822706,0.6995595993176744,0.5396951007129605,0.5489819439822706,0.5489819439822706,0.4706342941529279,0.5489819439822706,0.5627025419142728
27,37,0.46103622939999217,0.6133152056292002,0.46103622939999217,0.6736987445169031,0.6448337046180661,0.46103622939999217,0.46103622939999217,0.5572508992368495,0.46103622939999217,0.4242150638893288
27,38,0.5297554403757969,0.5227414320314815,0.5297554403757969,0.6312677324337773,0.5480624657837139,0.5297554403757969,0.5297554403757969,0.46879989198581073,0.5297554403757969,0.537581724681381
27,39,0.5816494279570867,0.6829944216611518,0.5816494279570867,0.7424303625434057,0.6552666775893337,0.5816494279570867,0.5816494279570867,0.5964000049788714,0.5816494279570867,0.583837433944538
27,40,0.5711604954883419,0.5971478847018474,0.5711604954883419,0.7094587896831517,0.6630203934455622,0.5711604954883419,0.5711604954883419,0.5587886656222657,0.5711604954883419,0.5850359605858874
27,41,0.5450344812910434,0.5690851000464929,0.5450344812910434,0.6464155206241802,0.5181075176701799,0.5450344812910434,0.5450344812910433,0.46120383471829346,0.5450344812910434,0.5477309834293469
27,42,0.5435247254919763,0.5940231237136524,0.5435247254919763,0.6734016979236358,0.5910645781356538,0.5435247254919763,0.5435247254919763,0.5209845487660851,0.5435247254919763,0.5501053307924462
27,43,0.4827036922807869,0.6530808550379092,0.4827036922807869,0.6794713701211925,0.6506587874011885,0.4827036922807869,0.4827036922807869,0.5884088188115306,0.4827036922807869,0.46383664226604415
27,44,0.5415586140131394,0.5376829607378668,0.5415586140131394,0.643425201681496,0.5046636761419943,0.5415586140131394,0.5415586140131394,0.4364966012052558,0.5415586140131394,0.5079543011238635
27,45,0.5434340304922908,0.5776622887234779,0.5434340304922908,0.6850219681408212,0.5393823185165968,0.5434340304922908,0.5434340304922908,0.4668811013030483,0.5434340304922908,0.528015328796529
27,46,0.5032363525630583,0.5776997780045176,0.5032363525630583,0.6883681572461734,0.6263995905640911,0.5032363525630583,0.5032363525630583,0.5256508717711148,0.5032363525630583,0.4763928068256832
27,47,0.5484978036663267,0.588947997336486,0.5484978036663267,0.667908707025746,0.5238693354202921,0.5484978036663267,0.5484978036663268,0.45574488357158427,0.5484978036663267,0.5508202770518146
27,48,0.5198778628280876,0.5499617724806093,0.5198778628280876,0.6732317261300891,0.5886924190838061,0.5198778628280876,0.5198778628280876,0.45732350194965915,0.5198778628280876,0.46156211892261656
27,49,0.42667332506732664,0.6382968965971166,0.42667332506732664,0.6965581296385934,0.5904813193142326,0.42667332506732664,0.42667332506732664,0.5180143769811243,0.42667332506732664,0.3863208688982023
28,0,0.568866172186873,0.49136977118518443,0.568866172186873,0.6560187949050749,0.5653082650959405,0.568866172186873,0.5688661721868731,0.46719887923179637,0.568866172186873,0.5712262288389677
28,1,0.5585570499890209,0.6273487385518951,0.5585570499890209,0.71201255451944,0.6243061394467198,0.5585570499890209,0.5585570499890209,0.5345780900178847,0.5585570499890209,0.5519151949237289
28,2,0.6111437020453674,0.6484721518947614,0.6111437020453674,0.7008285634435789,0.5695562156682776,0.6111437020453674,0.6111437020453674,0.5302943104341673,0.6111437020453674,0.6171144113836196
28,3,0.6374402339930992,0.6841546023561609,0.6374402339930992,0.70966220220781,0.649480377257408,0.6374402339930992,0.6374402339930992,0.6245530422813723,0.6374402339930992,0.6406144705337409
28,4,0.6255453431788207,0.6149825307047978,0.6255453431788207,0.7147661962335414,0.6883202214073199,0.6255453431788207,0.6255453431788207,0.5888574608204764,0.6255453431788207,0.5900839852370039
28,5,0.4684056627504578,0.6291577756194414,0.4684056627504578,0.7096351641110505,0.6458771662091106,0.4684056627504578,0.46840566275045786,0.5656579758847072,0.4684056627504578,0.4617680044157948
28,6,0.471861458184169,0.6525615157090737,0.471861458184169,0.6796115837802779,0.5857803847647812,0.471861458184169,0.47186145818416897,0.5148938281666295,0.471861458184169,0.4247050480929322
28,7,0.4780279747611427,0.6475567694893469,0.4780279747611427,0.687676017744854,0.5613360813870334,0.4780279747611427,0.47802797476114267,0.47650475466952213,0.4780279747611427,0.4602481770033868
28,8,0.5670294125928335,0.6135104499050381,0.5670294125928335,0.685662319141336,0.5901672363439426,0.5670294125928335,0.5670294125928335,0.5171152332498888,0.5670294125928335,0.5293137029204482
28,9,0.5358331204571771,0.5997293316392649,0.5358331204571771,0.6715699876396058,0.6405287431846179,0.5358331204571771,0.5358331204571771,0.5536310536365995,0.5358331204571771,0.5117701177168308
28,10,0.4723834190583833,0.5825825827547274,0.4723834190583833,0.6492125788005174,0.6513923797618144,0.4723834190583833,0.4723834190583833,0.5544372751744762,0.4723834190583833,0.4239383446114671
28,11,0.6423003151186613,0.5960764515765273,0.6423003151186613,0.6843701942849629,0.6610597335597244,0.6423003151186613,0.6423003151186613,0.593668826837882,0.6423003151186613,0.6290503682084636
28,12,0.5296055520207841,0.6500509382903774,0.5296055520207841,0.705766439288636,0.6501260766244976,0.5296055520207841,0.5296055520207841,0.5692164673055902,0.5296055520207841,0.5115664537999962
28,13,0.5594035056776835,0.6903668040413808,0.5594035056776835,0.7227709511096403,0.5627726281000494,0.5594035056776835,0.5594035056776835,0.5257578603414959,0.5594035056776835,0.5383446128734672
28,14,0.554976363080333,0.553397860075372,0.554976363080333,0.6661175701376459,0.6346904652164078,0.554976363080333,0.554976363080333,0.5355923945924506,0.554976363080333,0.5459290597595546
28,15,0.5156093435549819,0.6791797914888376,0.5156093435549819,0.7133331910783187,0.5284628317304583,0.5156093435549819,0.5156093435549819,0.4725458271557297,0.5156093435549819,0.5071145700617627
28,16,0.5504461664310858,0.5690173835542844,0.5504461664310858,0.6712029369226694,0.6230232550789165,0.5504461664310858,0.5504461664310858,0.5375598796102535,0.5504461664310858,0.5481768127416149
28,17,0.5459385506065554,0.594314320705472,0.5459385506065554,0.6767280171111918,0.6030264994399508,0.5459385506065554,0.5459385506065553,0.5177869749345299,0.5459385506065554,0.5517700463714393
28,18,0.6083041865685351,0.6469866350037148,0.6083041865685351,0.7314195524952006,0.6502948374791557,0.6083041865685351,0.6083041865685352,0.5764286829100714,0.6083041865685351,0.6128727913934118
28,19,0.5574877596597376,0.663583929148819,0.5574877596597376,0.7110641056781755,0.5731207428303956,0.5574877596597376,0.5574877596597376,0.5185658644831326,0.5574877596597376,0.526806800578476
28,20,0.5471232540399465,0.6081238986457967,0.5471232540399465,0.6726284361982808,0.5050057196543898,0.5471232540399465,0.5471232540399465,0.4318766165520844,0.5471232540399465,0.5199879400440641
28,21,0.5395703863356088,0.5084538008441406,0.5395703863356088,0.6535465511684676,0.5894700879127668,0.5395703863356088,0.5395703863356088,0.4522526663992422,0.5395703863356088,0.5061020019851984
28,22,0.4469812922048856,0.6415843236332069,0.4469812922048856,0.704050879558938,0.6229770534824149,0.4469812922048856,0.4469812922048855,0.5476400195771634,0.4469812922048856,0.4101935828557004
28,23,0.43125370132705554,0.5654198385183085,0.43125370132705554,0.6140758568400545,0.6100587577934452,0.43125370132705554,0.43125370132705554,0.4961329469687503,0.43125370132705554,0.3512584205947271
28,24,0.5409703974680483,0.6844765670003494,0.5409703974680483,0.7250284304055675,0.6348174285098231,0.5409703974680483,0.5409703974680483,0.597583306901618,0.5409703974680483,0.5628160987106803
28,25,0.45973276755512765,0.5932065520316545,0.45973276755512765,0.6463249718294298,0.6290913792395395,0.45973276755512765,0.4597327675551276,0.5144747338517073,0.45973276755512765,0.4099618965191713
28,26,0.6097897818144074,0.5851082175561224,0.6097897818144074,0.6770184614342378,0.5902483883546517,0.6097897818144074,0.6097897818144074,0.4902138588761688,0.6097897818144074,0.5937991122916768
28,27,0.566840774427504,0.6445118139894609,0.566840774427504,0.70476141476544,0.6470133720289806,0.566840774427504,0.5668407744275041,0.5853156297016402,0.566840774427504,0.5497682649116056
28,28,0.4907912516123685,0.5935045392993366,0.4907912516123685,0.679723081519984,0.6210872718263993,0.4907912516123685,0.4907912516123684,0.5413099031259745,0.4907912516123685,0.488401417163543
28,29,0.5724949943515414,0.6599881081557348,0.5724949943515414,0.7325900862630366,0.6804121384561151,0.5724949943515414,0.5724949943515414,0.6110897393501419,0.5724949943515414,0.5511600179122558
28,30,0.5857062636141233,0.6128995286401846,0.5857062636141233,0.6954057989034836,0.6299387354368924,0.5857062636141233,0.5857062636141233,0.5382238940535821,0.5857062636141233,0.5763327118694637
28,31,0.4871904928594879,0.6222595807198488,0.4871904928594879,0.6824443664667181,0.6375065990727959,0.4871904928594879,0.4871904928594879,0.5389114719813983,0.4871904928594879,0.46685899591527225
28,32,0.5599476756757962,0.6187632791787662,0.5599476756757962,0.6816307641670485,0.5634476254004845,0.5599476756757962,0.5599476756757962,0.5039699708484342,0.5599476756757962,0.534731750245081
28,33,0.4869920046224714,0.6562243043671289,0.4869920046224714,0.7062312960279769,0.6159625731730015,0.4869920046224714,0.4869920046224714,0.5523396838316715,0.4869920046224714,0.4683924749218351
28,34,0.5506050685309445,0.5939222009503422,0.5506050685309445,0.6630244905117344,0.43504034936282704,0.5506050685309445,0.5506050685309446,0.4060469493164073,0.5506050685309445,0.5555453626561634
28,35,0.5842593252533629,0.6658174680940254,0.5842593252533629,0.7343065212705578,0.6589529597533892,0.5842593252533629,0.5842593252533629,0.5802201835906875,0.5842593252533629,0.5908212165553219
28,36,0.5475310098377126,0.5803845863309782,0.5475310098377126,0.6981648042678442,0.5502093472138636,0.5475310098377126,0.5475310098377126,0.4840024658876975,0.5475310098377126,0.5621860759414268
28,37,0.46885718631958856,0.6205303337173274,0.46885718631958856,0.6803871558853295,0.6522333096046377,0.46885718631958856,0.4688571863195885,0.5664013409524482,0.46885718631958856,0.43301091337787945
28,38,0.6690126873569591,0.6387244775962088,0.6690126873569591,0.7099370553396204,0.7100909206755588,0.6690126873569591,0.6690126873569591,0.6528616576317751,0.6690126873569591,0.6726656784739686
28,39,0.5593153196585222,0.6736342874599869,0.5593153196585222,0.7390380725516089,0.6434268960592089,0.5593153196585222,0.5593153196585222,0.5816875264954238,0.5593153196585222,0.567862390877411
28,40,0.538932919432082,0.5689847418555392,0.538932919432082,0.6917537602726567,0.6407065548406647,0.538932919432082,0.538932919432082,0.524141963373732,0.538932919432082,0.547532139128967
28,41,0.5328963122911332,0.5655379495503989,0.5328963122911332,0.6375523119316482,0.5150210295682516,0.5328963122911332,0.5328963122911332,0.4593123718167649,0.5328963122911332,0.5375023168442898
28,42,0.5084161893176344,0.5742168982572833,0.5084161893176344,0.6690093787960615,0.565519313403044,0.5084161893176344,0.5084161893176344,0.48470051002400777,0.5084161893176344,0.5161329984157172
28,43,0.4942553173892887,0.6562204655057049,0.4942553173892887,0.6865699992172892,0.6545376392398334,0.4942553173892887,0.49425531738928863,0.5930699594840747,0.4942553173892887,0.48174936014472014
28,44,0.5525060394413597,0.5558377360613929,0.5525060394413597,0.6533202716013655,0.5238992688541081,0.5525060394413597,0.5525060394413597,0.4598249621500454,0.5525060394413597,0.5217898387515494
28,45,0.5384760062010847,0.5644885092615096,0.5384760062010847,0.6759235442440228,0.5451539223020521,0.5384760062010847,0.5384760062010847,0.46116478469798006,0.5384760062010847,0.5196575022912214
28,46,0.5482179129500844,0.6152844491282946,0.5482179129500844,0.7157335327931487,0.6895469076936731,0.5482179129500844,0.5482179129500844,0.5871933765233934,0.5482179129500844,0.5170457512620372
28,47,0.5425946371191774,0.5984573058011029,0.5425946371191774,0.6732678318724539,0.5264422120685045,0.5425946371191774,0.5425946371191774,0.46434392315247464,0.5425946371191774,0.5471552148123229
28,48,0.5931042250023998,0.6286097714120895,0.5931042250023998,0.7132639843102997,0.6561386960982083,0.5931042250023998,0.5931042250023998,0.5680946396673049,0.5931042250023998,0.5638746900782301
28,49,0.42944528392041775,0.6318101651631426,0.42944528392041775,0.6946187468676714,0.5969001762392531,0.42944528392041775,0.4294452839204177,0.5221917206222194,0.42944528392041775,0.3871968194031757
29,0,0.5542068494610757,0.48347007618275295,0.5542068494610757,0.6519203669569101,0.553508968444163,0.5542068494610757,0.5542068494610757,0.4496407363541823,0.5542068494610757,0.5558979633166031
29,1,0.5557416950653836,0.6212384489650673,0.5557416950653836,0.7043169474845724,0.6085370741655896,0.5557416950653836,0.5557416950653835,0.5153886850356287,0.5557416950653836,0.5472416806613021
29,2,0.6080098924455805,0.6304805469891019,0.6080098924455805,0.6921407354340271,0.5783921060662516,0.6080098924455805,0.6080098924455805,0.5338198705092932,0.6080098924455805,0.6145506257383304
29,3,0.6461145230664983,0.6842419023825106,0.6461145230664983,0.7110207268109356,0.642767078423018,0.6461145230664983,0.6461145230664983,0.6254125243829646,0.6461145230664983,0.6508261278505236
29,4,0.6203118885811929,0.5966925958320459,0.6203118885811929,0.7063140132192476,0.6685666356658235,0.6203118885811929,0.6203118885811928,0.5624475778728117,0.6203118885811929,0.58302028828917
29,5,0.4706343808574822,0.6454290389594186,0.4706343808574822,0.7141441579590551,0.6448837279084912,0.4706343808574822,0.47063438085748216,0.577342188411464,0.4706343808574822,0.468733906923976
29,6,0.47236028068243896,0.6593422623331163,0.47236028068243896,0.6854921506463457,0.5916806082635871,0.47236028068243896,0.47236028068243896,0.5259176364446996,0.47236028068243896,0.4293544137174653
29,7,0.5066188300103435,0.6537520011403618,0.5066188300103435,0.6987847165532162,0.5938066019042945,0.5066188300103435,0.5066188300103436,0.5124472485346759,0.5066188300103435,0.49552059581684915
29,8,0.565085974863918,0.6196161661221953,0.565085974863918,0.6880176742752244,0.5983750410113815,0.565085974863918,0.5650859748639181,0.5289011878189515,0.565085974863918,0.5328059734285404
29,9,0.5506532037869251,0.6024390474197183,0.5506532037869251,0.6795197420225294,0.6373383513787121,0.5506532037869251,0.5506532037869251,0.5563000621738687,0.5506532037869251,0.5341821331298876
29,10,0.4705550227327574,0.5737939280040799,0.4705550227327574,0.6452761066328531,0.656492930317349,0.4705550227327574,0.47055502273275746,0.5534170224859913,0.4705550227327574,0.4217817531605856
29,11,0.6323944883087548,0.5778675225781648,0.6323944883087548,0.6759971756189098,0.656095617233703,0.6323944883087548,0.6323944883087548,0.5787654842366661,0.6323944883087548,0.6197622123249034
29,12,0.5348682780578595,0.6558248844933421,0.5348682780578595,0.7143784344232058,0.6548794521454218,0.5348682780578595,0.5348682780578595,0.5743766123469505,0.5348682780578595,0.5173890807997779
29,13,0.5491456781927683,0.6985821213290135,0.5491456781927683,0.7286811412977023,0.5567854220111035,0.5491456781927683,0.5491456781927684,0.5264925883703945,0.5491456781927683,0.5341183154211131
29,14,0.5529429737533689,0.5520013675382707,0.5529429737533689,0.668125066042189,0.635493846613651,0.5529429737533689,0.5529429737533689,0.5367120525765805,0.5529429737533689,0.5426460000462859
29,15,0.5041100353366675,0.6734845251475888,0.5041100353366675,0.7112486718135911,0.5340087957243493,0.5041100353366675,0.5041100353366675,0.4725822674047081,0.5041100353366675,0.4946087606525701
29,16,0.5414938451455362,0.5696752972394796,0.5414938451455362,0.6660623542632618,0.6171792163888348,0.5414938451455362,0.5414938451455362,0.5323963798184388,0.5414938451455362,0.5394278314759858
29,17,0.5504816638592414,0.5913483291227173,0.5504816638592414,0.6743255397623638,0.6086408960905173,0.5504816638592414,0.5504816638592414,0.5213951061215416,0.5504816638592414,0.5558047705759741
29,18,0.6137612192084204,0.6521375455339872,0.6137612192084204,0.7346260575908046,0.6521947829301349,0.6137612192084204,0.6137612192084203,0.5828284724491217,0.6137612192084204,0.6163906479812895
29,19,0.5519000741821908,0.6447225410576252,0.5519000741821908,0.697567939703776,0.5656364883428684,0.5519000741821908,0.5519000741821909,0.502228809345734,0.5519000741821908,0.5177062730664541
29,20,0.5476462370914114,0.6150983562059381,0.5476462370914114,0.672305844242576,0.5148013350853229,0.5476462370914114,0.5476462370914114,0.4486625531086663,0.5476462370914114,0.5260344321951576
29,21,0.6196050994750376,0.6033595675839414,0.6196050994750376,0.7102317376742182,0.6870867915840414,0.6196050994750376,0.6196050994750376,0.5878862061830923,0.6196050994750376,0.5906914210600525
29,22,0.442738513213453,0.6321096903206893,0.442738513213453,0.7028272993773317,0.6152681477097054,0.442738513213453,0.44273851321345303,0.5313552021554085,0.442738513213453,0.4031355128677473
29,23,0.4415899576846496,0.563054640639841,0.4415899576846496,0.6248017133916827,0.6280189424144355,0.4415899576846496,0.4415899576846496,0.5100572544994096,0.4415899576846496,0.3638136646164384
29,24,0.5265428302025128,0.685670179482025,0.5265428302025128,0.7251780600938083,0.6161599761036701,0.5265428302025128,0.5265428302025128,0.5879922146962846,0.5265428302025128,0.5517199302650654
29,25,0.45715158414707163,0.6029063408522977,0.45715158414707163,0.6436711078473059,0.6367531957997831,0.45715158414707163,0.4571515841470716,0.5285549218589329,0.45715158414707163,0.4067057781314983
29,26,0.6121776807969043,0.5813168787618106,0.6121776807969043,0.6762736846906736,0.5931744001770597,0.6121776807969043,0.6121776807969043,0.4900822971182453,0.6121776807969043,0.5955489493945897
29,27,0.5558874017861897,0.629220568102635,0.5558874017861897,0.6968680053763022,0.6463234555210794,0.5558874017861897,0.5558874017861897,0.5793214502547904,0.5558874017861897,0.5400655942252711
29,28,0.5095860247182903,0.6127884233064895,0.5095860247182903,0.6919188507284423,0.6322362020663834,0.5095860247182903,0.5095860247182902,0.5599526684401717,0.5095860247182903,0.5079624442009676
29,29,0.5705596411154258,0.6625737648456146,0.5705596411154258,0.7380223147593596,0.6701942982991635,0.5705596411154258,0.5705596411154258,0.6067397702809181,0.5705596411154258,0.5504514696069001
29,30,0.5671900802715795,0.6082634255814476,0.5671900802715795,0.6920639864938816,0.6126934484827375,0.5671900802715795,0.5671900802715795,0.5146853507833716,0.5671900802715795,0.5579202459399261
29,31,0.4849902098650698,0.6119032773102513,0.4849902098650698,0.6758212302114122,0.6426673756620238,0.4849902098650698,0.4849902098650698,0.5383315314611634,0.4849902098650698,0.4625499876729445
29,32,0.5610659375879015,0.6176568183769273,0.5610659375879015,0.690109522908267,0.5623762465817348,0.5610659375879015,0.5610659375879015,0.5007401402384071,0.5610659375879015,0.5384224878237843
29,33,0.4932950283249962,0.6582381546342582,0.4932950283249962,0.7093930556241153,0.6204452496416277,0.4932950283249962,0.4932950283249962,0.5613434589782824,0.4932950283249962,0.4800796212040196
29,34,0.5584951618027602,0.582784140924232,0.5584951618027602,0.6645675131007901,0.43650674588233485,0.5584951618027602,0.5584951618027602,0.4021297139254443,0.5584951618027602,0.5615733867172672
29,35,0.5686011495033659,0.6539015443241495,0.5686011495033659,0.7196699384499227,0.6501615369300243,0.5686011495033659,0.5686011495033658,0.5698656792162684,0.5686011495033659,0.5717515426210517
29,36,0.5409301608544584,0.5625494895327279,0.5409301608544584,0.681496146462083,0.5347656716296869,0.5409301608544584,0.5409301608544583,0.4562192045109262,0.5409301608544584,0.5497074508550628
29,37,0.4711976934477416,0.6287242936528468,0.4711976934477416,0.6893262708483658,0.6508334769897615,0.4711976934477416,0.47119769344774165,0.5688059010239073,0.4711976934477416,0.43981950502857287
29,38,0.6402121928461902,0.6218920109671571,0.6402121928461902,0.696300835245065,0.6871021844244485,0.6402121928461902,0.6402121928461904,0.6259325754436981,0.6402121928461902,0.6460264733501393
29,39,0.5343441799039395,0.6407487252239782,0.5343441799039395,0.7086569894538728,0.6111228083736362,0.5343441799039395,0.5343441799039395,0.5452632944607438,0.5343441799039395,0.5332804276458434
29,40,0.6082252001446288,0.6339631468459578,0.6082252001446288,0.7283435695253851,0.7014826905821332,0.6082252001446288,0.6082252001446288,0.6117124915409372,0.6082252001446288,0.6215984810694344
29,41,0.6449836233265681,0.691495936882691,0.6449836233265681,0.743882070343836,0.6413668667340962,0.6449836233265681,0.644983623326568,0.5885082498267826,0.6449836233265681,0.648903018824988
29,42,0.561393591859306,0.6247695215644335,0.561393591859306,0.6967060227505533,0.6565682439881011,0.561393591859306,0.5613935918593059,0.5994831698181988,0.561393591859306,0.5813942204479083
29,43,0.4976206965989282,0.6565946071417615,0.4976206965989282,0.6858753601521446,0.6616211825997833,0.4976206965989282,0.4976206965989282,0.5973065511630905,0.4976206965989282,0.48143687537449487
29,44,0.540435334139986,0.5448123278794492,0.540435334139986,0.6494835696647057,0.5136779728053721,0.540435334139986,0.5404353341399861,0.44514179141779575,0.540435334139986,0.5083624132797093
29,45,0.6028059880630141,0.6361647663360417,0.6028059880630141,0.7134994155320904,0.6250197326165923,0.6028059880630141,0.602805988063014,0.5562502976989724,0.6028059880630141,0.5865555423946502
29,46,0.5382708273493374,0.6103490721675258,0.5382708273493374,0.7200365153221803,0.6752542927929116,0.5382708273493374,0.5382708273493374,0.5727442055453522,0.5382708273493374,0.5083502745229923
29,47,0.5379557179805532,0.5880522554309255,0.5379557179805532,0.6707161318267888,0.5283213894893308,0.5379557179805532,0.5379557179805532,0.4600970745364146,0.5379557179805532,0.5412602700791441
29,48,0.58814936016815,0.6344847245132146,0.58814936016815,0.7113494888358467,0.6398478035076266,0.58814936016815,0.58814936016815,0.5539944946368933,0.58814936016815,0.546626594139045
29,49,0.4392652478412778,0.6319177766010999,0.4392652478412778,0.6961634103444965,0.6214784464321954,0.4392652478412778,0.4392652478412778,0.5381164570836084,0.4392652478412778,0.39660679855622394
30,0,0.5579641871837,0.48661791816911926,0.5579641871837,0.6539763821700791,0.5646040318882477,0.5579641871837,0.5579641871837,0.45882265144844875,0.5579641871837,0.5573486523801132
30,1,0.5305767133340141,0.6174385695000121,0.5305767133340141,0.6994072321072595,0.5969434575689989,0.5305767133340141,0.5305767133340142,0.4948523107534579,0.5305767133340141,0.5175379009486851
30,2,0.6044270682571868,0.6453516935584471,0.6044270682571868,0.7020587971474421,0.5745081789593098,0.6044270682571868,0.6044270682571868,0.5388493789803692,0.6044270682571868,0.6123995183310385
30,3,0.6278589949228456,0.6707986868319955,0.6278589949228456,0.7026975936187532,0.6174039493325996,0.6278589949228456,0.6278589949228457,0.5961916869074728,0.6278589949228456,0.6312860236058292
30,4,0.6136710817599624,0.5823257711639153,0.6136710817599624,0.6983021395131767,0.6698160656204019,0.6136710817599624,0.6136710817599624,0.555790573030283,0.6136710817599624,0.5763047316952993
30,5,0.47475291885037024,0.6388932979556775,0.47475291885037024,0.7132683939632619,0.6397735317543927,0.47475291885037024,0.4747529188503703,0.5724135356173621,0.47475291885037024,0.47576246566053054
30,6,0.48095716306040986,0.6612731021653849,0.48095716306040986,0.689806495549981,0.6036852342155998,0.48095716306040986,0.48095716306040986,0.5400783169822958,0.48095716306040986,0.43833528430542
30,7,0.5164946419791656,0.6513194689161466,0.5164946419791656,0.7050727077859915,0.599008978618297,0.5164946419791656,0.5164946419791656,0.5182754762307487,0.5164946419791656,0.510428055712018
30,8,0.5531157217087124,0.6043710502423931,0.5531157217087124,0.6841755769571494,0.575337454915966,0.5531157217087124,0.5531157217087124,0.5002255321485776,0.5531157217087124,0.5199113845226312
30,9,0.5235350271801578,0.5951974310142074,0.5235350271801578,0.668796947319281,0.6162135818854148,0.5235350271801578,0.5235350271801578,0.5351191449726727,0.5235350271801578,0.5020275200754877
30,10,0.47223947791646453,0.5750820902103916,0.47223947791646453,0.6468450890153021,0.6540996708341247,0.47223947791646453,0.4722394779164645,0.5515338287255983,0.47223947791646453,0.425746279142208
30,11,0.6396197017416878,0.5728039395599203,0.6396197017416878,0.6727594639957752,0.6614707447573801,0.6396197017416878,0.6396197017416878,0.5837460387997555,0.6396197017416878,0.6258429752954985
30,12,0.5405027978385226,0.6624661931660769,0.5405027978385226,0.7170517717390368,0.6603027669263418,0.5405027978385226,0.5405027978385226,0.585024912139366,0.5405027978385226,0.5239938373247961
30,13,0.5511882671149874,0.6874978881488392,0.5511882671149874,0.7244875326001928,0.559490072096827,0.5511882671149874,0.5511882671149874,0.5202518770406201,0.5511882671149874,0.5331643056049189
30,14,0.5673475884933693,0.5600662038997472,0.5673475884933693,0.6704768427097428,0.641893713610441,0.5673475884933693,0.5673475884933693,0.5473083660869453,0.5673475884933693,0.5589137997586999
30,15,0.5210012356264455,0.6889979509682853,0.5210012356264455,0.7209672624183892,0.5506229702322026,0.5210012356264455,0.5210012356264455,0.4934757827764148,0.5210012356264455,0.5158470553889352
30,16,0.6125618335927031,0.6273549333046592,0.6125618335927031,0.7040038916686719,0.6965872728715615,0.6125618335927031,0.612561833592703,0.6315117025858403,0.6125618335927031,0.616524059388833
30,17,0.533442526643747,0.5780055680683489,0.533442526643747,0.6616187463942997,0.5976199046735077,0.533442526643747,0.533442526643747,0.5093611303937222,0.533442526643747,0.5377837253677049
30,18,0.6137956944593254,0.6330173615811499,0.6137956944593254,0.7273047576252283,0.658692384469419,0.6137956944593254,0.6137956944593252,0.5794622510195526,0.6137956944593254,0.617548667414182
30,19,0.5556033294357405,0.6354010951631625,0.5556033294357405,0.7034971968416917,0.5687474968224421,0.5556033294357405,0.5556033294357405,0.5107287880228153,0.5556033294357405,0.5231904469437705
30,20,0.5357410315794228,0.5926764979278094,0.5357410315794228,0.6636729266730277,0.4993855403167811,0.5357410315794228,0.5357410315794228,0.4249869921186034,0.5357410315794228,0.510886327207298
30,21,0.6188389311631457,0.5988856800215394,0.6188389311631457,0.7064416288985927,0.6905729288771995,0.6188389311631457,0.6188389311631457,0.5866783725666433,0.6188389311631457,0.5899366549646942
30,22,0.453022359755655,0.6471683982353766,0.453022359755655,0.7103086111696288,0.63730619086906,0.453022359755655,0.4530223597556551,0.5587485978846359,0.453022359755655,0.41517658215679665
30,23,0.44784038572137325,0.572881265801496,0.44784038572137325,0.6293434798242946,0.64510781994527,0.44784038572137325,0.44784038572137325,0.5287197019187102,0.44784038572137325,0.37557396791946257
30,24,0.5572358394300786,0.7064388446592255,0.5572358394300786,0.7437453468060464,0.6627623162126525,0.5572358394300786,0.5572358394300786,0.6287629229225382,0.5572358394300786,0.5797260837136244
30,25,0.47178405148874075,0.6174268186896613,0.47178405148874075,0.6519999239059246,0.6433332790259524,0.47178405148874075,0.47178405148874075,0.5479474560502082,0.47178405148874075,0.4323313785310506
30,26,0.6079553453504828,0.5786027210428586,0.6079553453504828,0.6726435552807959,0.594435386712721,0.6079553453504828,0.6079553453504827,0.49691838728391624,0.6079553453504828,0.5942548878562398
30,27,0.5674301990002549,0.6315157140477059,0.5674301990002549,0.6978093838078481,0.640239325439131,0.5674301990002549,0.5674301990002549,0.576808467217648,0.5674301990002549,0.5506101460811049
30,28,0.5043466229075684,0.599373122744927,0.5043466229075684,0.6874764641818042,0.6267556029888117,0.5043466229075684,0.5043466229075684,0.5461582350586771,0.5043466229075684,0.500395149207978
30,29,0.5732668311009137,0.6514432826939369,0.5732668311009137,0.728669012679945,0.6573146216825757,0.5732668311009137,0.5732668311009137,0.5954832703885726,0.5732668311009137,0.5499667613946181
30,30,0.5662244015454205,0.6026778766372817,0.5662244015454205,0.6956644260406224,0.6171855583341299,0.5662244015454205,0.5662244015454205,0.5145012439547315,0.5662244015454205,0.5587771453078865
30,31,0.4960674518041103,0.607405351784754,0.4960674518041103,0.6745084739526558,0.6473776892364154,0.4960674518041103,0.49606745180411027,0.5432404350470588,0.4960674518041103,0.47518287339643583
30,32,0.55978821602471,0.6114846346931933,0.55978821602471,0.6728821180459852,0.5625478619243895,0.55978821602471,0.5597882160247099,0.5057166037179395,0.55978821602471,0.5356993995584138
30,33,0.49862326663131173,0.651789383345942,0.49862326663131173,0.7045467659992983,0.6180184428140032,0.49862326663131173,0.49862326663131173,0.5545674869296389,0.49862326663131173,0.48379640530498463
30,34,0.5622178384240704,0.596409273523129,0.5622178384240704,0.6677946142356748,0.44828992527517436,0.5622178384240704,0.5622178384240704,0.4142005075951827,0.5622178384240704,0.5663854329419085
30,35,0.5530579222314538,0.6514551162973137,0.5530579222314538,0.7179679436859707,0.6394025685155421,0.5530579222314538,0.5530579222314538,0.560522443969629,0.5530579222314538,0.5606729984990724
30,36,0.6454506654048663,0.7286525210568833,0.6454506654048663,0.761220608877121,0.6440883625657716,0.6454506654048663,0.6454506654048663,0.6001782226974642,0.6454506654048663,0.6568687937097499
30,37,0.47072786361330554,0.624514825445695,0.47072786361330554,0.684824841335538,0.6575696151312489,0.47072786361330554,0.47072786361330554,0.5712596532444321,0.47072786361330554,0.43442269597953576
30,38,0.6317770932494207,0.6073238205985296,0.6317770932494207,0.6917498993326596,0.6782002373526064,0.6317770932494207,0.6317770932494207,0.6091132730254327,0.6317770932494207,0.6366156265342071
30,39,0.5960073013191755,0.6909405070605465,0.5960073013191755,0.7564638614861122,0.6768872915666283,0.5960073013191755,0.5960073013191756,0.6176906770002848,0.5960073013191755,0.5953805929212923
30,40,0.5943437543065024,0.6176460713010953,0.5943437543065024,0.7202970765430063,0.6846789417084322,0.5943437543065024,0.5943437543065024,0.5891931518308109,0.5943437543065024,0.6112964550591515
30,41,0.6344039029329331,0.6880963135207772,0.6344039029329331,0.7378543308651939,0.6266807788460869,0.6344039029329331,0.6344039029329331,0.5735353515696376,0.6344039029329331,0.6391642640166372
30,42,0.547710448407787,0.6210982778882035,0.547710448407787,0.695236821238987,0.6440771599688533,0.547710448407787,0.547710448407787,0.5866215799025236,0.547710448407787,0.5665408815143584
30,43,0.4948492952970647,0.6456607292833031,0.4948492952970647,0.6778092804444751,0.6591712235819874,0.4948492952970647,0.49484929529706473,0.5874320999668502,0.4948492952970647,0.47309501805976295
30,44,0.6010406879513087,0.665978759138794,0.6010406879513087,0.7107139978342909,0.6539959460552351,0.6010406879513087,0.6010406879513086,0.5899379963912639,0.6010406879513087,0.5691974708508143
30,45,0.6145378880684316,0.6329374479705406,0.6145378880684316,0.7194441600821239,0.6487616081032253,0.6145378880684316,0.6145378880684316,0.5714589430209613,0.6145378880684316,0.597153611415574
30,46,0.5573310877647892,0.613017091109987,0.5573310877647892,0.7149970212970982,0.6974609334279814,0.5573310877647892,0.5573310877647892,0.5898867111196768,0.5573310877647892,0.5248593834996665
30,47,0.6319787409433935,0.6843515941411868,0.6319787409433935,0.7320483943001447,0.6976653112164111,0.6319787409433935,0.6319787409433935,0.6454388916020899,0.6319787409433935,0.6324912954485427
30,48,0.5664839416418564,0.61629192937465,0.5664839416418564,0.7073304994845836,0.6323219165968281,0.5664839416418564,0.5664839416418564,0.5342774482571695,0.5664839416418564,0.5265852655713545
30,49,0.4381538623943127,0.6376419888517963,0.4381538623943127,0.6972132011566521,0.6177802028717043,0.4381538623943127,0.4381538623943127,0.5416336147087399,0.4381538623943127,0.3967841495079398
31,0,0.5496589970229552,0.49730333596133264,0.5496589970229552,0.6564268007128833,0.5574345394859718,0.5496589970229552,0.5496589970229553,0.45979848650321825,0.5496589970229552,0.5538195706111118
31,1,0.5776179608809049,0.6431531841350364,0.5776179608809049,0.716255457947935,0.6755614328984093,0.5776179608809049,0.5776179608809049,0.5919001302744817,0.5776179608809049,0.5735552203595424
31,2,0.6131152031860707,0.6516826979033532,0.6131152031860707,0.7055402587438723,0.5811169703643095,0.6131152031860707,0.6131152031860707,0.5460115259856855,0.6131152031860707,0.6178484359765821
31,3,0.6289378565482022,0.6717385087094316,0.6289378565482022,0.7023557897695611,0.6139398449316421,0.6289378565482022,0.6289378565482022,0.5962212046150623,0.6289378565482022,0.6329178122041975
31,4,0.6232883758095993,0.5915068337337444,0.6232883758095993,0.7062357948342525,0.6724109504004109,0.6232883758095993,0.6232883758095993,0.5613499840549416,0.6232883758095993,0.5869273480214994
31,5,0.48321422335483594,0.6502711972844406,0.48321422335483594,0.7171947799054371,0.6547823306961454,0.48321422335483594,0.48321422335483594,0.5892108499855923,0.48321422335483594,0.482936053841458
31,6,0.48669510859378795,0.6557096656348207,0.48669510859378795,0.6897629408299837,0.6146148538772944,0.48669510859378795,0.48669510859378795,0.5430788813811052,0.48669510859378795,0.44201586584686625
31,7,0.5405244494111934,0.6744909442351379,0.5405244494111934,0.7162434631033818,0.6045331429642768,0.5405244494111934,0.5405244494111934,0.5376337054330655,0.5405244494111934,0.537993948309988
31,8,0.6030017814690973,0.6610079039726005,0.6030017814690973,0.717915595790031,0.6671961068844949,0.6030017814690973,0.6030017814690973,0.5995776402257458,0.6030017814690973,0.566825403498316
31,9,0.5291003176833969,0.605941392634922,0.5291003176833969,0.6739983116775046,0.6296447291559559,0.5291003176833969,0.5291003176833968,0.5496759585371933,0.5291003176833969,0.5081529535758795
31,10,0.4809204576045945,0.573642743720899,0.4809204576045945,0.6501492215121871,0.6684009820859134,0.4809204576045945,0.4809204576045945,0.5578981516487024,0.4809204576045945,0.43274970771442745
31,11,0.6290251133153176,0.570951259894694,0.6290251133153176,0.6751297197023878,0.6627509496389401,0.6290251133153176,0.6290251133153176,0.5780949283970551,0.6290251133153176,0.6163634270307572
31,12,0.5615165319049862,0.6670650169143262,0.5615165319049862,0.7224629856841188,0.6801504095046498,0.5615165319049862,0.5615165319049862,0.6077595874969816,0.5615165319049862,0.5491327348722673
31,13,0.5861288874446247,0.7084088282156342,0.5861288874446247,0.7344274586441077,0.6178517806134886,0.5861288874446247,0.5861288874446247,0.584657385616756,0.5861288874446247,0.5668910583949627
31,14,0.5494070767932961,0.5437963706819784,0.5494070767932961,0.6661985140671791,0.6289921755335399,0.5494070767932961,0.5494070767932961,0.5321382216938226,0.5494070767932961,0.5443186981732637
31,15,0.5177697616366285,0.677565608040054,0.5177697616366285,0.7130478589617008,0.5438035483047785,0.5177697616366285,0.5177697616366284,0.48628258962183857,0.5177697616366285,0.504803458955022
31,16,0.6049606447819756,0.6238989803327776,0.6049606447819756,0.7010808051999,0.6863490857152116,0.6049606447819756,0.6049606447819755,0.6246522239472271,0.6049606447819756,0.6096774433276982
31,17,0.6133325552396202,0.6412807856239691,0.6133325552396202,0.7014022792378984,0.689088232881969,0.6133325552396202,0.6133325552396203,0.6100230157252128,0.6133325552396202,0.6145259765107279
31,18,0.5805567204762454,0.606744348130301,0.5805567204762454,0.7123880147469706,0.6297794942868605,0.5805567204762454,0.5805567204762454,0.5355773608945447,0.5805567204762454,0.5807541890322656
31,19,0.5552700996520602,0.6553295334780407,0.5552700996520602,0.7074056807239151,0.5717882581695405,0.5552700996520602,0.5552700996520602,0.5133708448401597,0.5552700996520602,0.5246323309150329
31,20,0.6300620656734015,0.6798682973065472,0.6300620656734015,0.7239561445349757,0.6434032927471216,0.6300620656734015,0.6300620656734015,0.5936853574653228,0.6300620656734015,0.602443860454999
31,21,0.614533427658611,0.5833767046998132,0.614533427658611,0.7049725286656071,0.6821801330534869,0.614533427658611,0.614533427658611,0.569164407179148,0.614533427658611,0.5865489175542833
31,22,0.4542116165240714,0.6485938857235507,0.4542116165240714,0.7106089263279292,0.6363642940086189,0.4542116165240714,0.4542116165240714,0.559790344676758,0.4542116165240714,0.41855516577994517
31,23,0.4411816443356559,0.5823462869179602,0.4411816443356559,0.6380803702681115,0.6345929086556333,0.4411816443356559,0.4411816443356559,0.524935894584903,0.4411816443356559,0.36952836120336613
31,24,0.5534224678090829,0.695435750767315,0.5534224678090829,0.7380060289509647,0.6530380074315503,0.5534224678090829,0.5534224678090829,0.6120155676437846,0.5534224678090829,0.5792354188010291
31,25,0.46276993494213503,0.6062048836680913,0.46276993494213503,0.6458651581917151,0.6379298405521392,0.46276993494213503,0.46276993494213503,0.5333498303202526,0.46276993494213503,0.4179255724984079
31,26,0.611370439544581,0.5744156319898818,0.611370439544581,0.6711498999198093,0.5954123723084438,0.611370439544581,0.611370439544581,0.497628108601052,0.611370439544581,0.5952270055680267
31,27,0.5359095979005595,0.6227230143732769,0.5359095979005595,0.6896808575565743,0.6224687338528696,0.5359095979005595,0.5359095979005595,0.5512738993543258,0.5359095979005595,0.5196864724677761
31,28,0.510515462614657,0.6194415571866251,0.510515462614657,0.6934958524351175,0.6432809690382626,0.510515462614657,0.510515462614657,0.5710409450401422,0.510515462614657,0.506396192958188
31,29,0.5630712635030777,0.64460528545574,0.5630712635030777,0.7192268046565934,0.6493364654388815,0.5630712635030777,0.5630712635030777,0.5829592164530806,0.5630712635030777,0.5398053392992193
31,30,0.5573450265454786,0.5988325376723684,0.5573450265454786,0.6910777683047518,0.6061345288595508,0.5573450265454786,0.5573450265454787,0.5069705185072872,0.5573450265454786,0.5461636750930327
31,31,0.4866721560682528,0.616928731442645,0.4866721560682528,0.6907608772926503,0.6460580708697308,0.4866721560682528,0.48667215606825287,0.5364561852254084,0.4866721560682528,0.46035254808945
31,32,0.5718313225403187,0.599274470391416,0.5718313225403187,0.6612519586829224,0.5802655236669214,0.5718313225403187,0.5718313225403187,0.5136018214324216,0.5718313225403187,0.5392524747762497
31,33,0.47362787339832957,0.6231104285627055,0.47362787339832957,0.6841101704906016,0.6020597675885424,0.47362787339832957,0.47362787339832957,0.5204040010542905,0.47362787339832957,0.44417124594003576
31,34,0.5710559546331717,0.5985714902263486,0.5710559546331717,0.6684907780167801,0.450124391748874,0.5710559546331717,0.5710559546331717,0.4153894011424924,0.5710559546331717,0.5721634823531999
31,35,0.5978034525988066,0.666627460354378,0.5978034525988066,0.7351014484718112,0.6776956849577725,0.5978034525988066,0.5978034525988066,0.5945074462535469,0.5978034525988066,0.5995249350804097
31,36,0.6355383338306381,0.7250516781923411,0.6355383338306381,0.7585635262815007,0.630754286619255,0.6355383338306381,0.6355383338306381,0.5832380518132514,0.6355383338306381,0.6477108085683075
31,37,0.4756025339959892,0.6258988242287202,0.4756025339959892,0.6921285541334727,0.6648409184880488,0.4756025339959892,0.4756025339959892,0.5764150584418615,0.4756025339959892,0.44227099235142525
31,38,0.6303233713487247,0.6177969874950258,0.6303233713487247,0.6921913487794353,0.6780027443742457,0.6303233713487247,0.6303233713487248,0.6180940407877862,0.6303233713487247,0.6368515441976923
31,39,0.5872831114109085,0.6876905435435773,0.5872831114109085,0.7523722591281039,0.6697335880293268,0.5872831114109085,0.5872831114109085,0.6083547874441844,0.5872831114109085,0.5885584803221745
31,40,0.5865677731859305,0.6212350171229613,0.5865677731859305,0.7174664945317757,0.6807562478878064,0.5865677731859305,0.5865677731859303,0.5867796082396457,0.5865677731859305,0.6003805590665555
31,41,0.6288823802010586,0.6842265117998767,0.6288823802010586,0.7359488255498783,0.6052356319031366,0.6288823802010586,0.6288823802010586,0.5546528130531736,0.6288823802010586,0.6324266910442042
31,42,0.5656645271877311,0.6362495309843369,0.5656645271877311,0.6960064384863126,0.672215459396247,0.5656645271877311,0.5656645271877311,0.6165772342449877,0.5656645271877311,0.5810848307287415
31,43,0.5037362901637834,0.6513889445316037,0.5037362901637834,0.683091945710498,0.6705924740973563,0.5037362901637834,0.5037362901637834,0.6019143813164259,0.5037362901637834,0.48586335941783165
31,44,0.6088716807930014,0.66999013929057,0.6088716807930014,0.7219590209644722,0.6535780057982665,0.6088716807930014,0.6088716807930015,0.5907719597479513,0.6088716807930014,0.5755835483629115
31,45,0.6077098369599407,0.6390411345552536,0.6077098369599407,0.7220609612000212,0.6464290585902894,0.6077098369599407,0.6077098369599409,0.5694208528798081,0.6077098369599407,0.5895828547877051
31,46,0.5589409240092059,0.6169884941778767,0.5589409240092059,0.7128496465004865,0.6908145970572592,0.5589409240092059,0.5589409240092058,0.5888542695812333,0.5589409240092059,0.5285135150192953
31,47,0.6376033177271647,0.6877769435022851,0.6376033177271647,0.7367549285703914,0.6818185044957872,0.6376033177271647,0.6376033177271647,0.636235730024274,0.6376033177271647,0.6368312606112405
31,48,0.560464246888144,0.6082280667891354,0.560464246888144,0.704932481665032,0.6390975799034591,0.560464246888144,0.560464246888144,0.5350668065361679,0.560464246888144,0.5211797577477896
31,49,0.4391303204442048,0.6326480921813531,0.4391303204442048,0.6953150523392713,0.6158617856776766,0.4391303204442048,0.4391303204442048,0.5360593080163886,0.4391303204442048,0.3973532942510426
32,0,0.6701524149913259,0.6604569033560342,0.6701524149913259,0.7409483687706676,0.703502585898981,0.6701524149913259,0.6701524149913259,0.6273096397616774,0.6701524149913259,0.668122338578307
32,1,0.5840192994498921,0.6437055514092925,0.5840192994498921,0.7133560400589993,0.6519410719144219,0.5840192994498921,0.5840192994498921,0.5715523561714356,0.5840192994498921,0.5751786168221622
32,2,0.6202954408199794,0.6521432257712791,0.6202954408199794,0.7060448620743938,0.5864886044836715,0.6202954408199794,0.6202954408199794,0.5536814604198761,0.6202954408199794,0.6258914395953394
32,3,0.6114502622953287,0.6585154561632025,0.6114502622953287,0.6935255068580581,0.6034028378421239,0.6114502622953287,0.6114502622953287,0.5840787560315717,0.6114502622953287,0.6151672439654913
32,4,0.6089649776984155,0.5700440462878062,0.6089649776984155,0.6942004123921539,0.6578039578044714,0.6089649776984155,0.6089649776984155,0.5361466085139608,0.6089649776984155,0.567848184323825
32,5,0.48404423128228513,0.6519680904999317,0.48404423128228513,0.7180265609384335,0.6522291372491558,0.48404423128228513,0.48404423128228513,0.5881590652500797,0.48404423128228513,0.48664852548488147
32,6,0.47940633432091145,0.6570541961516856,0.47940633432091145,0.6846224122237876,0.6140891043147042,0.47940633432091145,0.47940633432091145,0.5457492128990094,0.47940633432091145,0.4336622443705792
32,7,0.5186745743537772,0.6734212460251052,0.5186745743537772,0.7136141432205927,0.6081631809148356,0.5186745743537772,0.5186745743537773,0.5370446302173637,0.5186745743537772,0.5119103358044624
32,8,0.5929385393626055,0.650498030017477,0.5929385393626055,0.7225621603001755,0.6504250105427782,0.5929385393626055,0.5929385393626057,0.5780252058088766,0.5929385393626055,0.5559095951387689
32,9,0.4916795236430992,0.5815752700364568,0.4916795236430992,0.6625910357308786,0.6004507759262458,0.4916795236430992,0.4916795236430992,0.5153726168604196,0.4916795236430992,0.47550926693143813
32,10,0.4759973731903165,0.5836729422813799,0.4759973731903165,0.658464240027811,0.6670275175059662,0.4759973731903165,0.4759973731903165,0.560547406762211,0.4759973731903165,0.4273997521748769
32,11,0.5621252849202929,0.5101557916115849,0.5621252849202929,0.6395631721112355,0.6076154773646402,0.5621252849202929,0.5621252849202929,0.4981665757159334,0.5621252849202929,0.546194793344356
32,12,0.5451683865108657,0.6605311716698099,0.5451683865108657,0.7151381862588735,0.6666767333084065,0.5451683865108657,0.5451683865108659,0.5893333994972879,0.5451683865108657,0.5302034181176403
32,13,0.5720891899830718,0.70343001688691,0.5720891899830718,0.7325687200504927,0.593151964173841,0.5720891899830718,0.5720891899830718,0.5577371200900173,0.5720891899830718,0.5505363214059849
32,14,0.6433654238137377,0.6542940640180066,0.6433654238137377,0.7283873621912617,0.7267098011490387,0.6433654238137377,0.6433654238137378,0.6513416048906409,0.6433654238137377,0.6340422967244548
32,15,0.5086366079029355,0.6817515025103611,0.5086366079029355,0.712198027960518,0.545379210599396,0.5086366079029355,0.5086366079029356,0.48841952216221063,0.5086366079029355,0.49197487857469274
32,16,0.5920466432488956,0.6157026295895279,0.5920466432488956,0.6931858850442518,0.6684494622413165,0.5920466432488956,0.5920466432488956,0.6047315669793077,0.5920466432488956,0.594082155014318
32,17,0.6165290893525093,0.637456527139841,0.6165290893525093,0.7051355216052315,0.6807005605768208,0.6165290893525093,0.6165290893525093,0.598670066412242,0.6165290893525093,0.6168407210124683
32,18,0.5839521145269694,0.6003401814298677,0.5839521145269694,0.7085928763396698,0.6242939816201252,0.5839521145269694,0.5839521145269693,0.5320920517960939,0.5839521145269694,0.5852443069347438
32,19,0.6165225845881875,0.6882505586883048,0.6165225845881875,0.7345426230847224,0.6711593466093091,0.6165225845881875,0.6165225845881875,0.6168806974344192,0.6165225845881875,0.5790217208906319
32,20,0.6239662651771252,0.682921607668771,0.6239662651771252,0.7245599006875089,0.6257603751015356,0.6239662651771252,0.6239662651771252,0.5797672169345129,0.6239662651771252,0.5984618080578653
32,21,0.6002837192346717,0.5660938227474078,0.6002837192346717,0.6983626731140467,0.6573323804248818,0.6002837192346717,0.6002837192346717,0.5414888927563664,0.6002837192346717,0.5706526052694862
32,22,0.4563104251950709,0.6426818470350457,0.4563104251950709,0.7024169507591318,0.6372698239514154,0.4563104251950709,0.45631042519507087,0.5587521607650705,0.4563104251950709,0.4203427972496038
32,23,0.45247670295426884,0.5813425678731148,0.45247670295426884,0.6386757702037998,0.642754907340777,0.45247670295426884,0.4524767029542688,0.529193535548627,0.45247670295426884,0.38456226851286923
32,24,0.5603513427645601,0.696857384752547,0.5603513427645601,0.7370978368410591,0.6731381637673679,0.5603513427645601,0.5603513427645601,0.6291561001705981,0.5603513427645601,0.5816688292641079
32,25,0.4624073407938024,0.5990851933820992,0.4624073407938024,0.6452377444924594,0.6444033688920728,0.4624073407938024,0.4624073407938024,0.5317808871610779,0.4624073407938024,0.41207200443479897
32,26,0.6120605950391136,0.5797807884646425,0.6120605950391136,0.6727018120439738,0.5953768838905518,0.6120605950391136,0.6120605950391136,0.49669647075606027,0.6120605950391136,0.5958145730765589
32,27,0.6062269365450018,0.690687196010698,0.6062269365450018,0.7317317642057739,0.7045182231130964,0.6062269365450018,0.6062269365450019,0.646460141959823,0.6062269365450018,0.5866147536131588
32,28,0.4987016955039905,0.6187429304772849,0.4987016955039905,0.6937443117184333,0.6316962870836149,0.4987016955039905,0.49870169550399046,0.560489791785748,0.4987016955039905,0.4950822840626845
32,29,0.5485044942810576,0.6421956030900631,0.5485044942810576,0.7253001437626386,0.6213663813310062,0.5485044942810576,0.5485044942810577,0.5577203133082207,0.5485044942810576,0.5262032182299333
32,30,0.5946012500484372,0.6433863596506629,0.5946012500484372,0.7079306231910636,0.6751707418852513,0.5946012500484372,0.5946012500484372,0.6048763370101914,0.5946012500484372,0.5895015457864687
32,31,0.4556383901154345,0.5499965078376362,0.4556383901154345,0.6410051359020221,0.5986151785372471,0.4556383901154345,0.4556383901154345,0.4769064651488898,0.4556383901154345,0.4207609647598103
32,32,0.5671113726232869,0.6101017638776444,0.5671113726232869,0.6693259629841704,0.5794957799271337,0.5671113726232869,0.5671113726232869,0.518059315937651,0.5671113726232869,0.5354344954998134
32,33,0.49026297182424167,0.6501976131764515,0.49026297182424167,0.7013634868675771,0.623605234268414,0.49026297182424167,0.49026297182424167,0.554796275235969,0.49026297182424167,0.47039003297215787
32,34,0.567403064840513,0.6006327163142858,0.567403064840513,0.6713792525747008,0.44983060113522366,0.567403064840513,0.5674030648405128,0.4205201061684122,0.567403064840513,0.5717841745064685
32,35,0.5873005813493725,0.6640106765041862,0.5873005813493725,0.7304835538906274,0.667560652760431,0.5873005813493725,0.5873005813493725,0.5868662791659066,0.5873005813493725,0.5901983331967855
32,36,0.6108534037062103,0.7210108400607549,0.6108534037062103,0.7550364708441607,0.6200703563285744,0.6108534037062103,0.6108534037062103,0.5674008435644713,0.6108534037062103,0.6260551083743624
32,37,0.471605170469894,0.6362056278680457,0.471605170469894,0.6902279546955307,0.6565423615141914,0.471605170469894,0.471605170469894,0.5752709068337414,0.471605170469894,0.43775385373311915
32,38,0.6335134936224968,0.6079660125780354,0.6335134936224968,0.6902249818560138,0.6737249576773783,0.6335134936224968,0.6335134936224968,0.6108629262266527,0.6335134936224968,0.6377336646789555
32,39,0.585062477796684,0.6781764173655591,0.585062477796684,0.7423991266132195,0.668011456727221,0.585062477796684,0.585062477796684,0.6077581306385094,0.585062477796684,0.5850425594119306
32,40,0.5710093061804646,0.5956497792138677,0.5710093061804646,0.7107350923083905,0.6711722374871127,0.5710093061804646,0.5710093061804646,0.562990848505736,0.5710093061804646,0.5840223442846902
32,41,0.6157188744936389,0.6083499187635235,0.6157188744936389,0.6847623568452894,0.5910074349755474,0.6157188744936389,0.6157188744936389,0.533592254063465,0.6157188744936389,0.6157553132134859
32,42,0.5555418129502981,0.6242373263112381,0.5555418129502981,0.6950711824405644,0.6400678551026848,0.5555418129502981,0.5555418129502981,0.5870417023978103,0.5555418129502981,0.5760850482647235
32,43,0.5004504549292779,0.6471909854546846,0.5004504549292779,0.6864949545543757,0.6742568417456705,0.5004504549292779,0.5004504549292779,0.6002544955570379,0.5004504549292779,0.47995392917872565
32,44,0.6035073875073027,0.6656036942726411,0.6035073875073027,0.7189360909604032,0.6451204158526486,0.6035073875073027,0.6035073875073027,0.5808245083307455,0.6035073875073027,0.5721850080360795
32,45,0.6039768456409205,0.6320509615429235,0.6039768456409205,0.7126884213540183,0.6320916940565553,0.6039768456409205,0.6039768456409205,0.5640328587512519,0.6039768456409205,0.5886909361017322
32,46,0.5688718406243533,0.6371219209540264,0.5688718406243533,0.7277102855638915,0.7007313024688913,0.5688718406243533,0.5688718406243533,0.6065336921152402,0.5688718406243533,0.5411594227211407
32,47,0.6229504997656891,0.6690024289467092,0.6229504997656891,0.7245590185785209,0.6733718523663608,0.6229504997656891,0.6229504997656892,0.6254891193351645,0.6229504997656891,0.623432484875222
32,48,0.5732081023716092,0.61442921653674,0.5732081023716092,0.7045364878039427,0.6350147187317056,0.5732081023716092,0.5732081023716091,0.5404071182977515,0.5732081023716092,0.5400423884973564
32,49,0.44010975210064396,0.6372166551430127,0.44010975210064396,0.6986677065659038,0.6251622497953495,0.44010975210064396,0.4401097521006439,0.5467131215249775,0.44010975210064396,0.4000368767790763
33,0,0.6496452162151136,0.663780625990615,0.6496452162151136,0.746267106796275,0.6663703829661751,0.6496452162151136,0.6496452162151136,0.583036572663521,0.6496452162151136,0.6473971835588589
33,1,0.5467382649173064,0.6131087469376919,0.5467382649173064,0.6956767443038671,0.6212711772822621,0.5467382649173064,0.5467382649173063,0.5306973731076412,0.5467382649173064,0.5348121122395443
33,2,0.6150132004899388,0.6438016922404959,0.6150132004899388,0.7078021805791033,0.5836713134881444,0.6150132004899388,0.6150132004899389,0.5422702141880524,0.6150132004899388,0.6216149025726652
33,3,0.6252722360025138,0.6677773672145644,0.6252722360025138,0.69326910001545,0.6084836062165155,0.6252722360025138,0.6252722360025138,0.5936973110171664,0.6252722360025138,0.6300620735343232
33,4,0.6086449432937878,0.5739208004958963,0.6086449432937878,0.6890552237358689,0.655263364123023,0.6086449432937878,0.6086449432937877,0.5374041730235943,0.6086449432937878,0.5653131889106836
33,5,0.48943491532608896,0.6618173625615317,0.48943491532608896,0.7238297462171766,0.6607685649793097,0.48943491532608896,0.48943491532608896,0.6028781856372466,0.48943491532608896,0.4953103205687752
33,6,0.47553795097879514,0.6567271370828562,0.47553795097879514,0.6841509779402126,0.6152067584582943,0.47553795097879514,0.47553795097879514,0.5466613098013906,0.47553795097879514,0.4298455169787887
33,7,0.5418930518244796,0.6619870794377314,0.5418930518244796,0.7108846479735176,0.6233650575088994,0.5418930518244796,0.5418930518244796,0.5546800116259384,0.5418930518244796,0.5395654072714062
33,8,0.5897170083696802,0.6467701987797116,0.5897170083696802,0.7193274361279124,0.6338593601814355,0.5897170083696802,0.5897170083696802,0.5623081282463729,0.5897170083696802,0.5537063454313792
33,9,0.5376867924384531,0.6051738503359245,0.5376867924384531,0.6782915430492225,0.6341501056227392,0.5376867924384531,0.5376867924384531,0.5536187991144773,0.5376867924384531,0.5248756500562708
33,10,0.4813165048265816,0.5850339608614099,0.4813165048265816,0.6600388274906928,0.6689698621329825,0.4813165048265816,0.48131650482658156,0.5627643011121547,0.4813165048265816,0.43289281295110627
33,11,0.5840415085737904,0.5377842910451587,0.5840415085737904,0.6511696731598425,0.628682396834372,0.5840415085737904,0.5840415085737904,0.5286361671819899,0.5840415085737904,0.5647175792512802
33,12,0.5694978777277149,0.6800430400006446,0.5694978777277149,0.72816848497696,0.6878617552967772,0.5694978777277149,0.5694978777277149,0.6201823048119799,0.5694978777277149,0.5554763164741926
33,13,0.5576699859859499,0.6940098477488059,0.5576699859859499,0.7233401393385712,0.5774352582714686,0.5576699859859499,0.55766998598595,0.5417675275714122,0.5576699859859499,0.5368245921257955
33,14,0.6255989610218724,0.6449085739985665,0.6255989610218724,0.720283509526662,0.718252934360954,0.6255989610218724,0.6255989610218724,0.6412279164945889,0.6255989610218724,0.6160721693029102
33,15,0.5263884814376792,0.6761962982746598,0.5263884814376792,0.7108719976449598,0.5620509866395564,0.5263884814376792,0.5263884814376794,0.5040878658467476,0.5263884814376792,0.5183637592817472
33,16,0.58040395143989,0.6016617085802201,0.58040395143989,0.6881625431200356,0.6701243778848566,0.58040395143989,0.58040395143989,0.5957506682452993,0.58040395143989,0.581870087734182
33,17,0.5991279155399098,0.6288302435713861,0.5991279155399098,0.6984810569160289,0.6599662814770506,0.5991279155399098,0.5991279155399098,0.5783978667136285,0.5991279155399098,0.599963844415023
33,18,0.5904445197964604,0.6130599428246978,0.5904445197964604,0.7127471316524572,0.6329457004634639,0.5904445197964604,0.5904445197964603,0.5490052384077448,0.5904445197964604,0.5925559322074861
33,19,0.6105432193732697,0.6747906930412965,0.6105432193732697,0.7326088799172445,0.6572507960870146,0.6105432193732697,0.6105432193732696,0.598628216015969,0.6105432193732697,0.5721042166160408
33,20,0.6042500457424319,0.6736270129118008,0.6042500457424319,0.714857765886248,0.5964788854447363,0.6042500457424319,0.6042500457424319,0.5483706380307638,0.6042500457424319,0.5754481416815733
33,21,0.5841596165088316,0.5486463523325705,0.5841596165088316,0.68903985888053,0.6490375798444554,0.5841596165088316,0.5841596165088316,0.5245482148501164,0.5841596165088316,0.5525020826519865
33,22,0.4082903035429686,0.5590499013354989,0.4082903035429686,0.6521330827494993,0.5334456290623147,0.4082903035429686,0.4082903035429686,0.43884331249007824,0.4082903035429686,0.3531082714199606
33,23,0.46396411674639493,0.582007461755272,0.46396411674639493,0.636964975278711,0.6565735613119497,0.46396411674639493,0.463964116746395,0.5438092519167268,0.46396411674639493,0.4024149794978209
33,24,0.5827098903919334,0.7060545998319583,0.5827098903919334,0.7438668420947747,0.6846239785270625,0.5827098903919334,0.5827098903919334,0.6452132140022366,0.5827098903919334,0.6047340124896606
33,25,0.47440965314459355,0.6084681554841533,0.47440965314459355,0.659295678803378,0.6541449236746314,0.47440965314459355,0.47440965314459355,0.5479425143910789,0.47440965314459355,0.4327814850309396
33,26,0.602833586848779,0.5799793853874364,0.602833586848779,0.6776737450290184,0.5880095389376376,0.602833586848779,0.602833586848779,0.48723195715781,0.602833586848779,0.5883384501698602
33,27,0.5988208906639255,0.6897716948766242,0.5988208906639255,0.7312378359661482,0.6954550006132081,0.5988208906639255,0.5988208906639255,0.641673937838334,0.5988208906639255,0.582027780458025
33,28,0.5085234250037379,0.6299503712380135,0.5085234250037379,0.7016465050219536,0.6405808908189876,0.5085234250037379,0.5085234250037379,0.5709565644550638,0.5085234250037379,0.5047362002781638
33,29,0.600259279905863,0.6835099061582566,0.600259279905863,0.7490425193865002,0.7060167694704566,0.600259279905863,0.600259279905863,0.6441875616865933,0.600259279905863,0.5781991211727469
33,30,0.5952103747645624,0.6350561602226761,0.5952103747645624,0.7061650685540962,0.6767358780771688,0.5952103747645624,0.5952103747645624,0.5952565708564753,0.5952103747645624,0.5875436060471945
33,31,0.4938093693324337,0.5907075494362617,0.4938093693324337,0.676234259434779,0.6420575345714118,0.4938093693324337,0.4938093693324337,0.5275528333679516,0.4938093693324337,0.4663275900420893
33,32,0.5703987875862706,0.6051338865502263,0.5703987875862706,0.6711872785928181,0.5722708386507136,0.5703987875862706,0.5703987875862706,0.5100170291703023,0.5703987875862706,0.5464894466146164
33,33,0.5056482262483409,0.6629023639572431,0.5056482262483409,0.7114424993976745,0.6397810698213264,0.5056482262483409,0.5056482262483409,0.5789597120732677,0.5056482262483409,0.4934476351535806
33,34,0.5644670000761057,0.5961733926830515,0.5644670000761057,0.6692910142392604,0.44788840935461427,0.5644670000761057,0.5644670000761058,0.4189988667198128,0.5644670000761057,0.570657589208084
33,35,0.5680992604733442,0.6570359595234899,0.5680992604733442,0.7292558880326659,0.6629702391726529,0.5680992604733442,0.5680992604733444,0.577841780053201,0.5680992604733442,0.5688485218578598
33,36,0.6120233320320707,0.7021229575998122,0.6120233320320707,0.7399817410511853,0.6148806359877669,0.6120233320320707,0.6120233320320707,0.5591369982019974,0.6120233320320707,0.6237297005401645
33,37,0.4773517580472995,0.6289384778979711,0.4773517580472995,0.6910465810099375,0.6661903321279496,0.4773517580472995,0.47735175804729946,0.5770682501330726,0.4773517580472995,0.4425655237770564
33,38,0.6269276985223871,0.6019230082358575,0.6269276985223871,0.6904518660276331,0.6744097105451936,0.6269276985223871,0.6269276985223871,0.6071718658651424,0.6269276985223871,0.6315040612008881
33,39,0.539934467287215,0.6202740818780913,0.539934467287215,0.6983980121651162,0.6276494115253194,0.539934467287215,0.539934467287215,0.5528362879102735,0.539934467287215,0.5375531097785221
33,40,0.5579498767021923,0.5863854293561274,0.5579498767021923,0.7011643891874143,0.6600157582882085,0.5579498767021923,0.5579498767021922,0.5470766484042765,0.5579498767021923,0.5665729981961365
33,41,0.6085992240931266,0.6039528032681056,0.6085992240931266,0.6857653072386315,0.5956323889179105,0.6085992240931266,0.6085992240931267,0.5304336296462697,0.6085992240931266,0.6062494599105304
33,42,0.5885770019596996,0.6579407485239046,0.5885770019596996,0.7117808437236295,0.6939085559444718,0.5885770019596996,0.5885770019596996,0.6451703184795388,0.5885770019596996,0.6077920937072872
33,43,0.489616955801892,0.6393369608621692,0.489616955801892,0.6786093266050199,0.6714211205464279,0.489616955801892,0.489616955801892,0.588924858560397,0.489616955801892,0.45715149731725013
33,44,0.6009865125570294,0.6671828869650194,0.6009865125570294,0.7155185781954446,0.6364111232990497,0.6009865125570294,0.6009865125570293,0.5750925432058311,0.6009865125570294,0.5657398935802119
33,45,0.5794053771913041,0.6234969959966812,0.5794053771913041,0.708233495576148,0.6035397649238395,0.5794053771913041,0.5794053771913041,0.5310011209793384,0.5794053771913041,0.5658911010105185
33,46,0.5619088621187894,0.6337081733224932,0.5619088621187894,0.727595844768517,0.6972627085867121,0.5619088621187894,0.5619088621187894,0.6029782422503265,0.5619088621187894,0.5346400065951658
33,47,0.6235993964693812,0.6642658781765097,0.6235993964693812,0.726462998034179,0.6656090657262652,0.6235993964693812,0.6235993964693811,0.6129509704338583,0.6235993964693812,0.618717706528304
33,48,0.5515424979949064,0.5935754104024684,0.5515424979949064,0.6901309289194492,0.6264460596911539,0.5515424979949064,0.5515424979949064,0.5141959852150935,0.5515424979949064,0.5045416243996566
33,49,0.4478243096609782,0.6397856261498126,0.4478243096609782,0.6975239490303615,0.6397642925363605,0.4478243096609782,0.4478243096609782,0.5567983782764939,0.4478243096609782,0.40758107314313163
34,0,0.6335038294012187,0.6056709751112843,0.6335038294012187,0.706490184738938,0.6479802409245643,0.6335038294012187,0.6335038294012187,0.557601331290412,0.6335038294012187,0.6307027205506974
34,1,0.598811133517443,0.6553980418893701,0.598811133517443,0.7185422356984246,0.6816932752993198,0.598811133517443,0.598811133517443,0.6057782020783917,0.598811133517443,0.5928676664635714
34,2,0.6210748974361285,0.649087442419977,0.6210748974361285,0.7105406378990949,0.582648691008971,0.6210748974361285,0.6210748974361285,0.5439801550616461,0.6210748974361285,0.6283301961787205
34,3,0.6224834576873909,0.668648676034062,0.6224834576873909,0.7005488213742606,0.6112852221097389,0.6224834576873909,0.6224834576873909,0.5906637799167065,0.6224834576873909,0.6254475763232695
34,4,0.6037151682647789,0.5743124337480945,0.6037151682647789,0.6918612349719772,0.6473373531926717,0.6037151682647789,0.6037151682647788,0.5332778541803369,0.6037151682647789,0.5680645870191976
34,5,0.4894271096089029,0.651070702032591,0.4894271096089029,0.7196725934557889,0.6626063815517518,0.4894271096089029,0.4894271096089029,0.5977800511133337,0.4894271096089029,0.49066992169279255
34,6,0.48798992839462507,0.655386180344801,0.48798992839462507,0.684616819659178,0.6241431444968335,0.48798992839462507,0.4879899283946251,0.5501483962086302,0.48798992839462507,0.44076359005649124
34,7,0.5367838382253962,0.6655329533986257,0.5367838382253962,0.7100634979143574,0.6316425514315045,0.5367838382253962,0.5367838382253963,0.5619854235634574,0.5367838382253962,0.5344503384788524
34,8,0.5780090830670485,0.6392893857568469,0.5780090830670485,0.706942799751556,0.6209144669992415,0.5780090830670485,0.5780090830670483,0.5505947531206112,0.5780090830670485,0.5440318664807606
34,9,0.5469536655415592,0.6206842798984761,0.5469536655415592,0.6841026240219434,0.6423039176760156,0.5469536655415592,0.5469536655415592,0.5655554589438724,0.5469536655415592,0.5309511310482701
34,10,0.48147261917030243,0.5808872985036373,0.48147261917030243,0.6560584813497565,0.6706753260449334,0.48147261917030243,0.4814726191703025,0.5621288614549076,0.48147261917030243,0.4328310315383055
34,11,0.5907619522953594,0.5341808547980246,0.5907619522953594,0.652147690342699,0.6390807446014645,0.5907619522953594,0.5907619522953594,0.5350609835924263,0.5907619522953594,0.5685271163966551
34,12,0.5496761881858054,0.6607018338388804,0.5496761881858054,0.7164123846977067,0.6623956113119625,0.5496761881858054,0.5496761881858054,0.589193436657889,0.5496761881858054,0.5358801948775485
34,13,0.5945484685322269,0.7170398855335133,0.5945484685322269,0.7389440784322221,0.6283115714135525,0.5945484685322269,0.5945484685322269,0.60141008387341,0.5945484685322269,0.5823238982095018
34,14,0.6015896900600604,0.6286953856816435,0.6015896900600604,0.7113206754385084,0.7061435823887497,0.6015896900600604,0.6015896900600604,0.6191341263800721,0.6015896900600604,0.5906479113348277
34,15,0.5343439940535303,0.6742480391170413,0.5343439940535303,0.7132398369897756,0.5852753057434761,0.5343439940535303,0.5343439940535303,0.5216864372541842,0.5343439940535303,0.5233026175630415
34,16,0.5823923649678298,0.597353130071286,0.5823923649678298,0.6844189274609621,0.6574998534949203,0.5823923649678298,0.5823923649678298,0.5840049728521337,0.5823923649678298,0.5842963502315464
34,17,0.5826329483225281,0.6263154366052999,0.5826329483225281,0.6942059387732926,0.651061836236068,0.5826329483225281,0.5826329483225281,0.5666625618220674,0.5826329483225281,0.586702704091709
34,18,0.5753980706683172,0.6024814370065481,0.5753980706683172,0.7096631726049135,0.6326088774624357,0.5753980706683172,0.5753980706683172,0.5410778812348873,0.5753980706683172,0.5788538332743068
34,19,0.6082853227520022,0.6735099148033726,0.6082853227520022,0.7282674369550126,0.6513963447165967,0.6082853227520022,0.6082853227520022,0.5971385408059888,0.6082853227520022,0.571465912195146
34,20,0.5996061086427595,0.6700025623207096,0.5996061086427595,0.7132070075650921,0.5947166862601853,0.5996061086427595,0.5996061086427595,0.5459081929550957,0.5996061086427595,0.5724889835153444
34,21,0.5856583142085519,0.5501131087863371,0.5856583142085519,0.6875767889514438,0.6498702994583294,0.5856583142085519,0.5856583142085519,0.5256695326867713,0.5856583142085519,0.5570305426559676
34,22,0.4357694945695904,0.6053336532472543,0.4357694945695904,0.6898622846561857,0.5989877164878656,0.4357694945695904,0.4357694945695904,0.5058428518973316,0.4357694945695904,0.3867992551447591
34,23,0.4629370144599982,0.5852967574073087,0.4629370144599982,0.6424698681098433,0.6622156658643699,0.4629370144599982,0.46293701445999813,0.5467023549813457,0.4629370144599982,0.39414781289777834
34,24,0.5713331505184808,0.6965344535232803,0.5713331505184808,0.7336745631832173,0.6759082682855612,0.5713331505184808,0.5713331505184809,0.6344221204054397,0.5713331505184808,0.5930186689721502
34,25,0.4666132284790105,0.5996826921856416,0.4666132284790105,0.6488426154528838,0.6400484463605017,0.4666132284790105,0.4666132284790105,0.5280658921384245,0.4666132284790105,0.4192653767821677
34,26,0.6124537615797582,0.5798708730447912,0.6124537615797582,0.6732231024722987,0.584786597604096,0.6124537615797582,0.6124537615797583,0.4886954694220055,0.6124537615797582,0.594394760380053
34,27,0.5919690507030582,0.6699582350504859,0.5919690507030582,0.7207075893169856,0.6890064672026354,0.5919690507030582,0.5919690507030582,0.6281905665276051,0.5919690507030582,0.5740694979751979
34,28,0.5133178080096509,0.6294333790930516,0.5133178080096509,0.7057454279080623,0.6462224694945937,0.5133178080096509,0.5133178080096508,0.5742914433879149,0.5133178080096509,0.508998293775853
34,29,0.559229642619885,0.6250738782344061,0.559229642619885,0.7138619627358763,0.6394144942798872,0.559229642619885,0.5592296426198848,0.5660774472197626,0.559229642619885,0.5367551506984136
34,30,0.5950698718552137,0.6266594539842197,0.5950698718552137,0.7035499008378767,0.6667931197790542,0.5950698718552137,0.5950698718552137,0.5802478580008412,0.5950698718552137,0.5844016564863237
34,31,0.4938747886764691,0.6016301298811242,0.4938747886764691,0.6770613918310409,0.6490725863600886,0.4938747886764691,0.49387478867646906,0.5372955661152178,0.4938747886764691,0.4660289326840844
34,32,0.5616385426986205,0.593872073544299,0.5616385426986205,0.6629368336041266,0.5717137409843069,0.5616385426986205,0.5616385426986205,0.5047077628812914,0.5616385426986205,0.5329003779132984
34,33,0.5040899634924749,0.6606553531503967,0.5040899634924749,0.7133323542276404,0.640314351050687,0.5040899634924749,0.5040899634924749,0.578570706278106,0.5040899634924749,0.4911393895391786
34,34,0.5616081561567177,0.6028583782889416,0.5616081561567177,0.6716278448237323,0.44541756742904964,0.5616081561567177,0.5616081561567176,0.4154569018544067,0.5616081561567177,0.5671674714664541
34,35,0.5726496218919888,0.6618690920537534,0.5726496218919888,0.7291883733747518,0.6553869974459078,0.5726496218919888,0.5726496218919888,0.5785593004702345,0.5726496218919888,0.5802696176026192
34,36,0.5962824528499835,0.712296200566987,0.5962824528499835,0.7445892957994004,0.6091223345853463,0.5962824528499835,0.5962824528499835,0.5577171850315407,0.5962824528499835,0.612714392749226
34,37,0.4737037932904843,0.6262972284486042,0.4737037932904843,0.6926445882926644,0.6665330524453054,0.4737037932904843,0.47370379329048434,0.5743455323057349,0.4737037932904843,0.43948944626948583
34,38,0.6138393693054854,0.5835802879655192,0.6138393693054854,0.6810788606743041,0.6638843558165055,0.6138393693054854,0.6138393693054854,0.5869477116616788,0.6138393693054854,0.6176048860361263
34,39,0.6102039494512906,0.6885192817481731,0.6102039494512906,0.7526415931679973,0.6997624001341061,0.6102039494512906,0.6102039494512906,0.6366023998406831,0.6102039494512906,0.6118304827431909
34,40,0.6145497824946199,0.6434343268815645,0.6145497824946199,0.7353907187311438,0.7094748425503858,0.6145497824946199,0.6145497824946198,0.620680657927777,0.6145497824946199,0.6325297326481085
34,41,0.5949490690892392,0.5870750710355945,0.5949490690892392,0.6774403349364213,0.585925998217063,0.5949490690892392,0.5949490690892391,0.5127115926547741,0.5949490690892392,0.5933442369421389
34,42,0.5811452157969502,0.6499154057316792,0.5811452157969502,0.7063926401468523,0.6761227696705245,0.5811452157969502,0.5811452157969503,0.6263886763147436,0.5811452157969502,0.5996929992049465
34,43,0.4951153401578223,0.6317765379500629,0.4951153401578223,0.6806687526567556,0.6753970613646961,0.4951153401578223,0.49511534015782227,0.5882008342960758,0.4951153401578223,0.46334225258731737
34,44,0.6002511024878586,0.6632295859584415,0.6002511024878586,0.7140522933204954,0.6369308145914856,0.6002511024878586,0.6002511024878586,0.5775280996687806,0.6002511024878586,0.5678274051863849
34,45,0.5853758215865807,0.6164400175236424,0.5853758215865807,0.7064157488543998,0.618348049458211,0.5853758215865807,0.5853758215865807,0.5459271546314761,0.5853758215865807,0.5746979878944827
34,46,0.5519251639874316,0.6255293592005124,0.5519251639874316,0.7256003631288439,0.679918833520761,0.5519251639874316,0.5519251639874317,0.5877637731583103,0.5519251639874316,0.5246491707217243
34,47,0.6155502152472977,0.6503782239339562,0.6155502152472977,0.7149290823560644,0.6486077138208333,0.6155502152472977,0.6155502152472977,0.5936130860887125,0.6155502152472977,0.6116173789743133
34,48,0.6098984113785798,0.6357985224887814,0.6098984113785798,0.7089576672799931,0.6833674652441459,0.6098984113785798,0.6098984113785797,0.6047101016880109,0.6098984113785798,0.5774213355004523
34,49,0.44324504850370444,0.6356361912757051,0.44324504850370444,0.6898928914309137,0.6324484327752293,0.44324504850370444,0.4432450485037044,0.5498272246038423,0.44324504850370444,0.40053661520078915
35,0,0.6319237292222727,0.6012175921731722,0.6319237292222727,0.697856089886545,0.6384001347482627,0.6319237292222727,0.6319237292222728,0.5492923070302074,0.6319237292222727,0.6311961305505335
35,1,0.5789114797288777,0.6462057218434044,0.5789114797288777,0.7124381859860802,0.6670410364113626,0.5789114797288777,0.5789114797288777,0.5836916829427107,0.5789114797288777,0.5729155725218795
35,2,0.6081697237974851,0.6450973041407584,0.6081697237974851,0.7060939607029308,0.5767677332732437,0.6081697237974851,0.6081697237974851,0.5343689930652582,0.6081697237974851,0.6159093778981699
35,3,0.6259825562664437,0.669276749540525,0.6259825562664437,0.6985931577872314,0.6084690468548619,0.6259825562664437,0.6259825562664436,0.587939973394415,0.6259825562664437,0.6278679028947756
35,4,0.6102438143640622,0.5761121706463425,0.6102438143640622,0.6945645299577731,0.6529764086389582,0.6102438143640622,0.6102438143640623,0.5379663239188222,0.6102438143640622,0.5727237570951822
35,5,0.4883738024148101,0.6550216792675889,0.4883738024148101,0.7218473123442399,0.6604803960839714,0.4883738024148101,0.4883738024148101,0.5967771565813975,0.4883738024148101,0.4900541110464637
35,6,0.4912100655094815,0.6584959940475515,0.4912100655094815,0.6835767804778127,0.6300586997624698,0.4912100655094815,0.49121006550948143,0.556727226985041,0.4912100655094815,0.44484865141626445
35,7,0.5480463730224007,0.6817831373239005,0.5480463730224007,0.7181039800638309,0.6404395837346732,0.5480463730224007,0.5480463730224007,0.579592204536056,0.5480463730224007,0.5498261992040219
35,8,0.5705142936155831,0.628555906438719,0.5705142936155831,0.6980303340275843,0.6087561933036765,0.5705142936155831,0.570514293615583,0.5320531318941537,0.5705142936155831,0.5356318050800148
35,9,0.5522503092783122,0.6234211651826254,0.5522503092783122,0.6832422331922741,0.64748726646852,0.5522503092783122,0.5522503092783122,0.5718197243508488,0.5522503092783122,0.5405735810944303
35,10,0.48125182888418294,0.5894429194028394,0.48125182888418294,0.6602512134196907,0.6708738510149559,0.48125182888418294,0.48125182888418294,0.5657777119402174,0.48125182888418294,0.43389227480489706
35,11,0.5898641089685553,0.5535904288889539,0.5898641089685553,0.6567210691758327,0.6386374164955892,0.5898641089685553,0.5898641089685553,0.5450244608098911,0.5898641089685553,0.5675843371143054
35,12,0.5773591641861058,0.6860746418365145,0.5773591641861058,0.7344236460778566,0.6945192226400967,0.5773591641861058,0.5773591641861058,0.6293425847335238,0.5773591641861058,0.5638423741516992
35,13,0.5811394544342653,0.7175090708040694,0.5811394544342653,0.7359250642135525,0.6122598539262758,0.5811394544342653,0.5811394544342654,0.5824459413236538,0.5811394544342653,0.5645103978605231
35,14,0.6025199642832684,0.6205333994042306,0.6025199642832684,0.7067622961793228,0.7011210421070698,0.6025199642832684,0.6025199642832684,0.6121085307973615,0.6025199642832684,0.594051618854373
35,15,0.5515554145983452,0.6855238451480254,0.5515554145983452,0.7191574525273823,0.6010074814969277,0.5515554145983452,0.5515554145983452,0.5467552509114315,0.5515554145983452,0.5496125765147795
35,16,0.5855660394803883,0.5959299712263294,0.5855660394803883,0.6879741239664033,0.6613915001360842,0.5855660394803883,0.5855660394803883,0.5860871116549675,0.5855660394803883,0.5895743244229648
35,17,0.5780587051263025,0.6198479853285812,0.5780587051263025,0.6865423239867062,0.6421835357747774,0.5780587051263025,0.5780587051263025,0.5590455060097945,0.5780587051263025,0.5822475583055202
35,18,0.5781182701824484,0.617488629250758,0.5781182701824484,0.71874420079694,0.6348884349421962,0.5781182701824484,0.5781182701824484,0.551074136005046,0.5781182701824484,0.5826445527554357
35,19,0.6029137813003451,0.674284487914001,0.6029137813003451,0.7369557998319236,0.640333370266631,0.6029137813003451,0.6029137813003451,0.5868731609939255,0.6029137813003451,0.5675901979554437
35,20,0.5955569857777046,0.6578111936001114,0.5955569857777046,0.703691095632911,0.5833672302821173,0.5955569857777046,0.5955569857777046,0.5321645282087358,0.5955569857777046,0.5702574985193094
35,21,0.5798245627892356,0.5558938879022954,0.5798245627892356,0.691255062217284,0.6410499077427185,0.5798245627892356,0.5798245627892356,0.5205684342977113,0.5798245627892356,0.5509680058221936
35,22,0.44772915425147214,0.6282693863698019,0.44772915425147214,0.6994046370814354,0.621834523402107,0.44772915425147214,0.44772915425147214,0.5340648387947053,0.44772915425147214,0.4046672859514574
35,23,0.4678557313896602,0.5885721358671226,0.4678557313896602,0.6462534392370073,0.6630398186857399,0.4678557313896602,0.4678557313896602,0.5493376842282086,0.4678557313896602,0.4039984478684525
35,24,0.559785892894595,0.6957695379382371,0.559785892894595,0.7342826141723799,0.6669250562252784,0.559785892894595,0.559785892894595,0.6250994215118265,0.559785892894595,0.5825699572030305
35,25,0.4699176487544352,0.6146757556406701,0.4699176487544352,0.655500938769056,0.6472072444559472,0.4699176487544352,0.4699176487544352,0.5457090351642028,0.4699176487544352,0.42668364773580747
35,26,0.6153917777734619,0.5744877414747639,0.6153917777734619,0.6753438136937142,0.5936354030026906,0.6153917777734619,0.6153917777734619,0.49321641414457984,0.6153917777734619,0.597115671423134
35,27,0.5816745177623276,0.6470112560520767,0.5816745177623276,0.7114869042754621,0.6764550195547575,0.5816745177623276,0.5816745177623276,0.6064260569970137,0.5816745177623276,0.5625544288284466
35,28,0.5175891150388943,0.6318199061817756,0.5175891150388943,0.7047467958253872,0.6529946766861079,0.5175891150388943,0.5175891150388943,0.5810013946751192,0.5175891150388943,0.5124356514779406
35,29,0.5847688341501613,0.6709642158683078,0.5847688341501613,0.738911905587327,0.6826010358328669,0.5847688341501613,0.5847688341501613,0.6165137990615621,0.5847688341501613,0.562627647109365
35,30,0.5951058339093922,0.6217329199851995,0.5951058339093922,0.701836772499129,0.6560898351346747,0.5951058339093922,0.5951058339093922,0.5669149029778393,0.5951058339093922,0.5848251632916258
35,31,0.49825286676579306,0.6141309859440518,0.49825286676579306,0.6832609214880099,0.6590081350118269,0.49825286676579306,0.49825286676579306,0.5526008678094896,0.49825286676579306,0.4715439877609944
35,32,0.6729604288238001,0.6995464978645899,0.6729604288238001,0.7484720697041448,0.7328243402785504,0.6729604288238001,0.6729604288238001,0.6766857674394331,0.6729604288238001,0.6546316806263317
35,33,0.5134928790951092,0.647136746078173,0.5134928790951092,0.7119896717057441,0.6434797339080046,0.5134928790951092,0.5134928790951092,0.5699814772746064,0.5134928790951092,0.4974481315852889
35,34,0.679760881146526,0.7230669037240967,0.679760881146526,0.7549686563642926,0.6958690809936929,0.679760881146526,0.6797608811465261,0.6626176359474764,0.679760881146526,0.6889364660648989
35,35,0.5566375869628911,0.6475116603911273,0.5566375869628911,0.7177327376861593,0.6451871820807864,0.5566375869628911,0.5566375869628912,0.5624088547723161,0.5566375869628911,0.5628364948731301
35,36,0.5913916134817002,0.7034021997286626,0.5913916134817002,0.7405574092679958,0.6037808017361874,0.5913916134817002,0.5913916134817002,0.5480446836817936,0.5913916134817002,0.6077006068584007
35,37,0.48279819721386075,0.6346183188208474,0.48279819721386075,0.6971159061061608,0.6664491818019392,0.48279819721386075,0.48279819721386075,0.5814750035971622,0.48279819721386075,0.4527491375148299
35,38,0.6197358452379038,0.5968380271056271,0.6197358452379038,0.682868159288158,0.6636651009353114,0.6197358452379038,0.6197358452379038,0.5979924641666317,0.6197358452379038,0.6252117867899389
35,39,0.6003923487988442,0.6943426205162389,0.6003923487988442,0.7573865702218312,0.6912820261845362,0.6003923487988442,0.6003923487988442,0.6288563090890922,0.6003923487988442,0.600767205501421
35,40,0.6027407545693878,0.6320004482004051,0.6027407545693878,0.725774894961462,0.7046720166514089,0.6027407545693878,0.6027407545693879,0.6126332315997884,0.6027407545693878,0.6181834540568122
35,41,0.6131573912289572,0.5981470247901111,0.6131573912289572,0.6840503024542022,0.590479237828903,0.6131573912289572,0.6131573912289572,0.527482619640715,0.6131573912289572,0.6144409153313888
35,42,0.5717532653684582,0.6348908072645248,0.5717532653684582,0.7044184212539718,0.6576971314869133,0.5717532653684582,0.5717532653684583,0.6018258117616133,0.5717532653684582,0.591885483418347
35,43,0.5060644382397252,0.6487672790488745,0.5060644382397252,0.6895727724347984,0.6782889339419302,0.5060644382397252,0.5060644382397252,0.6005801470300938,0.5060644382397252,0.4827051852143182
35,44,0.5903360760826971,0.6560321506820467,0.5903360760826971,0.7047126291055965,0.631087370223306,0.5903360760826971,0.5903360760826971,0.5639723934592469,0.5903360760826971,0.5563576748866765
35,45,0.5789305293958198,0.6048759184298715,0.5789305293958198,0.7027353125753704,0.6059234607137078,0.5789305293958198,0.5789305293958198,0.5244853669342405,0.5789305293958198,0.5606344080768583
35,46,0.5749589061513977,0.64387772471835,0.5749589061513977,0.7251529139229747,0.7110863811803836,0.5749589061513977,0.5749589061513977,0.6203743833709725,0.5749589061513977,0.5461174968329803
35,47,0.600847310600545,0.6496593739088596,0.600847310600545,0.7119838139456305,0.6372911412927458,0.600847310600545,0.6008473106005449,0.5815310727743592,0.600847310600545,0.5987964830265006
35,48,0.5983172360550165,0.6252466775636474,0.5983172360550165,0.7068769110727672,0.6722836237408165,0.5983172360550165,0.5983172360550166,0.5885651805920138,0.5983172360550165,0.5707741517716888
35,49,0.44978698290724495,0.64807243037804,0.44978698290724495,0.7068229993553312,0.6438149670387459,0.44978698290724495,0.44978698290724495,0.5628729424157738,0.44978698290724495,0.40940293985230647
36,0,0.6100988510448928,0.5895703393960546,0.6100988510448928,0.6956799316452409,0.6296117139360431,0.6100988510448928,0.6100988510448928,0.5288360941481284,0.6100988510448928,0.608613180697781
36,1,0.5762956352195074,0.6362312604223472,0.5762956352195074,0.7106563071044851,0.650139696132656,0.5762956352195074,0.5762956352195074,0.5655674900223342,0.5762956352195074,0.5677518115295856
36,2,0.6045093070632541,0.6472705452605607,0.6045093070632541,0.7034546001392795,0.581969269587892,0.6045093070632541,0.6045093070632541,0.5466889423770932,0.6045093070632541,0.6137058124476084
36,3,0.6183706810571877,0.6598999204514183,0.6183706810571877,0.6964045404297594,0.6161619731215802,0.6183706810571877,0.6183706810571876,0.5933713802338082,0.6183706810571877,0.6228699001822605
36,4,0.6100100145492993,0.5816493708175763,0.6100100145492993,0.6964903013505006,0.6507856765346125,0.6100100145492993,0.6100100145492993,0.5425972607672691,0.6100100145492993,0.5766396964285276
36,5,0.5040533509618641,0.6654442059491732,0.5040533509618641,0.7269295643706438,0.6658404396518294,0.5040533509618641,0.5040533509618642,0.6116208497409287,0.5040533509618641,0.5119533862022569
36,6,0.48810859388089384,0.6615769289892297,0.48810859388089384,0.6848163020800565,0.6312256053962829,0.48810859388089384,0.4881085938808939,0.5615088525365093,0.48810859388089384,0.4426960093776738
36,7,0.5344878422702445,0.657419235218036,0.5344878422702445,0.710462056872537,0.6256550756445316,0.5344878422702445,0.5344878422702445,0.5510628619062585,0.5344878422702445,0.5320072900233158
36,8,0.5707329466219969,0.6273684892968328,0.5707329466219969,0.6982179704719665,0.6106236527327034,0.5707329466219969,0.5707329466219969,0.5352991576787961,0.5707329466219969,0.5342941361157404
36,9,0.5539537212037569,0.6267050706116151,0.5539537212037569,0.6886194845500964,0.6552902577894665,0.5539537212037569,0.5539537212037569,0.5778026020603211,0.5539537212037569,0.5382618413950596
36,10,0.4843022845754475,0.5921229913906885,0.4843022845754475,0.664740992798836,0.6734623303042684,0.4843022845754475,0.48430228457544755,0.5676869605299666,0.4843022845754475,0.4381561522869981
36,11,0.5899378915810043,0.540041505343813,0.5899378915810043,0.6532677039509307,0.6357531319365459,0.5899378915810043,0.5899378915810043,0.5372938137790735,0.5899378915810043,0.5729858410312567
36,12,0.5497742242766539,0.6602535656767345,0.5497742242766539,0.7176496308475802,0.6715263322309112,0.5497742242766539,0.549774224276654,0.5936831507261064,0.5497742242766539,0.5329193237950084
36,13,0.5753179691419557,0.7142012599459322,0.5753179691419557,0.7338128646458847,0.6043377328172159,0.5753179691419557,0.5753179691419557,0.5735379356302923,0.5753179691419557,0.5577016056475856
36,14,0.5897370802138729,0.5995483917893883,0.5897370802138729,0.6953260424013465,0.6938371523644548,0.5897370802138729,0.5897370802138728,0.5950991063818716,0.5897370802138729,0.5777269771006988
36,15,0.5486258545982597,0.6848341834463081,0.5486258545982597,0.7200878029514626,0.5980753776789256,0.5486258545982597,0.5486258545982596,0.5429893499169363,0.5486258545982597,0.5463854201962095
36,16,0.5767897185323431,0.5971937600809797,0.5767897185323431,0.6811715214183204,0.6542279490014652,0.5767897185323431,0.5767897185323431,0.5854060443100778,0.5767897185323431,0.580564035554639
36,17,0.5710344889109101,0.6198021251768175,0.5710344889109101,0.6921230368291408,0.6449319796503259,0.5710344889109101,0.57103448891091,0.5594033586758427,0.5710344889109101,0.5766676294023552
36,18,0.5690442168788784,0.5799364653980534,0.5690442168788784,0.6976088228549748,0.6163399396579843,0.5690442168788784,0.5690442168788784,0.5135678019366562,0.5690442168788784,0.5683624835476928
36,19,0.6034548847667062,0.6748900914865984,0.6034548847667062,0.7378069412047417,0.649754108277527,0.6034548847667062,0.6034548847667062,0.5967941333588218,0.6034548847667062,0.5701343137532193
36,20,0.5951370567781363,0.6606572641051176,0.5951370567781363,0.7052616447726581,0.5787768465511384,0.5951370567781363,0.5951370567781363,0.5290265550223263,0.5951370567781363,0.5686626349799931
36,21,0.5731073714498274,0.5478641369915747,0.5731073714498274,0.6842510279668443,0.6376627148870198,0.5731073714498274,0.5731073714498274,0.5157795444279951,0.5731073714498274,0.544720809484913
36,22,0.4628767989274201,0.6456395054929241,0.4628767989274201,0.7091895408020384,0.6457865370684781,0.4628767989274201,0.4628767989274201,0.560310066229193,0.4628767989274201,0.42464579214409703
36,23,0.46079072100945023,0.588313242871549,0.46079072100945023,0.6426784555687193,0.6574064678098137,0.46079072100945023,0.4607907210094502,0.5460286306904276,0.46079072100945023,0.39833077643431475
36,24,0.5750415166582833,0.7057181985385907,0.5750415166582833,0.7447031005026055,0.6888999032276073,0.5750415166582833,0.5750415166582832,0.6464489798954636,0.5750415166582833,0.5971060277803794
36,25,0.47028340235972405,0.6218541070164358,0.47028340235972405,0.6627907739099179,0.6568740980323073,0.47028340235972405,0.47028340235972405,0.5575000773172425,0.47028340235972405,0.4255108516441392
36,26,0.6182356607349101,0.5733480208265265,0.6182356607349101,0.6700160495605667,0.5928817392113359,0.6182356607349101,0.6182356607349101,0.49250189917403,0.6182356607349101,0.5985428558321458
36,27,0.569449556621325,0.6418261900209137,0.569449556621325,0.7097276561322106,0.6708784926482148,0.569449556621325,0.569449556621325,0.5977808751571407,0.569449556621325,0.5519093661325516
36,28,0.5190027861764094,0.633448077755449,0.5190027861764094,0.7025452419696702,0.6559640988608801,0.5190027861764094,0.5190027861764094,0.5858319701114278,0.5190027861764094,0.5137812095506495
36,29,0.5778661641023801,0.6676637299933068,0.5778661641023801,0.7350877334568797,0.6829181111125047,0.5778661641023801,0.5778661641023801,0.6160523531366584,0.5778661641023801,0.5561489563572187
36,30,0.5779555581492013,0.6193792253909425,0.5779555581492013,0.7002495318862999,0.642778706120398,0.5779555581492013,0.5779555581492013,0.548240363051145,0.5779555581492013,0.5674018746616246
36,31,0.5045307077378725,0.6213022705350131,0.5045307077378725,0.6856058965144904,0.6617651946718298,0.5045307077378725,0.5045307077378725,0.5576853901327068,0.5045307077378725,0.47998269626162426
36,32,0.6749993007378354,0.6937471830526829,0.6749993007378354,0.7461394870764979,0.7324193019909208,0.6749993007378354,0.6749993007378354,0.6784383741562547,0.6749993007378354,0.6583017985483648
36,33,0.5144609738765877,0.6632973877762927,0.5144609738765877,0.7170992190219839,0.6587772853938255,0.5144609738765877,0.5144609738765877,0.593031785711003,0.5144609738765877,0.5039856469731058
36,34,0.6707602387545867,0.7085651056206089,0.6707602387545867,0.7421015172324259,0.683831552372275,0.6707602387545867,0.6707602387545867,0.645453199517856,0.6707602387545867,0.6748730500488822
36,35,0.6087587766694176,0.6848665593806302,0.6087587766694176,0.7463447325454906,0.6958910192390284,0.6087587766694176,0.6087587766694176,0.6277886786918867,0.6087587766694176,0.6168751382234491
36,36,0.5896927548912808,0.696943275598203,0.5896927548912808,0.7428399424219868,0.6093442017600514,0.5896927548912808,0.5896927548912808,0.5484668782941933,0.5896927548912808,0.6068446593744078
36,37,0.4811589036795872,0.6315321477622824,0.4811589036795872,0.6957171525563183,0.6704429876413057,0.4811589036795872,0.48115890367958725,0.5795851382287092,0.4811589036795872,0.447745710859786
36,38,0.6096302292381165,0.5834342606971862,0.6096302292381165,0.6751104366908074,0.6529567740694968,0.6096302292381165,0.6096302292381164,0.5812177434609038,0.6096302292381165,0.6138682106015121
36,39,0.5965262885868428,0.6941676473509234,0.5965262885868428,0.7584616775237492,0.6827243269769624,0.5965262885868428,0.5965262885868428,0.6207510618407717,0.5965262885868428,0.597074198215645
36,40,0.5860555694581987,0.6064853104929755,0.5860555694581987,0.7108336016413614,0.6829813578615612,0.5860555694581987,0.5860555694581986,0.5817735474101722,0.5860555694581987,0.5977967807902569
36,41,0.600138848840707,0.6022886442619438,0.600138848840707,0.6857661041635261,0.5914796759527221,0.600138848840707,0.600138848840707,0.5265078399498516,0.600138848840707,0.6018633007539824
36,42,0.5608893796991695,0.6223354205340309,0.5608893796991695,0.698105802094771,0.6540423557842008,0.5608893796991695,0.5608893796991695,0.5887942812534039,0.5608893796991695,0.5776314303197757
36,43,0.5069967568174344,0.640421117475509,0.5069967568174344,0.688676507491462,0.6789648039341605,0.5069967568174344,0.5069967568174345,0.5930908751928596,0.5069967568174344,0.4814747252460474
36,44,0.5957794487175068,0.6644966767858882,0.5957794487175068,0.7140425058131603,0.63319319946351,0.5957794487175068,0.5957794487175068,0.5687140848138932,0.5957794487175068,0.5593355535501576
36,45,0.5648224389836844,0.6033016044412248,0.5648224389836844,0.6990274519924647,0.5921604326326505,0.5648224389836844,0.5648224389836844,0.5071215081352486,0.5648224389836844,0.5457698061812646
36,46,0.5642929511678979,0.6358194987364244,0.5642929511678979,0.7264867629488727,0.7004032341396993,0.5642929511678979,0.5642929511678979,0.6060324488161748,0.5642929511678979,0.5363465460496978
36,47,0.6035575671177844,0.6516104639928609,0.6035575671177844,0.7154982734243083,0.645124927100936,0.6035575671177844,0.6035575671177844,0.5904992197539967,0.6035575671177844,0.6039642770604698
36,48,0.5927760131797676,0.6245105315261151,0.5927760131797676,0.7132933686507354,0.671891239299284,0.5927760131797676,0.5927760131797675,0.5803150486156492,0.5927760131797676,0.5694672581013336
36,49,0.45243832484477076,0.6473740498363795,0.45243832484477076,0.7048610788336722,0.6479183611222511,0.45243832484477076,0.45243832484477076,0.5649790340306391,0.45243832484477076,0.4120766146635697
37,0,0.6106006471497099,0.5908856059099573,0.6106006471497099,0.7015688489395372,0.6237320534903922,0.6106006471497099,0.6106006471497099,0.5231811670759758,0.6106006471497099,0.610876641530419
37,1,0.5701242865318947,0.6305760382028716,0.5701242865318947,0.7081804047939854,0.6427066588759368,0.5701242865318947,0.5701242865318947,0.5535660213520559,0.5701242865318947,0.5587457442513206
37,2,0.6035849800531402,0.6362801935105323,0.6035849800531402,0.695514545168602,0.587101097771747,0.6035849800531402,0.6035849800531402,0.5451774910040261,0.6035849800531402,0.6108583139737833
37,3,0.608220089258376,0.6534850391484217,0.608220089258376,0.6886136213163652,0.6124527927468528,0.608220089258376,0.6082200892583761,0.5890881766907138,0.608220089258376,0.6127026345258175
37,4,0.6146657531499553,0.5883784356396075,0.6146657531499553,0.7021804510432299,0.6587573296049893,0.6146657531499553,0.6146657531499553,0.5531746232521308,0.6146657531499553,0.5821080393361174
37,5,0.502272811116605,0.6639924251333578,0.502272811116605,0.7254182858964554,0.673952446327824,0.502272811116605,0.502272811116605,0.6147972721297191,0.502272811116605,0.506885308696133
37,6,0.49641108921070537,0.6647659034669124,0.49641108921070537,0.6927367928507784,0.6375108050497986,0.49641108921070537,0.49641108921070537,0.5674425020615834,0.49641108921070537,0.45438673401901664
37,7,0.5533602079220038,0.6675204704990416,0.5533602079220038,0.7113029417801302,0.6402874257075759,0.5533602079220038,0.5533602079220037,0.574063037849833,0.5533602079220038,0.5544434219646834
37,8,0.5707115738249399,0.6242519256678424,0.5707115738249399,0.6894293459558659,0.6056549851365975,0.5707115738249399,0.5707115738249399,0.5311601436235951,0.5707115738249399,0.5332809918718051
37,9,0.5633678807561473,0.6280602244646999,0.5633678807561473,0.6892070952695606,0.6626606408703033,0.5633678807561473,0.5633678807561473,0.5868734015739457,0.5633678807561473,0.5508606662688494
37,10,0.4918292261477029,0.5892174515376714,0.4918292261477029,0.6632802121033132,0.6822445932483766,0.4918292261477029,0.4918292261477029,0.5731192148454896,0.4918292261477029,0.44656435051278276
37,11,0.5997244953534145,0.5399733158214994,0.5997244953534145,0.655519197196005,0.6424492418684797,0.5997244953534145,0.5997244953534145,0.5471250154391275,0.5997244953534145,0.5842744386042351
37,12,0.5794537912228985,0.6830520324665914,0.5794537912228985,0.7361095933570025,0.6989691275122825,0.5794537912228985,0.5794537912228985,0.6309966223839638,0.5794537912228985,0.5671470829604354
37,13,0.5674561251323371,0.7100178030161747,0.5674561251323371,0.7297574051924134,0.5910092251464696,0.5674561251323371,0.5674561251323371,0.5597861456818072,0.5674561251323371,0.5484135576081645
37,14,0.5968456725150383,0.5967375094135405,0.5968456725150383,0.6928120528689669,0.6915286870465844,0.5968456725150383,0.5968456725150384,0.594775501310536,0.5968456725150383,0.5818265491840542
37,15,0.5662703065964908,0.6875853891939121,0.5662703065964908,0.7245344970191336,0.6192984750817044,0.5662703065964908,0.5662703065964908,0.56666851518463,0.5662703065964908,0.5702937135517576
37,16,0.5546164637629337,0.5867191536663208,0.5546164637629337,0.6787815636190215,0.647577106670806,0.5546164637629337,0.5546164637629336,0.5694759992083173,0.5546164637629337,0.5576552297639776
37,17,0.5686000344009108,0.6188991559729071,0.5686000344009108,0.693045946082427,0.6355152998512674,0.5686000344009108,0.5686000344009108,0.5520576239547631,0.5686000344009108,0.5739941598059666
37,18,0.5606470307655839,0.5798820085931505,0.5606470307655839,0.6970207402324637,0.6058536516951119,0.5606470307655839,0.5606470307655839,0.5030628892282112,0.5606470307655839,0.5607443443859104
37,19,0.6012600843593592,0.6766957175732877,0.6012600843593592,0.7304223171950297,0.6408719945090979,0.6012600843593592,0.6012600843593593,0.5893530259851507,0.6012600843593592,0.5666654231925776
37,20,0.5863624084837739,0.6475616893278522,0.5863624084837739,0.6985844166640973,0.5734658445135012,0.5863624084837739,0.5863624084837739,0.516869740855332,0.5863624084837739,0.5582476180489
37,21,0.5718451683958033,0.5498530603343217,0.5718451683958033,0.6880916701804116,0.6348037573942675,0.5718451683958033,0.5718451683958033,0.5097038488944864,0.5718451683958033,0.5402430007898403
37,22,0.46842982330365274,0.6493049451206598,0.46842982330365274,0.7108315656783466,0.6499820765041059,0.46842982330365274,0.46842982330365274,0.5677025251820599,0.46842982330365274,0.43524856076097124
37,23,0.4646376386293049,0.5851265771839971,0.4646376386293049,0.6399539505282363,0.66413769172094,0.4646376386293049,0.46463763862930485,0.5488976812385947,0.4646376386293049,0.4001980746688173
37,24,0.5626603482483552,0.7056251405045806,0.5626603482483552,0.7435560874677514,0.6791460777352929,0.5626603482483552,0.5626603482483553,0.6372675892011637,0.5626603482483552,0.5851599283810978
37,25,0.4628512444961563,0.5942816703954616,0.4628512444961563,0.6485704795208826,0.6391532950665131,0.4628512444961563,0.4628512444961563,0.5231786640857776,0.4628512444961563,0.4112902544845276
37,26,0.603930754739441,0.5665738625173526,0.603930754739441,0.665020531476417,0.5814602843621308,0.603930754739441,0.603930754739441,0.4798332325370631,0.603930754739441,0.5854275132910809
37,27,0.5833314670854743,0.6561929116576979,0.5833314670854743,0.7152844663060126,0.6696739799134844,0.5833314670854743,0.5833314670854745,0.6058165496605321,0.5833314670854743,0.5640868951951672
37,28,0.5403136950471702,0.6459377516851305,0.5403136950471702,0.710496741154067,0.6730423526724245,0.5403136950471702,0.5403136950471702,0.6060145499342499,0.5403136950471702,0.5360539488882735
37,29,0.5649068150694574,0.6443304488142301,0.5649068150694574,0.7233230811598903,0.667325693226699,0.5649068150694574,0.5649068150694574,0.5947257450324301,0.5649068150694574,0.543057194630681
37,30,0.5748131994305915,0.613713114929894,0.5748131994305915,0.6924627093545155,0.6321708417218344,0.5748131994305915,0.5748131994305915,0.5343659064716472,0.5748131994305915,0.5630751671828031
37,31,0.5023755863928879,0.6183441169630588,0.5023755863928879,0.6849798364129362,0.6636482970682489,0.5023755863928879,0.502375586392888,0.5579825349156098,0.5023755863928879,0.47820484125821644
37,32,0.6612466492332788,0.691665777317402,0.6612466492332788,0.7446047343930413,0.7188811612470173,0.6612466492332788,0.6612466492332787,0.6625914297275333,0.6612466492332788,0.6423344787404043
37,33,0.524529605644946,0.6770898010631563,0.524529605644946,0.7239731772677028,0.667113483755663,0.524529605644946,0.524529605644946,0.6093627572989353,0.524529605644946,0.5156707765351798
37,34,0.6565773435527518,0.7056461058035783,0.6565773435527518,0.7382269367908039,0.6714012553837332,0.6565773435527518,0.6565773435527518,0.6349072004560989,0.6565773435527518,0.6632920825743549
37,35,0.6016550164788912,0.679507350529303,0.6016550164788912,0.7440875812771978,0.6872490232781516,0.6016550164788912,0.6016550164788912,0.6128774741903085,0.6016550164788912,0.6080138428865486
37,36,0.5976827427580368,0.70092198205909,0.5976827427580368,0.7391054639920889,0.6050241711181535,0.5976827427580368,0.5976827427580369,0.5507778920916008,0.5976827427580368,0.6136695471887327
37,37,0.483395799204616,0.6297511829711129,0.483395799204616,0.693743605493442,0.6753270949679542,0.483395799204616,0.483395799204616,0.5838245555145706,0.483395799204616,0.4488955896401249
37,38,0.609256112364414,0.5877673193615903,0.609256112364414,0.6779466727754582,0.661433295015647,0.609256112364414,0.609256112364414,0.5906648305737562,0.609256112364414,0.6140489575584709
37,39,0.5891129016146033,0.691373171830733,0.5891129016146033,0.7536654406548594,0.6809246847777167,0.5891129016146033,0.5891129016146033,0.6185654006753516,0.5891129016146033,0.5912947948489334
37,40,0.5787756230797587,0.6044195382065811,0.5787756230797587,0.7126578855609969,0.6813080211263564,0.5787756230797587,0.5787756230797587,0.575620701834847,0.5787756230797587,0.5895322553942849
37,41,0.5943303730770406,0.5916022721350584,0.5943303730770406,0.6809953202060822,0.5885343454975657,0.5943303730770406,0.5943303730770406,0.521328805940758,0.5943303730770406,0.6003648389269998
37,42,0.6138019204480333,0.6689657219781384,0.6138019204480333,0.7214170366206953,0.7131116036952551,0.6138019204480333,0.6138019204480334,0.6630392190036464,0.6138019204480333,0.6317712656798377
37,43,0.5156392654708618,0.6527412725276525,0.5156392654708618,0.6945004583280184,0.6844565491766021,0.5156392654708618,0.5156392654708617,0.6088236894681796,0.5156392654708618,0.4982598133630891
37,44,0.59512358262347,0.6586518771211987,0.59512358262347,0.7159544435436818,0.6275333345933239,0.59512358262347,0.59512358262347,0.563115977545311,0.59512358262347,0.5578027996696748
37,45,0.5771484098220826,0.6123460022868203,0.5771484098220826,0.7045115662607956,0.6098370019461874,0.5771484098220826,0.5771484098220826,0.532064126134337,0.5771484098220826,0.564599928061054
37,46,0.5500202902184235,0.6258927442788795,0.5500202902184235,0.7183845917864699,0.6910779611104567,0.5500202902184235,0.5500202902184235,0.5936020267498208,0.5500202902184235,0.5216383793219064
37,47,0.6018312955920093,0.6481082284738693,0.6018312955920093,0.7131729287679023,0.6415450129931851,0.6018312955920093,0.6018312955920092,0.5834365679732403,0.6018312955920093,0.5981680231766036
37,48,0.5891893790579856,0.6229741373984665,0.5891893790579856,0.7138548772206951,0.6643072163595323,0.5891893790579856,0.5891893790579856,0.5718244661741314,0.5891893790579856,0.5623337127399175
37,49,0.45015645352071765,0.6482434360708,0.45015645352071765,0.7033764937449212,0.6465980732918191,0.45015645352071765,0.4501564535207176,0.5655872541645699,0.45015645352071765,0.4103951770090672
38,0,0.6092519307302072,0.591290063994659,0.6092519307302072,0.6963775432370228,0.6191544356476594,0.6092519307302072,0.6092519307302072,0.5227086618685832,0.6092519307302072,0.6112379903614494
38,1,0.540446392239333,0.6179578723483763,0.540446392239333,0.7006665527952969,0.6163425756350311,0.540446392239333,0.540446392239333,0.5215910629613433,0.540446392239333,0.525711448533161
38,2,0.6042804322843348,0.6442297818448979,0.6042804322843348,0.700343355556944,0.5905485501550565,0.6042804322843348,0.6042804322843348,0.5517854506799169,0.6042804322843348,0.6136515408623084
38,3,0.6105719332614897,0.654341772473499,0.6105719332614897,0.6900052745419931,0.6117253894354062,0.6105719332614897,0.6105719332614898,0.5898955774105992,0.6105719332614897,0.6158993513669166
38,4,0.6150389407716119,0.5820681740794065,0.6150389407716119,0.70157089720729,0.6583737340249292,0.6150389407716119,0.6150389407716118,0.5476230949500083,0.6150389407716119,0.5777391882031389
38,5,0.5094059356717837,0.6658667736644686,0.5094059356717837,0.727839101497913,0.6763624427557304,0.5094059356717837,0.5094059356717837,0.6188026230302374,0.5094059356717837,0.5166609877665462
38,6,0.49354369617249444,0.6521408326014627,0.49354369617249444,0.6878534870552229,0.6428826914336248,0.49354369617249444,0.49354369617249444,0.5638894214922436,0.49354369617249444,0.44800411072231694
38,7,0.5462046883925176,0.6688506797950949,0.5462046883925176,0.7145483689138317,0.6405283643438562,0.5462046883925176,0.5462046883925176,0.5727679991567649,0.5462046883925176,0.5466295985358843
38,8,0.5622406980244009,0.6239297518557401,0.5622406980244009,0.6973890467016872,0.5937424749785892,0.5622406980244009,0.5622406980244008,0.519847188145742,0.5622406980244009,0.526691860473344
38,9,0.5617989316017526,0.6294963069966145,0.5617989316017526,0.6885364699450094,0.6643055546224673,0.5617989316017526,0.5617989316017526,0.5911324211490203,0.5617989316017526,0.5500806008747657
38,10,0.49295148384360576,0.594458520881597,0.49295148384360576,0.6621899916380862,0.6836298411431929,0.49295148384360576,0.49295148384360576,0.5775120936425869,0.49295148384360576,0.44941101705467046
38,11,0.5970310582982068,0.5430416321886249,0.5970310582982068,0.6545433868327482,0.6424808793617612,0.5970310582982068,0.5970310582982068,0.5455870339165582,0.5970310582982068,0.5808468597775855
38,12,0.5549001644125645,0.6649330581064485,0.5549001644125645,0.7215092385341997,0.6762260993577309,0.5549001644125645,0.5549001644125644,0.598332181954043,0.5549001644125645,0.5376470063555712
38,13,0.5571869607724612,0.6975887498831512,0.5571869607724612,0.7255672695258513,0.5877268523356745,0.5571869607724612,0.5571869607724612,0.5499361029927128,0.5571869607724612,0.5395219154125058
38,14,0.5895956480524782,0.595976630969641,0.5895956480524782,0.6922980336417935,0.6861121980846626,0.5895956480524782,0.5895956480524782,0.5910223335450789,0.5895956480524782,0.5776202859220118
38,15,0.5373764222551033,0.6789672568058285,0.5373764222551033,0.7162399605097092,0.5846948184903284,0.5373764222551033,0.5373764222551033,0.5279207941710474,0.5373764222551033,0.5341473673709249
38,16,0.6293513737086532,0.6637840300736151,0.6293513737086532,0.7233380936219063,0.7281635153722181,0.6293513737086532,0.6293513737086533,0.6695841610357944,0.6293513737086532,0.638080647911593
38,17,0.5634122060787394,0.6128049279810346,0.5634122060787394,0.6849114907420675,0.6317784522814625,0.5634122060787394,0.5634122060787394,0.546724693463773,0.5634122060787394,0.5686783351811902
38,18,0.6409142427669111,0.6532034175351964,0.6409142427669111,0.7383747749502708,0.6762018215871274,0.6409142427669111,0.6409142427669112,0.6021415965623802,0.6409142427669111,0.6434137235056897
38,19,0.5927307586051295,0.6681465532418578,0.5927307586051295,0.7275214428657374,0.6286757361680491,0.5927307586051295,0.5927307586051296,0.573665585785279,0.5927307586051295,0.5576036996828826
38,20,0.5803972608251591,0.6503468787508249,0.5803972608251591,0.7014416493872571,0.5692077416278849,0.5803972608251591,0.5803972608251591,0.5104504006517427,0.5803972608251591,0.5509913568722289
38,21,0.5818340703386186,0.5586379076540894,0.5818340703386186,0.6943775047907184,0.6486269615569993,0.5818340703386186,0.5818340703386184,0.5266569673841799,0.5818340703386186,0.5509982406610003
38,22,0.47416089237189074,0.653440938224334,0.47416089237189074,0.7143335113761007,0.6629235504252873,0.47416089237189074,0.4741608923718907,0.580675616438323,0.47416089237189074,0.4408793660457506
38,23,0.469987807283905,0.5816041613200906,0.469987807283905,0.6424300435286892,0.6625504615796132,0.469987807283905,0.469987807283905,0.5440454969615497,0.469987807283905,0.40781992469107986
38,24,0.5842241066008211,0.7151367184149618,0.5842241066008211,0.7549905058895612,0.6963978359624637,0.5842241066008211,0.5842241066008211,0.6536732799025518,0.5842241066008211,0.6067729210169297
38,25,0.47241492070274127,0.6108550237537691,0.47241492070274127,0.6600968187917179,0.6527196297711779,0.47241492070274127,0.47241492070274127,0.5442287584918691,0.47241492070274127,0.42593460892599927
38,26,0.6174285124077915,0.5763778301671948,0.6174285124077915,0.6722440272908277,0.5911037439348511,0.6174285124077915,0.6174285124077915,0.49768692272137505,0.6174285124077915,0.6007312550510963
38,27,0.5970239959826575,0.6544107432377972,0.5970239959826575,0.716064722344525,0.6725995185151804,0.5970239959826575,0.5970239959826575,0.6087256575961989,0.5970239959826575,0.5751066104760123
38,28,0.532393401083861,0.6497615786573213,0.532393401083861,0.7092511770695824,0.6710866178525523,0.532393401083861,0.5323934010838611,0.6055078795541604,0.532393401083861,0.5298251366950469
38,29,0.5990862850482509,0.6864110732175619,0.5990862850482509,0.7492980379248583,0.7102041454648816,0.5990862850482509,0.5990862850482509,0.644897463887235,0.5990862850482509,0.577996289441741
38,30,0.574840891141561,0.6098995609680271,0.574840891141561,0.6948624537730876,0.6310541842793941,0.574840891141561,0.574840891141561,0.5296979902287782,0.574840891141561,0.5622864946276414
38,31,0.5220145849825621,0.6291106706309708,0.5220145849825621,0.6964261296919062,0.6779690440963431,0.5220145849825621,0.5220145849825621,0.5779053779217203,0.5220145849825621,0.5045846849805482
38,32,0.6535167590141863,0.683591298993446,0.6535167590141863,0.7384115174094805,0.7120534808434855,0.6535167590141863,0.6535167590141863,0.654542983609822,0.6535167590141863,0.6333074228826007
38,33,0.5159875491376866,0.6753688846545365,0.5159875491376866,0.7220362079041844,0.663972361161492,0.5159875491376866,0.5159875491376866,0.6017785222129679,0.5159875491376866,0.5033418612347509
38,34,0.6566626488905706,0.7067019889347562,0.6566626488905706,0.7401239365589428,0.6652972748239195,0.6566626488905706,0.6566626488905707,0.6273408812236105,0.6566626488905706,0.6633733604584184
38,35,0.5941305838871598,0.6757794230767535,0.5941305838871598,0.7405939145182296,0.6837978606377174,0.5941305838871598,0.5941305838871598,0.6105549131520993,0.5941305838871598,0.6018627797306629
38,36,0.5979908827364763,0.635153876044485,0.5979908827364763,0.7337563871686417,0.6083873298635176,0.5979908827364763,0.5979908827364763,0.5475459483096073,0.5979908827364763,0.6108110314252873
38,37,0.4852999295719874,0.6401869108347598,0.4852999295719874,0.6977938005644274,0.6740903947793182,0.4852999295719874,0.4852999295719874,0.5897493643679345,0.4852999295719874,0.45445108298204784
38,38,0.6299653305354174,0.5956014975218036,0.6299653305354174,0.6837883197245869,0.6642806689007594,0.6299653305354174,0.6299653305354174,0.5997848651086567,0.6299653305354174,0.6343277418767439
38,39,0.5746201937806461,0.6849057949186936,0.5746201937806461,0.7489893498283544,0.6682067674355607,0.5746201937806461,0.5746201937806461,0.6088104065908849,0.5746201937806461,0.5787627691007813
38,40,0.5649713051614469,0.5901106832491945,0.5649713051614469,0.705857492143644,0.6705194773774341,0.5649713051614469,0.5649713051614469,0.5571773383961097,0.5649713051614469,0.5741403002485612
38,41,0.588533698814358,0.5867683639533728,0.588533698814358,0.6739715664691919,0.577397252951374,0.588533698814358,0.588533698814358,0.5114159187533089,0.588533698814358,0.591833282143293
38,42,0.5968617485754334,0.646693633852248,0.5968617485754334,0.7099742035459017,0.6982732633907223,0.5968617485754334,0.5968617485754333,0.6397712961987605,0.5968617485754334,0.6137068814183817
38,43,0.502835101529614,0.6344973865683949,0.502835101529614,0.6806879599309186,0.6765225064001508,0.502835101529614,0.502835101529614,0.5945237337696614,0.502835101529614,0.478114429786497
38,44,0.5945367599564478,0.6667518084601127,0.5945367599564478,0.7184227382428037,0.6380175558068469,0.5945367599564478,0.5945367599564477,0.5745691225113008,0.5945367599564478,0.5609687853375526
38,45,0.5772201480800305,0.605661225051641,0.5772201480800305,0.7023881651100408,0.6126236982469735,0.5772201480800305,0.5772201480800305,0.5254050716889325,0.5772201480800305,0.5596676178415226
38,46,0.5876631754977051,0.6530868758704376,0.5876631754977051,0.7320782509654347,0.7217753277744049,0.5876631754977051,0.5876631754977051,0.6334970041733614,0.5876631754977051,0.5576366531348409
38,47,0.5955325464488959,0.6410935799561569,0.5955325464488959,0.7105343579062642,0.6373310965031611,0.5955325464488959,0.5955325464488959,0.5769980948066837,0.5955325464488959,0.5952306500598106
38,48,0.5842766093414177,0.608112310342188,0.5842766093414177,0.7083193280674049,0.6623817247203648,0.5842766093414177,0.5842766093414177,0.5646451854489442,0.5842766093414177,0.5585635298263342
38,49,0.4562857070906484,0.6464186326902526,0.4562857070906484,0.708266394434869,0.6608422134463025,0.4562857070906484,0.4562857070906484,0.5706052824496237,0.4562857070906484,0.41372150824304377
39,0,0.6024748026338348,0.5848142898524262,0.6024748026338348,0.6907254440483667,0.6204017185195179,0.6024748026338348,0.6024748026338348,0.5223630134784862,0.6024748026338348,0.6031844926713947
39,1,0.607889554305629,0.6601511277500725,0.607889554305629,0.7215036068272934,0.7054495326740906,0.607889554305629,0.607889554305629,0.6314385280484236,0.607889554305629,0.6026582672551167
39,2,0.5849483656454404,0.6221408679561949,0.5849483656454404,0.6843634878423264,0.5607887861685317,0.5849483656454404,0.5849483656454404,0.5127583116324311,0.5849483656454404,0.5896081990196257
39,3,0.610347054266368,0.6634552557966862,0.610347054266368,0.6942806860121487,0.5943547873094351,0.610347054266368,0.610347054266368,0.5764752072523476,0.610347054266368,0.6150749240753111
39,4,0.6074525270684151,0.5705009055743753,0.6074525270684151,0.6933674106940738,0.6516980780619432,0.6074525270684151,0.6074525270684152,0.5360345642105542,0.6074525270684151,0.5693399055733401
39,5,0.5093616103491916,0.6664882870124107,0.5093616103491916,0.7279736460859727,0.6750812789933583,0.5093616103491916,0.5093616103491915,0.6177614653291894,0.5093616103491916,0.5165628106393043
39,6,0.4878037062846152,0.6415975332197199,0.4878037062846152,0.6825623213678611,0.6361709863846645,0.4878037062846152,0.48780370628461517,0.547281570495509,0.4878037062846152,0.4378331574523392
39,7,0.5596609084944137,0.6699395016640578,0.5596609084944137,0.7145021671218585,0.6538143693813683,0.5596609084944137,0.5596609084944137,0.5880726768696463,0.5596609084944137,0.5613450341136846
39,8,0.6230336678238023,0.6754036427220107,0.6230336678238023,0.7161599464660384,0.6948043021292395,0.6230336678238023,0.6230336678238023,0.6243564912960251,0.6230336678238023,0.5837533660758871
39,9,0.562635815994342,0.6368873729089153,0.562635815994342,0.6911500581839645,0.6659459283731071,0.562635815994342,0.5626358159943421,0.5930798568216138,0.562635815994342,0.5522804640952959
39,10,0.4955108298285818,0.606603882551557,0.4955108298285818,0.6682175851093889,0.6856383627336384,0.4955108298285818,0.49551082982858186,0.585336865768345,0.4955108298285818,0.453150576005378
39,11,0.5926384838769659,0.5351990249106632,0.5926384838769659,0.6540653140783834,0.6361112614383393,0.5926384838769659,0.5926384838769659,0.5330234387248273,0.5926384838769659,0.5776177116681196
39,12,0.5847557316963133,0.6936960193042161,0.5847557316963133,0.7409583628212713,0.7101522064798824,0.5847557316963133,0.5847557316963135,0.6455053150237046,0.5847557316963133,0.5741913377185807
39,13,0.6202889360556577,0.7189288428364486,0.6202889360556577,0.747757172547074,0.6669596348917842,0.6202889360556577,0.6202889360556578,0.6351036113885211,0.6202889360556577,0.6047653180131725
39,14,0.590254952379085,0.6007819388622397,0.590254952379085,0.694534912062727,0.6890756620877764,0.590254952379085,0.590254952379085,0.5963396463957205,0.590254952379085,0.579380824239653
39,15,0.5532081822872852,0.6858927948128399,0.5532081822872852,0.7251669963051385,0.6210376076292337,0.5532081822872852,0.5532081822872852,0.5628730935207511,0.5532081822872852,0.5543283968640982
39,16,0.6317499590896787,0.6636775273484495,0.6317499590896787,0.7232127179675911,0.7170314399546744,0.6317499590896787,0.6317499590896787,0.6629962074633708,0.6317499590896787,0.64028525721606
39,17,0.6479086299916283,0.6744598418000403,0.6479086299916283,0.7331804126787831,0.7146133318089123,0.6479086299916283,0.6479086299916283,0.6408273846131296,0.6479086299916283,0.64975947655305
39,18,0.6437926009792644,0.6657804743723525,0.6437926009792644,0.7447056956670102,0.6805551310065021,0.6437926009792644,0.6437926009792644,0.6130524960871161,0.6437926009792644,0.6475508619469468
39,19,0.5904701671529288,0.6700421442867218,0.5904701671529288,0.727674017034484,0.6293308274559408,0.5904701671529288,0.5904701671529288,0.5729902734919389,0.5904701671529288,0.5562283036263106
39,20,0.5794789739533439,0.6479308967817725,0.5794789739533439,0.70010058527441,0.5733975518651027,0.5794789739533439,0.5794789739533439,0.5144012792257462,0.5794789739533439,0.5541613798238842
39,21,0.583086051620137,0.5565869817908335,0.583086051620137,0.6919299201524607,0.6448562569880216,0.583086051620137,0.583086051620137,0.5234346246375333,0.583086051620137,0.5536197194211931
39,22,0.4787106962393077,0.6534372841304226,0.4787106962393077,0.7151221770757878,0.6688983931822885,0.4787106962393077,0.4787106962393077,0.5841117709053758,0.4787106962393077,0.4445777935368622
39,23,0.47092179851529686,0.5974060868137505,0.47092179851529686,0.6571485168991651,0.6713407993212415,0.47092179851529686,0.4709217985152968,0.5566313691636232,0.47092179851529686,0.4100263528050295
39,24,0.573004038622317,0.7151966964113254,0.573004038622317,0.7490531022365199,0.689808951706318,0.573004038622317,0.573004038622317,0.650425012452947,0.573004038622317,0.5968018301483873
39,25,0.4794024314623184,0.5959893886610086,0.4794024314623184,0.6489242376866187,0.6530345547580032,0.4794024314623184,0.47940243146231837,0.5399075930701143,0.4794024314623184,0.43480433788034767
39,26,0.6194679418730543,0.5791618326026173,0.6194679418730543,0.6727268518637047,0.5971628847517207,0.6194679418730543,0.6194679418730543,0.5001101688492077,0.6194679418730543,0.6009246071714879
39,27,0.5663668558840658,0.6330232209930727,0.5663668558840658,0.7017467435779874,0.6561461985425566,0.5663668558840658,0.5663668558840658,0.583222715705231,0.5663668558840658,0.5452141398388318
39,28,0.5453792338000936,0.6500855756565653,0.5453792338000936,0.7091721677421812,0.6819719384115598,0.5453792338000936,0.5453792338000936,0.6154829444526558,0.5453792338000936,0.5435989401817732
39,29,0.5989319362834175,0.685090715236729,0.5989319362834175,0.7464480115012344,0.7095274803212572,0.5989319362834175,0.5989319362834175,0.6450105334325802,0.5989319362834175,0.5771745930516222
39,30,0.5746031884682051,0.6124945394894611,0.5746031884682051,0.6949418214681139,0.6291951954969793,0.5746031884682051,0.574603188468205,0.5310112650580885,0.5746031884682051,0.5637745793316373
39,31,0.5141759722740925,0.6337010027599081,0.5141759722740925,0.696807505399021,0.6762757491718441,0.5141759722740925,0.5141759722740926,0.5778075978815223,0.5141759722740925,0.4961647215918679
39,32,0.6494050974864383,0.6799535070739763,0.6494050974864383,0.7297760814982208,0.7007463454462846,0.6494050974864383,0.6494050974864383,0.6477999835187094,0.6494050974864383,0.6309417786946824
39,33,0.5368952555457065,0.6855948742040867,0.5368952555457065,0.7315044447524132,0.6825496886919017,0.5368952555457065,0.5368952555457065,0.6248162877793669,0.5368952555457065,0.5302291525433711
39,34,0.6487062070226737,0.6937190243946973,0.6487062070226737,0.7312918244907227,0.6636405013417479,0.6487062070226737,0.6487062070226737,0.623356523289357,0.6487062070226737,0.6560125122328412
39,35,0.5750411449574648,0.6578810577233858,0.5750411449574648,0.7276292511846078,0.6655861641546754,0.5750411449574648,0.5750411449574648,0.5820630756083952,0.5750411449574648,0.575922272698992
39,36,0.5966608442830974,0.634097414604323,0.5966608442830974,0.7342768713980297,0.6067620270083558,0.5966608442830974,0.5966608442830974,0.5466822254736448,0.5966608442830974,0.6101381371421706
39,37,0.4892718315920234,0.6410931232639789,0.4892718315920234,0.6995363479624779,0.6805636921555265,0.4892718315920234,0.4892718315920235,0.5934992715963947,0.4892718315920234,0.45837199225296427
39,38,0.6187000079822751,0.5962912951304866,0.6187000079822751,0.6803344985059376,0.6638463813843827,0.6187000079822751,0.6187000079822751,0.6001896251231744,0.6187000079822751,0.6240163527851923
39,39,0.5755731417537755,0.6841314314997253,0.5755731417537755,0.7466220864799842,0.6666188390355141,0.5755731417537755,0.5755731417537755,0.6076341235897278,0.5755731417537755,0.5811001264235044
39,40,0.6427283286110294,0.6628293261628159,0.6427283286110294,0.7486401417897877,0.7293091199657181,0.6427283286110294,0.6427283286110292,0.6450065170648513,0.6427283286110294,0.6558779204916146
39,41,0.597308718809539,0.5903295694884139,0.597308718809539,0.6776064387367138,0.575841846892896,0.597308718809539,0.5973087188095388,0.509924381675656,0.597308718809539,0.5956147556668675
39,42,0.5863466111989926,0.6455728191547204,0.5863466111989926,0.7092355632100895,0.6908347109173072,0.5863466111989926,0.5863466111989926,0.6326493913728781,0.5863466111989926,0.6041953069467901
39,43,0.5163615730861845,0.6512668187710382,0.5163615730861845,0.6915601892427705,0.6881830420188462,0.5163615730861845,0.5163615730861846,0.6099062678736487,0.5163615730861845,0.4954904373966532
39,44,0.5909741934626561,0.6579401569466882,0.5909741934626561,0.7144500077408554,0.6263759357533394,0.5909741934626561,0.590974193462656,0.5616927049743884,0.5909741934626561,0.5567657826632211
39,45,0.5780776618680401,0.6082249612215739,0.5780776618680401,0.701124727501368,0.6106380604687541,0.5780776618680401,0.5780776618680401,0.5319486233398845,0.5780776618680401,0.5659959715562692
39,46,0.5743353780285602,0.6407065458922829,0.5743353780285602,0.7220471914811805,0.7161845007737488,0.5743353780285602,0.5743353780285603,0.622660515611737,0.5743353780285602,0.5443337773021361
39,47,0.5940012320023625,0.6460536181151755,0.5940012320023625,0.7072421526684197,0.6333439415717967,0.5940012320023625,0.5940012320023624,0.5805583154875251,0.5940012320023625,0.5955654909069757
39,48,0.5787135490430888,0.5987595627538578,0.5787135490430888,0.6993126902263982,0.6514887622173008,0.5787135490430888,0.5787135490430888,0.549293533460629,0.5787135490430888,0.5466825291856864
39,49,0.4575427992584197,0.6561176492336268,0.4575427992584197,0.711786350883548,0.6629009471327841,0.4575427992584197,0.4575427992584197,0.5798194984210955,0.4575427992584197,0.41845528965048573
40,0,0.6081102516665439,0.5870383350712001,0.6081102516665439,0.693782076164466,0.6184635869053597,0.6081102516665439,0.6081102516665439,0.5192490944661683,0.6081102516665439,0.609259741285906
40,1,0.6046708110688415,0.6689190743378632,0.6046708110688415,0.7286260562784233,0.697099916822258,0.6046708110688415,0.6046708110688415,0.6228688054411184,0.6046708110688415,0.6015428799446195
40,2,0.5988604768010832,0.634981477547815,0.5988604768010832,0.6970029586654021,0.5700270545640973,0.5988604768010832,0.5988604768010832,0.5292898291001162,0.5988604768010832,0.60639806749276
40,3,0.5919312301447877,0.6518909018165853,0.5919312301447877,0.6849109897457049,0.5883397894499063,0.5919312301447877,0.5919312301447878,0.5692901253945815,0.5919312301447877,0.5999273272513999
40,4,0.6120369920371463,0.5795545540636122,0.6120369920371463,0.6959618567655714,0.6530885378243625,0.6120369920371463,0.6120369920371462,0.5427249443079454,0.6120369920371463,0.5742593446609802
40,5,0.5150070023787923,0.6635629598742041,0.5150070023787923,0.7282299049132919,0.6852671053314712,0.5150070023787923,0.5150070023787923,0.621971521086854,0.5150070023787923,0.5201938368879016
40,6,0.4932100946879957,0.6449711481823741,0.4932100946879957,0.685272748692643,0.6401568545985539,0.4932100946879957,0.4932100946879957,0.555887353520362,0.4932100946879957,0.446977205614977
40,7,0.5728009041250707,0.6854152962787383,0.5728009041250707,0.725134578450914,0.6627459457831544,0.5728009041250707,0.5728009041250707,0.60572214158743,0.5728009041250707,0.5787440552091875
40,8,0.6173833507583579,0.6801805739713664,0.6173833507583579,0.7352765091212068,0.6896954688539272,0.6173833507583579,0.6173833507583579,0.621315739423256,0.6173833507583579,0.5805321154714249
40,9,0.5671026376540549,0.6321566950505575,0.5671026376540549,0.6927623527493213,0.6736236320852115,0.5671026376540549,0.5671026376540549,0.5987859857565796,0.5671026376540549,0.5589263404191599
40,10,0.5026343830876872,0.5993781637776454,0.5026343830876872,0.6688311046871229,0.6915812267077545,0.5026343830876872,0.502634383087687,0.5859743970693789,0.5026343830876872,0.46090777589179077
40,11,0.5723870152638012,0.5168967390258205,0.5723870152638012,0.640920170478792,0.619484196910046,0.5723870152638012,0.5723870152638011,0.5122493181592036,0.5723870152638012,0.5569133451161377
40,12,0.5721630655207255,0.6810217592811834,0.5721630655207255,0.7324584388387693,0.6957165915845258,0.5721630655207255,0.5721630655207255,0.6279800790665948,0.5721630655207255,0.5601376221246823
40,13,0.6078572163344297,0.7173326741917677,0.6078572163344297,0.7438729485358947,0.6522876415844985,0.6078572163344297,0.6078572163344297,0.618197299953818,0.6078572163344297,0.5898341235707129
40,14,0.5860569633362676,0.5934933447335548,0.5860569633362676,0.6925978301462692,0.6834652055140269,0.5860569633362676,0.5860569633362676,0.5882221023221235,0.5860569633362676,0.5736907437259446
40,15,0.5635459254481527,0.6899195072236026,0.5635459254481527,0.7268287980103778,0.6306392872013958,0.5635459254481527,0.5635459254481527,0.5772167586783605,0.5635459254481527,0.5677237065269141
40,16,0.6191278356242339,0.6520211364469335,0.6191278356242339,0.7151895245482468,0.7059908275729161,0.6191278356242339,0.6191278356242339,0.6488630212944747,0.6191278356242339,0.625289231154888
40,17,0.6307142147592545,0.6582479299570471,0.6307142147592545,0.7223405059613095,0.6950381671904943,0.6307142147592545,0.6307142147592545,0.6162766168795274,0.6307142147592545,0.6314566215994075
40,18,0.6335463891449237,0.6608659486277328,0.6335463891449237,0.7439025322008342,0.6758610915325296,0.6335463891449237,0.6335463891449237,0.6047461049868881,0.6335463891449237,0.6360129089918996
40,19,0.5824877991529496,0.6688996095800469,0.5824877991529496,0.7210518934570412,0.6242131925348056,0.5824877991529496,0.5824877991529496,0.5703552194463454,0.5824877991529496,0.5503990465167821
40,20,0.5811264449056219,0.656012655927279,0.5811264449056219,0.7055549098610643,0.5763002525780961,0.5811264449056219,0.5811264449056219,0.5214775546522016,0.5811264449056219,0.5542285240533001
40,21,0.5720270230211972,0.5468121150486434,0.5720270230211972,0.6868434044063522,0.639334041762609,0.5720270230211972,0.5720270230211972,0.512438402172342,0.5720270230211972,0.5401009757405126
40,22,0.47820917891010445,0.6527774922777939,0.47820917891010445,0.7162790698237717,0.6714893929680577,0.47820917891010445,0.4782091789101045,0.5841823861476863,0.47820917891010445,0.44150776749258125
40,23,0.4708636273372199,0.6032021909972092,0.4708636273372199,0.6588735940007091,0.672862372796193,0.4708636273372199,0.4708636273372199,0.5606206924551582,0.4708636273372199,0.40997301002706765
40,24,0.6007135912311317,0.7219103635705988,0.6007135912311317,0.7577711945030932,0.7116309604889461,0.6007135912311317,0.6007135912311317,0.6718238084517361,0.6007135912311317,0.6241580143601548
40,25,0.496507731423485,0.6231818191637088,0.496507731423485,0.6683412933698032,0.6727458274796392,0.496507731423485,0.496507731423485,0.5719922050526293,0.496507731423485,0.46006485966017474
40,26,0.6093525687267843,0.5815919371334111,0.6093525687267843,0.6739581237132322,0.596583577886767,0.6093525687267843,0.6093525687267844,0.4987640445849485,0.6093525687267843,0.5935767994745889
40,27,0.5949772254262317,0.5972891119308383,0.5949772254262317,0.7034761024509182,0.6787147639088287,0.5949772254262317,0.5949772254262315,0.5619337783500987,0.5949772254262317,0.5589338146630525
40,28,0.5530576434558401,0.6568428230965994,0.5530576434558401,0.7160675605286498,0.6885234278856539,0.5530576434558401,0.5530576434558401,0.6214211941757419,0.5530576434558401,0.548793511618529
40,29,0.5972596543015124,0.6769826927728889,0.5972596543015124,0.7384747646380947,0.7072840869584618,0.5972596543015124,0.5972596543015123,0.6407413198376593,0.5972596543015124,0.5745944603282913
40,30,0.5683162408260753,0.6095646179703722,0.5683162408260753,0.6929347031181481,0.6317336343822326,0.5683162408260753,0.5683162408260753,0.5295288608794693,0.5683162408260753,0.5573655845792289
40,31,0.5245189192464175,0.6393118438431685,0.5245189192464175,0.7041458213329819,0.6811407053439573,0.5245189192464175,0.5245189192464175,0.583497134880353,0.5245189192464175,0.5073777551554612
40,32,0.6425963748205034,0.6736494773092073,0.6425963748205034,0.7279051482336598,0.6968399850824292,0.6425963748205034,0.6425963748205034,0.6402139127862578,0.6425963748205034,0.6223845245338036
40,33,0.5377046340777355,0.6823211966705398,0.5377046340777355,0.729505665500658,0.6830737235890428,0.5377046340777355,0.5377046340777355,0.6240367737910073,0.5377046340777355,0.5307975662369486
40,34,0.6455886593336909,0.6898076871160741,0.6455886593336909,0.7288132433777119,0.6605739557875179,0.6455886593336909,0.6455886593336909,0.6177022005146158,0.6455886593336909,0.6515450981932058
40,35,0.5314062566354404,0.6111253382322519,0.5314062566354404,0.6934801305341525,0.6175523183888277,0.5314062566354404,0.5314062566354404,0.5044855512408939,0.5314062566354404,0.5164784084355879
40,36,0.581613744678522,0.6883140011311999,0.581613744678522,0.7344085932439635,0.6030500849366589,0.581613744678522,0.581613744678522,0.5372391815327227,0.581613744678522,0.5954470909483047
40,37,0.49613482257744224,0.653131880212328,0.49613482257744224,0.7037473379351755,0.6808913724036674,0.49613482257744224,0.49613482257744224,0.602214675048993,0.49613482257744224,0.46951415358443344
40,38,0.6246946129307467,0.5923963730477557,0.6246946129307467,0.6810747900452132,0.6660725459985567,0.6246946129307467,0.6246946129307467,0.6002888886205059,0.6246946129307467,0.6295454864981043
40,39,0.5760883190880544,0.6840371623032411,0.5760883190880544,0.7509952621207864,0.6651325507804229,0.5760883190880544,0.5760883190880544,0.6053697469473779,0.5760883190880544,0.5794900099466196
40,40,0.6318058071376407,0.6545843124955258,0.6318058071376407,0.7430561788469829,0.7206109491399609,0.6318058071376407,0.6318058071376407,0.6320640610260525,0.6318058071376407,0.6437709129648655
40,41,0.5955749203421915,0.579471218757879,0.5955749203421915,0.670519009154726,0.5789866274717397,0.5955749203421915,0.5955749203421915,0.5069642776534047,0.5955749203421915,0.5933106761580436
40,42,0.5671057041858065,0.6307060406608367,0.5671057041858065,0.702519617619319,0.6789324122225551,0.5671057041858065,0.5671057041858065,0.6112836319917822,0.5671057041858065,0.5823787760458066
40,43,0.5140159550717787,0.6515369933113635,0.5140159550717787,0.6900049890201814,0.6910536315652954,0.5140159550717787,0.5140159550717787,0.6108669664947463,0.5140159550717787,0.4907279488800884
40,44,0.574704569866419,0.6423812579551059,0.574704569866419,0.7069679867307899,0.6100051364529663,0.574704569866419,0.574704569866419,0.540123441039756,0.574704569866419,0.54143081102935
40,45,0.5643987929759324,0.6052190685966976,0.5643987929759324,0.6980095800164645,0.5941339214187231,0.5643987929759324,0.5643987929759324,0.5189494603246383,0.5643987929759324,0.5561055668589907
40,46,0.5723914756736218,0.6363441025643026,0.5723914756736218,0.7179906878719433,0.7130999624549001,0.5723914756736218,0.5723914756736218,0.6182270322290864,0.5723914756736218,0.5421613296787045
40,47,0.5948381163949518,0.6379076787321566,0.5948381163949518,0.7057523929405157,0.6345386848311521,0.5948381163949518,0.5948381163949519,0.5769438018865164,0.5948381163949518,0.5950951639060874
40,48,0.565759961372851,0.6004421757432987,0.565759961372851,0.6989329564875526,0.6460024789303458,0.565759961372851,0.565759961372851,0.542781152503781,0.565759961372851,0.529526112522154
40,49,0.44903577555329294,0.6282676527318569,0.44903577555329294,0.6896388457169869,0.6476856204892119,0.44903577555329294,0.4490357755532929,0.5512228215126783,0.44903577555329294,0.40280758978088915
41,0,0.5976836720100828,0.5722941831569222,0.5976836720100828,0.6834101815164004,0.6121397363613335,0.5976836720100828,0.5976836720100828,0.5060900453477872,0.5976836720100828,0.595886979886883
41,1,0.587283204336113,0.660082754610073,0.587283204336113,0.7231817065801538,0.6860686394207683,0.587283204336113,0.5872832043361131,0.6060943954615022,0.587283204336113,0.5832393776681924
41,2,0.6026111239089768,0.6368358670367942,0.6026111239089768,0.6993824214591087,0.5823847721764615,0.6026111239089768,0.6026111239089769,0.5382336297164215,0.6026111239089768,0.6088492519319416
41,3,0.5990992945768944,0.6480220600963107,0.5990992945768944,0.6822966209618496,0.5973548389305133,0.5990992945768944,0.5990992945768944,0.5757828722025413,0.5990992945768944,0.6036671167933303
41,4,0.6093205095311989,0.5729309767417956,0.6093205095311989,0.690582483424796,0.651312108708316,0.6093205095311989,0.6093205095311989,0.5377347335466445,0.6093205095311989,0.5717299591714995
41,5,0.5262433322681007,0.6711591428624459,0.5262433322681007,0.7303187342546358,0.6871814603298843,0.5262433322681007,0.5262433322681007,0.6311776129039688,0.5262433322681007,0.5352121266707923
41,6,0.5000373094696452,0.6534822591437536,0.5000373094696452,0.6912369433124721,0.6557056930744677,0.5000373094696452,0.5000373094696453,0.5751693602349939,0.5000373094696452,0.45729930822093173
41,7,0.54478813657366,0.6710842039713287,0.54478813657366,0.7172030669789937,0.6371920898708802,0.54478813657366,0.54478813657366,0.5675238086550604,0.54478813657366,0.5434206772957854
41,8,0.6107274900539831,0.6743757202539482,0.6107274900539831,0.7324006678212885,0.688606285093671,0.6107274900539831,0.610727490053983,0.6169814052236361,0.6107274900539831,0.5734879500495283
41,9,0.5808841888972408,0.6360615590467247,0.5808841888972408,0.6951991306837545,0.6798300686162735,0.5808841888972408,0.5808841888972407,0.6077875025222084,0.5808841888972408,0.573301276177995
41,10,0.5059483746591852,0.6082171296653542,0.5059483746591852,0.6705174691716704,0.6920754949514665,0.5059483746591852,0.5059483746591852,0.5926788754434447,0.5059483746591852,0.46769002322486364
41,11,0.5858202828401622,0.5312933827171495,0.5858202828401622,0.6472389521979477,0.6323903641999524,0.5858202828401622,0.5858202828401622,0.532321635983724,0.5858202828401622,0.5700187711054878
41,12,0.5544155594705977,0.6697054873429229,0.5544155594705977,0.7262426246346461,0.6867546273999112,0.5544155594705977,0.5544155594705977,0.6118107224535645,0.5544155594705977,0.5406276348164604
41,13,0.5933617207443346,0.7060200870130533,0.5933617207443346,0.7377887736215047,0.6360243761854445,0.5933617207443346,0.5933617207443347,0.5983324832828142,0.5933617207443346,0.5748946044413623
41,14,0.5732115406041792,0.5841344667198647,0.5732115406041792,0.684614093882042,0.6799284129079871,0.5732115406041792,0.5732115406041792,0.5779946284132567,0.5732115406041792,0.559134802862262
41,15,0.569303385274496,0.6955627475664226,0.569303385274496,0.7265877262978949,0.6356808047803525,0.569303385274496,0.569303385274496,0.5856662783723695,0.569303385274496,0.5731887318133884
41,16,0.6042159421923453,0.6325358186428611,0.6042159421923453,0.7068570738760354,0.697008734315547,0.6042159421923453,0.6042159421923453,0.6303333407572733,0.6042159421923453,0.6081847671374236
41,17,0.6256059304122171,0.6539094312296296,0.6256059304122171,0.7177660419548118,0.6983832666160852,0.6256059304122171,0.6256059304122171,0.6166426760360686,0.6256059304122171,0.6269710897400632
41,18,0.6302241272302165,0.6608216043834587,0.6302241272302165,0.7424919567056204,0.6802273416145125,0.6302241272302165,0.6302241272302165,0.6092525540283065,0.6302241272302165,0.6342603423827968
41,19,0.5855615790705677,0.6730704516605559,0.5855615790705677,0.7239823497779395,0.625683894332224,0.5855615790705677,0.5855615790705677,0.5729487620836451,0.5855615790705677,0.553017052482009
41,20,0.5843134077224377,0.6500532103350289,0.5843134077224377,0.7016069965327902,0.5677141467472909,0.5843134077224377,0.5843134077224376,0.5121101026040056,0.5843134077224377,0.558119141777327
41,21,0.5720564803110542,0.5479553032574749,0.5720564803110542,0.6895771195825937,0.6335799046055486,0.5720564803110542,0.5720564803110542,0.5047998240028154,0.5720564803110542,0.5411176096750079
41,22,0.48825736713345164,0.6632696742001811,0.48825736713345164,0.7219970617701537,0.6773942232076589,0.48825736713345164,0.4882573671334517,0.5970124290806649,0.48825736713345164,0.4589312780121225
41,23,0.4791184520370738,0.5983748733007038,0.4791184520370738,0.6544145736298581,0.676901881124478,0.4791184520370738,0.47911845203707376,0.5643831534495856,0.4791184520370738,0.4212057128347613
41,24,0.5839276751981607,0.7136033765854801,0.5839276751981607,0.7507381612547845,0.7016485393479515,0.5839276751981607,0.5839276751981607,0.6573696284541657,0.5839276751981607,0.6061754488020156
41,25,0.4923696791376318,0.610128910114814,0.4923696791376318,0.658583331674919,0.6675370822572385,0.4923696791376318,0.4923696791376318,0.5620414232555591,0.4923696791376318,0.45369373583187883
41,26,0.6242889944126863,0.5910955569169882,0.6242889944126863,0.6793458043160837,0.5913651148744954,0.6242889944126863,0.6242889944126861,0.5016796975785991,0.6242889944126863,0.6071989816001278
41,27,0.6201713856718442,0.6407260326742218,0.6201713856718442,0.7246690463622028,0.7077122278949861,0.6201713856718442,0.6201713856718442,0.6131765287502421,0.6201713856718442,0.5874306358589141
41,28,0.5527998689382915,0.6558828622642661,0.5527998689382915,0.7133121724449225,0.6892926212929075,0.5527998689382915,0.5527998689382914,0.6216238177128816,0.5527998689382915,0.5473860386808725
41,29,0.5496234066695951,0.6061645890972932,0.5496234066695951,0.7017615123677242,0.6413333771008323,0.5496234066695951,0.5496234066695951,0.55673602105757,0.5496234066695951,0.5278902463176005
41,30,0.6613689388025268,0.6953841478037246,0.6613689388025268,0.738482590119268,0.7553122288204055,0.6613689388025268,0.6613689388025268,0.6885162104018349,0.6613689388025268,0.6500407572109732
41,31,0.5309027878769407,0.6323534017862104,0.5309027878769407,0.6992952762875813,0.6799674280058312,0.5309027878769407,0.5309027878769407,0.5806968105162655,0.5309027878769407,0.5149316972761726
41,32,0.6419989586801573,0.6702635704270605,0.6419989586801573,0.7192493479069082,0.694798867214628,0.6419989586801573,0.6419989586801573,0.6361170275068679,0.6419989586801573,0.6199798618529055
41,33,0.5492165801238749,0.6939885210227754,0.5492165801238749,0.7371246637354891,0.6958037916400228,0.5492165801238749,0.5492165801238749,0.640810000244286,0.5492165801238749,0.5458736494465493
41,34,0.6451210597041652,0.6896986682381434,0.6451210597041652,0.7270586997978116,0.6604374509964113,0.6451210597041652,0.6451210597041651,0.6197858051979039,0.6451210597041652,0.6523676089458712
41,35,0.6122193112885631,0.6602615671787244,0.6122193112885631,0.7334073841343416,0.6989259605018625,0.6122193112885631,0.6122193112885631,0.6105759167497598,0.6122193112885631,0.6104444041985743
41,36,0.599012502435802,0.634134855019655,0.599012502435802,0.7324540410265605,0.6090018609651302,0.599012502435802,0.599012502435802,0.5493969222943355,0.599012502435802,0.6111969589130232
41,37,0.5004883684127529,0.6506030538450583,0.5004883684127529,0.7010726139879516,0.6873484638206273,0.5004883684127529,0.5004883684127529,0.6063697661109437,0.5004883684127529,0.474872061751434
41,38,0.6147240172532369,0.583200913425278,0.6147240172532369,0.677009444440159,0.6600626632296497,0.6147240172532369,0.6147240172532369,0.58835407731278,0.6147240172532369,0.6193790646764815
41,39,0.5658518644001962,0.6518811638724225,0.5658518644001962,0.7275023332593747,0.6508966738156476,0.5658518644001962,0.5658518644001962,0.58123330246637,0.5658518644001962,0.5628391047447251
41,40,0.6174406856095935,0.6413535060215511,0.6174406856095935,0.7383900404172634,0.7144607590294512,0.6174406856095935,0.6174406856095935,0.6178810135396975,0.6174406856095935,0.6291736546170243
41,41,0.5911907091893642,0.5844927463684536,0.5911907091893642,0.6745077458315956,0.578716947681204,0.5911907091893642,0.5911907091893642,0.5108267702733474,0.5911907091893642,0.5930861024555201
41,42,0.624298008157532,0.6792925745369451,0.624298008157532,0.7279912097161226,0.7235575830585845,0.624298008157532,0.624298008157532,0.6754576277095264,0.624298008157532,0.6407544092923676
41,43,0.5112028303530517,0.6542497205083979,0.5112028303530517,0.6943631748964244,0.6937933236970002,0.5112028303530517,0.5112028303530517,0.6141219834638282,0.5112028303530517,0.48682279603640727
41,44,0.5805845051124195,0.6504252845803769,0.5805845051124195,0.7119856935574992,0.621155652085815,0.5805845051124195,0.5805845051124195,0.5533179920790088,0.5805845051124195,0.5481060297845591
41,45,0.6661557019416628,0.6934336709949884,0.6661557019416628,0.7513638985933524,0.721284854150506,0.6661557019416628,0.6661557019416628,0.6717610361854073,0.6661557019416628,0.6583061662305821
41,46,0.5566376798880958,0.6181141872093598,0.5566376798880958,0.7051804835826028,0.6967538306825705,0.5566376798880958,0.5566376798880958,0.59825414859457,0.5566376798880958,0.525012318952999
41,47,0.589264927249322,0.6389032134395203,0.589264927249322,0.7057675349547128,0.6290330005461529,0.589264927249322,0.589264927249322,0.5704621600400712,0.589264927249322,0.5875731157163512
41,48,0.6565907247822135,0.6673183019596484,0.6565907247822135,0.7241428571852433,0.7136851860026672,0.6565907247822135,0.6565907247822136,0.6537501555752585,0.6565907247822135,0.6347352188238915
41,49,0.46238875575288324,0.6393964788559349,0.46238875575288324,0.7024628042922678,0.6641437325266862,0.46238875575288324,0.46238875575288324,0.5700063146659999,0.46238875575288324,0.4226319576199685
42,0,0.5954542105014217,0.5787182076092661,0.5954542105014217,0.6887236178931329,0.6124910908872309,0.5954542105014217,0.5954542105014217,0.5084677453832493,0.5954542105014217,0.5980864194612483
42,1,0.5858050431066085,0.6575687176951235,0.5858050431066085,0.7231384146443243,0.6795651884915996,0.5858050431066085,0.5858050431066085,0.5986496440125986,0.5858050431066085,0.5798368879589069
42,2,0.5999503965257867,0.6389988456765315,0.5999503965257867,0.7007398278086573,0.5758586311632024,0.5999503965257867,0.5999503965257869,0.5345783639558755,0.5999503965257867,0.6074427363713129
42,3,0.6052698069376656,0.6560345677954313,0.6052698069376656,0.6910443919768982,0.607758726050537,0.6052698069376656,0.6052698069376656,0.5845617450947669,0.6052698069376656,0.6094409090791035
42,4,0.6095820010569313,0.5772527216801076,0.6095820010569313,0.6959586651930442,0.6517083677028053,0.6095820010569313,0.6095820010569313,0.5407365014315201,0.6095820010569313,0.5747504212804497
42,5,0.5336506791020414,0.6732616247621466,0.5336506791020414,0.7294405750522545,0.6952993214197103,0.5336506791020414,0.5336506791020414,0.638563239346631,0.5336506791020414,0.5443030594370777
42,6,0.5090437132242694,0.6596039809984314,0.5090437132242694,0.6955672341163444,0.6642108062036446,0.5090437132242694,0.5090437132242696,0.5873194271181696,0.5090437132242694,0.4709614370398421
42,7,0.5755025185982827,0.6785670134183938,0.5755025185982827,0.7213845160291058,0.6734350355104028,0.5755025185982827,0.5755025185982827,0.6131122722146591,0.5755025185982827,0.5807625417737173
42,8,0.6044319003678258,0.6685290995881406,0.6044319003678258,0.7276588811688167,0.6789289296769122,0.6044319003678258,0.6044319003678258,0.6070157188301915,0.6044319003678258,0.5674754914759248
42,9,0.5687056903585361,0.6299575287227159,0.5687056903585361,0.6914205854636223,0.6715603254463656,0.5687056903585361,0.5687056903585361,0.5944536636943307,0.5687056903585361,0.5558612927057671
42,10,0.5072895641371156,0.6125261015502149,0.5072895641371156,0.6734126707450279,0.6964292988289355,0.5072895641371156,0.5072895641371156,0.59672784294972,0.5072895641371156,0.4680695899462963
42,11,0.5897634709719781,0.5362404991679103,0.5897634709719781,0.6542565412427991,0.637402160528978,0.5897634709719781,0.5897634709719781,0.5366886924904609,0.5897634709719781,0.5741867026369256
42,12,0.5967682658196101,0.7053122452664958,0.5967682658196101,0.7475140157772746,0.7241358786526055,0.5967682658196101,0.5967682658196101,0.6629792724239366,0.5967682658196101,0.5868390704177691
42,13,0.5920846496575752,0.7043597965830728,0.5920846496575752,0.7357049939137654,0.6313328766038812,0.5920846496575752,0.5920846496575752,0.5940919594625989,0.5920846496575752,0.5729077459783635
42,14,0.6659316592733825,0.6997902279983114,0.6659316592733825,0.7564290071258475,0.7540150771291758,0.6659316592733825,0.6659316592733826,0.6950780552892667,0.6659316592733825,0.6617125391214038
42,15,0.5785618951091885,0.6972972428301933,0.5785618951091885,0.7312443891337258,0.6455040570206355,0.5785618951091885,0.5785618951091884,0.5971289406462896,0.5785618951091885,0.5867762865071917
42,16,0.605530183360943,0.6325152974369953,0.605530183360943,0.7070927584279413,0.6915651666670695,0.605530183360943,0.605530183360943,0.6255436238154258,0.605530183360943,0.609467564363632
42,17,0.6173624425873239,0.6480048484216449,0.6173624425873239,0.7134992514217815,0.690289050148431,0.6173624425873239,0.6173624425873239,0.6087735432327379,0.6173624425873239,0.6191501642542511
42,18,0.6184520835364137,0.6515909331927066,0.6184520835364137,0.7372811561059818,0.6731369105843352,0.6184520835364137,0.6184520835364136,0.5970590243055576,0.6184520835364137,0.6231140482567117
42,19,0.5765599145013778,0.6627131676454563,0.5765599145013778,0.7184355974026204,0.6199827144674539,0.5765599145013778,0.5765599145013778,0.565466196530966,0.5765599145013778,0.5447039480475342
42,20,0.5820386916391384,0.6520667677929017,0.5820386916391384,0.7017932019543881,0.5732198771935747,0.5820386916391384,0.5820386916391384,0.5171898956948459,0.5820386916391384,0.5560228384921615
42,21,0.6649959024631034,0.647269822193802,0.6649959024631034,0.7363256526312795,0.7481231814769008,0.6649959024631034,0.6649959024631034,0.6479598090797873,0.6649959024631034,0.6309158147839415
42,22,0.4899771338949051,0.6584729157048381,0.4899771338949051,0.7213102218355779,0.6776707123053348,0.4899771338949051,0.4899771338949051,0.5941719424548,0.4899771338949051,0.46088453259438894
42,23,0.48156387172121545,0.5917696911156891,0.48156387172121545,0.65421899481231,0.679934103154758,0.48156387172121545,0.4815638717212155,0.5616793505450824,0.48156387172121545,0.4221667810212362
42,24,0.5679190785016331,0.6979590999862864,0.5679190785016331,0.7409563996508064,0.6871121805436691,0.5679190785016331,0.5679190785016331,0.6361994932380599,0.5679190785016331,0.5865088646270853
42,25,0.5001188048740757,0.6220917506427226,0.5001188048740757,0.6679709552585371,0.6760970745147584,0.5001188048740757,0.5001188048740757,0.5763711913211328,0.5001188048740757,0.46628255113585393
42,26,0.6121025043063862,0.5792566003139791,0.6121025043063862,0.6736461760179541,0.5888008533671916,0.6121025043063862,0.6121025043063864,0.4901581868555759,0.6121025043063862,0.5944085929909987
42,27,0.6157680319268701,0.6590015632075187,0.6157680319268701,0.7278867851225681,0.7076144906710106,0.6157680319268701,0.6157680319268701,0.6270878426187504,0.6157680319268701,0.5868578025407665
42,28,0.5631844464022753,0.6693863510948641,0.5631844464022753,0.719592502013328,0.7001153909699609,0.5631844464022753,0.5631844464022753,0.6365907457907123,0.5631844464022753,0.5584847131126612
42,29,0.6134698986920127,0.6883086269613123,0.6134698986920127,0.7509739537920582,0.7148641249974854,0.6134698986920127,0.6134698986920126,0.6481400122397667,0.6134698986920127,0.5897160459558687
42,30,0.6476794764370952,0.6853006148955532,0.6476794764370952,0.7332711840528786,0.74436355703315,0.6476794764370952,0.6476794764370952,0.6738651620408431,0.6476794764370952,0.6380415558998029
42,31,0.5367589342705645,0.6394816559760798,0.5367589342705645,0.7040819671974133,0.6880877911692747,0.5367589342705645,0.5367589342705645,0.5898691891720096,0.5367589342705645,0.5202506646607882
42,32,0.6456370733652853,0.6693840561365594,0.6456370733652853,0.7222499203984486,0.7009000735951818,0.6456370733652853,0.6456370733652854,0.6428650653332298,0.6456370733652853,0.6275394162608093
42,33,0.5551019050317418,0.6931295493435996,0.5551019050317418,0.736455475875498,0.6946654657030558,0.5551019050317418,0.5551019050317418,0.6393536366524967,0.5551019050317418,0.5506519765049035
42,34,0.65168613248365,0.6915627862756968,0.65168613248365,0.7300591941931049,0.6624464099290021,0.65168613248365,0.6516861324836499,0.6234400497892623,0.65168613248365,0.6585599613575019
42,35,0.6123536811344086,0.6690003735841759,0.6123536811344086,0.7391167957446676,0.6965347188205269,0.6123536811344086,0.6123536811344086,0.6111269377123636,0.6123536811344086,0.6112496996840009
42,36,0.5854783180872499,0.6871049939217613,0.5854783180872499,0.7332552322060926,0.6024596687386894,0.5854783180872499,0.5854783180872499,0.5376739023846104,0.5854783180872499,0.5980846224668819
42,37,0.5040573467456617,0.655019555186967,0.5040573467456617,0.7015329997362827,0.6907753841111166,0.5040573467456617,0.5040573467456617,0.6103066513256756,0.5040573467456617,0.4778261184620275
42,38,0.602719102996717,0.5759822724870716,0.602719102996717,0.6706806563759212,0.6485297511277082,0.602719102996717,0.6027191029967169,0.5728473543122719,0.602719102996717,0.6063688483134921
42,39,0.6520057951874594,0.7299428059697185,0.6520057951874594,0.7698099761541622,0.7379935222095477,0.6520057951874594,0.6520057951874594,0.6913782207957816,0.6520057951874594,0.6496515618272014
42,40,0.6163103434208909,0.6351481247669719,0.6163103434208909,0.7359151938286883,0.7135098060506196,0.6163103434208909,0.6163103434208907,0.6155794868313176,0.6163103434208909,0.6284157181417729
42,41,0.5961731728093789,0.5827360732286199,0.5961731728093789,0.6730032452790037,0.5853528519269253,0.5961731728093789,0.5961731728093789,0.5167864786481936,0.5961731728093789,0.597741173740511
42,42,0.6256415207655773,0.6740294830581518,0.6256415207655773,0.7241790784267963,0.7197292050783637,0.6256415207655773,0.6256415207655772,0.6716292760445449,0.6256415207655773,0.6423674489725949
42,43,0.5260092536777241,0.6645921803580354,0.5260092536777241,0.7024878558908436,0.7012258477217335,0.5260092536777241,0.5260092536777241,0.6263482381198706,0.5260092536777241,0.5073590757713259
42,44,0.5787758089301679,0.6510193106504145,0.5787758089301679,0.7111703181754638,0.621571821459652,0.5787758089301679,0.578775808930168,0.553765115240701,0.5787758089301679,0.5459684311920816
42,45,0.6664268576886733,0.6901750628789955,0.6664268576886733,0.7498528074605456,0.7223470294150537,0.6664268576886733,0.6664268576886733,0.6688537142552289,0.6664268576886733,0.6586410629884569
42,46,0.6057140823408379,0.6670555211629637,0.6057140823408379,0.7402915926163407,0.735904184295294,0.6057140823408379,0.605714082340838,0.6521545298536902,0.6057140823408379,0.5747673438417888
42,47,0.5838490604750727,0.639337354567471,0.5838490604750727,0.7053530106715185,0.6325438082685799,0.5838490604750727,0.5838490604750728,0.5731109609537455,0.5838490604750727,0.5851708612554296
42,48,0.6418081832351222,0.6621003961491274,0.6418081832351222,0.7227276778920696,0.7048525493567483,0.6418081832351222,0.6418081832351221,0.6402876137146667,0.6418081832351222,0.6175616890311248
42,49,0.46773437107245813,0.649584258909184,0.46773437107245813,0.7090929246741328,0.6764622498335612,0.46773437107245813,0.46773437107245813,0.5854080031607127,0.46773437107245813,0.42830721126593146
43,0,0.5978627388793387,0.5756437722353155,0.5978627388793387,0.6874838996816479,0.6137791193532183,0.5978627388793387,0.5978627388793388,0.5076781538348956,0.5978627388793387,0.5977310756179928
43,1,0.6411146824332242,0.6951614085216677,0.6411146824332242,0.7401405227291651,0.7332272258290129,0.6411146824332242,0.6411146824332242,0.6743812451475686,0.6411146824332242,0.6386957165643812
43,2,0.6037876499243635,0.6444920782956263,0.6037876499243635,0.7034188978798979,0.5808029324879379,0.6037876499243635,0.6037876499243635,0.5427863209666576,0.6037876499243635,0.6119982170756968
43,3,0.608311341809289,0.6605394103170701,0.608311341809289,0.6922393990282205,0.6045192442375156,0.608311341809289,0.6083113418092889,0.5854464139330559,0.608311341809289,0.613891635736781
43,4,0.6087441874122961,0.574341307101533,0.6087441874122961,0.6952506799507019,0.6507022454845536,0.6087441874122961,0.6087441874122961,0.5388415911034901,0.6087441874122961,0.5741316866267153
43,5,0.5336479842711082,0.6761681372074544,0.5336479842711082,0.7293869960426609,0.6956794628573468,0.5336479842711082,0.5336479842711082,0.6408508571770261,0.5336479842711082,0.5447417915286811
43,6,0.5119924158165017,0.6603763490391036,0.5119924158165017,0.6995797676689143,0.6690906285804041,0.5119924158165017,0.5119924158165017,0.5910917807575868,0.5119924158165017,0.47556311513469524
43,7,0.585942386559001,0.6875289331815537,0.585942386559001,0.7243091667881065,0.6848975021462154,0.585942386559001,0.585942386559001,0.6298966214926924,0.585942386559001,0.5932332115103438
43,8,0.5974221804843504,0.6581580486824059,0.5974221804843504,0.7232066955398726,0.668531475012405,0.5974221804843504,0.5974221804843503,0.593366190192065,0.5974221804843504,0.55985951232737
43,9,0.5910717649274816,0.6476943372680701,0.5910717649274816,0.7008387197009645,0.6866508012469958,0.5910717649274816,0.5910717649274816,0.6202699660349514,0.5910717649274816,0.5864596698977348
43,10,0.5122005682747962,0.6160336775470718,0.5122005682747962,0.6756446211406915,0.6988820708745053,0.5122005682747962,0.5122005682747961,0.6016034628780399,0.5122005682747962,0.47779833881038053
43,11,0.595204241701059,0.5429520950656759,0.595204241701059,0.6594910073874872,0.6407197511820575,0.595204241701059,0.595204241701059,0.5415904491479908,0.595204241701059,0.5794921611082224
43,12,0.5876095576546533,0.6944220253379348,0.5876095576546533,0.7415338284196666,0.7118567569131417,0.5876095576546533,0.5876095576546533,0.6446119212134978,0.5876095576546533,0.5770108681327176
43,13,0.5855757037016662,0.702385150932161,0.5855757037016662,0.7337551647974485,0.6272388968016007,0.5855757037016662,0.5855757037016662,0.5897471030921899,0.5855757037016662,0.5675396677288396
43,14,0.656431543906741,0.6834999928714195,0.656431543906741,0.7484238546417601,0.7490358706779003,0.656431543906741,0.656431543906741,0.6806476360558293,0.656431543906741,0.6487763756502996
43,15,0.5878569245492872,0.6975289731944246,0.5878569245492872,0.7335001220779619,0.6590299432577623,0.5878569245492872,0.5878569245492872,0.6093873707883186,0.5878569245492872,0.5969136205649597
43,16,0.5946712227274978,0.6257725157974221,0.5946712227274978,0.6997363496747682,0.6894609501481079,0.5946712227274978,0.5946712227274977,0.6215186276435568,0.5946712227274978,0.5970056183214232
43,17,0.6150203557306927,0.6467453325079706,0.6150203557306927,0.7120137478578792,0.6940402352867927,0.6150203557306927,0.6150203557306928,0.6110744176596574,0.6150203557306927,0.6176212920049795
43,18,0.622378359280993,0.6541389878974571,0.622378359280993,0.7393135444586625,0.6762992940665267,0.622378359280993,0.622378359280993,0.6032761714747847,0.622378359280993,0.6281292736548827
43,19,0.6521841186550786,0.7319541571025394,0.6521841186550786,0.7628759201900819,0.7295758581289844,0.6521841186550786,0.6521841186550786,0.680701197423121,0.6521841186550786,0.616343607159477
43,20,0.6716882827728844,0.748334741510302,0.6716882827728844,0.7650417736499008,0.7240674209789255,0.6716882827728844,0.6716882827728845,0.683256947215473,0.6716882827728844,0.650756928305909
43,21,0.660765947149905,0.6416907892123491,0.660765947149905,0.7356437944090191,0.7463949496043369,0.660765947149905,0.660765947149905,0.6431733906095056,0.660765947149905,0.6252366844065831
43,22,0.49451634428899816,0.6609305440398572,0.49451634428899816,0.7202236365863384,0.6801701389709892,0.49451634428899816,0.49451634428899816,0.5968531027896444,0.49451634428899816,0.46536393609814464
43,23,0.4869874512874462,0.6057450405474812,0.4869874512874462,0.6608669644878028,0.6873458868565063,0.4869874512874462,0.4869874512874462,0.5746739069982798,0.4869874512874462,0.4304822404966627
43,24,0.614925107395982,0.7296432280790994,0.614925107395982,0.7651563055589724,0.7252272604762353,0.614925107395982,0.614925107395982,0.6865963141956946,0.614925107395982,0.63935710088848
43,25,0.505328005993304,0.6350996757541709,0.505328005993304,0.676371518341017,0.6872254961565325,0.505328005993304,0.505328005993304,0.591849403964512,0.505328005993304,0.4739081846002926
43,26,0.6058314468742424,0.5719416717210936,0.6058314468742424,0.6696573245822354,0.5867244591238364,0.6058314468742424,0.6058314468742423,0.4818019965902387,0.6058314468742424,0.5854709942060206
43,27,0.6091655102899332,0.6512339171867945,0.6091655102899332,0.721602028438787,0.7008158761781493,0.6091655102899332,0.6091655102899332,0.6192560840414505,0.6091655102899332,0.5805712470999034
43,28,0.5622668100068923,0.6719089820585185,0.5622668100068923,0.7219361508919091,0.7005800327509052,0.5622668100068923,0.5622668100068922,0.6380300252798876,0.5622668100068923,0.5577997248554714
43,29,0.6133586672221116,0.6923272436463648,0.6133586672221116,0.7513906388518052,0.71997951479163,0.6133586672221116,0.6133586672221115,0.6549370956588153,0.6133586672221116,0.5899104277963226
43,30,0.6353486734880581,0.6749167610391476,0.6353486734880581,0.7270293062032209,0.732713056353973,0.6353486734880581,0.6353486734880582,0.6600096487895355,0.6353486734880581,0.6264013353401436
43,31,0.5478841256151765,0.6486689629800426,0.5478841256151765,0.7103374616988111,0.6978390598443072,0.5478841256151765,0.5478841256151765,0.6039686875181911,0.5478841256151765,0.531807172222519
43,32,0.6391358402013577,0.6704232691460175,0.6391358402013577,0.7220777887891228,0.6944891866412597,0.6391358402013577,0.6391358402013578,0.6379908869859294,0.6391358402013577,0.6214671897166275
43,33,0.547143604659753,0.6689743731945286,0.547143604659753,0.720670103602379,0.6816815611776448,0.547143604659753,0.547143604659753,0.6156528283574935,0.547143604659753,0.5355913256000455
43,34,0.6479694960006386,0.6929400121261456,0.6479694960006386,0.7300941802271265,0.6610130143956641,0.6479694960006386,0.6479694960006386,0.6243448571394803,0.6479694960006386,0.6552917279376549
43,35,0.6108158619235536,0.6727267417076797,0.6108158619235536,0.7411024810601349,0.6921725621360406,0.6108158619235536,0.6108158619235535,0.6112417571563824,0.6108158619235536,0.6125813811831813
43,36,0.6975938783848818,0.7849692862647923,0.6975938783848818,0.7936140762836366,0.710387203553116,0.6975938783848818,0.6975938783848818,0.7020722375824713,0.6975938783848818,0.7152550503314639
43,37,0.5136825394376892,0.6596340907967675,0.5136825394376892,0.7073872423932848,0.6991043999487019,0.5136825394376892,0.5136825394376892,0.6199763382748434,0.5136825394376892,0.490773145952588
43,38,0.6045171127804402,0.5793724980484742,0.6045171127804402,0.6755850111710834,0.6538363675219894,0.6045171127804402,0.6045171127804401,0.5775401881910519,0.6045171127804402,0.6096666709601827
43,39,0.6429086964331496,0.7267095291454101,0.6429086964331496,0.7728475585514156,0.7330993240391617,0.6429086964331496,0.6429086964331496,0.6832731453490222,0.6429086964331496,0.640937900110741
43,40,0.6108285926765832,0.6309496070390085,0.6108285926765832,0.7296051310834892,0.7103474329614134,0.6108285926765832,0.6108285926765832,0.6126693066762673,0.6108285926765832,0.6219283482875867
43,41,0.5922501494469603,0.5820067369905089,0.5922501494469603,0.6706754066016035,0.5820467482769073,0.5922501494469603,0.5922501494469603,0.5135888547870593,0.5922501494469603,0.5926595081126098
43,42,0.6101380654812322,0.6628424604958872,0.6101380654812322,0.7174467851570728,0.7099642116446495,0.6101380654812322,0.6101380654812323,0.6584400151853322,0.6101380654812322,0.6265974530542914
43,43,0.5219134823599619,0.6452895206965957,0.5219134823599619,0.6916583488629171,0.6896114352552358,0.5219134823599619,0.521913482359962,0.6051844657299186,0.5219134823599619,0.4990329442221522
43,44,0.6419233175636163,0.7096710423002845,0.6419233175636163,0.7455332104319278,0.7000560802610741,0.6419233175636163,0.6419233175636163,0.6488930510452191,0.6419233175636163,0.6101518054294172
43,45,0.6542586738476787,0.6839210723495954,0.6542586738476787,0.7459612686390171,0.7153827944166359,0.6542586738476787,0.6542586738476787,0.656965828804462,0.6542586738476787,0.6441779715294154
43,46,0.6000934084156596,0.6629117188605953,0.6000934084156596,0.7411259245829518,0.7306158809858254,0.6000934084156596,0.6000934084156596,0.6431817554389289,0.6000934084156596,0.5696552649280925
43,47,0.6778890887503539,0.7335529237713074,0.6778890887503539,0.7658460394784234,0.7524366543022187,0.6778890887503539,0.6778890887503539,0.7023004993086905,0.6778890887503539,0.6687091187942287
43,48,0.6354939155828413,0.6566581953724928,0.6354939155828413,0.7232686894179108,0.6994113383299772,0.6354939155828413,0.6354939155828413,0.629787585240603,0.6354939155828413,0.6127929454998509
43,49,0.4632327953862264,0.6276446706535189,0.4632327953862264,0.6941825672979567,0.666874142816765,0.4632327953862264,0.4632327953862264,0.5635496081446965,0.4632327953862264,0.4183144328193631
44,0,0.5979230473371214,0.5760009034154874,0.5979230473371214,0.6895731687343081,0.6161251959701581,0.5979230473371214,0.5979230473371213,0.5094499571774147,0.5979230473371214,0.59801131098865
44,1,0.6266693664536108,0.6775891333216284,0.6266693664536108,0.7312887395752521,0.7148985862906493,0.6266693664536108,0.6266693664536109,0.646708077769613,0.6266693664536108,0.6199903912514338
44,2,0.6083723936687084,0.6469331511684573,0.6083723936687084,0.7061854162807194,0.5841109660314273,0.6083723936687084,0.6083723936687084,0.5453262494021824,0.6083723936687084,0.6151945102843434
44,3,0.6031922781385186,0.6576301586585808,0.6031922781385186,0.6905084326048054,0.6090885248001743,0.6031922781385186,0.6031922781385186,0.5863808369046374,0.6031922781385186,0.6063261315485595
44,4,0.6075730510587758,0.5725331275538591,0.6075730510587758,0.6915164675627896,0.6511498856190643,0.6075730510587758,0.6075730510587758,0.537327811134111,0.6075730510587758,0.5703353676915203
44,5,0.5505968911129401,0.6857902588001099,0.5505968911129401,0.737445540087959,0.7026496420374893,0.5505968911129401,0.5505968911129401,0.652277030586115,0.5505968911129401,0.5638033501639744
44,6,0.516583757250373,0.6711046985074592,0.516583757250373,0.7037477978197402,0.6680271388035677,0.516583757250373,0.516583757250373,0.5947145144132924,0.516583757250373,0.48275234447481563
44,7,0.6004899202636697,0.6900013068980597,0.6004899202636697,0.7273468880147498,0.6947370966075234,0.6004899202636697,0.6004899202636698,0.6424496828696553,0.6004899202636697,0.6093004226925608
44,8,0.5993419222860938,0.6645324757186963,0.5993419222860938,0.7267213818343103,0.67268304062953,0.5993419222860938,0.5993419222860938,0.6007137501145279,0.5993419222860938,0.5634693991450285
44,9,0.6060290058592129,0.6583157668294843,0.6060290058592129,0.7061858901460762,0.69133272606588,0.6060290058592129,0.6060290058592129,0.6314347353279176,0.6060290058592129,0.6055186518056184
44,10,0.5239449202576295,0.6267213165546589,0.5239449202576295,0.6840931377370808,0.7083585010345721,0.5239449202576295,0.5239449202576295,0.6155749103147522,0.5239449202576295,0.49692831179954994
44,11,0.7311460103074495,0.6816225651101415,0.7311460103074495,0.7359270532807922,0.7395101393774963,0.7311460103074495,0.7311460103074494,0.6946113879421275,0.7311460103074495,0.7212209846150704
44,12,0.6016237006849424,0.7065931879124188,0.6016237006849424,0.7489902014328769,0.722462978007896,0.6016237006849424,0.6016237006849424,0.6607466685425856,0.6016237006849424,0.5912995875929992
44,13,0.6540190197450263,0.7409657076213372,0.6540190197450263,0.763399950140316,0.7042601612201658,0.6540190197450263,0.6540190197450262,0.680044622258838,0.6540190197450263,0.6413771371858392
44,14,0.6475461287685004,0.6824966968447304,0.6475461287685004,0.7459714554743321,0.7431557932803639,0.6475461287685004,0.6475461287685004,0.6764302437224057,0.6475461287685004,0.6429283285625393
44,15,0.6042547849278663,0.7037036323036252,0.6042547849278663,0.7383773395431396,0.6699030858169284,0.6042547849278663,0.6042547849278663,0.6249409390843923,0.6042547849278663,0.6177296121808125
44,16,0.6716795478036524,0.7047347557819406,0.6716795478036524,0.7444408695727633,0.7504101522282982,0.6716795478036524,0.6716795478036524,0.7106800102495199,0.6716795478036524,0.685853312660389
44,17,0.6129543496569155,0.6438227443819132,0.6129543496569155,0.7090786963770894,0.6909035900583438,0.6129543496569155,0.6129543496569154,0.6068812657211862,0.6129543496569155,0.6146343133053017
44,18,0.6164199951623138,0.6468461583823779,0.6164199951623138,0.7356354536090948,0.6683599042897987,0.6164199951623138,0.6164199951623138,0.5910856714450665,0.6164199951623138,0.6217727090097288
44,19,0.6468422203436875,0.7249805730523581,0.6468422203436875,0.7579750571836739,0.7216685107040277,0.6468422203436875,0.6468422203436877,0.6716196023741253,0.6468422203436875,0.610374812698885
44,20,0.6646816294211605,0.7389638480978531,0.6646816294211605,0.7584851058957223,0.7101323309102998,0.6646816294211605,0.6646816294211606,0.6689252813107227,0.6646816294211605,0.6432452834409854
44,21,0.6564549610582991,0.6377790109177879,0.6564549610582991,0.7342994982515746,0.7429248991414237,0.6564549610582991,0.6564549610582991,0.6374269601381326,0.6564549610582991,0.6211903842327173
44,22,0.5041127301676008,0.6619468171051163,0.5041127301676008,0.7205709377059302,0.6857114435501419,0.5041127301676008,0.5041127301676008,0.6021982446542973,0.5041127301676008,0.4766980749085055
44,23,0.4910088824415317,0.6111331116735782,0.4910088824415317,0.6646868443204796,0.6892624961724174,0.4910088824415317,0.49100888244153174,0.5807317352907562,0.4910088824415317,0.43917224703778857
44,24,0.5988077882100775,0.7203611505299975,0.5988077882100775,0.7577711062288685,0.7143515613639625,0.5988077882100775,0.5988077882100775,0.6723077402707185,0.5988077882100775,0.6218682866840485
44,25,0.522014863758176,0.6417225113638185,0.522014863758176,0.6814488033854256,0.6893033264014312,0.522014863758176,0.5220148637581759,0.6015694100168143,0.522014863758176,0.49898388775442837
44,26,0.6184715049041741,0.5805068678409027,0.6184715049041741,0.6742240632304091,0.5917115881438483,0.6184715049041741,0.6184715049041741,0.4928846673410682,0.6184715049041741,0.5985256713367295
44,27,0.6031034416429251,0.6643853661854147,0.6031034416429251,0.7235066494316873,0.7048202920989382,0.6031034416429251,0.6031034416429251,0.6313948671364658,0.6031034416429251,0.5779592158729137
44,28,0.5731713969157939,0.6821607235731496,0.5731713969157939,0.7283376529715615,0.7072539675021297,0.5731713969157939,0.5731713969157939,0.6488369042185163,0.5731713969157939,0.5707727701639328
44,29,0.6061820536711822,0.6853529073391034,0.6061820536711822,0.74500916625867,0.7102604331217786,0.6061820536711822,0.6061820536711822,0.6448308182007556,0.6061820536711822,0.582988520063739
44,30,0.6289496580491859,0.6697152136852307,0.6289496580491859,0.7224405331296551,0.72669989503962,0.6289496580491859,0.6289496580491858,0.6534856045193239,0.6289496580491859,0.6205965573803386
44,31,0.5535144637616327,0.6554047881794578,0.5535144637616327,0.7165224086664542,0.7033627683243853,0.5535144637616327,0.5535144637616327,0.6122865253097116,0.5535144637616327,0.5389255250090217
44,32,0.6432777024205993,0.6710916362634756,0.6432777024205993,0.7257444043798442,0.7012581133803444,0.6432777024205993,0.6432777024205993,0.6436465038386848,0.6432777024205993,0.6270953056240958
44,33,0.5742334390791186,0.7018188502006891,0.5742334390791186,0.7429074038571464,0.7139630102734369,0.5742334390791186,0.5742334390791186,0.6584905333882962,0.5742334390791186,0.5679964082254492
44,34,0.6505794862221193,0.6929645471759732,0.6505794862221193,0.7292095514033934,0.6584277562323766,0.6505794862221193,0.6505794862221193,0.6222760355641666,0.6505794862221193,0.6567736180563746
44,35,0.6055858455584958,0.6742995744405919,0.6055858455584958,0.7405699396612867,0.6902390390796556,0.6055858455584958,0.6055858455584958,0.6103309533120543,0.6055858455584958,0.6069545122559594
44,36,0.6839545956299321,0.7773061168377033,0.6839545956299321,0.7879858168602308,0.6978915501349264,0.6839545956299321,0.683954595629932,0.684147379079592,0.6839545956299321,0.7013498445377002
44,37,0.5189672887482538,0.6625679385241865,0.5189672887482538,0.7095835569939439,0.7018813805403963,0.5189672887482538,0.5189672887482538,0.6236874738223748,0.5189672887482538,0.49747158779775397
44,38,0.6059959244863768,0.573232656168895,0.6059959244863768,0.6727447521351066,0.6482741189269344,0.6059959244863768,0.6059959244863768,0.5701232105280675,0.6059959244863768,0.6093666681413132
44,39,0.636754817684001,0.7217062416766804,0.636754817684001,0.7708527340254856,0.7296308526400628,0.636754817684001,0.636754817684001,0.6761243680635443,0.636754817684001,0.6341547184522107
44,40,0.6037334745300842,0.6250360469419948,0.6037334745300842,0.7273201514176388,0.705616924791012,0.6037334745300842,0.6037334745300842,0.6045445644658589,0.6037334745300842,0.6152847191127333
44,41,0.6923579148067299,0.7540884102163187,0.6923579148067299,0.7816041220794635,0.7103101716281763,0.6923579148067299,0.69235791480673,0.6830121852510883,0.6923579148067299,0.7048201262009802
44,42,0.5997251458298467,0.6560307981706477,0.5997251458298467,0.713431320002519,0.7069701641824355,0.5997251458298467,0.5997251458298467,0.6505586776638557,0.5997251458298467,0.615603401782457
44,43,0.5316619867984879,0.6566066972878741,0.5316619867984879,0.7019462208276384,0.7031382912174644,0.5316619867984879,0.5316619867984879,0.6206461275243136,0.5316619867984879,0.511421019270854
44,44,0.6377374087973964,0.7073859116072075,0.6377374087973964,0.7440232549041774,0.6930897922225816,0.6377374087973964,0.6377374087973965,0.6410004938953218,0.6377374087973964,0.6049992174978618
44,45,0.649690656640161,0.6834140138534331,0.649690656640161,0.7426024147067216,0.7093522982522693,0.649690656640161,0.649690656640161,0.6537262137741191,0.649690656640161,0.6392097335260838
44,46,0.5919011223784987,0.6542457483379162,0.5919011223784987,0.737078368446391,0.7242479669399748,0.5919011223784987,0.5919011223784987,0.6330680986657549,0.5919011223784987,0.5608303884234787
44,47,0.6745931246685474,0.7280069405178686,0.6745931246685474,0.7609368742368483,0.7462420614666568,0.6745931246685474,0.6745931246685474,0.6961789818198089,0.6745931246685474,0.6670349676789963
44,48,0.6218530530994133,0.6472791342711963,0.6218530530994133,0.7199959867269382,0.6973011443966051,0.6218530530994133,0.6218530530994133,0.6202043848980558,0.6218530530994133,0.5990698482480293
44,49,0.4742288206964502,0.6416718511082017,0.4742288206964502,0.705446124459405,0.6826391902137287,0.4742288206964502,0.4742288206964502,0.5830196688649977,0.4742288206964502,0.43484175081493026
45,0,0.7276541598943552,0.7068244932131402,0.7276541598943552,0.7574313409366485,0.7645492054927061,0.7276541598943552,0.7276541598943551,0.7074356183774861,0.7276541598943552,0.7217761480197509
45,1,0.6227416968309625,0.6745488471866008,0.6227416968309625,0.7318379133784261,0.7108431428633069,0.6227416968309625,0.6227416968309625,0.6392951961523662,0.6227416968309625,0.6167490859873916
45,2,0.6050601676760977,0.645837542460973,0.6050601676760977,0.7047355684471592,0.5811126025897189,0.6050601676760977,0.6050601676760976,0.5427205759530986,0.6050601676760977,0.6131393674715111
45,3,0.7637941658397098,0.7514379640195827,0.7637941658397098,0.764717955345484,0.7583220892829259,0.7637941658397098,0.7637941658397097,0.7334644645213537,0.7637941658397098,0.7499035851084962
45,4,0.608281698669023,0.5758214939129228,0.608281698669023,0.6952652590430017,0.6479825719577867,0.608281698669023,0.6082816986690229,0.5363728262016428,0.608281698669023,0.5728289420902225
45,5,0.5551919495549952,0.6856258023995773,0.5551919495549952,0.7369100755219615,0.7088077307521596,0.5551919495549952,0.5551919495549951,0.6572597978600936,0.5551919495549952,0.5690884005035484
45,6,0.5227664428129463,0.6670336051915795,0.5227664428129463,0.7020022300513853,0.6722794324359709,0.5227664428129463,0.5227664428129464,0.5964130746714579,0.5227664428129463,0.48849563717064
45,7,0.6088632245993831,0.6977522682659181,0.6088632245993831,0.730504150516761,0.6966307099426641,0.6088632245993831,0.6088632245993831,0.6498797934575586,0.6088632245993831,0.6196081609737634
45,8,0.6506577292443889,0.712743368877909,0.6506577292443889,0.7303647372126802,0.7340122099016115,0.6506577292443889,0.6506577292443889,0.6765208389714481,0.6506577292443889,0.614007361214894
45,9,0.5985312428012005,0.6483648603937082,0.5985312428012005,0.7021959273285334,0.6851829659165714,0.5985312428012005,0.5985312428012006,0.6194137809919043,0.5985312428012005,0.5948871243833589
45,10,0.5265314004023476,0.6289553423050467,0.5265314004023476,0.6853303581741204,0.7078449860367659,0.5265314004023476,0.5265314004023476,0.6160988577737397,0.5265314004023476,0.5015384007989712
45,11,0.6838892692111013,0.6399295840129646,0.6838892692111013,0.7118719137104043,0.7010891245975919,0.6838892692111013,0.6838892692111013,0.6378203999180898,0.6838892692111013,0.676613305285632
45,12,0.6073556060800218,0.7056350860187489,0.6073556060800218,0.7465633279918353,0.7189573829360671,0.6073556060800218,0.6073556060800218,0.6566512513562488,0.6073556060800218,0.5938114050770269
45,13,0.641690539926104,0.7355511687599492,0.641690539926104,0.7575064476688473,0.6884641018007513,0.641690539926104,0.641690539926104,0.6638581701307068,0.641690539926104,0.6278242376559735
45,14,0.6431153620881706,0.6696040383182369,0.6431153620881706,0.7387462733375133,0.7381337465713844,0.6431153620881706,0.6431153620881707,0.6646646063166756,0.6431153620881706,0.6355488755697606
45,15,0.6118645228574165,0.7071286479363994,0.6118645228574165,0.7419699033273133,0.6731770538528403,0.6118645228574165,0.6118645228574165,0.6304807506732928,0.6118645228574165,0.626460323328182
45,16,0.6676915697232213,0.7012146776928607,0.6676915697232213,0.7411045240800165,0.7472360582346466,0.6676915697232213,0.6676915697232214,0.7070786184669051,0.6676915697232213,0.6814851775863155
45,17,0.607477616873656,0.6429243791008142,0.607477616873656,0.7080079149297649,0.6867150985174001,0.607477616873656,0.6074776168736561,0.6035974312366892,0.607477616873656,0.6097097194637209
45,18,0.60718248642386,0.6431827556668962,0.60718248642386,0.7332039569958646,0.66340052982373,0.60718248642386,0.60718248642386,0.5833845754381175,0.60718248642386,0.6115733213527108
45,19,0.6422840532078571,0.7177744990468987,0.6422840532078571,0.7516432159729319,0.7132082317398825,0.6422840532078571,0.6422840532078571,0.6626067749302864,0.6422840532078571,0.6051337094033924
45,20,0.6594865529330307,0.7361068269109952,0.6594865529330307,0.757671966684698,0.7040718283870148,0.6594865529330307,0.6594865529330307,0.6609516332473222,0.6594865529330307,0.6366458190231874
45,21,0.6558257644979814,0.6347934784341837,0.6558257644979814,0.7330947431413861,0.7414466077806583,0.6558257644979814,0.6558257644979814,0.6358423217668328,0.6558257644979814,0.6217218516994443
45,22,0.5204328121499333,0.6745299979376185,0.5204328121499333,0.7284233939729152,0.6956353702999294,0.5204328121499333,0.5204328121499333,0.6203787418551812,0.5204328121499333,0.5013682978722397
45,23,0.5033512081159387,0.6081500269442147,0.5033512081159387,0.6646467619391486,0.6955003258922821,0.5033512081159387,0.5033512081159387,0.5872224537331312,0.5033512081159387,0.457362322408694
45,24,0.6269962773233787,0.7383608813123106,0.6269962773233787,0.7712170146116284,0.7321393306092461,0.6269962773233787,0.6269962773233788,0.6966163644750742,0.6269962773233787,0.6521495080217147
45,25,0.5321722390969231,0.6463148221454715,0.5321722390969231,0.6879379588559649,0.7004425955102268,0.5321722390969231,0.5321722390969231,0.6125106120086624,0.5321722390969231,0.5099591088974011
45,26,0.6168153919078687,0.57925538637338,0.6168153919078687,0.674073261322247,0.5918488470793554,0.6168153919078687,0.6168153919078687,0.49298787045771686,0.6168153919078687,0.5986144472767652
45,27,0.6633419267465037,0.7232353248917684,0.6633419267465037,0.7588511401676732,0.7495587695386978,0.6633419267465037,0.6633419267465037,0.6923379720621655,0.6633419267465037,0.633776780730793
45,28,0.5858562448943407,0.6886082508665989,0.5858562448943407,0.7328645652937646,0.7159006395035672,0.5858562448943407,0.5858562448943407,0.658548870031879,0.5858562448943407,0.5828094439025604
45,29,0.6043730787133167,0.6858762342334564,0.6043730787133167,0.7445955703220504,0.7107052704884673,0.6043730787133167,0.6043730787133168,0.6456078744043098,0.6043730787133167,0.5815117485477027
45,30,0.6295593403165386,0.668531133698294,0.6295593403165386,0.7229154051536717,0.721769078103728,0.6295593403165386,0.6295593403165385,0.649226076364855,0.6295593403165386,0.6222105368679869
45,31,0.5561882935986707,0.6572081584133227,0.5561882935986707,0.714242945732595,0.7080327142199714,0.5561882935986707,0.5561882935986707,0.6187752795143622,0.5561882935986707,0.5423077256207642
45,32,0.6426264825867923,0.6731802804724574,0.6426264825867923,0.7270867332413454,0.6969417298354095,0.6426264825867923,0.6426264825867924,0.6423904869312549,0.6426264825867923,0.6272525366437585
45,33,0.5827372104020846,0.7135032516325059,0.5827372104020846,0.7503717976813603,0.7190108399190053,0.5827372104020846,0.5827372104020846,0.6697198105689416,0.5827372104020846,0.5816163557559393
45,34,0.6484595835296766,0.691880418546811,0.6484595835296766,0.7286191683858361,0.6587704060302337,0.6484595835296766,0.6484595835296765,0.6220106119720115,0.6484595835296766,0.6553629331093622
45,35,0.5967804390214121,0.6714630997932989,0.5967804390214121,0.7371095798096239,0.6851255677794681,0.5967804390214121,0.5967804390214121,0.6056827027615619,0.5967804390214121,0.6000587439500709
45,36,0.6764349022236351,0.7741053549917123,0.6764349022236351,0.7860091697492964,0.6933731252923939,0.6764349022236351,0.6764349022236351,0.6768684320477096,0.6764349022236351,0.6948593802319225
45,37,0.5249474902900131,0.6671308254847979,0.5249474902900131,0.7145825317179659,0.7060448148379821,0.5249474902900131,0.5249474902900131,0.6292835584214438,0.5249474902900131,0.5057061557635086
45,38,0.6159366911732114,0.5885391878080846,0.6159366911732114,0.6800866459359063,0.6600595041197732,0.6159366911732114,0.6159366911732114,0.5896831098793727,0.6159366911732114,0.6209163427686292
45,39,0.6308416152147552,0.7165868699535156,0.6308416152147552,0.7675906409120576,0.7204690404863574,0.6308416152147552,0.6308416152147552,0.6621928140925234,0.6308416152147552,0.6282312961297123
45,40,0.6821181148115063,0.7098927143460395,0.6821181148115063,0.7753952551978518,0.7561154313179101,0.6821181148115063,0.6821181148115063,0.6933471060377943,0.6821181148115063,0.6983559364904569
45,41,0.683979685435173,0.745021906350386,0.683979685435173,0.7753302307706977,0.6999937124202213,0.683979685435173,0.683979685435173,0.6677609340307271,0.683979685435173,0.694803796401317
45,42,0.6583862255854125,0.7040812379129325,0.6583862255854125,0.7448799068172215,0.7493639166799747,0.6583862255854125,0.6583862255854125,0.7075566738665888,0.6583862255854125,0.6747906033572914
45,43,0.526249929957627,0.637558414112992,0.526249929957627,0.6911927756086658,0.6897228469526367,0.526249929957627,0.5262499299576271,0.600009756140194,0.526249929957627,0.5030665453798882
45,44,0.6260641445960787,0.6690036061095715,0.6260641445960787,0.7270256783106533,0.6747179180077774,0.6260641445960787,0.6260641445960788,0.6011946442293539,0.6260641445960787,0.5874558397669845
45,45,0.649331593649603,0.6815271968842673,0.649331593649603,0.7424278699809306,0.7084186667454155,0.649331593649603,0.649331593649603,0.6531054268309777,0.649331593649603,0.6410709470534761
45,46,0.6219466287804413,0.6813610538598641,0.6219466287804413,0.7433986844151377,0.7457557089236948,0.6219466287804413,0.6219466287804412,0.6693475551522436,0.6219466287804413,0.5908270074239586
45,47,0.66997678635464,0.7201870216225972,0.66997678635464,0.7570656891460685,0.740678168978604,0.66997678635464,0.66997678635464,0.6879554588084235,0.66997678635464,0.660845728854521
45,48,0.6162930593328361,0.6408923670902177,0.6162930593328361,0.7171548246104709,0.6923035166092382,0.6162930593328361,0.616293059332836,0.6114412071933558,0.6162930593328361,0.592949645564308
45,49,0.484806961361607,0.6569113445504177,0.484806961361607,0.71500853226144,0.6921556429523741,0.484806961361607,0.48480696136160706,0.601347467163869,0.484806961361607,0.45275235850986423
46,0,0.7196457728370892,0.7069903682428549,0.7196457728370892,0.7594055743291575,0.7584651468853376,0.7196457728370892,0.7196457728370892,0.6974538383071188,0.7196457728370892,0.7141994356722677
46,1,0.6137446785220023,0.6715000066678436,0.6137446785220023,0.7292931554186571,0.7037010224861677,0.6137446785220023,0.6137446785220022,0.6299389981578627,0.6137446785220023,0.6070766567939532
46,2,0.7398695497392844,0.7485792620539897,0.7398695497392844,0.7777102459331926,0.7640957600469439,0.7398695497392844,0.7398695497392844,0.7394133798513722,0.7398695497392844,0.7447059191533467
46,3,0.7530991252671716,0.7454203108996946,0.7530991252671716,0.7597602414446817,0.7536313951960977,0.7530991252671716,0.7530991252671715,0.7250323220197377,0.7530991252671716,0.7392866318270871
46,4,0.6912856508708997,0.6919642734372626,0.6912856508708997,0.7520525397708451,0.7535508649959761,0.6912856508708997,0.6912856508708997,0.6914593421623556,0.6912856508708997,0.6713791072041173
46,5,0.5761908155887234,0.6892841707829436,0.5761908155887234,0.740478549719783,0.7185994978132597,0.5761908155887234,0.5761908155887234,0.6675323500827246,0.5761908155887234,0.5923017604049212
46,6,0.5331546443599093,0.6662483603090533,0.5331546443599093,0.7024655841357326,0.6772611351026887,0.5331546443599093,0.5331546443599093,0.603455830373592,0.5331546443599093,0.5029942197123868
46,7,0.6194115362738647,0.7032137918985544,0.6194115362738647,0.7343862125712848,0.7079218526962752,0.6194115362738647,0.6194115362738648,0.6631809279620862,0.6194115362738647,0.6311675075657839
46,8,0.6449501702529136,0.7137075212427892,0.6449501702529136,0.7379976060195031,0.7258662337955079,0.6449501702529136,0.6449501702529137,0.6698315410685665,0.6449501702529136,0.6095057317064325
46,9,0.625796984632866,0.6713163742727697,0.625796984632866,0.7140319473248757,0.7042372458519002,0.625796984632866,0.6257969846328659,0.6511347054682604,0.625796984632866,0.6265912539880113
46,10,0.5402127782749793,0.638586986977257,0.5402127782749793,0.6923966485817831,0.7172841022201029,0.5402127782749793,0.5402127782749793,0.6304042129576163,0.5402127782749793,0.5225268831094123
46,11,0.6985299139707748,0.6502337432854695,0.6985299139707748,0.7158380851676398,0.7103325139107197,0.6985299139707748,0.6985299139707749,0.6528728861565983,0.6985299139707748,0.6868859330672124
46,12,0.6310766230571779,0.7251402882064992,0.6310766230571779,0.759815617231157,0.7407323880020897,0.6310766230571779,0.6310766230571779,0.6870226529979652,0.6310766230571779,0.621415140649868
46,13,0.6349871944421807,0.7345241882877706,0.6349871944421807,0.7554714131717485,0.6820778342457331,0.6349871944421807,0.6349871944421807,0.6566565750654396,0.6349871944421807,0.6202001996310444
46,14,0.6424487166704007,0.6688441387246095,0.6424487166704007,0.7381445540786168,0.7382098489604473,0.6424487166704007,0.6424487166704007,0.6647663011564631,0.6424487166704007,0.6338633591769127
46,15,0.6323800849020424,0.7126304004845045,0.6323800849020424,0.7469352370884118,0.6914589807516331,0.6323800849020424,0.6323800849020424,0.6523083338729554,0.6323800849020424,0.6488979135149223
46,16,0.6584224664152049,0.688560175384549,0.6584224664152049,0.7346167006091364,0.7429945678537766,0.6584224664152049,0.6584224664152049,0.696636121765271,0.6584224664152049,0.6702056969196906
46,17,0.6540480124088601,0.6896641768206984,0.6540480124088601,0.7481463535570759,0.6992343935712295,0.6540480124088601,0.6540480124088601,0.64237584695549,0.6540480124088601,0.6590637136488839
46,18,0.7193855822642211,0.7056008352670338,0.7193855822642211,0.7694686654119351,0.7432693256271943,0.7193855822642211,0.7193855822642211,0.6938405103528649,0.7193855822642211,0.7206042721162184
46,19,0.6371608079028798,0.7076627874605959,0.6371608079028798,0.7465046624795777,0.7063046274144985,0.6371608079028798,0.6371608079028798,0.6529100851697272,0.6371608079028798,0.5995699318438226
46,20,0.6532994998858414,0.7278910035868873,0.6532994998858414,0.7515637887521028,0.6945854537497551,0.6532994998858414,0.6532994998858414,0.6503612900887219,0.6532994998858414,0.6295605342294956
46,21,0.6511607333768656,0.6313901341119091,0.6511607333768656,0.7304340000341681,0.7379332160658287,0.6511607333768656,0.6511607333768656,0.630054900470179,0.6511607333768656,0.615577326889123
46,22,0.5297953982137731,0.6746638878670349,0.5297953982137731,0.7278177929419595,0.7029919675057118,0.5297953982137731,0.5297953982137731,0.6257967892239189,0.5297953982137731,0.5110428357339756
46,23,0.5141912120076463,0.6159406288919846,0.5141912120076463,0.6716971442080439,0.701167915818472,0.5141912120076463,0.5141912120076462,0.5968660721796453,0.5141912120076463,0.47457607727001755
46,24,0.6198930746840798,0.732512029622218,0.6198930746840798,0.7674779494745855,0.7261909530273074,0.6198930746840798,0.6198930746840798,0.6887615316129918,0.6198930746840798,0.6453648174252709
46,25,0.5378473671919946,0.6349945837936815,0.5378473671919946,0.6824243530779757,0.7001400804727962,0.5378473671919946,0.5378473671919946,0.607685454539334,0.5378473671919946,0.5148862697401844
46,26,0.6153137206016015,0.5822650118402684,0.6153137206016015,0.6760131732613299,0.5908892596720778,0.6153137206016015,0.6153137206016014,0.49333939956485245,0.6153137206016015,0.5983175262144971
46,27,0.6574595754451837,0.717680819861722,0.6574595754451837,0.7539056207036199,0.7419679630463557,0.6574595754451837,0.6574595754451837,0.6839832470369838,0.6574595754451837,0.6271816021018273
46,28,0.5962364548737086,0.6969840449707667,0.5962364548737086,0.7374385194016698,0.7208117173068458,0.5962364548737086,0.5962364548737087,0.6667248092284095,0.5962364548737086,0.5931177332475259
46,29,0.645340177336602,0.7268820406767569,0.645340177336602,0.7721054431126112,0.744310970503882,0.645340177336602,0.6453401773366019,0.688656125308325,0.645340177336602,0.620039817515394
46,30,0.6221073893843919,0.6634154490246758,0.6221073893843919,0.7208488378472725,0.7173600109917045,0.6221073893843919,0.6221073893843919,0.6434486696994961,0.6221073893843919,0.6150506928244273
46,31,0.5663551473082867,0.6642778361712343,0.5663551473082867,0.7222458268978946,0.7141512776487118,0.5663551473082867,0.5663551473082867,0.6270601245517959,0.5663551473082867,0.5536268123191457
46,32,0.6427935621046555,0.6721420163978122,0.6427935621046555,0.7257166919570441,0.6980630111960817,0.6427935621046555,0.6427935621046554,0.6420866154803435,0.6427935621046555,0.6247149541008792
46,33,0.5934221221273218,0.7208277207726965,0.5934221221273218,0.7568993924599408,0.7311289506788083,0.5934221221273218,0.5934221221273219,0.6819115598280235,0.5934221221273218,0.5936141727104364
46,34,0.6500447016696708,0.6950769569072686,0.6500447016696708,0.7305980626426505,0.6628030814532924,0.6500447016696708,0.6500447016696709,0.6259707711436692,0.6500447016696708,0.6579292993023997
46,35,0.6335526151336316,0.6598698551418243,0.6335526151336316,0.7343217136897928,0.6988625002863661,0.6335526151336316,0.6335526151336315,0.6143662583399965,0.6335526151336316,0.628875294396871
46,36,0.6725984851518997,0.7645942212546342,0.6725984851518997,0.7819374440367074,0.6910852181382265,0.6725984851518997,0.6725984851518997,0.6692396794217752,0.6725984851518997,0.6896651610495188
46,37,0.5354715484860951,0.6758751750527452,0.5354715484860951,0.7197826958301308,0.7132257320135249,0.5354715484860951,0.5354715484860951,0.6397693538434266,0.5354715484860951,0.5189424164661394
46,38,0.6093069424513279,0.5818032784454004,0.6093069424513279,0.6766763520031015,0.6565787753081329,0.6093069424513279,0.6093069424513279,0.5826999943427262,0.6093069424513279,0.6142868727264549
46,39,0.6226408729839761,0.7143868864187488,0.6226408729839761,0.7652419932879139,0.7142414124680234,0.6226408729839761,0.6226408729839761,0.6568487602665454,0.6226408729839761,0.6216045151579872
46,40,0.6781985296816577,0.7069697912100978,0.6781985296816577,0.7738790502285505,0.7520361206304981,0.6781985296816577,0.6781985296816577,0.6876362432710464,0.6781985296816577,0.6936983741862872
46,41,0.6813668145323497,0.7412185691452059,0.6813668145323497,0.7737200005709144,0.6980730160646154,0.6813668145323497,0.6813668145323497,0.6630645086838104,0.6813668145323497,0.6916741039710419
46,42,0.6378388831208149,0.6814972884449588,0.6378388831208149,0.726492926717289,0.7299444489904152,0.6378388831208149,0.6378388831208149,0.6825898029997894,0.6378388831208149,0.6509784435193599
46,43,0.5473892989007041,0.6653121483292963,0.5473892989007041,0.7103092788474623,0.710096537845091,0.5473892989007041,0.5473892989007041,0.6312244619387113,0.5473892989007041,0.531918008736221
46,44,0.6284410784044333,0.6852727674959254,0.6284410784044333,0.7330639172116484,0.6797327757593801,0.6284410784044333,0.6284410784044333,0.6152547287031765,0.6284410784044333,0.5917130173997595
46,45,0.6464119766464093,0.6783493492181183,0.6464119766464093,0.739650756933027,0.7056809711718952,0.6464119766464093,0.6464119766464094,0.6482564285413837,0.6464119766464093,0.6378192134340664
46,46,0.616605009244664,0.6748356438394716,0.616605009244664,0.7426760024455987,0.7416773988338633,0.616605009244664,0.616605009244664,0.6606437775956844,0.616605009244664,0.5843679575233698
46,47,0.6630687266449922,0.7123330903611291,0.6630687266449922,0.753602381231314,0.7366523964844203,0.6630687266449922,0.6630687266449922,0.680424216327908,0.6630687266449922,0.6537617440573802
46,48,0.6125177870457247,0.6368730726116435,0.6125177870457247,0.715490381733066,0.6903518210301658,0.6125177870457247,0.6125177870457247,0.6077528786856085,0.6125177870457247,0.589003272179969
46,49,0.49022301398626544,0.6498941340687464,0.49022301398626544,0.7105283268502052,0.6933561527850614,0.49022301398626544,0.49022301398626544,0.5978409130530183,0.49022301398626544,0.458130775037505
47,0,0.6939268639611246,0.6839152855859094,0.6939268639611246,0.7485062303814316,0.7358258738831657,0.6939268639611246,0.6939268639611246,0.6574539562511832,0.6939268639611246,0.6859546817174865
47,1,0.6750647200818708,0.7224119015857202,0.6750647200818708,0.753888953918485,0.7529112738582744,0.6750647200818708,0.6750647200818708,0.7053498045430675,0.6750647200818708,0.6743020386676649
47,2,0.724360426017459,0.7260164063748438,0.724360426017459,0.7623984310605336,0.7461731291735405,0.724360426017459,0.724360426017459,0.7132472334527423,0.724360426017459,0.7255739829111301
47,3,0.7371867990826052,0.7361910513074058,0.7371867990826052,0.7529407912225294,0.7439598923758446,0.7371867990826052,0.7371867990826053,0.7117558114802882,0.7371867990826052,0.7238043960706197
47,4,0.6844338109100323,0.6891401353617075,0.6844338109100323,0.7502834891705322,0.7512992093332473,0.6844338109100323,0.6844338109100323,0.6858316276090075,0.6844338109100323,0.6608205016103663
47,5,0.5895227946920751,0.6955733823255399,0.5895227946920751,0.7435215219957814,0.7258720877695619,0.5895227946920751,0.5895227946920751,0.6775554723065069,0.5895227946920751,0.6070815383281867
47,6,0.5453148366333087,0.6731896160864508,0.5453148366333087,0.7078718364967818,0.6849411196673973,0.5453148366333087,0.5453148366333087,0.614906634743285,0.5453148366333087,0.5189542828824405
47,7,0.6180249992960916,0.6867252656729954,0.6180249992960916,0.7253799082669062,0.6954136391188522,0.6180249992960916,0.6180249992960916,0.6466587166842046,0.6180249992960916,0.6278762550169461
47,8,0.6437458596013528,0.7116588662073676,0.6437458596013528,0.7372443599091458,0.7240815831551619,0.6437458596013528,0.6437458596013528,0.6670785174215432,0.6437458596013528,0.6077372457260839
47,9,0.6374942235369693,0.6794282477149477,0.6374942235369693,0.7192528753990484,0.7132514968408881,0.6374942235369693,0.6374942235369693,0.6644574781858994,0.6374942235369693,0.6405675451502357
47,10,0.5493154525415648,0.6494482444667524,0.5493154525415648,0.6985275315534314,0.7218081550177576,0.5493154525415648,0.5493154525415648,0.6417734371413202,0.5493154525415648,0.5374427809403546
47,11,0.7081282512786741,0.6514222838466446,0.7081282512786741,0.718841564667271,0.7186299169098973,0.7081282512786741,0.708128251278674,0.6616541960625631,0.7081282512786741,0.6954743486827537
47,12,0.6188159786376106,0.719795768566853,0.6188159786376106,0.7570689196441298,0.7346380442946101,0.6188159786376106,0.6188159786376105,0.6781210448226378,0.6188159786376106,0.6091126489346468
47,13,0.6286591738596196,0.7297662294258929,0.6286591738596196,0.7527122788664391,0.6752628379198288,0.6286591738596196,0.6286591738596196,0.6482937941169602,0.6286591738596196,0.613678527657508
47,14,0.6369575804804288,0.6595100553849322,0.6369575804804288,0.732993187930375,0.7345480835630243,0.6369575804804288,0.6369575804804288,0.656623820629938,0.6369575804804288,0.6270818139668906
47,15,0.6130330573052081,0.7087287371609656,0.6130330573052081,0.7420192446223668,0.6722662599021587,0.6130330573052081,0.6130330573052081,0.6304527672430036,0.6130330573052081,0.6273543743831864
47,16,0.6435452340846305,0.6724771399951619,0.6435452340846305,0.7245869058141721,0.7305142680279368,0.6435452340846305,0.6435452340846306,0.6770689253552137,0.6435452340846305,0.6534304085909279
47,17,0.6642524079011328,0.6957240298916858,0.6642524079011328,0.7509630669235787,0.7149521486590888,0.6642524079011328,0.6642524079011328,0.6560615951655638,0.6642524079011328,0.6677141055947471
47,18,0.7068832393875002,0.6926161141628046,0.7068832393875002,0.7647863271461781,0.7324606702294543,0.7068832393875002,0.7068832393875002,0.673862967794284,0.7068832393875002,0.7075547458072957
47,19,0.6342434211045963,0.7087842068159559,0.6342434211045963,0.7470115143510061,0.7042007138447159,0.6342434211045963,0.6342434211045963,0.6512765258732018,0.6342434211045963,0.5972957877800849
47,20,0.6506118241933186,0.7234689193682282,0.6506118241933186,0.7495746917221947,0.6897286589499094,0.6506118241933186,0.6506118241933185,0.6454450643962824,0.6506118241933186,0.6271603580052638
47,21,0.6449752600581544,0.6252204152066996,0.6449752600581544,0.7271230658560979,0.7330892895686034,0.6449752600581544,0.6449752600581544,0.6230407180538634,0.6449752600581544,0.6098453699377343
47,22,0.5392223814443978,0.6752630012857919,0.5392223814443978,0.7249758339122935,0.6999735220921156,0.5392223814443978,0.5392223814443977,0.6241848722170931,0.5392223814443978,0.5213659709015341
47,23,0.5204499103875789,0.6246621328600015,0.5204499103875789,0.6751489555919125,0.7049251642868563,0.5204499103875789,0.5204499103875789,0.6060191466389023,0.5204499103875789,0.4841716021924583
47,24,0.6541966927362133,0.748819755476914,0.6541966927362133,0.7785349115857242,0.7453616110538818,0.6541966927362133,0.6541966927362133,0.7149061236446762,0.6541966927362133,0.67866207304945
47,25,0.5630823216024246,0.6546812349237089,0.5630823216024246,0.6995049543563658,0.7164614203371437,0.5630823216024246,0.5630823216024246,0.6330087390617695,0.5630823216024246,0.5464016463660185
47,26,0.783277514711686,0.7824087195218494,0.783277514711686,0.7942045681289661,0.7639097369632425,0.783277514711686,0.7832775147116862,0.7653645691445083,0.783277514711686,0.7860609980718887
47,27,0.6499722200100861,0.698787749006327,0.6499722200100861,0.7449869997006644,0.7320251922674196,0.6499722200100861,0.6499722200100861,0.6670484743575411,0.6499722200100861,0.6178703424267421
47,28,0.6122713494031368,0.7041176510149173,0.6122713494031368,0.7423181868896329,0.7301144592800628,0.6122713494031368,0.6122713494031368,0.6773107301514645,0.6122713494031368,0.6075520792256328
47,29,0.6391994939665059,0.727367664150888,0.6391994939665059,0.7742513825601678,0.7427447254917865,0.6391994939665059,0.6391994939665059,0.6876337941575065,0.6391994939665059,0.6149261580656292
47,30,0.6946136741482917,0.7280202759313645,0.6946136741482917,0.7646084072731966,0.7776883784021147,0.6946136741482917,0.6946136741482918,0.7257556142409483,0.6946136741482917,0.6877572676014435
47,31,0.5804874911988216,0.6764954156899212,0.5804874911988216,0.7311439519107642,0.7195724276855937,0.5804874911988216,0.5804874911988216,0.6387941629186229,0.5804874911988216,0.5707359187076706
47,32,0.6442350178783447,0.6735232593696849,0.6442350178783447,0.7267203599015777,0.6995225652307326,0.6442350178783447,0.6442350178783447,0.644361843176671,0.6442350178783447,0.6259303427263591
47,33,0.606126670249243,0.7262449211952584,0.606126670249243,0.7603313586867709,0.7340687226363511,0.606126670249243,0.606126670249243,0.6876786291867621,0.606126670249243,0.6063002123697283
47,34,0.6467768939248568,0.6915655142471534,0.6467768939248568,0.728493087978243,0.6575024492253703,0.6467768939248568,0.6467768939248568,0.6192298902751437,0.6467768939248568,0.6538134407502234
47,35,0.6240081744443979,0.6561940343194541,0.6240081744443979,0.7333762992059554,0.6941538444941491,0.6240081744443979,0.6240081744443979,0.6049872005057932,0.6240081744443979,0.6192050025609379
47,36,0.6616539404050219,0.7556885736898139,0.6616539404050219,0.7759346616570164,0.6776647289606772,0.6616539404050219,0.661653940405022,0.6519021889891665,0.6616539404050219,0.6789419970226753
47,37,0.5442992570722818,0.6776395448493713,0.5442992570722818,0.7219408103325567,0.7198749529200639,0.5442992570722818,0.5442992570722818,0.646176645675449,0.5442992570722818,0.5298086344137802
47,38,0.7517658344316318,0.7608781631889262,0.7517658344316318,0.7792697177067046,0.7747280723259993,0.7517658344316318,0.7517658344316318,0.7617788029824447,0.7517658344316318,0.7595102717573656
47,39,0.6831744885373507,0.7599388242137387,0.6831744885373507,0.7838061060857767,0.7718008148378658,0.6831744885373507,0.6831744885373507,0.7367940711883525,0.6831744885373507,0.6776411584652382
47,40,0.6700816989106285,0.6981985084099662,0.6700816989106285,0.7683009245710251,0.7472785315271614,0.6700816989106285,0.6700816989106286,0.6780530323249019,0.6700816989106285,0.6844124824767545
47,41,0.6721696353326904,0.7340368508171381,0.6721696353326904,0.768966493018689,0.6911413715052324,0.6721696353326904,0.6721696353326904,0.6527284783508287,0.6721696353326904,0.6803958810480788
47,42,0.6394095049288923,0.6841562710714582,0.6394095049288923,0.7286874963966288,0.7353616027910322,0.6394095049288923,0.6394095049288923,0.686829149303352,0.6394095049288923,0.6524859563207098
47,43,0.5551769885970552,0.6723330664677508,0.5551769885970552,0.7124984482689103,0.7153621974232657,0.5551769885970552,0.5551769885970552,0.6409846378033488,0.5551769885970552,0.5426925170602717
47,44,0.627680764380431,0.6921739728812051,0.627680764380431,0.7358124441816516,0.682437177179278,0.627680764380431,0.627680764380431,0.6221812671312821,0.627680764380431,0.5924727673279656
47,45,0.6440556722334749,0.6780837868498659,0.6440556722334749,0.7397107716011512,0.7025970586159869,0.6440556722334749,0.6440556722334749,0.6464859313214266,0.6440556722334749,0.6371518593141129
47,46,0.6183596229578409,0.6506327853882421,0.6183596229578409,0.721800922206521,0.7301894103375639,0.6183596229578409,0.6183596229578407,0.6433485894512797,0.6183596229578409,0.582350426999697
47,47,0.6624294012373735,0.7131174851050073,0.6624294012373735,0.75324787200745,0.7362445341539933,0.6624294012373735,0.6624294012373735,0.6821177087111644,0.6624294012373735,0.6543114762661546
47,48,0.7331112854594449,0.7272213722992414,0.7331112854594449,0.7594729557169767,0.7489414959134761,0.7331112854594449,0.733111285459445,0.7195350930217832,0.7331112854594449,0.7203292246177984
47,49,0.5054447200502763,0.6631296092260295,0.5054447200502763,0.7211553455622681,0.7053067876868826,0.5054447200502763,0.5054447200502763,0.6173537364206485,0.5054447200502763,0.4835670949083313
48,0,0.6970929186069063,0.6921823214572207,0.6970929186069063,0.7537164102289867,0.7417450174448665,0.6970929186069063,0.6970929186069063,0.66513424560215,0.6970929186069063,0.6892248096921879
48,1,0.6714897945358679,0.7253607389448146,0.6714897945358679,0.7559199077993579,0.7479660975655711,0.6714897945358679,0.6714897945358679,0.7021528516024769,0.6714897945358679,0.6720111026906664
48,2,0.7256139870274556,0.730729372055344,0.7256139870274556,0.7649913118118609,0.7494282232120334,0.7256139870274556,0.7256139870274556,0.7183633206064148,0.7256139870274556,0.7277407547958774
48,3,0.7284795215615746,0.7318273409913278,0.7284795215615746,0.7490433275488863,0.7365481405670995,0.7284795215615746,0.7284795215615746,0.7044754619907923,0.7284795215615746,0.7162646786583771
48,4,0.6821083576650238,0.6873766659359349,0.6821083576650238,0.7491782591707428,0.7507451349195439,0.6821083576650238,0.6821083576650238,0.6827361443512368,0.6821083576650238,0.6564286570092754
48,5,0.601528638200641,0.6989522034330242,0.601528638200641,0.7431575771638774,0.7323841826440521,0.601528638200641,0.6015286382006408,0.6854090052164207,0.601528638200641,0.6192049216697552
48,6,0.5540433940261917,0.6767762407127528,0.5540433940261917,0.7099661543386437,0.6905319974893431,0.5540433940261917,0.5540433940261917,0.6223307935604947,0.5540433940261917,0.5315040061879501
48,7,0.6454152609019153,0.7142340297234875,0.6454152609019153,0.7412145753678789,0.7210802087462265,0.6454152609019153,0.6454152609019153,0.6851162616253498,0.6454152609019153,0.6598609321664864
48,8,0.6420980169482564,0.7121524156305226,0.6420980169482564,0.7452338467954543,0.7226572907135742,0.6420980169482564,0.6420980169482564,0.6651456604115782,0.6420980169482564,0.6059146727693063
48,9,0.6551761243926525,0.6922891264451055,0.6551761243926525,0.7265099455600711,0.7197140352001424,0.6551761243926525,0.6551761243926524,0.6786758651465606,0.6551761243926525,0.6599489115589854
48,10,0.5669151145911807,0.662615737753924,0.5669151145911807,0.7054638085295031,0.7285555262609774,0.5669151145911807,0.5669151145911806,0.6576492078368528,0.5669151145911807,0.5630222627125563
48,11,0.6734913105176557,0.6183033495008821,0.6734913105176557,0.6978635477352919,0.6896929753399408,0.6734913105176557,0.6734913105176557,0.6189022808666746,0.6734913105176557,0.6620820096996661
48,12,0.6415417666735462,0.7486248582157871,0.6415417666735462,0.7734125888003632,0.7546046056510818,0.6415417666735462,0.6415417666735462,0.7119600303969884,0.6415417666735462,0.6368979409670684
48,13,0.6882896493495282,0.7563005097150242,0.6882896493495282,0.7801003591335882,0.7400383472293393,0.6882896493495282,0.6882896493495282,0.7154390168771328,0.6882896493495282,0.6816188836570041
48,14,0.7051996205306346,0.7576907924552906,0.7051996205306346,0.7920057227221031,0.7752142980085218,0.7051996205306346,0.7051996205306345,0.7407848887969819,0.7051996205306346,0.709919553517331
48,15,0.6579831160478762,0.7207645977494167,0.6579831160478762,0.752533044187865,0.7107540025201755,0.6579831160478762,0.6579831160478762,0.6766825228609175,0.6579831160478762,0.6743322034051037
48,16,0.6427698661774837,0.6698880804259826,0.6427698661774837,0.7247215999960754,0.7307432083459598,0.6427698661774837,0.6427698661774837,0.6753533289711544,0.6427698661774837,0.652324474383315
48,17,0.6667720748237465,0.6969047170420075,0.6667720748237465,0.7508637885829577,0.7211374218228805,0.6667720748237465,0.6667720748237465,0.659977963522763,0.6667720748237465,0.6693650131569231
48,18,0.6368414239746842,0.6647754982843669,0.6368414239746842,0.7420344874933532,0.6661583634056012,0.6368414239746842,0.6368414239746842,0.603058827727274,0.6368414239746842,0.6414493959071317
48,19,0.6748347302004963,0.7588214958908485,0.6748347302004963,0.7803294495274828,0.757499613457357,0.6748347302004963,0.6748347302004963,0.7127205817465934,0.6748347302004963,0.6398703140417867
48,20,0.6481481911690762,0.7210561278505545,0.6481481911690762,0.7486271554565079,0.6872830802895891,0.6481481911690762,0.6481481911690762,0.6424917073040872,0.6481481911690762,0.624849440999826
48,21,0.6430354464122182,0.6227395226978225,0.6430354464122182,0.7264456393091099,0.7317909592954183,0.6430354464122182,0.6430354464122182,0.6210731022165862,0.6430354464122182,0.6088452515868101
48,22,0.5568307784632457,0.6863385221229575,0.5568307784632457,0.7314990234474874,0.7173149865467003,0.5568307784632457,0.5568307784632457,0.6453774722881795,0.5568307784632457,0.543997586777984
48,23,0.5312650103244548,0.6328092194201584,0.5312650103244548,0.680080548109528,0.7081895412274474,0.5312650103244548,0.531265010324455,0.6154789643197438,0.5312650103244548,0.5026396900060681
48,24,0.6428883458133432,0.7431318589769355,0.6428883458133432,0.7742935037270655,0.7384035281278691,0.6428883458133432,0.6428883458133432,0.7058932967290421,0.6428883458133432,0.6677261474280143
48,25,0.5691232033027848,0.6651138250538613,0.5691232033027848,0.7046743418885535,0.7226386061010476,0.5691232033027848,0.5691232033027848,0.644298954863166,0.5691232033027848,0.5550938606032151
48,26,0.71748712033433,0.7082238149601936,0.71748712033433,0.7487712829415787,0.705604388551863,0.71748712033433,0.71748712033433,0.6691720023135495,0.71748712033433,0.710027720863568
48,27,0.6464834361287434,0.7092043598689358,0.6464834361287434,0.7485001536894687,0.735800661667741,0.6464834361287434,0.6464834361287434,0.6756303942763942,0.6464834361287434,0.6174124617011764
48,28,0.6227426260830085,0.7179539826988617,0.6227426260830085,0.7494083080849283,0.735530412976584,0.6227426260830085,0.6227426260830085,0.6887471479195254,0.6227426260830085,0.6189137960043938
48,29,0.6561176425656166,0.7412364876693527,0.6561176425656166,0.7812387781499126,0.7491045111924458,0.6561176425656166,0.6561176425656166,0.6983722012887983,0.6561176425656166,0.631170193772628
48,30,0.6897901126281357,0.7216619210271729,0.6897901126281357,0.7605275912209823,0.7751503013022429,0.6897901126281357,0.6897901126281357,0.7187962056249226,0.6897901126281357,0.6807016929688069
48,31,0.5878849879610751,0.6691433821790074,0.5878849879610751,0.727721361423771,0.7206766397461425,0.5878849879610751,0.5878849879610751,0.6396555907381538,0.5878849879610751,0.5794220762807202
48,32,0.6380632045647091,0.6710820412297755,0.6380632045647091,0.7209934143290538,0.6924631544754017,0.6380632045647091,0.6380632045647091,0.6371677795419015,0.6380632045647091,0.617993161864277
48,33,0.6204565731247484,0.7373889139669667,0.6204565731247484,0.7672746334868268,0.7467048827956868,0.6204565731247484,0.6204565731247486,0.7027216662982392,0.6204565731247484,0.6219366038705121
48,34,0.6458573061001772,0.6886364435646817,0.6458573061001772,0.7251204810570806,0.6574989844950215,0.6458573061001772,0.6458573061001773,0.6189330967061073,0.6458573061001772,0.6515602843751371
48,35,0.6618519640160154,0.6756510562009873,0.6618519640160154,0.747208373217737,0.719518142516462,0.6618519640160154,0.6618519640160154,0.644319762764638,0.6618519640160154,0.6586850689487296
48,36,0.6506741770056024,0.7482551485515307,0.6506741770056024,0.771814564307212,0.667220670197254,0.6506741770056024,0.6506741770056024,0.6362580352777949,0.6506741770056024,0.6678244213934716
48,37,0.5571080672737594,0.6863461518545753,0.5571080672737594,0.7291659291439498,0.7276055925601631,0.5571080672737594,0.5571080672737594,0.6566635484072338,0.5571080672737594,0.54559511263482
48,38,0.7462883582467356,0.7527650794064367,0.7462883582467356,0.7736610601487279,0.771792500985405,0.7462883582467356,0.7462883582467356,0.7552837244611512,0.7462883582467356,0.7529897485154858
48,39,0.6772913009091895,0.7532243929915314,0.6772913009091895,0.7810892721731846,0.7668931664868431,0.6772913009091895,0.6772913009091894,0.7288981751656999,0.6772913009091895,0.6723513627474524
48,40,0.667437419288652,0.6948936981764301,0.667437419288652,0.7666680216984113,0.7462797131528576,0.667437419288652,0.667437419288652,0.6758224078024828,0.667437419288652,0.6813911711167728
48,41,0.671936393069155,0.7310770122397628,0.671936393069155,0.7685136791263674,0.6902288035079576,0.671936393069155,0.671936393069155,0.648046188981693,0.671936393069155,0.679896464089462
48,42,0.6603477837292241,0.6769715562140755,0.6603477837292241,0.7301225339720971,0.733163637791197,0.6603477837292241,0.6603477837292241,0.6849162947618377,0.6603477837292241,0.6708093499831278
48,43,0.5634679612014969,0.6856131554493096,0.5634679612014969,0.7217242283729814,0.7248358131144619,0.5634679612014969,0.5634679612014968,0.6561208264935022,0.5634679612014969,0.5547183832778402
48,44,0.6649324345483645,0.7344506591735986,0.6649324345483645,0.7623558073967419,0.7240114558363244,0.6649324345483645,0.6649324345483645,0.6842003123325273,0.6649324345483645,0.6403942778659184
48,45,0.6420983886490748,0.6732424344715149,0.6420983886490748,0.7383411961249846,0.7044173893403645,0.6420983886490748,0.6420983886490748,0.6442811908763661,0.6420983886490748,0.6333180124549371
48,46,0.637277986585875,0.6727663038160874,0.637277986585875,0.7362870762339914,0.7437413518025514,0.637277986585875,0.6372779865858751,0.6655964328289314,0.637277986585875,0.6013983601374064
48,47,0.6598646655905308,0.7119598814805023,0.6598646655905308,0.7511860945507998,0.7340855216119556,0.6598646655905308,0.6598646655905309,0.6798835446672564,0.6598646655905308,0.6511870682684027
48,48,0.7189384261797064,0.7185218905947806,0.7189384261797064,0.753980983069295,0.7406900263454854,0.7189384261797064,0.7189384261797064,0.7067223032733999,0.7189384261797064,0.7049913692981493
48,49,0.5136258550628857,0.675641374142141,0.5136258550628857,0.7268399039577162,0.7112903045419544,0.5136258550628857,0.5136258550628857,0.6316348352371891,0.5136258550628857,0.49631593406700736
49,0,0.7003242996715187,0.693330691662996,0.7003242996715187,0.7543876203840341,0.74352973423027,0.7003242996715187,0.7003242996715187,0.6695791711724672,0.7003242996715187,0.6927554285975985
49,1,0.6635098425912082,0.718595966765717,0.6635098425912082,0.7525994337891513,0.7423296653935731,0.6635098425912082,0.6635098425912083,0.6925709644497058,0.6635098425912082,0.6625696435964131
49,2,0.7212922216121166,0.7305410897918657,0.7212922216121166,0.7640352458731898,0.747060153675405,0.7212922216121166,0.7212922216121166,0.7161261092963029,0.7212922216121166,0.7232122151247904
49,3,0.7142382693312536,0.7273260208669164,0.7142382693312536,0.7463686163525679,0.7275511937701534,0.7142382693312536,0.7142382693312535,0.6944443297553038,0.7142382693312536,0.704044877956204
49,4,0.677647947844428,0.6798162450510015,0.677647947844428,0.7469831025428371,0.747447764581567,0.677647947844428,0.677647947844428,0.674828846683531,0.677647947844428,0.6497348969469162
49,5,0.6135413581743469,0.7022815504800516,0.6135413581743469,0.7440759643841045,0.7367087399807669,0.6135413581743469,0.6135413581743469,0.6904783107193402,0.6135413581743469,0.6288512521622311
49,6,0.5652894810619827,0.6787388336072792,0.5652894810619827,0.7114549460754818,0.6952320727870509,0.5652894810619827,0.5652894810619827,0.6293587289359395,0.5652894810619827,0.546223195741851
49,7,0.6386890558176614,0.7156733308298793,0.6386890558176614,0.7414240145660885,0.7143762107392138,0.6386890558176614,0.6386890558176614,0.678109104621133,0.6386890558176614,0.65314475251484
49,8,0.6669017984093621,0.7409364851407667,0.6669017984093621,0.7617040986617079,0.7540360171577665,0.6669017984093621,0.6669017984093621,0.7040158435798185,0.6669017984093621,0.6320871940284802
49,9,0.6374762889724823,0.6811875010472525,0.6374762889724823,0.7187510764964368,0.7096993915686485,0.6374762889724823,0.6374762889724823,0.662636317350454,0.6374762889724823,0.6397722813720619
49,10,0.5782818185425369,0.6719682683810093,0.5782818185425369,0.7098348666147654,0.731684278840248,0.5782818185425369,0.5782818185425369,0.6663942313116745,0.5782818185425369,0.5799887473142338
49,11,0.6902121789074096,0.6288301259564861,0.6902121789074096,0.7069248916615015,0.7058519123623234,0.6902121789074096,0.6902121789074096,0.6379764923759765,0.6902121789074096,0.6769999114437154
49,12,0.6493873487723605,0.7623140839808216,0.6493873487723605,0.7825804031458209,0.7595987517597147,0.6493873487723605,0.6493873487723605,0.7227655199983862,0.6493873487723605,0.6461769523878923
49,13,0.6781548548354978,0.7535747666798462,0.6781548548354978,0.7773884405329332,0.7288706714440122,0.6781548548354978,0.6781548548354978,0.7043964191637592,0.6781548548354978,0.6707031857140149
49,14,0.7010971585981415,0.7516945882955799,0.7010971585981415,0.7878871323798462,0.7732947860508738,0.7010971585981415,0.7010971585981416,0.7362472000496828,0.7010971585981415,0.7036940347323268
49,15,0.6401249360790748,0.7157302854737186,0.6401249360790748,0.7491868403001296,0.6917241690933245,0.6401249360790748,0.6401249360790748,0.6522779630846901,0.6401249360790748,0.6551729268427776
49,16,0.7312180273410113,0.7576103205824316,0.7312180273410113,0.7760843932864087,0.7681030984355783,0.7312180273410113,0.7312180273410113,0.7551986076974302,0.7312180273410113,0.7455595146765557
49,17,0.6426665333499731,0.6726216427117714,0.6426665333499731,0.7350301840454467,0.6948484485046754,0.6426665333499731,0.6426665333499731,0.6271904262451711,0.6426665333499731,0.6435048166260245
49,18,0.7032814584573691,0.6891267798780378,0.7032814584573691,0.7599828254372012,0.7222177674048125,0.7032814584573691,0.7032814584573692,0.6675732412594348,0.7032814584573691,0.70596854508629
49,19,0.6710373417146912,0.7575205473974223,0.6710373417146912,0.7765071214872082,0.7509711740369384,0.6710373417146912,0.6710373417146912,0.707595332968828,0.6710373417146912,0.6355403239572606
49,20,0.6459313674882401,0.7230529405016364,0.6459313674882401,0.7487411035758427,0.6854517070600263,0.6459313674882401,0.6459313674882401,0.6418305605510721,0.6459313674882401,0.6225550545638012
49,21,0.6871303144969917,0.6804838794967216,0.6871303144969917,0.7546925106510383,0.757495349156101,0.6871303144969917,0.6871303144969916,0.6772316265117438,0.6871303144969917,0.6649701551417593
49,22,0.571987529809244,0.69248664128205,0.571987529809244,0.7334768659142865,0.7230766568559508,0.571987529809244,0.571987529809244,0.6548040909207464,0.571987529809244,0.5599345642419274
49,23,0.5463895166244584,0.6378461316921546,0.5463895166244584,0.6840111018606854,0.7134186494944681,0.5463895166244584,0.5463895166244586,0.6244952879626451,0.5463895166244584,0.5229801179596213
49,24,0.6685373749354518,0.7589492765670434,0.6685373749354518,0.7851184673804321,0.7530776862432825,0.6685373749354518,0.6685373749354517,0.7271673954311817,0.6685373749354518,0.692429681853879
49,25,0.5883475696295527,0.6745467489309693,0.5883475696295527,0.7110285848182964,0.7284252745849711,0.5883475696295527,0.5883475696295527,0.656635390532752,0.5883475696295527,0.5770787859257986
49,26,0.729624174231785,0.7148050865432685,0.729624174231785,0.7535696519275894,0.7164790134977894,0.729624174231785,0.729624174231785,0.6842614311385415,0.729624174231785,0.7234479114330433
49,27,0.6453709355793231,0.7123488563889434,0.6453709355793231,0.7504461311243928,0.7377014417740125,0.6453709355793231,0.6453709355793231,0.6790589065799412,0.6453709355793231,0.617842113561815
49,28,0.631463006057887,0.7253407359061848,0.631463006057887,0.7534978581193753,0.7383616858506052,0.631463006057887,0.631463006057887,0.6952657146177735,0.631463006057887,0.6283324709668163
49,29,0.6528270681456766,0.7457246061828642,0.6528270681456766,0.7838672998524897,0.7506880350054573,0.6528270681456766,0.6528270681456766,0.7022182720432769,0.6528270681456766,0.6290913511013172
49,30,0.6858225780927157,0.7161381573894448,0.6858225780927157,0.7562545914273956,0.772166388905992,0.6858225780927157,0.6858225780927157,0.7136269119147516,0.6858225780927157,0.6758115948604239
49,31,0.592378479154507,0.6658267793349407,0.592378479154507,0.7279353678597587,0.7223885392525361,0.592378479154507,0.592378479154507,0.6390167906996983,0.592378479154507,0.58268581158572
49,32,0.7340619103024595,0.7392563685944169,0.7340619103024595,0.7728412033072283,0.7750390302420012,0.7340619103024595,0.7340619103024595,0.7384484319834689,0.7340619103024595,0.7274380089559764
49,33,0.6212903909855861,0.7331043559767048,0.6212903909855861,0.762445573618405,0.7459237713301601,0.6212903909855861,0.6212903909855861,0.701119914019684,0.6212903909855861,0.6210160714802218
49,34,0.6472337142306495,0.6893274656401018,0.6472337142306495,0.7263210240829343,0.6561110903290827,0.6472337142306495,0.6472337142306495,0.6177990653634018,0.6472337142306495,0.6533617526158915
49,35,0.6615927026951933,0.6778581676183033,0.6615927026951933,0.7500213644701106,0.7249988588041694,0.6615927026951933,0.6615927026951933,0.6454449947441077,0.6615927026951933,0.6581596323280681
49,36,0.6605050131754001,0.753320958616537,0.6605050131754001,0.7753302985611957,0.679221850521559,0.6605050131754001,0.6605050131754002,0.6498281543076854,0.6605050131754001,0.6775584470204015
49,37,0.5687975933858813,0.6906226070465563,0.5687975933858813,0.733167627680839,0.733073792431693,0.5687975933858813,0.5687975933858813,0.6637788025566685,0.5687975933858813,0.5589246771707324
49,38,0.739794466173971,0.7456116605352429,0.739794466173971,0.7687075721917388,0.7681367354436497,0.739794466173971,0.739794466173971,0.7487335729698112,0.739794466173971,0.7458851188897067
49,39,0.6488683615046932,0.6976599809563517,0.6488683615046932,0.74427992222363,0.7321763537649153,0.6488683615046932,0.6488683615046933,0.6762363817679367,0.6488683615046932,0.639353698115096
49,40,0.6669098829021619,0.6908789515107365,0.6669098829021619,0.7646383916757657,0.7456664173746845,0.6669098829021619,0.6669098829021619,0.6739452241774864,0.6669098829021619,0.6808230139526834
49,41,0.6686272336082959,0.7240986793159717,0.6686272336082959,0.7638247539185921,0.68880647971352,0.6686272336082959,0.6686272336082959,0.6435813618778542,0.6686272336082959,0.6752765897047304
49,42,0.6791824217479175,0.6920881348031436,0.6791824217479175,0.7404724232871571,0.751777868652201,0.6791824217479175,0.6791824217479174,0.705893317310127,0.6791824217479175,0.6890698906479483
49,43,0.5738257762065572,0.6976181210793828,0.5738257762065572,0.7287325624672156,0.7305474553710994,0.5738257762065572,0.5738257762065571,0.6676859779039139,0.5738257762065572,0.5691298599548946
49,44,0.6591671690048352,0.7285424775550045,0.6591671690048352,0.7584768258533374,0.7153694146882976,0.6591671690048352,0.6591671690048352,0.6735986890594668,0.6591671690048352,0.6330351134759512
49,45,0.695757211716047,0.7536379255613488,0.695757211716047,0.7850263800033025,0.750079418825145,0.695757211716047,0.6957572117160469,0.7246560140480106,0.695757211716047,0.6980273683480753
49,46,0.6461876552025152,0.6928196199877688,0.6461876552025152,0.745556259786982,0.753512100207794,0.6461876552025152,0.6461876552025151,0.6837297644048423,0.6461876552025152,0.6124025148883622
49,47,0.6585039618196353,0.7094811073446096,0.6585039618196353,0.7494091440742014,0.7313349228381725,0.6585039618196353,0.6585039618196353,0.6775679683167555,0.6585039618196353,0.6505029413249448
49,48,0.7052105857047768,0.7117713003668228,0.7052105857047768,0.7488987339677162,0.7335894184936345,0.7052105857047768,0.7052105857047768,0.696676846149038,0.7052105857047768,0.6905839834331113
49,49,0.5253251383214902,0.6865171899534102,0.5253251383214902,0.7336419683625437,0.7172662021425877,0.5253251383214902,0.5253251383214902,0.6437488520651444,0.5253251383214902,0.5143361343994112
50,0,0.6986644696670294,0.6960774884414986,0.6986644696670294,0.7557936283227463,0.7425040854727365,0.6986644696670294,0.6986644696670294,0.670367953194215,0.6986644696670294,0.6923895098687464
50,1,0.662626495596321,0.7197853654229764,0.662626495596321,0.7547033218717369,0.7407104666796748,0.662626495596321,0.662626495596321,0.6910204711759287,0.662626495596321,0.6622628651282296
50,2,0.7164878026841074,0.7269951348044099,0.7164878026841074,0.7615471035820908,0.7445881536816286,0.7164878026841074,0.7164878026841073,0.7109467876830676,0.7164878026841074,0.7177384095998636
50,3,0.7126572399002615,0.7268898067542445,0.7126572399002615,0.7461975013966018,0.7248763209913447,0.7126572399002615,0.7126572399002615,0.6923212225590785,0.7126572399002615,0.7031279306990541
50,4,0.6770930914477867,0.6787154758701361,0.6770930914477867,0.7471198549493288,0.7467198249157174,0.6770930914477867,0.6770930914477867,0.6730212761131574,0.6770930914477867,0.6489053635278241
50,5,0.6187434040528212,0.7036924915358617,0.6187434040528212,0.7451111969740508,0.7382220022419895,0.6187434040528212,0.6187434040528212,0.6931383358402763,0.6187434040528212,0.6345884504265576
50,6,0.569704264607122,0.679221976434341,0.569704264607122,0.7125438030521885,0.6984963813969518,0.569704264607122,0.569704264607122,0.6335137827414896,0.569704264607122,0.5528677493990801
50,7,0.666785270202799,0.7364107843214143,0.666785270202799,0.7556435430352806,0.7397166525113731,0.666785270202799,0.6667852702027991,0.7118120527319983,0.666785270202799,0.6825935360276533
50,8,0.6605308463822778,0.7333574222385788,0.6605308463822778,0.7522594420712834,0.7443855835470257,0.6605308463822778,0.6605308463822778,0.6933231316280503,0.6605308463822778,0.6249790126782604
50,9,0.6709322433082934,0.7076395609663322,0.6709322433082934,0.734754261102245,0.7265088003432304,0.6709322433082934,0.6709322433082934,0.6939918858439438,0.6709322433082934,0.6776050940368887
50,10,0.5904094869943277,0.6798906239725215,0.5904094869943277,0.7170955485199272,0.7372802710996502,0.5904094869943277,0.5904094869943277,0.6766005609436683,0.5904094869943277,0.5967410816964392
50,11,0.69397388411465,0.6314367624879335,0.69397388411465,0.7091571621234449,0.714592444640519,0.69397388411465,0.69397388411465,0.6469943429090304,0.69397388411465,0.681033299732485
50,12,0.6549911103103023,0.7703773225013029,0.6549911103103023,0.7873219426934962,0.7622667268209349,0.6549911103103023,0.6549911103103023,0.728545683550651,0.6549911103103023,0.6512251050413442
50,13,0.66884467858705,0.7510309451198669,0.66884467858705,0.7740583241853157,0.7187716428655544,0.66884467858705,0.66884467858705,0.6952518251036269,0.66884467858705,0.6603207892215041
50,14,0.6941128072955206,0.7398836853714525,0.6941128072955206,0.7807902936741965,0.7694526863805202,0.6941128072955206,0.6941128072955206,0.7272842147543193,0.6941128072955206,0.6938200414869584
50,15,0.6752118206807459,0.7312807946145305,0.6752118206807459,0.7602408414756586,0.7208917837309936,0.6752118206807459,0.6752118206807458,0.6925382647074863,0.6752118206807459,0.6934170516656044
50,16,0.7187478365850805,0.746224820480338,0.7187478365850805,0.7685577100363346,0.7623638139389408,0.7187478365850805,0.7187478365850805,0.7443460571476019,0.7187478365850805,0.7329931299929751
50,17,0.7092888870840749,0.7361287524027537,0.7092888870840749,0.7788462320095986,0.752953761738826,0.7092888870840749,0.7092888870840749,0.7110296755511603,0.7092888870840749,0.7173950236072837
50,18,0.7036882850030893,0.6932860837915371,0.7036882850030893,0.762226796524681,0.725032501470364,0.7036882850030893,0.7036882850030893,0.6704636909089172,0.7036882850030893,0.7048854362313385
50,19,0.667258352419396,0.7522941774736475,0.667258352419396,0.7687679079824034,0.7455792135714052,0.667258352419396,0.667258352419396,0.7020234737944537,0.667258352419396,0.6315948106937969
50,20,0.7056231736131819,0.782553556336011,0.7056231736131819,0.786175356188134,0.757881113539971,0.7056231736131819,0.7056231736131819,0.728294431266194,0.7056231736131819,0.6947885910420772
50,21,0.6919974579381031,0.6814838613457854,0.6919974579381031,0.7555242853452141,0.7665890105741603,0.6919974579381031,0.691997457938103,0.6837085875973545,0.6919974579381031,0.6662753843367353
50,22,0.579053934067523,0.6967276594387465,0.579053934067523,0.7358537407668578,0.7279124244796644,0.579053934067523,0.579053934067523,0.6620019583427312,0.579053934067523,0.56871615890724
50,23,0.5521416797141397,0.6459228638253135,0.5521416797141397,0.6885931496723425,0.7165160505518282,0.5521416797141397,0.5521416797141399,0.6319535867610622,0.5521416797141397,0.5317628676296078
50,24,0.6595331084605333,0.7561361314678858,0.6595331084605333,0.7831814830043479,0.7476741955156436,0.6595331084605333,0.6595331084605333,0.7203903345259436,0.6595331084605333,0.6848507996976247
50,25,0.5980856664451639,0.6734616507867167,0.5980856664451639,0.7125045963482561,0.7338925829376498,0.5980856664451639,0.5980856664451639,0.6605108522066403,0.5980856664451639,0.585180688771241
50,26,0.7339880347648059,0.7143531560181421,0.7339880347648059,0.754859933443695,0.7226380222426563,0.7339880347648059,0.7339880347648059,0.6913998181257788,0.7339880347648059,0.7290136638262901
50,27,0.6873670879183017,0.7537965344286832,0.6873670879183017,0.7789874364541638,0.773962841089593,0.6873670879183017,0.6873670879183016,0.7246865251811523,0.6873670879183017,0.6618615880393828
50,28,0.6392503240534197,0.734644002753396,0.6392503240534197,0.7597971497477791,0.742176321967835,0.6392503240534197,0.6392503240534197,0.70218882863418,0.6392503240534197,0.6358161489125275
50,29,0.6674718016143524,0.7665090000753093,0.6674718016143524,0.7947092444434578,0.7621443409067908,0.6674718016143524,0.6674718016143524,0.7211628795255024,0.6674718016143524,0.644358487839171
50,30,0.6801225460428126,0.7113150775367201,0.6801225460428126,0.7527974066383436,0.7688561944080237,0.6801225460428126,0.6801225460428126,0.7077874842630834,0.6801225460428126,0.6698712514342926
50,31,0.6048007205048663,0.6866023412199767,0.6048007205048663,0.7420465812005477,0.736067752694636,0.6048007205048663,0.6048007205048663,0.6600267459521633,0.6048007205048663,0.5977516919690623
50,32,0.7257188995834442,0.7320119073357569,0.7257188995834442,0.7685339932167633,0.7717229281819871,0.7257188995834442,0.7257188995834442,0.7295649226097408,0.7257188995834442,0.7153211194996327
50,33,0.6307704345080349,0.741126139139557,0.6307704345080349,0.769610235582765,0.7522334660926684,0.6307704345080349,0.6307704345080349,0.70923595723231,0.6307704345080349,0.6309448072339774
50,34,0.7519330068746995,0.7570798962806573,0.7519330068746995,0.785895206775409,0.7537734355080343,0.7519330068746995,0.7519330068746995,0.730837478802375,0.7519330068746995,0.7564034370323999
50,35,0.6592273845374133,0.680014625673728,0.6592273845374133,0.7515134277935779,0.7242456189605779,0.6592273845374133,0.6592273845374133,0.6444982927294967,0.6592273845374133,0.6573261160468808
50,36,0.6574188742055708,0.7521840486144793,0.6574188742055708,0.7745682828912472,0.6757696427935898,0.6574188742055708,0.6574188742055709,0.6461219026496265,0.6574188742055708,0.6750460249348931
50,37,0.5725757463543352,0.6880430080018722,0.5725757463543352,0.7321587460877366,0.7342103305057732,0.5725757463543352,0.5725757463543351,0.6638415399907545,0.5725757463543352,0.5619998733122045
50,38,0.7345275585026887,0.7354219985422314,0.7345275585026887,0.7649923147460442,0.7661435860584376,0.7345275585026887,0.7345275585026887,0.7418185188796248,0.7345275585026887,0.7403053809778296
50,39,0.6819227860314461,0.7369587603343823,0.6819227860314461,0.7637783218683569,0.7637295591590978,0.6819227860314461,0.6819227860314461,0.7220658972232792,0.6819227860314461,0.6707994000544127
50,40,0.6612234179321298,0.6860837306195661,0.6612234179321298,0.7615222946876954,0.7430559429555101,0.6612234179321298,0.6612234179321298,0.6692303474476204,0.6612234179321298,0.6754467359488524
50,41,0.6676449212705143,0.725571006401077,0.6676449212705143,0.7640470744642278,0.6857578906345656,0.6676449212705143,0.6676449212705142,0.6409790790391712,0.6676449212705143,0.6748390166469618
50,42,0.6733128011996272,0.6920611573003386,0.6733128011996272,0.7403635846314773,0.7517223716595233,0.6733128011996272,0.6733128011996272,0.7053829976981585,0.6733128011996272,0.6845377182762982
50,43,0.57793976086442,0.7028795550902235,0.57793976086442,0.732822068176496,0.7320390164137016,0.57793976086442,0.5779397608644199,0.6720534032128755,0.57793976086442,0.5749233200478503
50,44,0.6540929882078844,0.7250992674474034,0.6540929882078844,0.7559506715644848,0.709868322085262,0.6540929882078844,0.6540929882078844,0.6662029358637604,0.6540929882078844,0.6268098061939935
50,45,0.6912307320749835,0.7491633613837054,0.6912307320749835,0.7823926230401953,0.7480995893583189,0.6912307320749835,0.6912307320749835,0.7193668848107921,0.6912307320749835,0.6910064460882471
50,46,0.6485000989188803,0.6927085000897198,0.6485000989188803,0.7476326225971612,0.7532241254279447,0.6485000989188803,0.6485000989188803,0.6826054678899273,0.6485000989188803,0.6136996214129895
50,47,0.654373064774536,0.7091147480143041,0.654373064774536,0.7491905445162079,0.7300651440930304,0.654373064774536,0.654373064774536,0.6755315622610358,0.654373064774536,0.6470847553420108
50,48,0.6930349678474146,0.7032456950638204,0.6930349678474146,0.7435858920404161,0.7280514705948213,0.6930349678474146,0.6930349678474145,0.6861993212319256,0.6930349678474146,0.6775515689152312
50,49,0.5293640394140396,0.6900132737170181,0.5293640394140396,0.7341750403357987,0.7189549558787038,0.5293640394140396,0.5293640394140398,0.6483450371443445,0.5293640394140396,0.5206787631471019
