round,cid,n_k,rank,seed,lr,steps,applied,skipped,nonfinite,sec,vram_gb,loss,gnorm
1,0,1666026,0,42010133,0.001,3254,3253,1,0,26.980844649999995,6.77753210067749,0.2276686754294113,1.125999753232593
1,1,419109,1,42010134,0.001,819,819,0,0,8.621454277999874,6.743488311767578,0.6005219959077381,2.0055946657509156
1,2,1452665,0,42010135,0.001,2838,2838,0,0,23.657366504999914,6.751366138458252,0.37533365025160764,1.4322316208047041
1,3,1030182,1,42010136,0.001,2013,2013,0,0,19.623317073000067,6.729650974273682,0.3234259296991431,1.3341547761813835
1,4,255412,1,42010137,0.001,499,499,0,0,6.869415382999932,6.758311748504639,0.3917483098521261,0.9673556708142849
1,5,254243,0,42010138,0.001,497,497,0,0,10.956331859999864,6.740959167480469,0.6870546398508237,1.685837559536909
1,6,1507617,1,42010139,0.001,2945,2942,3,0,20.357897856000022,6.753062725067139,0.22917259314852778,1.4731519998619136
1,7,501937,0,42010140,0.001,981,981,0,0,15.014116653999963,6.721496105194092,0.33804996346601046,1.3952138980472732
1,8,885547,1,42010141,0.001,1730,1730,0,0,13.611897460000023,6.747178554534912,0.19581432893786127,0.8181251128973989
1,9,1022203,0,42010142,0.001,1997,1997,0,0,19.56836105399998,6.739081859588623,0.2801918942867426,1.2780908423181647
1,10,906905,0,42010143,0.001,1772,1772,0,0,19.362361781999994,6.724099159240723,0.4687653965659389,1.8845052267035836
1,11,2630929,0,42010144,0.001,5139,5137,2,0,32.47541044399998,6.794588088989258,0.13220194645236155,0.8763105746301343
1,12,785960,1,42010145,0.001,1536,1536,0,0,17.32363897999994,6.718661308288574,0.3580341736475627,1.6352631251017253
1,13,686747,1,42010146,0.001,1342,1342,0,0,17.046287671000073,6.718379974365234,0.18315180225628144,0.6405419066837044
1,14,655390,0,42010147,0.001,1281,1281,0,0,15.5414073930001,6.712769508361816,0.4176807746023614,1.434572504238632
1,15,869343,1,42010148,0.001,1698,1697,1,0,13.63759585799994,6.769687652587891,0.21443488278948145,1.0505256720269225
1,16,713588,0,42010149,0.001,1394,1393,1,0,12.191388747999895,6.750579833984375,0.556573587104047,2.085713164034458
1,17,712456,0,42010150,0.001,1392,1392,0,0,11.75560516600001,6.7392473220825195,0.42088738803205816,1.4819011468996948
1,18,583299,1,42010151,0.001,1140,1140,0,0,13.946645146000037,6.712881088256836,0.4166559319747122,1.3872584292763157
1,19,1507452,0,42010152,0.001,2945,2944,1,0,24.687385973000005,6.7525739669799805,0.15933444188988727,0.9009601758873981
1,20,920858,1,42010153,0.001,1799,1799,0,0,13.79785686799994,6.744987487792969,0.28861442256331643,1.2134926304544191
1,21,1063613,0,42010154,0.001,2078,2078,0,0,21.353037515999972,6.731155872344971,0.23743468827072306,0.9503718973697666
1,22,296017,0,42010155,0.001,579,579,0,0,10.06199768800002,6.701291084289551,0.6618819953246438,1.7187900576155009
1,23,349854,1,42010156,0.001,684,684,0,0,13.091501034999965,6.716403961181641,0.4303870396307337,1.218867876376325
1,24,747499,1,42010157,0.001,1460,1460,0,0,12.439355625999951,6.770698547363281,0.3730998418102526,1.2928655755029965
1,25,199063,0,42010158,0.001,389,389,0,0,6.078670713000065,6.752823829650879,0.9114705455946739,1.8015794141127088
1,26,1002191,1,42010159,0.001,1958,1957,1,0,21.20977273699998,6.73057746887207,0.20983393946410323,0.9691699168849004
1,27,1468121,1,42010160,0.001,2868,2867,1,0,20.484351147999973,6.752497673034668,0.25393748075487227,1.4466339420016567
1,28,556903,0,42010161,0.001,1088,1088,0,0,10.776685754000027,6.747305393218994,0.38048696517944336,1.3617350634406595
1,29,684357,0,42010162,0.001,1337,1337,0,0,12.051537152000037,6.742852687835693,0.4383832522087696,1.6277143981979245
1,30,699268,1,42010163,0.001,1366,1366,0,0,11.581784100999926,6.753078937530518,0.6202819288038753,2.0935256980348647
1,31,530503,1,42010164,0.001,1037,1037,0,0,13.053080382999951,6.707145690917969,0.4654166388074825,1.4623186484827024
1,32,536534,0,42010165,0.001,1048,1048,0,0,10.017018844999939,6.765763759613037,0.26448175561337073,0.7662117062634184
1,33,473056,0,42010166,0.001,924,924,0,0,9.736425432000033,6.766888618469238,0.47181113767417476,1.5776150525906385
1,34,968365,0,42010167,0.001,1892,1892,0,0,20.628672285999983,6.727721214294434,0.3426231077811179,1.3135499853412393
1,35,771613,0,42010168,0.001,1508,1508,0,0,9.745965457000011,6.7183356285095215,0.43596169550159564,1.5879961818219497
1,36,552346,1,42010169,0.001,1079,1079,0,0,10.151970693000067,6.755621910095215,0.3663669193752172,1.568846298656163
1,37,402818,0,42010170,0.001,787,786,1,0,8.774824968999837,6.75054407119751,0.6020158762846891,1.8717581479604009
1,38,662207,1,42010171,0.001,1294,1294,0,0,16.824224714000138,6.725010395050049,0.5093442277156588,1.7246989938538446
1,39,691766,0,42010172,0.001,1352,1352,0,0,14.483079320000115,6.714407444000244,0.4899891960550342,1.6089723124306583
1,40,594939,1,42010173,0.001,1162,1162,0,0,14.458092281999825,6.7721171379089355,0.5549516530127205,2.097473249583154
1,41,1353286,0,42010174,0.001,2644,2643,1,0,21.60222231099999,6.745053291320801,0.21947856532142687,1.030289233204455
1,42,1394572,1,42010175,0.001,2724,2723,1,0,23.413985383999943,6.759554862976074,0.3260180206803158,1.4113119505715204
1,43,1330480,1,42010176,0.001,2599,2598,1,0,22.376461905999918,6.751441955566406,0.30572178512467524,1.3674341778832275
1,44,1764530,1,42010177,0.001,3447,3447,0,0,28.991126182000016,6.764742374420166,0.17826892397941144,0.7906804008694154
1,45,1859325,1,42010178,0.001,3632,3632,0,0,24.370480554999972,6.774653911590576,0.11157085401896338,0.6359197809832737
1,46,210575,1,42010179,0.001,412,412,0,0,11.213010641999972,6.7125701904296875,0.785730454528216,1.663047568311969
1,47,830115,0,42010180,0.001,1622,1622,0,0,19.18375691999995,6.7216291427612305,0.3850492014102959,1.4898218044370377
1,48,493865,1,42010181,0.001,965,965,0,0,13.779100898999786,6.744144916534424,0.3883386483464216,1.5151448146049222
1,49,589766,0,42010182,0.001,1152,1152,0,0,14.664352038999823,6.763607978820801,0.5495675404866537,2.0109119415283203
2,0,1666026,0,42020140,0.0009989829694114164,3254,3252,2,0,17.964698291000104,6.758430480957031,0.17250813651935348,1.1462923357260917
2,1,419109,1,42020141,0.0009989829694114164,819,819,0,0,4.487820779999993,6.702804088592529,0.39150203569759234,2.12680914463141
2,2,1452665,0,42020142,0.0009989829694114164,2838,2837,1,0,15.497433630999922,6.748819351196289,0.2890265501423709,1.5757634536372047
2,3,1030182,1,42020143,0.0009989829694114164,2013,2012,1,0,10.876332113999979,6.730338096618652,0.23289294081701198,1.481920124759257
2,4,255412,0,42020144,0.0009989829694114164,499,499,0,0,6.886954408000065,6.758451461791992,0.19565573101769945,1.1523849701355837
2,5,254243,1,42020145,0.0009989829694114164,497,497,0,0,10.956189519999953,6.741098880767822,0.41609612509038607,1.9163255902603118
2,6,1507617,1,42020146,0.0009989829694114164,2945,2944,1,0,16.021957293000014,6.751296043395996,0.1704582338747771,1.3914648968240488
2,7,501937,0,42020147,0.0009989829694114164,981,981,0,0,5.553632569000001,6.706496715545654,0.20092963200218208,1.3862376859550203
2,8,885547,1,42020148,0.0009989829694114164,1730,1730,0,0,9.605767898000067,6.723276138305664,0.13176387720714414,0.8629149685016257
2,9,1022203,0,42020149,0.0009989829694114164,1997,1995,2,0,10.763342569000088,6.729430198669434,0.20777581771812342,1.3305917381343986
2,10,906905,0,42020150,0.0009989829694114164,1772,1772,0,0,10.114531080000006,6.725131988525391,0.35792327949747815,1.852946193169794
2,11,2630929,0,42020151,0.0009989829694114164,5139,5136,3,0,28.468569777999846,6.79486608505249,0.09662580044470101,0.8462312407211351
2,12,785960,0,42020152,0.0009989829694114164,1536,1534,2,0,17.96805517000007,6.7187910079956055,0.24417384817827167,1.5527184597050196
2,13,686747,1,42020153,0.0009989829694114164,1342,1342,0,0,7.425469918999852,6.714321613311768,0.1144814185698235,0.7284213889018256
2,14,655390,0,42020154,0.0009989829694114164,1281,1281,0,0,7.326843550999911,6.71290922164917,0.2772799989937061,1.500364400370804
2,15,869343,0,42020155,0.0009989829694114164,1698,1698,0,0,13.622224345999939,6.769827365875244,0.14517895773807882,1.0906778252447733
2,16,713588,1,42020156,0.0009989829694114164,1394,1394,0,0,11.96177412599991,6.7507195472717285,0.40385579310325503,1.895055609419835
2,17,712456,0,42020157,0.0009989829694114164,1392,1392,0,0,8.028316190000169,6.716578960418701,0.28803660951811694,1.5864412154274425
2,18,583299,1,42020158,0.0009989829694114164,1140,1140,0,0,6.340210252999896,6.7096638679504395,0.28323168838233276,1.4859264708401865
2,19,1507452,0,42020159,0.0009989829694114164,2945,2944,1,0,16.180091663999974,6.751287460327148,0.11542295373004416,0.8604048024053159
2,20,920858,1,42020160,0.0009989829694114164,1799,1799,0,0,9.97345161599992,6.724867343902588,0.20440795966292039,1.2772179476879517
2,21,1063613,0,42020161,0.0009989829694114164,2078,2078,0,0,11.685450418000073,6.731295585632324,0.1669563535776588,0.9980092787536092
2,22,296017,1,42020162,0.0009989829694114164,579,578,1,0,10.241530579000028,6.701824188232422,0.42296740258028764,2.0046317024626945
2,23,349854,0,42020163,0.0009989829694114164,684,684,0,0,13.523523415999989,6.716543674468994,0.2544149209184256,1.3651847616273758
2,24,747499,0,42020164,0.0009989829694114164,1460,1460,0,0,12.339120685000125,6.770838260650635,0.27709781176423376,1.4142631635273972
2,25,199063,1,42020165,0.0009989829694114164,389,389,0,0,6.266039938999938,6.752963542938232,0.5933021604248675,2.1639449798662436
2,26,1002191,1,42020166,0.0009989829694114164,1958,1958,0,0,10.559480734999852,6.730250835418701,0.13821484387468877,0.9960815928442607
2,27,1468121,1,42020167,0.0009989829694114164,2868,2867,1,0,15.675395062999996,6.74951696395874,0.1926252925940661,1.2323149197767702
2,28,556903,0,42020168,0.0009989829694114164,1088,1088,0,0,6.079235419000042,6.708473205566406,0.25089771607342887,1.3628966387580423
2,29,684357,0,42020169,0.0009989829694114164,1337,1337,0,0,7.1982504959999005,6.71505880355835,0.3081732145778796,1.732940285796092
2,30,699268,1,42020170,0.0009989829694114164,1366,1365,1,0,7.768728632000148,6.7148871421813965,0.45544053521348443,2.2889364053914836
2,31,530503,1,42020171,0.0009989829694114164,1037,1037,0,0,5.691037006999977,6.707285404205322,0.3131764778865568,1.5613680538813886
2,32,536534,0,42020172,0.0009989829694114164,1048,1048,0,0,5.653299414999992,6.707556247711182,0.15738776985925573,0.9418894061605438
2,33,473056,0,42020173,0.0009989829694114164,924,924,0,0,5.09751937499982,6.705271244049072,0.3164656998275162,1.7160320859966856
2,34,968365,0,42020174,0.0009989829694114164,1892,1892,0,0,10.463809231999903,6.727005958557129,0.24830753253831925,1.4281764605080602
2,35,771613,1,42020175,0.0009989829694114164,1508,1508,0,0,9.789581117000125,6.71814489364624,0.3043418702143257,1.7348105028390253
2,36,552346,1,42020176,0.0009989829694114164,1079,1079,0,0,5.9644637740000235,6.708268642425537,0.22464109461433474,1.6279426977742701
2,37,402818,1,42020177,0.0009989829694114164,787,787,0,0,8.241718411999955,6.750683784484863,0.41102633058191707,1.983386804369838
2,38,662207,1,42020178,0.0009989829694114164,1294,1294,0,0,7.016029631000038,6.7132158279418945,0.3810621730326869,1.7525693253719088
2,39,691766,0,42020179,0.0009989829694114164,1352,1352,0,0,7.515423472000066,6.715168476104736,0.35783973106971156,1.7597535263151811
2,40,594939,1,42020180,0.0009989829694114164,1162,1162,0,0,6.664796967000029,6.710186004638672,0.39696330663054,2.1000213885676633
2,41,1353286,0,42020181,0.0009989829694114164,2644,2643,1,0,14.702106704000016,6.745193004608154,0.16168933396442253,1.119109218336171
2,42,1394572,1,42020182,0.0009989829694114164,2724,2723,1,0,14.765954383000008,6.746204853057861,0.2568180057611091,1.447994101892444
2,43,1330480,1,42020183,0.0009989829694114164,2599,2598,1,0,14.512039017000006,6.743316650390625,0.23252453998568612,1.447469733328522
2,44,1764530,1,42020184,0.0009989829694114164,3447,3447,0,0,19.041738669000097,6.762866973876953,0.13403671791424154,0.8435317820523281
2,45,1859325,1,42020185,0.0009989829694114164,3632,3631,1,0,19.641394687000002,6.76015043258667,0.07663079012001686,0.6582517379638874
2,46,210575,0,42020186,0.0009989829694114164,412,412,0,0,12.260034961999963,6.712709903717041,0.47508013827129475,1.960530549577139
2,47,830115,1,42020187,0.0009989829694114164,1622,1621,1,0,18.97836061099997,6.721768856048584,0.2749413896827768,1.5219982601403454
2,48,493865,1,42020188,0.0009989829694114164,965,965,0,0,5.436121229000037,6.706313610076904,0.2447281753460978,1.536279170377267
2,49,589766,0,42020189,0.0009989829694114164,1152,1152,0,0,6.471908180000128,6.709954738616943,0.382229036755032,2.1504578060574002
3,0,1666026,0,42030147,0.0009959360568425068,3254,3252,2,0,18.92123058900006,6.758430480957031,0.1469903455595835,1.0963098730108394
3,1,419109,1,42030148,0.0009959360568425068,819,818,1,0,4.467009633999851,6.702804088592529,0.2981676134328679,1.8595882499713479
3,2,1452665,0,42030149,0.0009959360568425068,2838,2837,1,0,16.003440703000024,6.748819351196289,0.24402864474329178,1.4649091524938316
3,3,1030182,1,42030150,0.0009959360568425068,2013,2011,2,0,11.154486592000012,6.730064392089844,0.19356827852086958,1.3530981214647564
3,4,255412,1,42030151,0.0009959360568425068,499,499,0,0,2.680480907999936,6.702278137207031,0.1428777813194749,1.0507459009816509
3,5,254243,0,42030152,0.0009959360568425068,497,496,1,0,2.796431074000111,6.696376323699951,0.32352505960772115,1.7087076248661164
3,6,1507617,1,42030153,0.0009959360568425068,2945,2943,2,0,16.425981882000087,6.751296043395996,0.14273616727258007,1.2862468775218738
3,7,501937,0,42030154,0.0009959360568425068,981,981,0,0,5.545629416000111,6.705997467041016,0.15139677181885514,1.245338929902523
3,8,885547,1,42030155,0.0009959360568425068,1730,1730,0,0,9.784848201000159,6.723276138305664,0.10848067619897038,0.79788768966763
3,9,1022203,0,42030156,0.0009959360568425068,1997,1993,4,0,11.132128233000003,6.729430198669434,0.17062007370033397,1.262329407810148
3,10,906905,0,42030157,0.0009959360568425068,1772,1771,1,0,9.856293737999977,6.724238872528076,0.29492122019030564,1.7202855631969933
3,11,2630929,0,42030158,0.0009959360568425068,5139,5135,4,0,29.034905608000145,6.80280065536499,0.0801887371059518,0.8309912632363681
3,12,785960,0,42030159,0.0009959360568425068,1536,1535,1,0,8.598089990000062,6.7187910079956055,0.19485123724424877,1.4281984807614005
3,13,686747,1,42030160,0.0009959360568425068,1342,1342,0,0,7.430895195999938,6.714595794677734,0.0957448194705605,0.685632651680095
3,14,655390,0,42030161,0.0009959360568425068,1281,1281,0,0,7.090441967999823,6.71290922164917,0.22580970924967067,1.3558202858179644
3,15,869343,0,42030162,0.0009959360568425068,1698,1698,0,0,9.801007765999884,6.722645282745361,0.1183592186378506,1.016098184214885
3,16,713588,1,42030163,0.0009959360568425068,1394,1392,2,0,7.780429464999997,6.7155303955078125,0.3308643472605738,1.7723041402882542
3,17,712456,0,42030164,0.0009959360568425068,1392,1392,0,0,7.900565625999889,6.715481281280518,0.23533108590663165,1.4192208476450252
3,18,583299,1,42030165,0.0009959360568425068,1140,1140,0,0,6.354159352999886,6.7096638679504395,0.2272043596234238,1.3429471199972587
3,19,1507452,0,42030166,0.0009959360568425068,2945,2944,1,0,16.50499895600001,6.751287460327148,0.09655685010163681,0.8082854229470958
3,20,920858,1,42030167,0.0009959360568425068,1799,1799,0,0,10.114875166000047,6.724867343902588,0.16807526465983708,1.1675618941946915
3,21,1063613,0,42030168,0.0009959360568425068,2078,2078,0,0,11.206036002000019,6.731295585632324,0.13808317065124218,0.95249402924612
3,22,296017,0,42030169,0.0009959360568425068,579,577,2,0,3.248257160999856,6.69672155380249,0.31956352352889406,1.8860000795466854
3,23,349854,1,42030170,0.0009959360568425068,684,684,0,0,3.828855762000103,6.699145793914795,0.19467627095897294,1.227112887198465
3,24,747499,0,42030171,0.0009959360568425068,1460,1460,0,0,8.047102875000064,6.717058181762695,0.22903408938891268,1.3447370973351884
3,25,199063,0,42030172,0.0009959360568425068,389,389,0,0,2.0638003699998535,6.700268745422363,0.45189711857577525,1.9827532535347043
3,26,1002191,1,42030173,0.0009959360568425068,1958,1957,1,0,10.737466874999882,6.729220867156982,0.11381639920148426,0.8996192179715444
3,27,1468121,1,42030174,0.0009959360568425068,2868,2867,1,0,16.500695003000146,6.74951696395874,0.16119383701182094,1.1738490732363969
3,28,556903,0,42030175,0.0009959360568425068,1088,1088,0,0,5.985858523999923,6.708473205566406,0.20149958834928625,1.2392095677992876
3,29,684357,0,42030176,0.0009959360568425068,1337,1335,2,0,7.457980088999875,6.7142157554626465,0.2530881503101592,1.552330765742041
3,30,699268,1,42030177,0.0009959360568425068,1366,1363,3,0,7.651827161000028,6.7148871421813965,0.3686381260962147,2.158717916017058
3,31,530503,1,42030178,0.0009959360568425068,1037,1036,1,0,5.634663243999967,6.707285404205322,0.2562219627115257,1.42529685709007
3,32,536534,0,42030179,0.0009959360568425068,1048,1048,0,0,5.873670450999953,6.707556247711182,0.1275563567649317,0.878590008684697
3,33,473056,0,42030180,0.0009959360568425068,924,923,1,0,4.995463801999904,6.705271244049072,0.251627912759006,1.6055412251151138
3,34,968365,0,42030181,0.0009959360568425068,1892,1891,1,0,10.52305678599987,6.727005958557129,0.2030377884758395,1.3441502305327868
3,35,771613,1,42030182,0.0009959360568425068,1508,1507,1,0,8.293561140000065,6.71814489364624,0.25156666351298107,1.5888558471922694
3,36,552346,1,42030183,0.0009959360568425068,1079,1078,1,0,5.955856062000066,6.708268642425537,0.1727500023779931,1.4634534167004871
3,37,402818,0,42030184,0.0009959360568425068,787,787,0,0,4.330962591000116,6.702193260192871,0.326431526465216,1.8160057601056225
3,38,662207,1,42030185,0.0009959360568425068,1294,1294,0,0,6.986522044000139,6.714039325714111,0.3074703069153304,1.6183636767049845
3,39,691766,0,42030186,0.0009959360568425068,1352,1351,1,0,7.462752714000089,6.714547157287598,0.2900148472196521,1.7061495607998705
3,40,594939,1,42030187,0.0009959360568425068,1162,1162,0,0,6.625151629999891,6.710186004638672,0.3152247837611607,1.8661558903022806
3,41,1353286,0,42030188,0.0009959360568425068,2644,2642,2,0,14.717812759000026,6.745193004608154,0.13631334672995718,1.0478632982529807
3,42,1394572,1,42030189,0.0009959360568425068,2724,2723,1,0,14.82219697000005,6.746204853057861,0.22064697624259777,1.4053062525821705
3,43,1330480,1,42030190,0.0009959360568425068,2599,2598,1,0,14.218983254000022,6.743316650390625,0.1926234291552396,1.3613596997690531
3,44,1764530,1,42030191,0.0009959360568425068,3447,3446,1,0,19.51202423099994,6.762866973876953,0.11459855374664465,0.827192858907973
3,45,1859325,1,42030192,0.0009959360568425068,3632,3630,2,0,20.55594838900015,6.76808500289917,0.06378594600793087,0.6470419975680096
3,46,210575,1,42030193,0.0009959360568425068,412,411,1,0,2.281399340000007,6.693522930145264,0.35827540191130625,1.7188408844662408
3,47,830115,1,42030194,0.0009959360568425068,1622,1620,2,0,9.139530659999991,6.7207794189453125,0.2225613252616223,1.4198508933738425
3,48,493865,1,42030195,0.0009959360568425068,965,964,1,0,5.388313785000037,6.706540107727051,0.18635571744926738,1.3789466446366052
3,49,589766,0,42030196,0.0009959360568425068,1152,1150,2,0,6.410997807000058,6.709954738616943,0.30845944611922554,1.991915336277174
4,0,1666026,0,42040154,0.0009908717827105773,3254,3252,2,0,17.823370863000036,6.758430480957031,0.12800464888193805,1.0566931767950491
4,1,419109,1,42040155,0.0009908717827105773,819,819,0,0,4.591644077999945,6.702804088592529,0.24745576926057883,1.7429540538671398
4,2,1452665,0,42040156,0.0009908717827105773,2838,2836,2,0,15.629092806000017,6.748819351196289,0.21695135678828015,1.4569792539007405
4,3,1030182,1,42040157,0.0009908717827105773,2013,2012,1,0,11.467145674999983,6.730064392089844,0.16503865296987605,1.3247533839929175
4,4,255412,1,42040158,0.0009908717827105773,499,499,0,0,2.8732587229999353,6.702278137207031,0.12325204302648265,0.9546962577498748
4,5,254243,0,42040159,0.0009908717827105773,497,496,1,0,3.024344811999981,6.696376323699951,0.2763411306565808,1.5793886492329259
4,6,1507617,1,42040160,0.0009908717827105773,2945,2943,2,0,16.103789244000154,6.751296043395996,0.12102064469052624,1.2219643108382179
4,7,501937,0,42040161,0.0009908717827105773,981,980,1,0,5.335513024999955,6.705997467041016,0.12633032506825972,1.125588304169324
4,8,885547,1,42040162,0.0009908717827105773,1730,1730,0,0,9.635512368000036,6.723276138305664,0.09570028492481034,0.7495659800623193
4,9,1022203,0,42040163,0.0009908717827105773,1997,1993,4,0,11.243638123999972,6.729430198669434,0.14896830373592732,1.2242461652894505
4,10,906905,0,42040164,0.0009908717827105773,1772,1772,0,0,9.664031789000092,6.724238872528076,0.25500872334292995,1.6449522961343115
4,11,2630929,0,42040165,0.0009908717827105773,5139,5135,4,0,28.530648328000098,6.80280065536499,0.06979185882538644,0.8168639126399708
4,12,785960,0,42040166,0.0009908717827105773,1536,1536,0,0,8.639161724000132,6.7187910079956055,0.16911218563715616,1.35845152537028
4,13,686747,1,42040167,0.0009908717827105773,1342,1342,0,0,7.331661845000099,6.714595794677734,0.08627574596604008,0.650549489233071
4,14,655390,0,42040168,0.0009908717827105773,1281,1281,0,0,7.052775350000047,6.71290922164917,0.1960965825839493,1.2694772188780739
4,15,869343,0,42040169,0.0009908717827105773,1698,1697,1,0,9.464731700999891,6.722645282745361,0.10268414238304269,0.9732371809627284
4,16,713588,1,42040170,0.0009908717827105773,1394,1393,1,0,7.8854056400000445,6.7155303955078125,0.2834663035111383,1.75741868522299
4,17,712456,0,42040171,0.0009908717827105773,1392,1391,1,0,7.6994536710001285,6.715481281280518,0.20448738717929996,1.383423641377606
4,18,583299,1,42040172,0.0009908717827105773,1140,1139,1,0,6.308414189999894,6.7096638679504395,0.19287138847639101,1.2592700559701493
4,19,1507452,0,42040173,0.0009908717827105773,2945,2944,1,0,16.598365696999963,6.751287460327148,0.08630373685256294,0.7533198646877123
4,20,920858,1,42040174,0.0009908717827105773,1799,1799,0,0,10.037408270000014,6.724867343902588,0.14538406278770324,1.09175528016867
4,21,1063613,0,42040175,0.0009908717827105773,2078,2078,0,0,11.880640586000027,6.731295585632324,0.12282324342112684,0.8995377189041446
4,22,296017,0,42040176,0.0009908717827105773,579,578,1,0,3.2886127089998354,6.69672155380249,0.2693184453310851,1.7463829806106725
4,23,349854,1,42040177,0.0009908717827105773,684,684,0,0,3.7995280320001257,6.699145793914795,0.16949162845723112,1.1376887092813415
4,24,747499,0,42040178,0.0009908717827105773,1460,1460,0,0,8.198457616000042,6.717058181762695,0.2020712238468536,1.2920008829195206
4,25,199063,0,42040179,0.0009908717827105773,389,389,0,0,2.244633983000085,6.700268745422363,0.3797351670449068,1.8626955321638015
4,26,1002191,1,42040180,0.0009908717827105773,1958,1957,1,0,11.015496847000122,6.729220867156982,0.09816211355420845,0.8321545678374106
4,27,1468121,1,42040181,0.0009908717827105773,2868,2866,2,0,16.160664618999817,6.74951696395874,0.13657059173690467,1.248892337562151
4,28,556903,0,42040182,0.0009908717827105773,1088,1088,0,0,5.996709955999904,6.708473205566406,0.17306765388039982,1.1706832436954273
4,29,684357,0,42040183,0.0009908717827105773,1337,1337,0,0,7.388201678000087,6.7142157554626465,0.22087212436307965,1.4547548258402674
4,30,699268,1,42040184,0.0009908717827105773,1366,1364,2,0,7.4932986430001165,6.7148871421813965,0.3179724461172333,2.099556573325238
4,31,530503,1,42040185,0.0009908717827105773,1037,1036,1,0,5.651261380000051,6.707285404205322,0.22261400848742158,1.348288988975024
4,32,536534,0,42040186,0.0009908717827105773,1048,1048,0,0,5.620008764999966,6.707556247711182,0.1119280225448026,0.8368721299499046
4,33,473056,0,42040187,0.0009908717827105773,924,923,1,0,5.347909418999961,6.705271244049072,0.21227086688172908,1.4901861023412106
4,34,968365,0,42040188,0.0009908717827105773,1892,1891,1,0,10.804155072999947,6.727005958557129,0.1771658539835074,1.319513330000661
4,35,771613,1,42040189,0.0009908717827105773,1508,1508,0,0,8.341905058000066,6.71814489364624,0.21269543797014878,1.5276254507211537
4,36,552346,1,42040190,0.0009908717827105773,1079,1078,1,0,5.816304426999977,6.708268642425537,0.147730117826161,1.3504522036975302
4,37,402818,0,42040191,0.0009908717827105773,787,787,0,0,4.427778293000074,6.702193260192871,0.2797351144017531,1.7077101594762547
4,38,662207,1,42040192,0.0009908717827105773,1294,1294,0,0,7.1050982540000405,6.714039325714111,0.2605950239084235,1.5959272664702473
4,39,691766,0,42040193,0.0009908717827105773,1352,1351,1,0,7.447016951000023,6.714547157287598,0.2517648692663999,1.6048922817588822
4,40,594939,1,42040194,0.0009908717827105773,1162,1162,0,0,6.290190652999854,6.710186004638672,0.26563448093434006,1.7642406260084982
4,41,1353286,0,42040195,0.0009908717827105773,2644,2643,1,0,14.641474814000048,6.745193004608154,0.12056494029777952,0.9937081367645668
4,42,1394572,1,42040196,0.0009908717827105773,2724,2722,2,0,15.110664025999995,6.746204853057861,0.19235395421708532,1.399658203125
4,43,1330480,1,42040197,0.0009908717827105773,2599,2597,2,0,14.435458919999974,6.743316650390625,0.16562929619813727,1.2783056471409318
4,44,1764530,1,42040198,0.0009908717827105773,3447,3447,0,0,18.97164878600006,6.762866973876953,0.10131062152664455,0.7868256420891355
4,45,1859325,1,42040199,0.0009908717827105773,3632,3630,2,0,20.085745979999956,6.76808500289917,0.05627082845724647,0.6144176808927342
4,46,210575,1,42040200,0.0009908717827105773,412,412,0,0,2.5256670119999853,6.693522930145264,0.3074886173877901,1.5765117163797027
4,47,830115,1,42040201,0.0009908717827105773,1622,1621,1,0,8.973790119999876,6.7207794189453125,0.19540120994949106,1.3524489970504319
4,48,493865,1,42040202,0.0009908717827105773,965,964,1,0,5.587783005000119,6.706540107727051,0.158949681832088,1.2758468691244165
4,49,589766,0,42040203,0.0009908717827105773,1152,1150,2,0,6.400256556999921,6.709954738616943,0.26373837678328804,1.8690771484375
5,0,1666026,0,42050161,0.0009838109572043196,3254,3252,2,0,18.123066780000045,6.758430480957031,0.1145690505061789,1.0607669168732703
5,1,419109,1,42050162,0.0009838109572043196,819,818,1,0,4.549246199000208,6.702804088592529,0.21293254003548098,1.7607600951253055
5,2,1452665,0,42050163,0.0009838109572043196,2838,2836,2,0,15.740476322999939,6.748819351196289,0.19538083096653516,1.5284289533564
5,3,1030182,1,42050164,0.0009838109572043196,2013,2011,2,0,11.359205334999842,6.730064392089844,0.14474689136507024,1.3778682577853059
5,4,255412,1,42050165,0.0009838109572043196,499,499,0,0,2.8137161489999016,6.702278137207031,0.10873435255520807,0.9064704115261774
5,5,254243,0,42050166,0.0009838109572043196,497,496,1,0,2.9798712430001615,6.696376323699951,0.2392816082123787,1.5933664383426789
5,6,1507617,1,42050167,0.0009838109572043196,2945,2943,2,0,16.475241836999885,6.751296043395996,0.10402397132430237,1.2883134038927115
5,7,501937,0,42050168,0.0009838109572043196,981,981,0,0,5.5687848259999555,6.705997467041016,0.11158645894306272,1.063413349738787
5,8,885547,1,42050169,0.0009838109572043196,1730,1730,0,0,9.369509638000181,6.723276138305664,0.08519086892894237,0.7387775751896676
5,9,1022203,0,42050170,0.0009838109572043196,1997,1993,4,0,11.119890499000121,6.729430198669434,0.13288953659585895,1.2133057743116533
5,10,906905,0,42050171,0.0009838109572043196,1772,1771,1,0,9.734515032999752,6.724238872528076,0.22734597979932772,1.6559333478172642
5,11,2630929,0,42050172,0.0009838109572043196,5139,5135,4,0,28.562245917999917,6.80280065536499,0.06269762434769048,0.8136951717685005
5,12,785960,0,42050173,0.0009838109572043196,1536,1535,1,0,8.514415765999729,6.7187910079956055,0.14585600116742162,1.3733603611054561
5,13,686747,1,42050174,0.0009838109572043196,1342,1342,0,0,7.2365886889997455,6.714595794677734,0.07895609803064747,0.6411987850456409
5,14,655390,0,42050175,0.0009838109572043196,1281,1280,1,0,7.1623507499998595,6.71290922164917,0.17370271682739258,1.2471463203430175
5,15,869343,0,42050176,0.0009838109572043196,1698,1697,1,0,9.317329732999951,6.722645282745361,0.09251131362330584,0.9350172322711034
5,16,713588,1,42050177,0.0009838109572043196,1394,1392,2,0,7.725480517000051,6.7155303955078125,0.24696001513250943,1.8432878516186242
5,17,712456,0,42050178,0.0009838109572043196,1392,1392,0,0,7.7658507389996885,6.715481281280518,0.17651903218236462,1.4231229760180946
5,18,583299,1,42050179,0.0009838109572043196,1140,1139,1,0,6.288822360999802,6.7096638679504395,0.17000942213478792,1.2492576110143219
5,19,1507452,0,42050180,0.0009838109572043196,2945,2943,2,0,16.30389119099982,6.751287460327148,0.07824868796190113,0.7380288966934251
5,20,920858,1,42050181,0.0009838109572043196,1799,1799,0,0,9.852972581999893,6.724867343902588,0.1299410571384059,1.064472667106726
5,21,1063613,0,42050182,0.0009838109572043196,2078,2077,1,0,11.896789313999989,6.731295585632324,0.10726345394687349,0.9327270919219427
5,22,296017,0,42050183,0.0009838109572043196,579,578,1,0,3.2052572870002223,6.69672155380249,0.2325943415552687,1.747895026289468
5,23,349854,1,42050184,0.0009838109572043196,684,684,0,0,3.7503328580000925,6.699145793914795,0.14940527308056925,1.125811749731588
5,24,747499,0,42050185,0.0009838109572043196,1460,1460,0,0,8.05428351799992,6.717058181762695,0.1795198623448202,1.2949287310038526
5,25,199063,0,42050186,0.0009838109572043196,389,388,1,0,2.2850267550002172,6.700268745422363,0.3336758957695715,1.841835729854623
5,26,1002191,1,42050187,0.0009838109572043196,1958,1958,0,0,10.858795138000005,6.729220867156982,0.08746350359502682,0.805751781054488
5,27,1468121,1,42050188,0.0009838109572043196,2868,2865,3,0,15.808236658000169,6.74951696395874,0.12073054288694372,1.3594288558027923
5,28,556903,0,42050189,0.0009838109572043196,1088,1087,1,0,5.978480968999975,6.708473205566406,0.15574040978790535,1.1733295121320146
5,29,684357,0,42050190,0.0009838109572043196,1337,1336,1,0,7.432301698000174,6.7142157554626465,0.19625539265706868,1.4119318431009076
5,30,699268,1,42050191,0.0009838109572043196,1366,1365,1,0,7.601049533999685,6.7148871421813965,0.2799178462325435,2.114401614010989
5,31,530503,1,42050192,0.0009838109572043196,1037,1036,1,0,5.767366140999911,6.707285404205322,0.2017608406921151,1.298270442771175
5,32,536534,0,42050193,0.0009838109572043196,1048,1048,0,0,5.663161179999861,6.707556247711182,0.0991648098894658,0.8513724057729007
5,33,473056,0,42050194,0.0009838109572043196,924,923,1,0,5.122775324000031,6.705271244049072,0.18483222473739674,1.4863797040052817
5,34,968365,0,42050195,0.0009838109572043196,1892,1891,1,0,10.658445421000124,6.727005958557129,0.15620925072196423,1.3558066220336462
5,35,771613,1,42050196,0.0009838109572043196,1508,1506,2,0,8.444864721999693,6.71814489364624,0.18232273137268634,1.561779250186753
5,36,552346,1,42050197,0.0009838109572043196,1079,1078,1,0,5.879840773000069,6.708268642425537,0.13033741966912832,1.278108444638509
5,37,402818,0,42050198,0.0009838109572043196,787,787,0,0,4.35983503000034,6.702193260192871,0.24775971118195084,1.6257058983382306
5,38,662207,1,42050199,0.0009838109572043196,1294,1293,1,0,7.299380794000172,6.714039325714111,0.22845265446756574,1.6406856103175753
5,39,691766,0,42050200,0.0009838109572043196,1352,1351,1,0,7.535588481999639,6.714547157287598,0.21967252989683567,1.5707913842755366
5,40,594939,1,42050201,0.0009838109572043196,1162,1161,1,0,6.567994835999798,6.710186004638672,0.2273463890739395,1.8011261170327304
5,41,1353286,0,42050202,0.0009838109572043196,2644,2643,1,0,15.051452956000048,6.745193004608154,0.11050835334122565,0.967013026745176
5,42,1394572,1,42050203,0.0009838109572043196,2724,2722,2,0,15.437528459000077,6.746204853057861,0.1714972524762066,1.4309606727302995
5,43,1330480,1,42050204,0.0009838109572043196,2599,2598,1,0,14.7272382189999,6.743316650390625,0.14385862989183387,1.318563483328522
5,44,1764530,1,42050205,0.0009838109572043196,3447,3447,0,0,18.944920406999927,6.762866973876953,0.09256393127175805,0.7707201518077313
5,45,1859325,1,42050206,0.0009838109572043196,3632,3630,2,0,20.109181540999998,6.76808500289917,0.05059663126291322,0.622976726605544
5,46,210575,1,42050207,0.0009838109572043196,412,412,0,0,2.570193424000081,6.693522930145264,0.273152268048629,1.5458209584060225
5,47,830115,1,42050208,0.0009838109572043196,1622,1621,1,0,8.933674420999978,6.7207794189453125,0.1721947662334689,1.3559418195269124
5,48,493865,1,42050209,0.0009838109572043196,965,964,1,0,5.316831991000072,6.706540107727051,0.1358926226983921,1.2753848000680756
5,49,589766,0,42050210,0.0009838109572043196,1152,1150,2,0,6.489264630999969,6.709954738616943,0.22761323348335596,1.8919713824728261
6,0,1666026,0,42060168,0.000974782594770281,3254,3252,2,0,17.84942741099985,6.758430480957031,0.1041806491978494,1.0757428271304197
6,1,419109,1,42060169,0.000974782594770281,819,817,2,0,4.441600390000076,6.702804088592529,0.189717268272596,1.77667049562041
6,2,1452665,0,42060170,0.000974782594770281,2838,2836,2,0,15.84524119200023,6.748819351196289,0.17998618702962468,1.5759285952375706
6,3,1030182,1,42060171,0.000974782594770281,2013,2010,3,0,11.056728323000243,6.730064392089844,0.1298026621045165,1.3986969449626865
6,4,255412,1,42060172,0.000974782594770281,499,498,1,0,2.808950642000127,6.702278137207031,0.09947082029289031,0.9240006289807668
6,5,254243,0,42060173,0.000974782594770281,497,495,2,0,2.775454264000018,6.696376323699951,0.21449151857934817,1.6101230813999368
6,6,1507617,1,42060174,0.000974782594770281,2945,2943,2,0,16.28661468700011,6.751296043395996,0.09439778562876953,1.2935190826218994
6,7,501937,0,42060175,0.000974782594770281,981,980,1,0,5.6246088409998265,6.705997467041016,0.1003656815509407,1.0443130181760205
6,8,885547,1,42060176,0.000974782594770281,1730,1730,0,0,9.630275852000068,6.723276138305664,0.07781358840148574,0.7635546733878251
6,9,1022203,0,42060177,0.000974782594770281,1997,1993,4,0,10.92001570399998,6.729430198669434,0.12302683109143722,1.2235900603283367
6,10,906905,0,42060178,0.000974782594770281,1772,1770,2,0,9.855489086999569,6.724238872528076,0.20600779043079095,1.6978340450653249
6,11,2630929,0,42060179,0.000974782594770281,5139,5135,4,0,28.54939192100028,6.80280065536499,0.05742110834613863,0.8085362212451315
6,12,785960,0,42060180,0.000974782594770281,1536,1534,2,0,8.472318822000034,6.7187910079956055,0.12996876503995375,1.4173644462495925
6,13,686747,1,42060181,0.000974782594770281,1342,1342,0,0,7.704221621000215,6.714595794677734,0.07312046397816051,0.6246862283584436
6,14,655390,0,42060182,0.000974782594770281,1281,1279,2,0,7.147179522999977,6.71290922164917,0.154815828921368,1.2718139362111514
6,15,869343,0,42060183,0.000974782594770281,1698,1697,1,0,9.535429186999863,6.722645282745361,0.08600453257069,0.9399937015459267
6,16,713588,1,42060184,0.000974782594770281,1394,1392,2,0,7.665114431000347,6.7155303955078125,0.22396951434256016,1.8609524430899784
6,17,712456,0,42060185,0.000974782594770281,1392,1391,1,0,7.638821108999764,6.715481281280518,0.1572603380654374,1.474711173391445
6,18,583299,1,42060186,0.000974782594770281,1140,1139,1,0,6.270816221000132,6.7096638679504395,0.1554097618525022,1.2255442471123243
6,19,1507452,0,42060187,0.000974782594770281,2945,2944,1,0,16.5117810429997,6.751287460327148,0.07134134354798691,0.7319690040920092
6,20,920858,1,42060188,0.000974782594770281,1799,1798,1,0,10.107803990999855,6.724867343902588,0.11830188382056452,1.071156740453803
6,21,1063613,0,42060189,0.000974782594770281,2078,2077,1,0,11.515308924000237,6.731295585632324,0.09789643817987934,0.9642200570985797
6,22,296017,0,42060190,0.000974782594770281,579,578,1,0,3.348012975000074,6.69672155380249,0.2043770390810851,1.7749988595507136
6,23,349854,1,42060191,0.000974782594770281,684,683,1,0,3.855576630000087,6.699145793914795,0.13615857594882413,1.1844586976974287
6,24,747499,0,42060192,0.000974782594770281,1460,1459,1,0,8.090254258999721,6.717058181762695,0.1628030171698295,1.334345900579378
6,25,199063,0,42060193,0.000974782594770281,389,388,1,0,2.0698648100001265,6.700268745422363,0.3009669117091857,1.8786120857160116
6,26,1002191,1,42060194,0.000974782594770281,1958,1957,1,0,10.725051546000032,6.729220867156982,0.07898590914375878,0.8171994263381451
6,27,1468121,1,42060195,0.000974782594770281,2868,2865,3,0,15.933859388999736,6.74951696395874,0.1089917034794939,1.392134070271597
6,28,556903,0,42060196,0.000974782594770281,1088,1087,1,0,6.1298959870000544,6.708473205566406,0.1405691868028404,1.1657633987609246
6,29,684357,0,42060197,0.000974782594770281,1337,1336,1,0,7.700051813999835,6.7142157554626465,0.17676072491857106,1.4371365301623316
6,30,699268,1,42060198,0.000974782594770281,1366,1364,2,0,7.271449736999784,6.7148871421813965,0.25572542431067863,2.0772305933261546
6,31,530503,1,42060199,0.000974782594770281,1037,1037,0,0,5.6721165210001345,6.707285404205322,0.18232273848560301,1.3120904699930689
6,32,536534,0,42060200,0.000974782594770281,1048,1047,1,0,5.700793336000061,6.707556247711182,0.08937669551816574,0.9120980657160339
6,33,473056,0,42060201,0.000974782594770281,924,923,1,0,5.067353392999848,6.705271244049072,0.1642483993315361,1.5453990469257854
6,34,968365,0,42060202,0.000974782594770281,1892,1890,2,0,10.523224800000207,6.727005958557129,0.1438663704685433,1.3635361121445106
6,35,771613,1,42060203,0.000974782594770281,1508,1507,1,0,8.257593553999868,6.71814489364624,0.16475312474079296,1.5597958226194426
6,36,552346,1,42060204,0.000974782594770281,1079,1078,1,0,5.916264569999839,6.708268642425537,0.11803916124333257,1.254017109773597
6,37,402818,0,42060205,0.000974782594770281,787,786,1,0,4.220139469999594,6.702193260192871,0.22129037483351224,1.6439247810810274
6,38,662207,1,42060206,0.000974782594770281,1294,1293,1,0,7.433125312999891,6.714039325714111,0.2062912282331545,1.6826026485764694
6,39,691766,0,42060207,0.000974782594770281,1352,1351,1,0,7.53427380300036,6.714547157287598,0.19654908310828784,1.5699510779052555
6,40,594939,1,42060208,0.000974782594770281,1162,1160,2,0,6.47745489800036,6.710186004638672,0.2013555855586611,1.8197436102505389
6,41,1353286,0,42060209,0.000974782594770281,2644,2643,1,0,14.407398348000243,6.745193004608154,0.10243613639655458,0.9838028444830684
6,42,1394572,1,42060210,0.000974782594770281,2724,2722,2,0,14.990389271999902,6.746204853057861,0.15746713788258862,1.4830817363439108
6,43,1330480,1,42060211,0.000974782594770281,2599,2597,2,0,14.027690866000285,6.743316650390625,0.12890104426757437,1.3642506678378898
6,44,1764530,1,42060212,0.000974782594770281,3447,3446,1,0,18.855839336999907,6.762866973876953,0.08470382291912272,0.7676839712256964
6,45,1859325,1,42060213,0.000974782594770281,3632,3630,2,0,20.035874118000265,6.76808500289917,0.04606117689905088,0.6176893670368457
6,46,210575,1,42060214,0.000974782594770281,412,411,1,0,2.252851705000012,6.693522930145264,0.24328999391727493,1.6187524354660887
6,47,830115,1,42060215,0.000974782594770281,1622,1620,2,0,9.112477669999862,6.7207794189453125,0.15599713737581983,1.3701090494791666
6,48,493865,1,42060216,0.000974782594770281,965,963,2,0,5.525866913999835,6.706540107727051,0.12074307514004494,1.2700543903735073
6,49,589766,0,42060217,0.000974782594770281,1152,1151,1,0,6.4279557339996245,6.709954738616943,0.202690356508946,1.9120701343261295
7,0,1666026,0,42070175,0.0009638237948862808,3254,3252,2,0,17.615511175999927,6.758430480957031,0.09600244500980167,1.0753272175055735
7,1,419109,1,42070176,0.0009638237948862808,819,818,1,0,4.678491025999847,6.702804088592529,0.17436930835975703,1.771392001499465
7,2,1452665,0,42070177,0.0009638237948862808,2838,2836,2,0,15.904813801999808,6.748819351196289,0.16791482772073893,1.5315561227300776
7,3,1030182,1,42070178,0.0009638237948862808,2013,2011,2,0,11.14390474100037,6.730064392089844,0.1218570688362444,1.4029239330168448
7,4,255412,1,42070179,0.0009638237948862808,499,498,1,0,2.875196870000309,6.702278137207031,0.0918513914667459,0.9086573344157881
7,5,254243,0,42070180,0.0009638237948862808,497,496,1,0,2.880954071999895,6.696376323699951,0.19947450391707883,1.6243714363344255
7,6,1507617,1,42070181,0.0009638237948862808,2945,2942,3,0,16.19957849399998,6.751296043395996,0.08723863592608132,1.2976469225335656
7,7,501937,0,42070182,0.0009638237948862808,981,980,1,0,5.313988433000304,6.705997467041016,0.09282534073810188,1.0413693797831634
7,8,885547,1,42070183,0.0009638237948862808,1730,1728,2,0,9.620599892999962,6.723276138305664,0.07372384159653275,0.7605227011221426
7,9,1022203,0,42070184,0.0009638237948862808,1997,1993,4,0,11.022439527000188,6.729430198669434,0.11527924793662585,1.259355988146011
7,10,906905,0,42070185,0.0009638237948862808,1772,1770,2,0,9.660850913000104,6.724238872528076,0.19456275034759005,1.714800715042373
7,11,2630929,0,42070186,0.0009638237948862808,5139,5135,4,0,28.233469023999987,6.80280065536499,0.05425743095598527,0.7934271258063534
7,12,785960,0,42070187,0.0009638237948862808,1536,1535,1,0,8.33206092499995,6.7187910079956055,0.11908096164367875,1.4270197666429154
7,13,686747,1,42070188,0.0009638237948862808,1342,1342,0,0,7.55661643600024,6.714595794677734,0.06954442122298808,0.6277893794098128
7,14,655390,0,42070189,0.0009638237948862808,1281,1279,2,0,7.113035173999833,6.71290922164917,0.14345934094629592,1.2742904651155689
7,15,869343,0,42070190,0.0009638237948862808,1698,1697,1,0,9.529549556999882,6.722645282745361,0.0808900688139916,0.9520303954358795
7,16,713588,1,42070191,0.0009638237948862808,1394,1392,2,0,7.459832613999879,6.7155303955078125,0.20895416435154004,1.8718098607556573
7,17,712456,0,42070192,0.0009638237948862808,1392,1391,1,0,7.668131660999734,6.715481281280518,0.1452473929080922,1.4895061654722321
7,18,583299,1,42070193,0.0009638237948862808,1140,1139,1,0,6.259541966000143,6.7096638679504395,0.143421404187987,1.2263804126769644
7,19,1507452,0,42070194,0.0009638237948862808,2945,2944,1,0,16.38888245599992,6.751287460327148,0.06667284343553626,0.7267819280209749
7,20,920858,1,42070195,0.0009638237948862808,1799,1798,1,0,9.769875528999819,6.724867343902588,0.11061887985076735,1.0758243344384386
7,21,1063613,0,42070196,0.0009638237948862808,2078,2077,1,0,11.393930461999844,6.731295585632324,0.09195690494807339,0.9863492830705344
7,22,296017,0,42070197,0.0009638237948862808,579,578,1,0,3.109093977000157,6.69672155380249,0.1889769214247337,1.7795414380136245
7,23,349854,1,42070198,0.0009638237948862808,684,683,1,0,3.730628496999998,6.699145793914795,0.12514019989862624,1.2027262608093887
7,24,747499,0,42070199,0.0009638237948862808,1460,1458,2,0,7.881630961000155,6.717058181762695,0.15183302012000063,1.335760841317301
7,25,199063,0,42070200,0.0009638237948862808,389,388,1,0,2.117866234000303,6.700268745422363,0.2758122866915673,1.8795368941788821
7,26,1002191,1,42070201,0.0009638237948862808,1958,1957,1,0,10.735172075999799,6.729220867156982,0.07342084086422537,0.8302436715556336
7,27,1468121,1,42070202,0.0009638237948862808,2868,2865,3,0,15.854220942000211,6.74951696395874,0.10285362256967169,1.363959645642452
7,28,556903,0,42070203,0.0009638237948862808,1088,1087,1,0,5.992114852999748,6.708473205566406,0.1306292578619121,1.1836260924563018
7,29,684357,0,42070204,0.0009638237948862808,1337,1336,1,0,7.5409342770003605,6.7142157554626465,0.16414510989617445,1.4058603069739428
7,30,699268,1,42070205,0.0009638237948862808,1366,1364,2,0,7.543680841999958,6.7148871421813965,0.2368040560277676,2.0558298060621336
7,31,530503,1,42070206,0.0009638237948862808,1037,1036,1,0,5.692552582000189,6.707285404205322,0.17121832711356028,1.3212984887789576
7,32,536534,0,42070207,0.0009638237948862808,1048,1048,0,0,5.923707223999827,6.707556247711182,0.08400921421196625,0.9230364151583373
7,33,473056,0,42070208,0.0009638237948862808,924,923,1,0,5.05488752500014,6.705271244049072,0.1529624335556609,1.5363145293032232
7,34,968365,0,42070209,0.0009638237948862808,1892,1890,2,0,10.400543001999722,6.727005958557129,0.13491051890862682,1.3422208271329366
7,35,771613,1,42070210,0.0009638237948862808,1508,1506,2,0,8.161150630000066,6.71814489364624,0.15152049476248652,1.5377605787786355
7,36,552346,1,42070211,0.0009638237948862808,1079,1076,3,0,5.957907703999808,6.708268642425537,0.11240239480171062,1.294680797477637
7,37,402818,0,42070212,0.0009638237948862808,787,786,1,0,4.388913759999923,6.702193260192871,0.20224546476174857,1.641390346692112
7,38,662207,1,42070213,0.0009638237948862808,1294,1293,1,0,7.08398981900018,6.714039325714111,0.19257407251108735,1.6492018319798918
7,39,691766,0,42070214,0.0009638237948862808,1352,1351,1,0,7.476527379000345,6.714547157287598,0.17849982181890728,1.5794647917052183
7,40,594939,1,42070215,0.0009638237948862808,1162,1160,2,0,6.639350637000007,6.710186004638672,0.1884296943401468,1.800036410627694
7,41,1353286,0,42070216,0.0009638237948862808,2644,2642,2,0,14.629730640999696,6.745193004608154,0.09500324789273928,0.9683692810844058
7,42,1394572,1,42070217,0.0009638237948862808,2724,2722,2,0,15.20169861100021,6.746204853057861,0.14531821559931232,1.4692549638937362
7,43,1330480,1,42070218,0.0009638237948862808,2599,2597,2,0,14.267744244000369,6.743316650390625,0.12043879130366769,1.3480587953046785
7,44,1764530,1,42070219,0.0009638237948862808,3447,3446,1,0,18.742416989999583,6.762866973876953,0.07968460233558837,0.7668248739480558
7,45,1859325,1,42070220,0.0009638237948862808,3632,3630,2,0,19.978574148999996,6.76808500289917,0.04338856426480716,0.6332380310563016
7,46,210575,1,42070221,0.0009638237948862808,412,411,1,0,2.2671896669999114,6.693522930145264,0.22536778508021593,1.6768198871844586
7,47,830115,1,42070222,0.0009638237948862808,1622,1620,2,0,8.772578845000226,6.7207794189453125,0.14499822545934607,1.363901095920139
7,48,493865,1,42070223,0.0009638237948862808,965,963,2,0,5.201369538000108,6.706540107727051,0.11282181467470226,1.260040188132788
7,49,589766,0,42070224,0.0009638237948862808,1152,1150,2,0,6.464817861000029,6.709954738616943,0.1869376804517663,1.8788442595108696
8,0,1666026,0,42080182,0.0009509795896116975,3254,3252,2,0,18.22582016599972,6.758430480957031,0.08995229760952395,1.0453871836081643
8,1,419109,1,42080183,0.0009509795896116975,819,818,1,0,4.528488935000041,6.702804088592529,0.16286679293532244,1.7333096455245263
8,2,1452665,0,42080184,0.0009509795896116975,2838,2836,2,0,15.812013848000333,6.748819351196289,0.16078426000597784,1.519541236005818
8,3,1030182,1,42080185,0.0009509795896116975,2013,2010,3,0,11.235286735000045,6.730064392089844,0.11343215259153451,1.3539468186411692
8,4,255412,1,42080186,0.0009509795896116975,499,498,1,0,2.750675255999795,6.702278137207031,0.08710020900251396,0.8724818095624687
8,5,254243,0,42080187,0.0009509795896116975,497,496,1,0,2.6676815910000187,6.696376323699951,0.18606202833114133,1.5740430278162802
8,6,1507617,1,42080188,0.0009509795896116975,2945,2942,3,0,16.339549600999817,6.751296043395996,0.08234111440984024,1.2467569627379333
8,7,501937,0,42080189,0.0009509795896116975,981,980,1,0,5.404182979000325,6.705997467041016,0.08828683191416214,1.0525096659757653
8,8,885547,1,42080190,0.0009509795896116975,1730,1729,1,0,9.463252822000413,6.723276138305664,0.06919001264334966,0.7498393105660787
8,9,1022203,0,42080191,0.0009509795896116975,1997,1993,4,0,11.10666947000027,6.729430198669434,0.1103228288144247,1.2543205418182388
8,10,906905,0,42080192,0.0009509795896116975,1772,1770,2,0,9.52312508399973,6.724238872528076,0.18559677210231285,1.681354001147599
8,11,2630929,0,42080193,0.0009509795896116975,5139,5136,3,0,29.048320627000066,6.80280065536499,0.05120829406928422,0.7715532059238707
8,12,785960,0,42080194,0.0009509795896116975,1536,1533,3,0,8.746385878000183,6.7187910079956055,0.11132517874979615,1.364880984232306
8,13,686747,1,42080195,0.0009509795896116975,1342,1341,1,0,7.375933972999974,6.714595794677734,0.06645608286107324,0.6466210555176873
8,14,655390,0,42080196,0.0009509795896116975,1281,1280,1,0,7.049868971000251,6.71290922164917,0.13557734489440917,1.2528091430664063
8,15,869343,0,42080197,0.0009509795896116975,1698,1697,1,0,9.301002395999603,6.722645282745361,0.07666561416688918,0.9666080508572112
8,16,713588,1,42080198,0.0009509795896116975,1394,1391,3,0,7.52328164499977,6.7155303955078125,0.20106531577861025,1.8284560202866642
8,17,712456,0,42080199,0.0009509795896116975,1392,1391,1,0,7.389697356000397,6.715481281280518,0.13606059268427614,1.4682869050761593
8,18,583299,1,42080200,0.0009509795896116975,1140,1139,1,0,6.310983685999872,6.7096638679504395,0.13625128715052953,1.1963111401860185
8,19,1507452,0,42080201,0.0009509795896116975,2945,2943,2,0,16.209826379999868,6.751287460327148,0.06367901235950507,0.711500856773488
8,20,920858,1,42080202,0.0009509795896116975,1799,1798,1,0,9.77045904500028,6.724867343902588,0.10420830443385445,1.0654514130283648
8,21,1063613,0,42080203,0.0009509795896116975,2078,2076,2,0,11.685587593000037,6.731295585632324,0.08708889911629561,0.9810308261643486
8,22,296017,0,42080204,0.0009509795896116975,579,577,2,0,3.466875482999967,6.69672155380249,0.17809304910061471,1.7436559402756715
8,23,349854,1,42080205,0.0009509795896116975,684,683,1,0,3.905950181999742,6.699145793914795,0.11689830908489088,1.1837243991924415
8,24,747499,0,42080206,0.0009509795896116975,1460,1457,3,0,8.03485646199988,6.717058181762695,0.14600788606055895,1.3235687695714653
8,25,199063,0,42080207,0.0009509795896116975,389,387,2,0,2.139517006999995,6.700268745422363,0.2565456459380552,1.890071583040617
8,26,1002191,1,42080208,0.0009509795896116975,1958,1957,1,0,10.906438021999747,6.729220867156982,0.06937534369311286,0.813495899136114
8,27,1468121,1,42080209,0.0009509795896116975,2868,2865,3,0,15.821962882999742,6.74951696395874,0.09665872464005236,1.3071998050283595
8,28,556903,0,42080210,0.0009509795896116975,1088,1087,1,0,6.126782492000075,6.708473205566406,0.12437095045495056,1.1654926429895929
8,29,684357,0,42080211,0.0009509795896116975,1337,1336,1,0,7.550271785999939,6.7142157554626465,0.15587618251046734,1.4008721448704153
8,30,699268,1,42080212,0.0009509795896116975,1366,1364,2,0,7.534353764000116,6.7148871421813965,0.22133289683948865,1.9914638485726723
8,31,530503,1,42080213,0.0009509795896116975,1037,1036,1,0,5.602807763999863,6.707285404205322,0.16024216169556135,1.3197065080915178
8,32,536534,0,42080214,0.0009509795896116975,1048,1047,1,0,5.735939157999837,6.707556247711182,0.0815012220439164,0.9273742850667085
8,33,473056,0,42080215,0.0009509795896116975,924,922,2,0,5.016338413000085,6.705271244049072,0.14299254510511286,1.4841838182958242
8,34,968365,0,42080216,0.0009509795896116975,1892,1890,2,0,10.543093021999994,6.727005958557129,0.12845995867693866,1.308362785218254
8,35,771613,1,42080217,0.0009509795896116975,1508,1506,2,0,8.501420750000307,6.71814489364624,0.14114068830472382,1.4660339760748673
8,36,552346,1,42080218,0.0009509795896116975,1079,1077,2,0,5.935474015999716,6.708268642425537,0.10603307725770006,1.2631922078110491
8,37,402818,0,42080219,0.0009509795896116975,787,786,1,0,4.400223172000096,6.702193260192871,0.19005885621670246,1.608167497862993
8,38,662207,1,42080220,0.0009509795896116975,1294,1292,2,0,7.166563473000224,6.714039325714111,0.18414736532205397,1.62694386579673
8,39,691766,0,42080221,0.0009509795896116975,1352,1351,1,0,7.497535710999728,6.714547157287598,0.16747817597858647,1.525142147309863
8,40,594939,1,42080222,0.0009509795896116975,1162,1160,2,0,6.400403607000044,6.710186004638672,0.1768529694655846,1.7433554813779633
8,41,1353286,0,42080223,0.0009509795896116975,2644,2642,2,0,14.863888639999914,6.745193004608154,0.08944767411237048,0.9680789367075132
8,42,1394572,1,42080224,0.0009509795896116975,2724,2722,2,0,15.055797706999783,6.746204853057861,0.13783266402447075,1.4633406976143462
8,43,1330480,1,42080225,0.0009509795896116975,2599,2597,2,0,14.806407487000342,6.743316650390625,0.11333938263726775,1.305492778626781
8,44,1764530,1,42080226,0.0009509795896116975,3447,3445,2,0,19.105343477000133,6.762866973876953,0.07499868008152667,0.7580686882030117
8,45,1859325,1,42080227,0.0009509795896116975,3632,3629,3,0,20.52725373200019,6.76808500289917,0.041203994729953154,0.6221851507603678
8,46,210575,1,42080228,0.0009509795896116975,412,411,1,0,2.3140082719996826,6.693522930145264,0.21236696266489888,1.6533023435123935
8,47,830115,1,42080229,0.0009509795896116975,1622,1619,3,0,8.969345959000293,6.7207794189453125,0.13737051423645963,1.3335992390171403
8,48,493865,1,42080230,0.0009509795896116975,965,963,2,0,5.341141719999996,6.706540107727051,0.10508875386365849,1.2395052488966771
8,49,589766,0,42080231,0.0009509795896116975,1152,1149,3,0,6.277500334000251,6.709954738616943,0.17385937298143087,1.8419203264387511
9,0,1666026,0,42090189,0.0009363027585410778,3254,3250,4,0,17.964333935000013,6.758430480957031,0.0870965576171875,1.0123087439903846
9,1,419109,1,42090190,0.0009363027585410778,819,817,2,0,4.401757809000173,6.702804088592529,0.15420729264781116,1.7073140885576041
9,2,1452665,0,42090191,0.0009363027585410778,2838,2836,2,0,16.191575403000115,6.748819351196289,0.1531950354744248,1.5220456573959802
9,3,1030182,1,42090192,0.0009363027585410778,2013,2011,2,0,11.329026615999737,6.730064392089844,0.10688409942824233,1.3091430967568995
9,4,255412,1,42090193,0.0009363027585410778,499,498,1,0,2.795183656000063,6.702278137207031,0.08407532259163608,0.8682027916352911
9,5,254243,0,42090194,0.0009363027585410778,497,496,1,0,2.6586733120002464,6.696376323699951,0.17517789717643492,1.560305687689012
9,6,1507617,1,42090195,0.0009363027585410778,2945,2943,2,0,15.821533535000071,6.751296043395996,0.07752355069397988,1.1896652444624958
9,7,501937,0,42090196,0.0009363027585410778,981,980,1,0,5.3191337460002615,6.705997467041016,0.08296919842155612,1.0195192298110651
9,8,885547,1,42090197,0.0009363027585410778,1730,1727,3,0,9.376219329999913,6.723276138305664,0.06573826933983923,0.7396626165994137
9,9,1022203,0,42090198,0.0009363027585410778,1997,1994,3,0,11.35509944999967,6.729430198669434,0.10447012577037754,1.2625050444301655
9,10,906905,0,42090199,0.0009363027585410778,1772,1770,2,0,9.896189968000272,6.724238872528076,0.1775266313283457,1.663186076536017
9,11,2630929,0,42090200,0.0009363027585410778,5139,5136,3,0,28.27850821400034,6.80280065536499,0.049017950753185234,0.7466176826263142
9,12,785960,0,42090201,0.0009363027585410778,1536,1534,2,0,8.39491202499994,6.7187910079956055,0.10496130076660792,1.3171758340887794
9,13,686747,1,42090202,0.0009363027585410778,1342,1341,1,0,7.368168479999895,6.714595794677734,0.06427034382318757,0.6326379968015939
9,14,655390,0,42090203,0.0009363027585410778,1281,1280,1,0,7.184341563000089,6.71290922164917,0.12918635606765747,1.2126296043395997
9,15,869343,0,42090204,0.0009363027585410778,1698,1695,3,0,9.393090098999892,6.722645282745361,0.07336038235014519,0.962768410651733
9,16,713588,1,42090205,0.0009363027585410778,1394,1391,3,0,7.7696375720001924,6.7155303955078125,0.19195664143236654,1.8270917463268332
9,17,712456,0,42090206,0.0009363027585410778,1392,1390,2,0,7.8465933910001695,6.715481281280518,0.12978512331736172,1.404611271919964
9,18,583299,1,42090207,0.0009363027585410778,1140,1138,2,0,6.158585427000162,6.7096638679504395,0.12885496276962735,1.15800478755904
9,19,1507452,0,42090208,0.0009363027585410778,2945,2943,2,0,16.095156995999787,6.751287460327148,0.060859402790387145,0.7001053877845735
9,20,920858,1,42090209,0.0009363027585410778,1799,1798,1,0,10.009427242999664,6.724867343902588,0.09930582863337736,1.0351643291808608
9,21,1063613,0,42090210,0.0009363027585410778,2078,2077,1,0,11.33203378899998,6.731295585632324,0.08290590112692585,0.944173079129303
9,22,296017,0,42090211,0.0009363027585410778,579,577,2,0,3.2073429030001535,6.69672155380249,0.1675545016442469,1.6384254072113302
9,23,349854,1,42090212,0.0009363027585410778,684,683,1,0,3.7145152150001195,6.699145793914795,0.11129405522939925,1.1580647905609445
9,24,747499,0,42090213,0.0009363027585410778,1460,1458,2,0,8.08213342199997,6.717058181762695,0.13747412285196436,1.3071603029353138
9,25,199063,0,42090214,0.0009363027585410778,389,388,1,0,2.0821770229999856,6.700268745422363,0.24252508104461984,1.8410295309479703
9,26,1002191,1,42090215,0.0009363027585410778,1958,1957,1,0,10.69497865700032,6.729220867156982,0.06582664992654573,0.8043150514379471
9,27,1468121,1,42090216,0.0009363027585410778,2868,2866,2,0,15.757082447999892,6.74951696395874,0.09286939856561846,1.2549908272636079
9,28,556903,0,42090217,0.0009363027585410778,1088,1087,1,0,5.882915108999896,6.708473205566406,0.11913050394488127,1.1636784333314167
9,29,684357,0,42090218,0.0009363027585410778,1337,1336,1,0,7.619814088000112,6.7142157554626465,0.1495660679069108,1.3626361778396332
9,30,699268,1,42090219,0.0009363027585410778,1366,1364,2,0,7.579154829000345,6.7148871421813965,0.21211907171433972,1.913114754685209
9,31,530503,1,42090220,0.0009363027585410778,1037,1035,2,0,5.59607204699978,6.707285404205322,0.15346725390153232,1.3032924781099033
9,32,536534,0,42090221,0.0009363027585410778,1048,1047,1,0,5.788346329999968,6.707556247711182,0.07799161311662413,0.897942573088288
9,33,473056,0,42090222,0.0009363027585410778,924,923,1,0,4.941134575999968,6.705271244049072,0.13668754635497782,1.4299956514930932
9,34,968365,0,42090223,0.0009363027585410778,1892,1890,2,0,10.312644528999954,6.727005958557129,0.12278586089926422,1.3069527116402115
9,35,771613,1,42090224,0.0009363027585410778,1508,1506,2,0,8.269140388999858,6.71814489364624,0.1343442149371265,1.406994093936753
9,36,552346,1,42090225,0.0009363027585410778,1079,1077,2,0,5.8871273380000275,6.708268642425537,0.10233710668877306,1.2742930122736769
9,37,402818,0,42090226,0.0009363027585410778,787,785,2,0,4.33615415300028,6.702193260192871,0.18275084282941878,1.5646066070362261
9,38,662207,1,42090227,0.0009363027585410778,1294,1293,1,0,7.306311550999908,6.714039325714111,0.17633886256147888,1.5688182951771559
9,39,691766,0,42090228,0.0009363027585410778,1352,1350,2,0,7.364311329999964,6.714547157287598,0.15847476535373264,1.4947218605324073
9,40,594939,1,42090229,0.0009363027585410778,1162,1160,2,0,6.587003271999947,6.710186004638672,0.16958695773420662,1.764495112978179
9,41,1353286,0,42090230,0.0009363027585410778,2644,2643,1,0,14.796566614000312,6.745193004608154,0.08526602090870933,0.981390997446084
9,42,1394572,1,42090231,0.0009363027585410778,2724,2722,2,0,15.693062891999944,6.746204853057861,0.13082408134241827,1.405442775303086
9,43,1330480,1,42090232,0.0009363027585410778,2599,2597,2,0,14.166243543999826,6.743316650390625,0.10971359587835725,1.2327698952517328
9,44,1764530,1,42090233,0.0009363027585410778,3447,3446,1,0,19.234849355999813,6.762866973876953,0.07177899981126215,0.7643962911029092
9,45,1859325,1,42090234,0.0009363027585410778,3632,3628,4,0,19.755940307999936,6.76808500289917,0.03928548945350184,0.5947197658618729
9,46,210575,1,42090235,0.0009363027585410778,412,411,1,0,2.1965637010002865,6.693522930145264,0.2043497684228159,1.6355381429630473
9,47,830115,1,42090236,0.0009363027585410778,1622,1619,3,0,9.022057643000153,6.7207794189453125,0.13092985382928313,1.296670669828984
9,48,493865,1,42090237,0.0009363027585410778,965,963,2,0,5.13855982799987,6.706540107727051,0.10170005093234845,1.21578583365784
9,49,589766,0,42090238,0.0009363027585410778,1152,1149,3,0,6.601506019000226,6.709954738616943,0.1649408431754515,1.8174922401952784
10,0,1666026,0,42100196,0.0009198536119214611,3254,3251,3,0,17.983993112999997,6.758430480957031,0.08283870325056232,0.9885380069353661
10,1,419109,1,42100197,0.0009198536119214611,819,818,1,0,4.456268162000015,6.702804088592529,0.1457380001002827,1.6498048964222953
10,2,1452665,0,42100198,0.0009198536119214611,2838,2836,2,0,15.520180153000183,6.748819351196289,0.14609175710314926,1.4872497644680007
10,3,1030182,1,42100199,0.0009198536119214611,2013,2010,3,0,11.063168068999857,6.730064392089844,0.10350406324092429,1.2589714999222636
10,4,255412,1,42100200,0.0009198536119214611,499,498,1,0,2.8517327419999674,6.702278137207031,0.08125936362638052,0.8236434507561496
10,5,254243,0,42100201,0.0009198536119214611,497,495,2,0,2.8163706000000275,6.696376323699951,0.1679453994288589,1.5139629941998105
10,6,1507617,1,42100202,0.0009198536119214611,2945,2943,2,0,16.02220968199981,6.751296043395996,0.0738387942273642,1.1851824476246602
10,7,501937,0,42100203,0.0009198536119214611,981,980,1,0,5.388154895999833,6.705997467041016,0.07995885732222577,1.0102246342873087
10,8,885547,1,42100204,0.0009198536119214611,1730,1728,2,0,9.82336039699976,6.723276138305664,0.06446969509124756,0.7196784549289279
10,9,1022203,0,42100205,0.0009198536119214611,1997,1993,4,0,10.987721321999743,6.729430198669434,0.10219686903429581,1.2446764358849725
10,10,906905,0,42100206,0.0009198536119214611,1772,1771,1,0,10.19300199700001,6.724238872528076,0.17037734683794467,1.6451509067528938
10,11,2630929,0,42100207,0.0009198536119214611,5139,5136,3,0,29.037314825000067,6.80280065536499,0.047208102692696166,0.7281324915425428
10,12,785960,0,42100208,0.0009198536119214611,1536,1534,2,0,8.376488496999627,6.7187910079956055,0.10162304775034123,1.2831319836314374
10,13,686747,1,42100209,0.0009198536119214611,1342,1341,1,0,7.363083610000103,6.714595794677734,0.06262217272048029,0.6307931966874067
10,14,655390,0,42100210,0.0009198536119214611,1281,1280,1,0,7.183049220000157,6.71290922164917,0.12491525411605835,1.1759031295776368
10,15,869343,0,42100211,0.0009198536119214611,1698,1696,2,0,9.36887882200017,6.722645282745361,0.07132130298974379,0.9352977680710127
10,16,713588,1,42100212,0.0009198536119214611,1394,1392,2,0,7.512009715000204,6.7155303955078125,0.1848132692534348,1.7821588625853089
10,17,712456,0,42100213,0.0009198536119214611,1392,1391,1,0,7.579766243999984,6.715481281280518,0.12492084297492811,1.3468961845962886
10,18,583299,1,42100214,0.0009198536119214611,1140,1139,1,0,6.332775049000247,6.7096638679504395,0.12289351010343504,1.143235954304763
10,19,1507452,0,42100215,0.0009198536119214611,2945,2944,1,0,16.02097433600011,6.751287460327148,0.05894993699115256,0.6757687278415846
10,20,920858,1,42100216,0.0009198536119214611,1799,1798,1,0,9.962769809999827,6.724867343902588,0.09512613400468838,1.0175506286281633
10,21,1063613,0,42100217,0.0009198536119214611,2078,2077,1,0,11.621152134999647,6.731295585632324,0.08062111602474648,0.9109430363617899
10,22,296017,0,42100218,0.0009198536119214611,579,577,2,0,3.2428296359998967,6.69672155380249,0.15920760024151728,1.5861549840229636
10,23,349854,1,42100219,0.0009198536119214611,684,683,1,0,3.9561255990001882,6.699145793914795,0.10653569234063301,1.1143595079726392
10,24,747499,0,42100220,0.0009198536119214611,1460,1457,3,0,8.020816267999635,6.717058181762695,0.1317169461744488,1.3020564951795213
10,25,199063,0,42100221,0.0009198536119214611,389,387,2,0,2.086774292999962,6.700268745422363,0.23511333613432656,1.801940287114422
10,26,1002191,1,42100222,0.0009198536119214611,1958,1956,2,0,10.749831493999864,6.729220867156982,0.06380078056351052,0.7817093862833908
10,27,1468121,1,42100223,0.0009198536119214611,2868,2865,3,0,15.662448724000114,6.74951696395874,0.08845702166332624,1.1988469574880019
10,28,556903,0,42100224,0.0009198536119214611,1088,1086,2,0,6.01031322200015,6.708473205566406,0.11435825214421112,1.132102558845534
10,29,684357,0,42100225,0.0009198536119214611,1337,1336,1,0,7.3242461009999715,6.7142157554626465,0.14182120454525518,1.3393677123292478
10,30,699268,1,42100226,0.0009198536119214611,1366,1364,2,0,7.738780070999837,6.7148871421813965,0.20293500346522178,1.887302969208211
10,31,530503,1,42100227,0.0009198536119214611,1037,1036,1,0,5.687074442000267,6.707285404205322,0.14527909267823208,1.2837610428857988
10,32,536534,0,42100228,0.0009198536119214611,1048,1047,1,0,5.960585443000127,6.707556247711182,0.07499541070422562,0.8658012382849809
10,33,473056,0,42100229,0.0009198536119214611,924,922,2,0,5.21539612100014,6.705271244049072,0.13157867299243323,1.3602756988459193
10,34,968365,0,42100230,0.0009198536119214611,1892,1889,3,0,10.466814205999981,6.727005958557129,0.11812738163121608,1.2935472430849655
10,35,771613,1,42100231,0.0009198536119214611,1508,1507,1,0,8.259281108999858,6.71814489364624,0.12873024234885638,1.3664495699755308
10,36,552346,1,42100232,0.0009198536119214611,1079,1077,2,0,6.102190815000085,6.708268642425537,0.09799104370003844,1.2125273609781222
10,37,402818,0,42100233,0.0009198536119214611,787,785,2,0,4.515847719999783,6.702193260192871,0.1759059444354598,1.5394859362559714
10,38,662207,1,42100234,0.0009198536119214611,1294,1292,2,0,7.180408171999716,6.714039325714111,0.1687072423220419,1.5364799381409637
10,39,691766,0,42100235,0.0009198536119214611,1352,1350,2,0,7.455270527000266,6.714547157287598,0.15284863507306135,1.453355758101852
10,40,594939,1,42100236,0.0009198536119214611,1162,1159,3,0,6.527861702999871,6.710186004638672,0.16227647124743852,1.700964071094424
10,41,1353286,0,42100237,0.0009198536119214611,2644,2641,3,0,14.19437495000011,6.745193004608154,0.08139672472548277,0.9827279520955604
10,42,1394572,1,42100238,0.0009198536119214611,2724,2721,3,0,14.556601046999731,6.746204853057861,0.12639596890719748,1.3830721629800624
10,43,1330480,1,42100239,0.0009198536119214611,2599,2597,2,0,14.405856330000006,6.743316650390625,0.1047840257952385,1.2047823735921255
10,44,1764530,1,42100240,0.0009198536119214611,3447,3446,1,0,19.160634740000205,6.762866973876953,0.06917902348142548,0.7628323316435722
10,45,1859325,1,42100241,0.0009198536119214611,3632,3628,4,0,20.53363287000002,6.76808500289917,0.03819328737101192,0.5866199901374725
10,46,210575,1,42100242,0.0009198536119214611,412,411,1,0,2.2687884110000596,6.693522930145264,0.1965650201133858,1.5937589102417884
10,47,830115,1,42100243,0.0009198536119214611,1622,1619,3,0,8.744320633999905,6.7207794189453125,0.12695027870333733,1.293135682471819
10,48,493865,1,42100244,0.0009198536119214611,965,963,2,0,5.443532798999968,6.706540107727051,0.09767960561274987,1.168905509718977
10,49,589766,0,42100245,0.0009198536119214611,1152,1149,3,0,6.4655849250002575,6.709954738616943,0.1576921614073379,1.7387021747851392
11,0,1666026,0,42110203,0.0009016997428246386,3254,3251,3,0,17.851907339000263,6.758430480957031,0.07982639018222758,0.999177536719471
11,1,419109,1,42110204,0.0009016997428246386,819,817,2,0,4.4060427809999965,6.702804088592529,0.13909191192290773,1.5914282734566247
11,2,1452665,0,42110205,0.0009016997428246386,2838,2835,3,0,15.783749144000012,6.748819351196289,0.14219658530368165,1.4671952504960317
11,3,1030182,1,42110206,0.0009016997428246386,2013,2010,3,0,10.87801380000019,6.730064392089844,0.10001966182272233,1.2078383716184702
11,4,255412,1,42110207,0.0009016997428246386,499,498,1,0,2.691800618000343,6.702278137207031,0.0786995868606261,0.8277827496509476
11,5,254243,0,42110208,0.0009016997428246386,497,495,2,0,2.683609535999949,6.696376323699951,0.16061578615747316,1.5127083826546717
11,6,1507617,1,42110209,0.0009016997428246386,2945,2943,2,0,15.947860336999838,6.751296043395996,0.07141670125947694,1.124957194508155
11,7,501937,0,42110210,0.0009016997428246386,981,980,1,0,5.390232717999879,6.705997467041016,0.07832484342613999,0.9914190175581952
11,8,885547,1,42110211,0.0009016997428246386,1730,1727,3,0,9.549382196000352,6.723276138305664,0.061906899616217155,0.6951255422834033
11,9,1022203,0,42110212,0.0009016997428246386,1997,1994,3,0,10.778731151999636,6.729430198669434,0.09773025589218828,1.1977513350598672
11,10,906905,0,42110213,0.0009016997428246386,1772,1770,2,0,9.68858758000033,6.724238872528076,0.16781954145700917,1.6334885074593926
11,11,2630929,0,42110214,0.0009016997428246386,5139,5136,3,0,28.370282996999777,6.80280065536499,0.04567833184453186,0.7093801052770882
11,12,785960,0,42110215,0.0009016997428246386,1536,1534,2,0,8.420145714999762,6.7187910079956055,0.09777962337727653,1.2477846705151971
11,13,686747,1,42110216,0.0009016997428246386,1342,1341,1,0,7.453238886000236,6.714595794677734,0.060641249643165085,0.6068439753885859
11,14,655390,0,42110217,0.0009016997428246386,1281,1279,2,0,7.060950828999921,6.71290922164917,0.12094205687808468,1.153495830330092
11,15,869343,0,42110218,0.0009016997428246386,1698,1696,2,0,9.427720266000051,6.722645282745361,0.06938773281169387,0.934762918724204
11,16,713588,1,42110219,0.0009016997428246386,1394,1392,2,0,7.64748003700015,6.7155303955078125,0.17876383902012616,1.768157783595995
11,17,712456,0,42110220,0.0009016997428246386,1392,1391,1,0,7.543284184000186,6.715481281280518,0.12000607587209629,1.3077840140018422
11,18,583299,1,42110221,0.0009016997428246386,1140,1137,3,0,6.206245388999832,6.7096638679504395,0.12007267263340342,1.1353016822298263
11,19,1507452,0,42110222,0.0009016997428246386,2945,2943,2,0,15.854957061000277,6.751287460327148,0.056887928336970144,0.6641485257655878
11,20,920858,1,42110223,0.0009016997428246386,1799,1797,2,0,9.757569128000341,6.724867343902588,0.09213252590308935,0.9948520564873747
11,21,1063613,0,42110224,0.0009016997428246386,2078,2077,1,0,11.195832504000009,6.731295585632324,0.07760691378744508,0.8700782213867657
11,22,296017,0,42110225,0.0009016997428246386,579,577,2,0,3.1996480040002098,6.69672155380249,0.15501533389298094,1.5649428871723354
11,23,349854,1,42110226,0.0009016997428246386,684,683,1,0,3.775585564999801,6.699145793914795,0.1039308740663319,1.113083667671349
11,24,747499,0,42110227,0.0009016997428246386,1460,1458,2,0,8.128849491999972,6.717058181762695,0.12698388328604573,1.2782643845378945
11,25,199063,0,42110228,0.0009016997428246386,389,388,1,0,2.145274167000025,6.700268745422363,0.22353256854814352,1.7903656320473582
11,26,1002191,1,42110229,0.0009016997428246386,1958,1957,1,0,10.688132506999864,6.729220867156982,0.06197823830021238,0.7672724813969085
11,27,1468121,1,42110230,0.0009016997428246386,2868,2865,3,0,15.801373837000028,6.74951696395874,0.08592155949191481,1.1629636541503054
11,28,556903,0,42110231,0.0009016997428246386,1088,1087,1,0,5.8616269459998875,6.708473205566406,0.11032537549816367,1.0972624132144089
11,29,684357,0,42110232,0.0009016997428246386,1337,1335,2,0,7.342568350999954,6.7142157554626465,0.13508044753628276,1.3061579214946162
11,30,699268,1,42110233,0.0009016997428246386,1366,1364,2,0,7.337517929000114,6.7148871421813965,0.19566687530786062,1.8556495286152859
11,31,530503,1,42110234,0.0009016997428246386,1037,1035,2,0,5.55238450700017,6.707285404205322,0.14234797528400514,1.2792607846467392
11,32,536534,0,42110235,0.0009016997428246386,1048,1047,1,0,5.603192101999866,6.707556247711182,0.07244926241316335,0.8416784772900251
11,33,473056,0,42110236,0.0009016997428246386,924,923,1,0,5.137743670999953,6.705271244049072,0.12628610265861998,1.3383377752996344
11,34,968365,0,42110237,0.0009016997428246386,1892,1889,3,0,10.421918065000227,6.727005958557129,0.11403519896491612,1.2684966572508602
11,35,771613,1,42110238,0.0009016997428246386,1508,1507,1,0,8.449770979000277,6.71814489364624,0.1226804919328291,1.3199829830582284
11,36,552346,1,42110239,0.0009016997428246386,1079,1076,3,0,5.818369088000054,6.708268642425537,0.09651910150804484,1.1986672780770795
11,37,402818,0,42110240,0.0009016997428246386,787,786,1,0,4.252291193000019,6.702193260192871,0.1700044005881739,1.5477487500993956
11,38,662207,1,42110241,0.0009016997428246386,1294,1292,2,0,6.974055106999913,6.714039325714111,0.1641614931655742,1.5025660275674826
11,39,691766,0,42110242,0.0009016997428246386,1352,1350,2,0,7.375608477999776,6.714547157287598,0.14795283564814815,1.4184501591435186
11,40,594939,1,42110243,0.0009016997428246386,1162,1160,2,0,6.390468328999759,6.710186004638672,0.15599507298962823,1.6615132298962823
11,41,1353286,0,42110244,0.0009016997428246386,2644,2641,3,0,15.037548377999883,6.745193004608154,0.07988233179903445,0.9697374707142181
11,42,1394572,1,42110245,0.0009016997428246386,2724,2722,2,0,15.459132999000303,6.746204853057861,0.12197855795945077,1.3581008406617376
11,43,1330480,1,42110246,0.0009016997428246386,2599,2598,1,0,14.001511448000201,6.743316650390625,0.10090959062936032,1.1738118677528386
11,44,1764530,1,42110247,0.0009016997428246386,3447,3445,2,0,18.833579789000396,6.762866973876953,0.06671934529208999,0.7514046767280479
11,45,1859325,1,42110248,0.0009016997428246386,3632,3628,4,0,20.02611443500018,6.76808500289917,0.03726752721750749,0.5698649312853156
11,46,210575,1,42110249,0.0009016997428246386,412,411,1,0,2.2427418760003093,6.693522930145264,0.19001188997514637,1.5645343567043035
11,47,830115,1,42110250,0.0009016997428246386,1622,1620,2,0,8.86258894599996,6.7207794189453125,0.12334565527645158,1.275206615306713
11,48,493865,1,42110251,0.0009016997428246386,965,963,2,0,5.425462138000057,6.706540107727051,0.09584593649098683,1.161459093896028
11,49,589766,0,42110252,0.0009016997428246386,1152,1150,2,0,6.257954658000017,6.709954738616943,0.14967699133831522,1.71249755859375
12,0,1666026,0,42120210,0.0008819157493927215,3254,3252,2,0,17.711336886000026,6.758430480957031,0.07726363854214714,0.9728382293588561
12,1,419109,1,42120211,0.0008819157493927215,819,818,1,0,4.4892126929998994,6.702804088592529,0.13455640424434598,1.5456983197872096
12,2,1452665,0,42120212,0.0008819157493927215,2838,2836,2,0,15.70363039699987,6.748819351196289,0.13753647259495658,1.433766955549189
12,3,1030182,1,42120213,0.0008819157493927215,2013,2011,2,0,10.935512778999964,6.730064392089844,0.09719364539952138,1.1930927748943312
12,4,255412,1,42120214,0.0008819157493927215,499,499,0,0,3.024963052000203,6.702278137207031,0.07658898424289987,0.7849257474910759
12,5,254243,0,42120215,0.0008819157493927215,497,495,2,0,2.9866599429997223,6.696376323699951,0.15763887347597064,1.483593996606692
12,6,1507617,1,42120216,0.0008819157493927215,2945,2942,3,0,15.976238085000205,6.751296043395996,0.06890322479725208,1.1199971088173437
12,7,501937,0,42120217,0.0008819157493927215,981,980,1,0,5.418762228000105,6.705997467041016,0.07568781327228156,0.9723914944395727
12,8,885547,1,42120218,0.0008819157493927215,1730,1729,1,0,9.74903482100035,6.723276138305664,0.0611892488390259,0.6823659161048655
12,9,1022203,0,42120219,0.0008819157493927215,1997,1994,3,0,10.953498597999896,6.729430198669434,0.0947594293500619,1.1999743125861961
12,10,906905,0,42120220,0.0008819157493927215,1772,1770,2,0,9.863520024000081,6.724238872528076,0.1621817033843132,1.603541970118291
12,11,2630929,0,42120221,0.0008819157493927215,5139,5136,3,0,28.812300434999997,6.80280065536499,0.044599613296651394,0.6959155786817319
12,12,785960,0,42120222,0.0008819157493927215,1536,1535,1,0,8.357875724999758,6.7187910079956055,0.09391323425094157,1.2057832699256923
12,13,686747,1,42120223,0.0008819157493927215,1342,1341,1,0,7.406340573999842,6.714595794677734,0.060152166197319515,0.5925470931062407
12,14,655390,0,42120224,0.0008819157493927215,1281,1279,2,0,7.023113015000035,6.71290922164917,0.11678871948146745,1.1365113545433445
12,15,869343,0,42120225,0.0008819157493927215,1698,1696,2,0,9.560884206000082,6.722645282745361,0.06710821727536759,0.9480287084039652
12,16,713588,1,42120226,0.0008819157493927215,1394,1392,2,0,7.661659822000274,6.7155303955078125,0.17537191544456043,1.7347671684177441
12,17,712456,0,42120227,0.0008819157493927215,1392,1391,1,0,7.8910897090004255,6.715481281280518,0.11653407060525814,1.2719438718772467
12,18,583299,1,42120228,0.0008819157493927215,1140,1138,2,0,6.202054006999788,6.7096638679504395,0.11631907645763538,1.1217301675431128
12,19,1507452,0,42120229,0.0008819157493927215,2945,2943,2,0,16.32450990899997,6.751287460327148,0.055418091649876294,0.6555613790933996
12,20,920858,1,42120230,0.0008819157493927215,1799,1798,1,0,9.837496349999583,6.724867343902588,0.08957798568504936,0.9775155717724555
12,21,1063613,0,42120231,0.0008819157493927215,2078,2077,1,0,11.506262940999932,6.731295585632324,0.07594917896107291,0.8488101876579802
12,22,296017,0,42120232,0.0008819157493927215,579,577,2,0,3.2749401649998617,6.69672155380249,0.14986147293804836,1.5076476945001083
12,23,349854,1,42120233,0.0008819157493927215,684,683,1,0,3.7836824440000782,6.699145793914795,0.10182918252567945,1.0558982837950677
12,24,747499,0,42120234,0.0008819157493927215,1460,1458,2,0,8.153304842000125,6.717058181762695,0.12329356922207219,1.2834918070558985
12,25,199063,0,42120235,0.0008819157493927215,389,388,1,0,2.105663467999875,6.700268745422363,0.21833569241553238,1.7492284086561694
12,26,1002191,1,42120236,0.0008819157493927215,1958,1957,1,0,10.889097254999797,6.729220867156982,0.060332316309442066,0.7504561574835527
12,27,1468121,1,42120237,0.0008819157493927215,2868,2866,2,0,15.978238385000168,6.74951696395874,0.0827903827419667,1.1372765423281577
12,28,556903,0,42120238,0.0008819157493927215,1088,1086,2,0,5.891732358999889,6.708473205566406,0.10669385794117965,1.1137911127417126
12,29,684357,0,42120239,0.0008819157493927215,1337,1335,2,0,7.150717849999637,6.7142157554626465,0.13143984905342931,1.29688222363647
12,30,699268,1,42120240,0.0008819157493927215,1366,1364,2,0,7.736447998000131,6.7148871421813965,0.18831048333400155,1.7931480967054618
12,31,530503,1,42120241,0.0008819157493927215,1037,1036,1,0,5.782670598000095,6.707285404205322,0.1377442555077748,1.249413214134894
12,32,536534,0,42120242,0.0008819157493927215,1048,1046,2,0,5.945068997999897,6.707556247711182,0.0710354617175363,0.8283407236832278
12,33,473056,0,42120243,0.0008819157493927215,924,923,1,0,5.1210315960001935,6.705271244049072,0.12341736765620769,1.2965295529184724
12,34,968365,0,42120244,0.0008819157493927215,1892,1890,2,0,10.417691757999819,6.727005958557129,0.11097672881272735,1.2566222821593915
12,35,771613,1,42120245,0.0008819157493927215,1508,1507,1,0,8.413296416000321,6.71814489364624,0.11898666007200771,1.2886429086139681
12,36,552346,1,42120246,0.0008819157493927215,1079,1077,2,0,5.906279892999919,6.708268642425537,0.09407018663270006,1.1544956784615832
12,37,402818,0,42120247,0.0008819157493927215,787,785,2,0,4.275571325999863,6.702193260192871,0.16587429168118034,1.4922176676950636
12,38,662207,1,42120248,0.0008819157493927215,1294,1292,2,0,7.135508247999951,6.714039325714111,0.1613262519009711,1.4879110708325272
12,39,691766,0,42120249,0.0008819157493927215,1352,1350,2,0,7.601109355000062,6.714547157287598,0.14323352955005786,1.3856223777488426
12,40,594939,1,42120250,0.0008819157493927215,1162,1160,2,0,6.3121782829998665,6.710186004638672,0.14963264465332032,1.6170413313240841
12,41,1353286,0,42120251,0.0008819157493927215,2644,2642,2,0,14.65852857400023,6.745193004608154,0.07771642599748356,0.9743578417746972
12,42,1394572,1,42120252,0.0008819157493927215,2724,2721,3,0,15.225417532999927,6.746204853057861,0.118296361416414,1.345954084694276
12,43,1330480,1,42120253,0.0008819157493927215,2599,2597,2,0,14.213367776999803,6.743316650390625,0.09772419479658019,1.1490546671941182
12,44,1764530,1,42120254,0.0008819157493927215,3447,3446,1,0,18.92049999899973,6.762866973876953,0.0641702839059326,0.7504335161010954
12,45,1859325,1,42120255,0.0008819157493927215,3632,3628,4,0,20.167483407999953,6.76808500289917,0.03621214726793989,0.5643636247157525
12,46,210575,1,42120256,0.0008819157493927215,412,411,1,0,2.2859633540001596,6.693522930145264,0.18240100275861085,1.5232439992491635
12,47,830115,1,42120257,0.0008819157493927215,1622,1619,3,0,8.875958373999765,6.7207794189453125,0.12066074533916094,1.2437882120039376
12,48,493865,1,42120258,0.0008819157493927215,965,962,3,0,5.309909324000273,6.706540107727051,0.09303837258701761,1.1198825637912553
12,49,589766,0,42120259,0.0008819157493927215,1152,1150,2,0,6.363164923000113,6.709954738616943,0.14659000562584917,1.6644056768002717
13,0,1666026,0,42130217,0.0008605829282983752,3254,3251,3,0,18.257088679999924,6.758430480957031,0.07557766931088511,0.962090465553868
13,1,419109,1,42130218,0.0008605829282983752,819,818,1,0,4.4861332390000825,6.702804088592529,0.12985675317442505,1.5271692998834812
13,2,1452665,0,42130219,0.0008605829282983752,2838,2836,2,0,16.330983834000108,6.748819351196289,0.13514516854656095,1.4047630320819375
13,3,1030182,1,42130220,0.0008605829282983752,2013,2011,2,0,11.367832994999844,6.730064392089844,0.0936414053759013,1.183727414260629
13,4,255412,1,42130221,0.0008605829282983752,499,498,1,0,2.788088160999905,6.702278137207031,0.07711598193310351,0.7810706326281689
13,5,254243,0,42130222,0.0008605829282983752,497,496,1,0,2.8846172630001092,6.696376323699951,0.15355459336311586,1.4686745674379411
13,6,1507617,1,42130223,0.0008605829282983752,2945,2943,2,0,16.495675164000204,6.751296043395996,0.0660934681557005,1.1091156783575433
13,7,501937,0,42130224,0.0008605829282983752,981,980,1,0,5.432786794000094,6.705997467041016,0.07359199523925782,0.9584443384287309
13,8,885547,1,42130225,0.0008605829282983752,1730,1728,2,0,9.578178883999954,6.723276138305664,0.05958750512864855,0.6863777725784866
13,9,1022203,0,42130226,0.0008605829282983752,1997,1994,3,0,11.276324103000206,6.729430198669434,0.09200063416568063,1.1707970591461885
13,10,906905,0,42130227,0.0008605829282983752,1772,1771,1,0,9.793628935000015,6.724238872528076,0.1590526199556218,1.6016654774403585
13,11,2630929,0,42130228,0.0008605829282983752,5139,5136,3,0,28.979602443999738,6.80280065536499,0.04348967899785978,0.6827133036105433
13,12,785960,0,42130229,0.0008605829282983752,1536,1534,2,0,8.486086104000151,6.7187910079956055,0.09141125734968322,1.1725899150505215
13,13,686747,1,42130230,0.0008605829282983752,1342,1342,0,0,7.541638080000212,6.714595794677734,0.059093725485879864,0.5877313514402478
13,14,655390,0,42130231,0.0008605829282983752,1281,1280,1,0,7.030636815999969,6.71290922164917,0.11265090703964234,1.1226909637451172
13,15,869343,0,42130232,0.0008605829282983752,1698,1696,2,0,9.329924375000246,6.722645282745361,0.0659503127044102,0.925113965880196
13,16,713588,1,42130233,0.0008605829282983752,1394,1391,3,0,7.693059801000345,6.7155303955078125,0.1699898100687736,1.696556897578181
13,17,712456,0,42130234,0.0008605829282983752,1392,1391,1,0,7.756189880999955,6.715481281280518,0.11423096975604893,1.2731154309512043
13,18,583299,1,42130235,0.0008605829282983752,1140,1138,2,0,6.388767206000011,6.7096638679504395,0.11299426945315932,1.1060748108661027
13,19,1507452,0,42130236,0.0008605829282983752,2945,2943,2,0,16.440495863999786,6.751287460327148,0.053972633768821145,0.6534606746941896
13,20,920858,1,42130237,0.0008605829282983752,1799,1798,1,0,9.92695396199997,6.724867343902588,0.0859786257462719,0.9639463498939794
13,21,1063613,0,42130238,0.0008605829282983752,2078,2077,1,0,11.788936661000207,6.731295585632324,0.07394946947313584,0.830967645548718
13,22,296017,0,42130239,0.0008605829282983752,579,576,3,0,3.2129805690001376,6.69672155380249,0.14508185121748182,1.4660687976413302
13,23,349854,1,42130240,0.0008605829282983752,684,683,1,0,3.810751613999855,6.699145793914795,0.09950903114776835,1.0412217862085926
13,24,747499,0,42130241,0.0008605829282983752,1460,1457,3,0,8.019595692000166,6.717058181762695,0.11949396493423452,1.2467221984653827
13,25,199063,0,42130242,0.0008605829282983752,389,388,1,0,2.1582975989999795,6.700268745422363,0.2138477404093005,1.7272730561875806
13,26,1002191,1,42130243,0.0008605829282983752,1958,1957,1,0,10.827085141000225,6.729220867156982,0.05844956340994467,0.7436307615690471
13,27,1468121,1,42130244,0.0008605829282983752,2868,2866,2,0,16.129706237999926,6.74951696395874,0.08036117926395946,1.120990079678777
13,28,556903,0,42130245,0.0008605829282983752,1088,1086,2,0,6.083257711999977,6.708473205566406,0.10406774447109159,1.0879314275077694
13,29,684357,0,42130246,0.0008605829282983752,1337,1335,2,0,7.473888992999946,6.7142157554626465,0.12956794424449905,1.275422811329588
13,30,699268,1,42130247,0.0008605829282983752,1366,1364,2,0,7.711128627000107,6.7148871421813965,0.18313824606081608,1.7628234684292523
13,31,530503,1,42130248,0.0008605829282983752,1037,1035,2,0,5.782107989999986,6.707285404205322,0.13537509199501813,1.2482656580238527
13,32,536534,0,42130249,0.0008605829282983752,1048,1047,1,0,5.965956520999953,6.707556247711182,0.0694152482259581,0.8204970628507043
13,33,473056,0,42130250,0.0008605829282983752,924,922,2,0,5.000263371000074,6.705271244049072,0.12034361998584937,1.2967665666096122
13,34,968365,0,42130251,0.0008605829282983752,1892,1890,2,0,10.37845020299983,6.727005958557129,0.10886324927920386,1.2383455791170634
13,35,771613,1,42130252,0.0008605829282983752,1508,1506,2,0,8.352940697000122,6.71814489364624,0.11615822071414861,1.2625300393478172
13,36,552346,1,42130253,0.0008605829282983752,1079,1076,3,0,5.965611215000081,6.708268642425537,0.09250258690362526,1.1568698812151488
13,37,402818,0,42130254,0.0008605829282983752,787,786,1,0,4.353724195000268,6.702193260192871,0.16004883666681577,1.4869675187360847
13,38,662207,1,42130255,0.0008605829282983752,1294,1292,2,0,7.153911795000113,6.714039325714111,0.15530665961581486,1.4429425218895124
13,39,691766,0,42130256,0.0008605829282983752,1352,1350,2,0,7.707818346000295,6.714547157287598,0.1389797634548611,1.382133156105324
13,40,594939,1,42130257,0.0008605829282983752,1162,1159,3,0,6.528382088999933,6.710186004638672,0.1454500028858728,1.5774473465136971
13,41,1353286,0,42130258,0.0008605829282983752,2644,2642,2,0,15.078543883999828,6.745193004608154,0.07547346486186188,0.9864312517742241
13,42,1394572,1,42130259,0.0008605829282983752,2724,2721,3,0,15.423719558999892,6.746204853057861,0.11487270637015917,1.346627198611494
13,43,1330480,1,42130260,0.0008605829282983752,2599,2597,2,0,14.733822831999987,6.743316650390625,0.09528899312157056,1.1322815387947631
13,44,1764530,1,42130261,0.0008605829282983752,3447,3445,2,0,19.331707521000226,6.762866973876953,0.0629077219305606,0.742935654594521
13,45,1859325,1,42130262,0.0008605829282983752,3632,3629,3,0,20.37698271599993,6.76808500289917,0.03528976966014871,0.5578737067072541
13,46,210575,1,42130263,0.0008605829282983752,412,411,1,0,2.3726520720001645,6.693522930145264,0.18103886810822498,1.484051558223084
13,47,830115,1,42130264,0.0008605829282983752,1622,1620,2,0,8.91165606100003,6.7207794189453125,0.11683699054482542,1.2414023316936729
13,48,493865,1,42130265,0.0008605829282983752,965,962,3,0,5.263302629999998,6.706540107727051,0.09027236811584345,1.1132042264244413
13,49,589766,0,42130266,0.0008605829282983752,1152,1150,2,0,6.524840237999797,6.709954738616943,0.1434775045643682,1.6360223123301632
14,0,1666026,0,42140224,0.0008377889406793518,3254,3251,3,0,18.25255467900024,6.758430480957031,0.07313938897706955,0.9548354112196248
14,1,419109,1,42140225,0.0008377889406793518,819,817,2,0,4.753686808000566,6.702804088592529,0.12818426834909538,1.5078325213242043
14,2,1452665,0,42140226,0.0008377889406793518,2838,2836,2,0,16.274315796999872,6.748819351196289,0.13160185820629297,1.4111909207235103
14,3,1030182,1,42140227,0.0008377889406793518,2013,2010,3,0,11.440799393999441,6.730064392089844,0.09137001606955457,1.1548059264225747
14,4,255412,1,42140228,0.0008377889406793518,499,499,0,0,2.828828648000126,6.702278137207031,0.07367684129244818,0.7410748009691257
14,5,254243,0,42140229,0.0008377889406793518,497,496,1,0,2.7189349899999797,6.696376323699951,0.15192102616833103,1.4611126069099671
14,6,1507617,1,42140230,0.0008377889406793518,2945,2943,2,0,16.632206199000393,6.751296043395996,0.06469403551097148,1.0861238200284573
14,7,501937,0,42140231,0.0008377889406793518,981,980,1,0,5.428298414999517,6.705997467041016,0.0725450476821588,0.9744594651825574
14,8,885547,1,42140232,0.0008377889406793518,1730,1728,2,0,9.6757050289998,6.723276138305664,0.05870842492138898,0.6716093840422453
14,9,1022203,0,42140233,0.0008377889406793518,1997,1994,3,0,11.365606333999494,6.729430198669434,0.09118742641498714,1.1659866072827858
14,10,906905,0,42140234,0.0008377889406793518,1772,1770,2,0,9.868962433999513,6.724238872528076,0.15594935875154484,1.594017727092161
14,11,2630929,0,42140235,0.0008377889406793518,5139,5136,3,0,28.370173882000017,6.80280065536499,0.042681839607215,0.6675994968117211
14,12,785960,0,42140236,0.0008377889406793518,1536,1534,2,0,8.465785483999753,6.7187910079956055,0.08847815800832179,1.1779985688966754
14,13,686747,1,42140237,0.0008377889406793518,1342,1342,0,0,7.791540578999957,6.714595794677734,0.057898656444293733,0.5835783229321908
14,14,655390,0,42140238,0.0008377889406793518,1281,1280,1,0,7.276800245000231,6.71290922164917,0.11246075630187988,1.1146039009094237
14,15,869343,0,42140239,0.0008377889406793518,1698,1696,2,0,9.410304103999806,6.722645282745361,0.0646322673221804,0.907135009765625
14,16,713588,1,42140240,0.0008377889406793518,1394,1392,2,0,8.176666962000127,6.7155303955078125,0.16736145677237674,1.6805016528600933
14,17,712456,0,42140241,0.0008377889406793518,1392,1391,1,0,8.117299394999463,6.715481281280518,0.1105924890163046,1.2638501976994967
14,18,583299,1,42140242,0.0008377889406793518,1140,1138,2,0,6.1738937500003885,6.7096638679504395,0.11139156026454718,1.096357670735391
14,19,1507452,0,42140243,0.0008377889406793518,2945,2943,2,0,16.89610784100023,6.751287460327148,0.05261844345958631,0.6427133438986579
14,20,920858,1,42140244,0.0008377889406793518,1799,1798,1,0,10.031102158000067,6.724867343902588,0.08471971624287403,0.9507021962336624
14,21,1063613,0,42140245,0.0008377889406793518,2078,2077,1,0,11.743036143000609,6.731295585632324,0.07219146155484547,0.8231304611330946
14,22,296017,0,42140246,0.0008377889406793518,579,577,2,0,3.4370444510004745,6.69672155380249,0.1416654008306705,1.4196011495342287
14,23,349854,1,42140247,0.0008377889406793518,684,683,1,0,4.116288123000231,6.699145793914795,0.09839430176496157,1.0278501720065427
14,24,747499,0,42140248,0.0008377889406793518,1460,1457,3,0,8.359972308000579,6.717058181762695,0.11698259027673516,1.2292299499721173
14,25,199063,0,42140249,0.0008377889406793518,389,388,1,0,2.2172578859999703,6.700268745422363,0.20898805205354987,1.7159235059600515
14,26,1002191,1,42140250,0.0008377889406793518,1958,1957,1,0,11.058309934000135,6.729220867156982,0.05768864338776867,0.7238186937116761
14,27,1468121,1,42140251,0.0008377889406793518,2868,2866,2,0,16.50116877599976,6.74951696395874,0.07814004050212894,1.0971235872895586
14,28,556903,0,42140252,0.0008377889406793518,1088,1087,1,0,5.903470223999648,6.708473205566406,0.10267262954501351,1.0982988317186062
14,29,684357,0,42140253,0.0008377889406793518,1337,1335,2,0,7.583198188999631,6.7142157554626465,0.12682634560802902,1.2629900185802903
14,30,699268,1,42140254,0.0008377889406793518,1366,1364,2,0,7.68092115699983,6.7148871421813965,0.17590532274889456,1.7396743192700697
14,31,530503,1,42140255,0.0008377889406793518,1037,1036,1,0,5.694995588999518,6.707285404205322,0.1326875134324475,1.2265461218403113
14,32,536534,0,42140256,0.0008377889406793518,1048,1047,1,0,5.860570375999487,6.707556247711182,0.06728446836571753,0.800759330975406
14,33,473056,0,42140257,0.0008377889406793518,924,922,2,0,5.103467233000629,6.705271244049072,0.11655310177751321,1.2522052094631237
14,34,968365,0,42140258,0.0008377889406793518,1892,1890,2,0,10.842254681999293,6.727005958557129,0.10620432051401289,1.2306722005208333
14,35,771613,1,42140259,0.0008377889406793518,1508,1507,1,0,8.451196787999834,6.71814489364624,0.11250764863255329,1.2492412524106253
14,36,552346,1,42140260,0.0008377889406793518,1079,1076,3,0,5.982816511000237,6.708268642425537,0.09130284334204011,1.140136832198246
14,37,402818,0,42140261,0.0008377889406793518,787,786,1,0,4.742868176000229,6.702193260192871,0.15591597617734176,1.4652860607506362
14,38,662207,1,42140262,0.0008377889406793518,1294,1292,2,0,7.08362522599964,6.714039325714111,0.15286831220975233,1.4273523856242745
14,39,691766,0,42140263,0.0008377889406793518,1352,1351,1,0,7.722783646000607,6.714547157287598,0.1362543113138127,1.3903313445480199
14,40,594939,1,42140264,0.0008377889406793518,1162,1160,2,0,6.64075511899955,6.710186004638672,0.14231105672902075,1.564881528657058
14,41,1353286,0,42140265,0.0008377889406793518,2644,2642,2,0,14.809364320000896,6.745193004608154,0.07425867581710412,0.9782464419414743
14,42,1394572,1,42140266,0.0008377889406793518,2724,2722,2,0,15.14648083999964,6.746204853057861,0.11163228053892474,1.2965909465983192
14,43,1330480,1,42140267,0.0008377889406793518,2599,2597,2,0,14.708502956999837,6.743316650390625,0.09392485032872966,1.1247805836662494
14,44,1764530,1,42140268,0.0008377889406793518,3447,3445,2,0,19.041227311000057,6.762866973876953,0.06116451268964305,0.7263175089577286
14,45,1859325,1,42140269,0.0008377889406793518,3632,3629,3,0,20.09198749799998,6.76808500289917,0.03464606235953,0.5437625265870419
14,46,210575,1,42140270,0.0008377889406793518,412,410,2,0,2.3491618640000524,6.693522930145264,0.1780446866663491,1.4787243354611281
14,47,830115,1,42140271,0.0008377889406793518,1622,1619,3,0,9.071640926000327,6.7207794189453125,0.11411278331773085,1.2503824970323116
14,48,493865,1,42140272,0.0008377889406793518,965,962,3,0,5.260493087000214,6.706540107727051,0.08817520458832104,1.1062519287616943
14,49,589766,0,42140273,0.0008377889406793518,1152,1150,2,0,6.417703080000138,6.709954738616943,0.1381699802564538,1.6189303456182065
15,0,1666026,0,42150231,0.0008136274519200731,3254,3252,2,0,18.123365973000546,6.758430480957031,0.07190177420115265,0.9533243965252153
15,1,419109,1,42150232,0.0008136274519200731,819,818,1,0,4.6386876309998115,6.702804088592529,0.12499622261028709,1.4831975736361553
15,2,1452665,0,42150233,0.0008136274519200731,2838,2836,2,0,16.054129328000272,6.748819351196289,0.12969273404442877,1.406210314235499
15,3,1030182,1,42150234,0.0008136274519200731,2013,2010,3,0,11.17631164300019,6.730064392089844,0.08933194288566931,1.122050392568408
15,4,255412,1,42150235,0.0008136274519200731,499,498,1,0,2.7737176290002026,6.702278137207031,0.07256399101042843,0.7810306166070532
15,5,254243,0,42150236,0.0008136274519200731,497,496,1,0,2.711016897999798,6.696376323699951,0.15082434684999527,1.4765720982705393
15,6,1507617,1,42150237,0.0008136274519200731,2945,2943,2,0,16.50087583899949,6.751296043395996,0.06280102277749905,1.0888538315228933
15,7,501937,0,42150238,0.0008136274519200731,981,980,1,0,5.459634993000691,6.705997467041016,0.070208740234375,0.9651058274872449
15,8,885547,1,42150239,0.0008136274519200731,1730,1728,2,0,9.558618475000003,6.723276138305664,0.057437154981825084,0.6710460097701462
15,9,1022203,0,42150240,0.0008136274519200731,1997,1994,3,0,11.15787307499977,6.729430198669434,0.08990564221962763,1.1688374449520436
15,10,906905,0,42150241,0.0008136274519200731,1772,1770,2,0,9.64491254999939,6.724238872528076,0.1527975481108757,1.564919474973517
15,11,2630929,0,42150242,0.0008136274519200731,5139,5136,3,0,28.675129781000578,6.80280065536499,0.04221582561267128,0.6680518890095648
15,12,785960,0,42150243,0.0008136274519200731,1536,1535,1,0,8.757148753000365,6.7187910079956055,0.08673074827908693,1.1512381985443811
15,13,686747,1,42150244,0.0008136274519200731,1342,1341,1,0,7.565303841999594,6.714595794677734,0.05695110323889588,0.5809305235132364
15,14,655390,0,42150245,0.0008136274519200731,1281,1280,1,0,7.001061271000253,6.71290922164917,0.10954737663269043,1.1007075309753418
15,15,869343,0,42150246,0.0008136274519200731,1698,1696,2,0,9.450219143999675,6.722645282745361,0.06353521347045898,0.9087991534538988
15,16,713588,1,42150247,0.0008136274519200731,1394,1391,3,0,7.6821264999998675,6.7155303955078125,0.1647745841360195,1.653058269399263
15,17,712456,0,42150248,0.0008136274519200731,1392,1390,2,0,7.676894229000027,6.715481281280518,0.10909543483377361,1.2330092176258993
15,18,583299,1,42150249,0.0008136274519200731,1140,1139,1,0,6.5701311840002745,6.7096638679504395,0.10950395619272663,1.0859334274171422
15,19,1507452,0,42150250,0.0008136274519200731,2945,2943,2,0,16.77838640400023,6.751287460327148,0.05151279564824106,0.6321527064352914
15,20,920858,1,42150251,0.0008136274519200731,1799,1798,1,0,9.845512949000295,6.724867343902588,0.0829952609154486,0.9477314339065976
15,21,1063613,0,42150252,0.0008136274519200731,2078,2077,1,0,11.577473573000134,6.731295585632324,0.07115349657098204,0.8058854581991755
15,22,296017,0,42150253,0.0008136274519200731,579,578,1,0,3.3513949319994936,6.69672155380249,0.14066583970013788,1.4066808363970589
15,23,349854,1,42150254,0.0008136274519200731,684,682,2,0,3.850443558000734,6.699145793914795,0.0969206510750779,1.0377030806107954
15,24,747499,0,42150255,0.0008136274519200731,1460,1457,3,0,8.050446731999727,6.717058181762695,0.11423861595892137,1.2276867700915837
15,25,199063,0,42150256,0.0008136274519200731,389,388,1,0,2.17446047500016,6.700268745422363,0.2026541208483509,1.69148160010269
15,26,1002191,1,42150257,0.0008136274519200731,1958,1957,1,0,10.69330193300084,6.729220867156982,0.056078151104458754,0.7225825836540304
15,27,1468121,1,42150258,0.0008136274519200731,2868,2866,2,0,16.10005177399944,6.74951696395874,0.07623444881292797,1.0721655324548587
15,28,556903,0,42150259,0.0008136274519200731,1088,1088,0,0,6.277443551999568,6.708473205566406,0.10062750648049747,1.0646825678208296
15,29,684357,0,42150260,0.0008136274519200731,1337,1335,2,0,7.491359554000155,6.7142157554626465,0.12441455398159527,1.2994055587254214
15,30,699268,1,42150261,0.0008136274519200731,1366,1364,2,0,7.435401761000321,6.7148871421813965,0.174377284791113,1.731319125446756
15,31,530503,1,42150262,0.0008136274519200731,1037,1035,2,0,5.803025016999527,6.707285404205322,0.13136717570576692,1.2188522560009059
15,32,536534,0,42150263,0.0008136274519200731,1048,1047,1,0,5.683717895999507,6.707556247711182,0.06708552844203304,0.7952177818320201
15,33,473056,0,42150264,0.0008136274519200731,924,922,2,0,5.546513268000126,6.705271244049072,0.1142807172332565,1.2558170078633406
15,34,968365,0,42150265,0.0008136274519200731,1892,1890,2,0,10.381859555999654,6.727005958557129,0.10524574562355324,1.2174191106564154
15,35,771613,1,42150266,0.0008136274519200731,1508,1507,1,0,8.371305955000025,6.71814489364624,0.1092720360809711,1.2381857484084688
15,36,552346,1,42150267,0.0008136274519200731,1079,1076,3,0,5.902118646999952,6.708268642425537,0.09147538394289832,1.1458258079330275
15,37,402818,0,42150268,0.0008136274519200731,787,786,1,0,4.415254223000375,6.702193260192871,0.15238980785884323,1.444665651588343
15,38,662207,1,42150269,0.0008136274519200731,1294,1292,2,0,7.136530151000443,6.714039325714111,0.14962950431894592,1.4406425546935469
15,39,691766,0,42150270,0.0008136274519200731,1352,1350,2,0,7.506670115999441,6.714547157287598,0.13349790219907406,1.3840771484375
15,40,594939,1,42150271,0.0008136274519200731,1162,1160,2,0,6.370278586000495,6.710186004638672,0.14102036048626077,1.571745984307651
15,41,1353286,0,42150272,0.0008136274519200731,2644,2641,3,0,14.599465848999898,6.745193004608154,0.07226398414574262,0.9955994599879308
15,42,1394572,1,42150273,0.0008136274519200731,2724,2721,3,0,15.43157038300069,6.746204853057861,0.10944552353224918,1.3416454198823962
15,43,1330480,1,42150274,0.0008136274519200731,2599,2597,2,0,14.491185439000219,6.743316650390625,0.09332901136114086,1.1010490244151907
15,44,1764530,1,42150275,0.0008136274519200731,3447,3445,2,0,19.33237283699964,6.762866973876953,0.06045195160133572,0.74304330324746
15,45,1859325,1,42150276,0.0008136274519200731,3632,3629,3,0,20.012372173000585,6.76808500289917,0.03380137969390457,0.5424571243584665
15,46,210575,1,42150277,0.0008136274519200731,412,411,1,0,2.32624630600003,6.693522930145264,0.17664483805932557,1.4582469039879866
15,47,830115,1,42150278,0.0008136274519200731,1622,1620,2,0,9.286858691999441,6.7207794189453125,0.11158650716145833,1.2160153989438658
15,48,493865,1,42150279,0.0008136274519200731,965,962,3,0,5.697054610000123,6.706540107727051,0.08686663653399493,1.0830028637035474
15,49,589766,0,42150280,0.0008136274519200731,1152,1150,2,0,6.385067922999951,6.709954738616943,0.13365315312924592,1.594118015455163
16,0,1666026,0,42160238,0.000788197746760474,3254,3252,2,0,18.07515850999971,6.758430480957031,0.07052612773899956,0.9509085905068035
16,1,419109,1,42160239,0.000788197746760474,819,818,1,0,4.571919182999409,6.702804088592529,0.12202254017874198,1.4924022422734566
16,2,1452665,0,42160240,0.000788197746760474,2838,2835,3,0,15.794883986000059,6.748819351196289,0.12734456810791447,1.4138428164958112
16,3,1030182,1,42160241,0.000788197746760474,2013,2011,2,0,11.360064625999257,6.730064392089844,0.0873610365159591,1.1375832579018523
16,4,255412,1,42160242,0.000788197746760474,499,499,0,0,3.0460083680000025,6.702278137207031,0.07207982095783363,0.7703563866013277
16,5,254243,0,42160243,0.000788197746760474,497,496,1,0,2.964568748999227,6.696376323699951,0.1479120715971916,1.426177978515625
16,6,1507617,1,42160244,0.000788197746760474,2945,2943,2,0,16.199306045999947,6.751296043395996,0.06184261217029816,1.0627125342443935
16,7,501937,0,42160245,0.000788197746760474,981,979,2,0,5.314194585999758,6.705997467041016,0.06832517130991046,0.9735439717465206
16,8,885547,1,42160246,0.000788197746760474,1730,1729,1,0,9.57553586799986,6.723276138305664,0.056669042178011136,0.6621165057701345
16,9,1022203,0,42160247,0.000788197746760474,1997,1994,3,0,11.200189958999545,6.729430198669434,0.08857891576340349,1.1687849192107573
16,10,906905,0,42160248,0.000788197746760474,1772,1770,2,0,10.11471379700015,6.724238872528076,0.15269206418829448,1.580078400865113
16,11,2630929,0,42160249,0.000788197746760474,5139,5136,3,0,28.901704969000093,6.80280065536499,0.04108503525873582,0.6650232332889164
16,12,785960,0,42160250,0.000788197746760474,1536,1534,2,0,8.49503534700034,6.7187910079956055,0.08626473835891664,1.1783038242544002
16,13,686747,1,42160251,0.000788197746760474,1342,1341,1,0,7.511791698999332,6.714595794677734,0.0563982025533359,0.5935953867070982
16,14,655390,0,42160252,0.000788197746760474,1281,1280,1,0,7.231578081000407,6.71290922164917,0.10786211490631104,1.083756160736084
16,15,869343,0,42160253,0.000788197746760474,1698,1696,2,0,9.30523420300051,6.722645282745361,0.06343025081562546,0.9159635867712632
16,16,713588,1,42160254,0.000788197746760474,1394,1392,2,0,7.7926599630000055,6.7155303955078125,0.1642117664731782,1.6561556410515446
16,17,712456,0,42160255,0.000788197746760474,1392,1391,1,0,7.7303040549995785,6.715481281280518,0.10686924575816634,1.21459917058883
16,18,583299,1,42160256,0.000788197746760474,1140,1138,2,0,6.195675541000128,6.7096638679504395,0.10711743668219327,1.0851444720383898
16,19,1507452,0,42160257,0.000788197746760474,2945,2943,2,0,16.468830612000602,6.751287460327148,0.050525298460462324,0.6256293900516054
16,20,920858,1,42160258,0.000788197746760474,1799,1798,1,0,10.300739872999657,6.724867343902588,0.08140513045636645,0.9478187433737139
16,21,1063613,0,42160259,0.000788197746760474,2078,2077,1,0,11.436507896999501,6.731295585632324,0.06992272132282137,0.7997701880905452
16,22,296017,0,42160260,0.000788197746760474,579,577,2,0,3.2503966350004703,6.69672155380249,0.13674153240342693,1.406537193152892
16,23,349854,1,42160261,0.000788197746760474,684,683,1,0,3.7669535120003275,6.699145793914795,0.09416492512425077,1.0301558353541362
16,24,747499,0,42160262,0.000788197746760474,1460,1458,2,0,7.915166135000618,6.717058181762695,0.11330473472061471,1.2205971297903806
16,25,199063,0,42160263,0.000788197746760474,389,387,2,0,2.14946020699972,6.700268745422363,0.20336858862746285,1.6808648318899386
16,26,1002191,1,42160264,0.000788197746760474,1958,1957,1,0,10.979784722000659,6.729220867156982,0.056116399438513986,0.7154447451256707
16,27,1468121,1,42160265,0.000788197746760474,2868,2866,2,0,16.028287536999414,6.74951696395874,0.07519840046149905,1.065445957862657
16,28,556903,0,42160266,0.000788197746760474,1088,1087,1,0,6.007833794999897,6.708473205566406,0.10093062189377659,1.051024267623045
16,29,684357,0,42160267,0.000788197746760474,1337,1336,1,0,7.362627638000049,6.7142157554626465,0.12180279257768642,1.2700227291998034
16,30,699268,1,42160268,0.000788197746760474,1366,1364,2,0,7.650761008999325,6.7148871421813965,0.1722445893497411,1.7068230861093292
16,31,530503,1,42160269,0.000788197746760474,1037,1035,2,0,5.74482369099951,6.707285404205322,0.12897250410439312,1.2124932772871377
16,32,536534,0,42160270,0.000788197746760474,1048,1047,1,0,5.934436167999593,6.707556247711182,0.06559695122690574,0.7966353481114196
16,33,473056,0,42160271,0.000788197746760474,924,922,2,0,5.1591987490000975,6.705271244049072,0.11316939082942143,1.2407719080463666
16,34,968365,0,42160272,0.000788197746760474,1892,1890,2,0,10.903417418999197,6.727005958557129,0.10283236226076803,1.2235213345320768
16,35,771613,1,42160273,0.000788197746760474,1508,1506,2,0,8.211345150999477,6.71814489364624,0.10855454119394817,1.2393427591716468
16,36,552346,1,42160274,0.000788197746760474,1079,1076,3,0,6.1433068329997695,6.708268642425537,0.09086395462206305,1.1456400931546236
16,37,402818,0,42160275,0.000788197746760474,787,786,1,0,4.410315320999871,6.702193260192871,0.1496494477638458,1.4189193764412373
16,38,662207,1,42160276,0.000788197746760474,1294,1292,2,0,7.234610768000493,6.714039325714111,0.1474088662918138,1.4214795942276992
16,39,691766,0,42160277,0.000788197746760474,1352,1349,3,0,7.773468514999877,6.714547157287598,0.13124995023078437,1.3945738705464696
16,40,594939,1,42160278,0.000788197746760474,1162,1159,3,0,6.277855072999955,6.710186004638672,0.13805795559294787,1.5561749883722498
16,41,1353286,0,42160279,0.000788197746760474,2644,2642,2,0,14.631125164999503,6.745193004608154,0.07193154877194123,1.0031284560406415
16,42,1394572,1,42160280,0.000788197746760474,2724,2722,2,0,15.141772805000073,6.746204853057861,0.10636761712292202,1.3573903932368203
16,43,1330480,1,42160281,0.000788197746760474,2599,2597,2,0,14.375945543999478,6.743316650390625,0.09243333160670665,1.1117761705212745
16,44,1764530,1,42160282,0.000788197746760474,3447,3446,1,0,19.41593360099978,6.762866973876953,0.05887857482520495,0.7191638204848012
16,45,1859325,1,42160283,0.000788197746760474,3632,3629,3,0,20.311368448000394,6.76808500289917,0.03340666522070474,0.5463777375503754
16,46,210575,1,42160284,0.000788197746760474,412,411,1,0,2.271909458999289,6.693522930145264,0.17180503603895794,1.4469953476657542
16,47,830115,1,42160285,0.000788197746760474,1622,1619,3,0,8.854919610999787,6.7207794189453125,0.11037509628399572,1.2201546756775015
16,48,493865,1,42160286,0.000788197746760474,965,962,3,0,5.3931176129999585,6.706540107727051,0.08433627884006302,1.0993610469318478
16,49,589766,0,42160287,0.000788197746760474,1152,1149,3,0,6.296520253999915,6.709954738616943,0.13404032123721715,1.5943074438030354
17,0,1666026,0,42170245,0.00076160432131371,3254,3251,3,0,18.068963562000135,6.758430480957031,0.06930829707896369,0.9417928497962166
17,1,419109,1,42170246,0.00076160432131371,819,817,2,0,4.570846116000212,6.702804088592529,0.12028078525127658,1.44939251716455
17,2,1452665,0,42170247,0.00076160432131371,2838,2835,3,0,16.30373351900016,6.748819351196289,0.12551603233162478,1.42359836585097
17,3,1030182,1,42170248,0.00076160432131371,2013,2011,2,0,11.1911551459998,6.730064392089844,0.08505227777982813,1.148940228159187
17,4,255412,1,42170249,0.00076160432131371,499,499,0,0,2.76701470900025,6.702278137207031,0.07161799795880824,0.7572586579408818
17,5,254243,0,42170250,0.00076160432131371,497,496,1,0,2.7507495039999412,6.696376323699951,0.1477681436846333,1.4195167787613407
17,6,1507617,1,42170251,0.00076160432131371,2945,2943,2,0,16.569057517000147,6.751296043395996,0.060753389722102764,1.0633777614519624
17,7,501937,0,42170252,0.00076160432131371,981,979,2,0,5.439759095000227,6.705997467041016,0.06814056957583871,0.9853508143673391
17,8,885547,1,42170253,0.00076160432131371,1730,1729,1,0,10.437696676999622,6.723276138305664,0.056390236125921776,0.6662272182484457
17,9,1022203,0,42170254,0.00076160432131371,1997,1994,3,0,11.363697464000325,6.729430198669434,0.08818662561169838,1.2094021321777833
17,10,906905,0,42170255,0.00076160432131371,1772,1770,2,0,11.076225592999435,6.724238872528076,0.14966058246159958,1.5770931265448447
17,11,2630929,0,42170256,0.00076160432131371,5139,5135,4,0,28.083336632999817,6.80280065536499,0.04080274483477361,0.6705838835808179
17,12,785960,0,42170257,0.00076160432131371,1536,1534,2,0,8.856512868999744,6.7187910079956055,0.08358837261970849,1.1505267007720827
17,13,686747,1,42170258,0.00076160432131371,1342,1342,0,0,7.496302282000215,6.714595794677734,0.056050449831830405,0.5761237563745808
17,14,655390,0,42170259,0.00076160432131371,1281,1280,1,0,6.948766966999756,6.71290922164917,0.10595464706420898,1.0893181800842284
17,15,869343,0,42170260,0.00076160432131371,1698,1696,2,0,9.946521177999784,6.722645282745361,0.06164969138379367,0.8986690449264815
17,16,713588,1,42170261,0.00076160432131371,1394,1392,2,0,8.09647333599969,6.7155303955078125,0.15947840679651018,1.655975341796875
17,17,712456,0,42170262,0.00076160432131371,1392,1391,1,0,7.960915607000061,6.715481281280518,0.10566339554502156,1.2379525114014198
17,18,583299,1,42170263,0.00076160432131371,1140,1138,2,0,6.315782540000328,6.7096638679504395,0.10666323965169842,1.117321691529822
17,19,1507452,0,42170264,0.00076160432131371,2945,2943,2,0,16.693846731999656,6.751287460327148,0.049839389190518286,0.6241801835791497
17,20,920858,1,42170265,0.00076160432131371,1799,1798,1,0,10.869753614999354,6.724867343902588,0.08108842996124166,0.9356392763878267
17,21,1063613,0,42170266,0.00076160432131371,2078,2077,1,0,11.559238001999802,6.731295585632324,0.06879586305650427,0.7990798472669415
17,22,296017,0,42170267,0.00076160432131371,579,577,2,0,3.2914383979996273,6.69672155380249,0.13412988619746533,1.3935203089457864
17,23,349854,1,42170268,0.00076160432131371,684,682,2,0,3.813613343000725,6.699145793914795,0.09565583841541996,1.0349283973492485
17,24,747499,0,42170269,0.00076160432131371,1460,1458,2,0,8.238678290999815,6.717058181762695,0.11019399300197188,1.195399071126972
17,25,199063,0,42170270,0.00076160432131371,389,388,1,0,2.195028781000474,6.700268745422363,0.20064627263963836,1.692938106576192
17,26,1002191,1,42170271,0.00076160432131371,1958,1957,1,0,11.806423179000376,6.729220867156982,0.05473927618230431,0.7177565959137072
17,27,1468121,1,42170272,0.00076160432131371,2868,2866,2,0,16.453508768000574,6.74951696395874,0.0730199714016432,1.0414035581494243
17,28,556903,0,42170273,0.00076160432131371,1088,1087,1,0,6.09072039900002,6.708473205566406,0.09820803701055082,1.0651742045552552
17,29,684357,0,42170274,0.00076160432131371,1337,1336,1,0,7.596172155000204,6.7142157554626465,0.12114159361331049,1.2771690505707336
17,30,699268,1,42170275,0.00076160432131371,1366,1363,3,0,7.573790909000309,6.7148871421813965,0.1692921113023317,1.708438417094644
17,31,530503,1,42170276,0.00076160432131371,1037,1035,2,0,5.9144889919998604,6.707285404205322,0.12806670700294384,1.2303085843146135
17,32,536534,0,42170277,0.00076160432131371,1048,1047,1,0,6.057342153999343,6.707556247711182,0.06445501959654071,0.7868866870373686
17,33,473056,0,42170278,0.00076160432131371,924,922,2,0,5.201567842999793,6.705271244049072,0.11085368754289672,1.24772885668045
17,34,968365,0,42170279,0.00076160432131371,1892,1890,2,0,11.351247204000174,6.727005958557129,0.10189147626281415,1.21741859395668
17,35,771613,1,42170280,0.00076160432131371,1508,1507,1,0,8.511994225999842,6.71814489364624,0.10572742039427982,1.2244812295226444
17,36,552346,1,42170281,0.00076160432131371,1079,1076,3,0,6.125839261999317,6.708268642425537,0.08998176688155277,1.154368574291357
17,37,402818,0,42170282,0.00076160432131371,787,786,1,0,4.395245267000064,6.702193260192871,0.14896779145296596,1.414460082697201
17,38,662207,1,42170283,0.00076160432131371,1294,1292,2,0,7.252626751999742,6.714039325714111,0.14499926493263834,1.4172162035301374
17,39,691766,0,42170284,0.00076160432131371,1352,1350,2,0,7.456934075999925,6.714547157287598,0.1290306599934896,1.386253345630787
17,40,594939,1,42170285,0.00076160432131371,1162,1160,2,0,6.525796418000027,6.710186004638672,0.13617639212772764,1.554047788422683
17,41,1353286,0,42170286,0.00076160432131371,2644,2642,2,0,14.794206878000296,6.745193004608154,0.07107997897174843,0.9947519006375378
17,42,1394572,1,42170287,0.00076160432131371,2724,2722,2,0,15.217954562999694,6.746204853057861,0.1053081122853141,1.345936412937408
17,43,1330480,1,42170288,0.00076160432131371,2599,2597,2,0,14.59970621499997,6.743316650390625,0.08756367445083871,1.1187752131365518
17,44,1764530,1,42170289,0.00076160432131371,3447,3446,1,0,18.904064424999888,6.762866973876953,0.057630595397063625,0.7196180949153004
17,45,1859325,1,42170290,0.00076160432131371,3632,3630,2,0,19.920762476000164,6.76808500289917,0.03285634274653495,0.5451176919227789
17,46,210575,1,42170291,0.00076160432131371,412,411,1,0,2.358186731999922,6.693522930145264,0.1692624985446605,1.4964789694533152
17,47,830115,1,42170292,0.00076160432131371,1622,1620,2,0,9.392265121000491,6.7207794189453125,0.1085396283938561,1.224721950954861
17,48,493865,1,42170293,0.00076160432131371,965,962,3,0,5.377070239000204,6.706540107727051,0.08342567650047508,1.1021961997303795
17,49,589766,0,42170294,0.00076160432131371,1152,1150,2,0,6.416063540999858,6.709954738616943,0.13152736497961956,1.603191554857337
18,0,1666026,0,42180252,0.0007339564536692134,3254,3251,3,0,17.986465675000545,6.758430480957031,0.06836180157457561,0.9527331434077976
18,1,419109,1,42180253,0.0007339564536692134,819,817,2,0,4.562194803999773,6.702804088592529,0.11951122494047392,1.4799317601552937
18,2,1452665,0,42180254,0.0007339564536692134,2838,2836,2,0,16.134016174999488,6.748819351196289,0.12410346543671213,1.3985521668943934
18,3,1030182,1,42180255,0.0007339564536692134,2013,2010,3,0,10.931364680000115,6.730064392089844,0.084110058836676,1.1512367362406717
18,4,255412,1,42180256,0.0007339564536692134,499,499,0,0,2.7310373480004273,6.702278137207031,0.07102694922315334,0.7568832122252317
18,5,254243,0,42180257,0.0007339564536692134,497,495,2,0,2.7340333060001285,6.696376323699951,0.14784283878827337,1.4345079210069445
18,6,1507617,1,42180258,0.0007339564536692134,2945,2943,2,0,16.414496248999967,6.751296043395996,0.0599593157027799,1.0512275553219503
18,7,501937,0,42180259,0.0007339564536692134,981,979,2,0,5.472829100999661,6.705997467041016,0.06586639435469069,0.9751085665179712
18,8,885547,1,42180260,0.0007339564536692134,1730,1729,1,0,9.914825025000027,6.723276138305664,0.0552687680810914,0.6678084135745012
18,9,1022203,0,42180261,0.0007339564536692134,1997,1994,3,0,11.07432535099997,6.729430198669434,0.08584492950286406,1.2090626126426154
18,10,906905,0,42180262,0.0007339564536692134,1772,1770,2,0,9.914733818999593,6.724238872528076,0.14920547399143716,1.5516771219544492
18,11,2630929,0,42180263,0.0007339564536692134,5139,5136,3,0,28.846610462999706,6.80280065536499,0.03997899587280654,0.6536259160977658
18,12,785960,0,42180264,0.0007339564536692134,1536,1534,2,0,8.656251938999958,6.7187910079956055,0.08292653507794674,1.1569614932621006
18,13,686747,1,42180265,0.0007339564536692134,1342,1341,1,0,7.550519761999567,6.714595794677734,0.05503217681497891,0.5906393007055136
18,14,655390,0,42180266,0.0007339564536692134,1281,1280,1,0,7.364029899999878,6.71290922164917,0.10554771423339844,1.0903261184692383
18,15,869343,0,42180267,0.0007339564536692134,1698,1696,2,0,9.611169728000277,6.722645282745361,0.06013605279742547,0.9135827838249926
18,16,713588,1,42180268,0.0007339564536692134,1394,1391,3,0,7.761582950000047,6.7155303955078125,0.1572143203658564,1.6626478533878504
18,17,712456,0,42180269,0.0007339564536692134,1392,1390,2,0,7.778320012000222,6.715481281280518,0.10430832458056992,1.2222910050865559
18,18,583299,1,42180270,0.0007339564536692134,1140,1138,2,0,6.553974071000084,6.7096638679504395,0.10379177153843777,1.097601329086116
18,19,1507452,0,42180271,0.0007339564536692134,2945,2942,3,0,16.328248941999846,6.751287460327148,0.04873272385587504,0.6209154576367055
18,20,920858,1,42180272,0.0007339564536692134,1799,1798,1,0,10.14106402499965,6.724867343902588,0.07952397975560953,0.941568512539975
18,21,1063613,0,42180273,0.0007339564536692134,2078,2076,2,0,11.360196452999844,6.731295585632324,0.06779119826006293,0.79776594863921
18,22,296017,0,42180274,0.0007339564536692134,579,577,2,0,3.1785630679996757,6.69672155380249,0.1323133366153393,1.3853292217287696
18,23,349854,1,42180275,0.0007339564536692134,684,682,2,0,3.7843602920002013,6.699145793914795,0.09557086351679916,1.0373620175895804
18,24,747499,0,42180276,0.0007339564536692134,1460,1458,2,0,8.05474025500007,6.717058181762695,0.10833525690358689,1.2196155438207306
18,25,199063,0,42180277,0.0007339564536692134,389,388,1,0,2.215379625999958,6.700268745422363,0.196385413101039,1.6971012390765947
18,26,1002191,1,42180278,0.0007339564536692134,1958,1956,2,0,11.128894557000422,6.729220867156982,0.05369126333537033,0.7154228974948875
18,27,1468121,1,42180279,0.0007339564536692134,2868,2866,2,0,16.05773681499977,6.74951696395874,0.07172933659683302,1.061845181791914
18,28,556903,0,42180280,0.0007339564536692134,1088,1087,1,0,6.156460617999983,6.708473205566406,0.09553388158663106,1.0597196717600046
18,29,684357,0,42180281,0.0007339564536692134,1337,1335,2,0,7.246812510000382,6.7142157554626465,0.11850296763445108,1.2867631890800562
18,30,699268,1,42180282,0.0007339564536692134,1366,1364,2,0,7.635387689999334,6.7148871421813965,0.16557529035551458,1.7020766630200697
18,31,530503,1,42180283,0.0007339564536692134,1037,1035,2,0,5.711500053000236,6.707285404205322,0.12605263530344202,1.2090485356280194
18,32,536534,0,42180284,0.0007339564536692134,1048,1047,1,0,6.10333591699964,6.707556247711182,0.06341050666291712,0.7941843814357987
18,33,473056,0,42180285,0.0007339564536692134,924,923,1,0,5.247432520000075,6.705271244049072,0.10937528930531809,1.2414616908179847
18,34,968365,0,42180286,0.0007339564536692134,1892,1889,3,0,10.908177172999785,6.727005958557129,0.10007398856765319,1.221416031134198
18,35,771613,1,42180287,0.0007339564536692134,1508,1507,1,0,8.463631733000511,6.71814489364624,0.10484587347262256,1.2497073390583526
18,36,552346,1,42180288,0.0007339564536692134,1079,1076,3,0,6.176693241999601,6.708268642425537,0.09013439731526995,1.167159637110827
18,37,402818,0,42180289,0.0007339564536692134,787,786,1,0,4.343638251000812,6.702193260192871,0.1452195747511381,1.4205417002127068
18,38,662207,1,42180290,0.0007339564536692134,1294,1292,2,0,7.362032023000211,6.714039325714111,0.1433200895232682,1.4239610607040925
18,39,691766,0,42180291,0.0007339564536692134,1352,1350,2,0,7.808749986000294,6.714547157287598,0.12704979790581597,1.3950009946469908
18,40,594939,1,42180292,0.0007339564536692134,1162,1160,2,0,6.5250694050000675,6.710186004638672,0.13265074368180899,1.5554720122238685
18,41,1353286,0,42180293,0.0007339564536692134,2644,2642,2,0,14.778469997000684,6.745193004608154,0.06929829299314558,1.0000061913027536
18,42,1394572,1,42180294,0.0007339564536692134,2724,2722,2,0,15.300808435000363,6.746204853057861,0.10374367718833234,1.3518144437970703
18,43,1330480,1,42180295,0.0007339564536692134,2599,2597,2,0,14.421024278000004,6.743316650390625,0.08659417435532586,1.1028271992022045
18,44,1764530,1,42180296,0.0007339564536692134,3447,3446,1,0,18.952273904999856,6.762866973876953,0.05675952488505695,0.7233555152259866
18,45,1859325,1,42180297,0.0007339564536692134,3632,3629,3,0,20.529821936999724,6.76808500289917,0.03267491399239955,0.542528200294072
18,46,210575,1,42180298,0.0007339564536692134,412,411,1,0,2.327765346999513,6.693522930145264,0.16731947181868728,1.4883580265834093
18,47,830115,1,42180299,0.0007339564536692134,1622,1620,2,0,9.04521185900012,6.7207794189453125,0.10612768479335455,1.2213300540123457
18,48,493865,1,42180300,0.0007339564536692134,965,962,3,0,5.5312192390001655,6.706540107727051,0.08367701825877485,1.115297313539501
18,49,589766,0,42180301,0.0007339564536692134,1152,1150,2,0,6.598950771999625,6.709954738616943,0.12791441544242527,1.6023617951766305
19,0,1666026,0,42190259,0.000705367754845585,3254,3251,3,0,18.343098270000155,6.758430480957031,0.06719583483777827,0.9609996052897185
19,1,419109,1,42190260,0.000705367754845585,819,818,1,0,4.613875568000367,6.702804088592529,0.1180354167313331,1.4681639729618734
19,2,1452665,0,42190261,0.000705367754845585,2838,2836,2,0,15.971229773000232,6.748819351196289,0.12313642622889853,1.394692833904487
19,3,1030182,1,42190262,0.000705367754845585,2013,2010,3,0,11.469128832000024,6.730064392089844,0.08162773473938899,1.1427221801150498
19,4,255412,1,42190263,0.000705367754845585,499,498,1,0,2.6737069529999644,6.702278137207031,0.07081121421722045,0.7471699542309864
19,5,254243,0,42190264,0.000705367754845585,497,496,1,0,2.6879429749997144,6.696376323699951,0.1475798237708307,1.4508881107453377
19,6,1507617,1,42190265,0.000705367754845585,2945,2942,3,0,16.13130636799997,6.751296043395996,0.05869429100135165,1.0523753837206833
19,7,501937,0,42190266,0.000705367754845585,981,980,1,0,5.419645490999756,6.705997467041016,0.0672148490438656,0.9693198690609056
19,8,885547,1,42190267,0.000705367754845585,1730,1727,3,0,9.696681673000057,6.723276138305664,0.054344751549098416,0.6696805617128692
19,9,1022203,0,42190268,0.000705367754845585,1997,1994,3,0,11.245020510999893,6.729430198669434,0.08519131154449677,1.1986719435650701
19,10,906905,0,42190269,0.000705367754845585,1772,1769,3,0,10.193057268999837,6.724238872528076,0.14723146049365815,1.5372137109595816
19,11,2630929,0,42190270,0.000705367754845585,5139,5136,3,0,28.90324219300055,6.80280065536499,0.039394470761498185,0.6624023342429664
19,12,785960,0,42190271,0.000705367754845585,1536,1535,1,0,8.369255839999823,6.7187910079956055,0.08215441377621131,1.1346963590441774
19,13,686747,1,42190272,0.000705367754845585,1342,1341,1,0,7.413833184000396,6.714595794677734,0.05443198071052386,0.5948149064509928
19,14,655390,0,42190273,0.000705367754845585,1281,1279,2,0,7.194048051999744,6.71290922164917,0.10313198396803533,1.0890602666573006
19,15,869343,0,42190274,0.000705367754845585,1698,1695,3,0,9.076994827999442,6.722645282745361,0.05986608994745575,0.9216416620575221
19,16,713588,1,42190275,0.000705367754845585,1394,1391,3,0,7.65670413999942,6.7155303955078125,0.15560542311623832,1.6526405449654027
19,17,712456,0,42190276,0.000705367754845585,1392,1391,1,0,7.627919324999311,6.715481281280518,0.1006326243484903,1.2212473076080608
19,18,583299,1,42190277,0.000705367754845585,1140,1138,2,0,6.441831497000749,6.7096638679504395,0.10329239481572317,1.1022927765268014
19,19,1507452,0,42190278,0.000705367754845585,2945,2943,2,0,16.012461581000025,6.751287460327148,0.04819300058865847,0.6306406190271406
19,20,920858,1,42190279,0.000705367754845585,1799,1798,1,0,9.790865990999919,6.724867343902588,0.07882933144574701,0.9466350415392102
19,21,1063613,0,42190280,0.000705367754845585,2078,2077,1,0,11.562946654999905,6.731295585632324,0.06588036909548778,0.801946354417429
19,22,296017,0,42190281,0.000705367754845585,579,577,2,0,3.2476800130007177,6.69672155380249,0.13026893655390218,1.3937276380727361
19,23,349854,1,42190282,0.000705367754845585,684,683,1,0,3.801616992000163,6.699145793914795,0.09458964670385135,1.0337743354227673
19,24,747499,0,42190283,0.000705367754845585,1460,1457,3,0,8.223618179999903,6.717058181762695,0.10719136988863032,1.2213032551636496
19,25,199063,0,42190284,0.000705367754845585,389,388,1,0,2.0886834640004963,6.700268745422363,0.19993530352091052,1.710265484052835
19,26,1002191,1,42190285,0.000705367754845585,1958,1957,1,0,10.621918242999527,6.729220867156982,0.053543780857528665,0.7172800413978666
19,27,1468121,1,42190286,0.000705367754845585,2868,2866,2,0,15.818307540000205,6.74951696395874,0.07051324944186693,1.0376423784510207
19,28,556903,0,42190287,0.000705367754845585,1088,1087,1,0,6.230193205999967,6.708473205566406,0.09476951732477576,1.0842674837928359
19,29,684357,0,42190288,0.000705367754845585,1337,1334,3,0,7.437565934000304,6.7142157554626465,0.11742440013513751,1.2808222963713456
19,30,699268,1,42190289,0.000705367754845585,1366,1364,2,0,7.422591079000085,6.7148871421813965,0.16497637169801593,1.703033536759989
19,31,530503,1,42190290,0.000705367754845585,1037,1035,2,0,5.7448368839995965,6.707285404205322,0.1253165867017663,1.2145155164930554
19,32,536534,0,42190291,0.000705367754845585,1048,1047,1,0,5.8924212249994525,6.707556247711182,0.0630709949628216,0.8097115036637417
19,33,473056,0,42190292,0.000705367754845585,924,922,2,0,5.237124614000095,6.705271244049072,0.1086276337795299,1.2436401631982104
19,34,968365,0,42190293,0.000705367754845585,1892,1890,2,0,10.351288675000433,6.727005958557129,0.0989256359281994,1.238667095527447
19,35,771613,1,42190294,0.000705367754845585,1508,1506,2,0,8.350332929000615,6.71814489364624,0.1032773811978648,1.2180089051346696
19,36,552346,1,42190295,0.000705367754845585,1079,1076,3,0,6.128466707999905,6.708268642425537,0.09178309103813313,1.183868975444354
19,37,402818,0,42190296,0.000705367754845585,787,785,2,0,4.327636246999646,6.702193260192871,0.14486247263136942,1.4329449890525479
19,38,662207,1,42190297,0.000705367754845585,1294,1292,2,0,7.20550398100022,6.714039325714111,0.14152131213492283,1.4037375435371517
19,39,691766,0,42190298,0.000705367754845585,1352,1351,1,0,7.306130263000341,6.714547157287598,0.12597387442317035,1.4232231947689211
19,40,594939,1,42190299,0.000705367754845585,1162,1160,2,0,6.449680335999801,6.710186004638672,0.13241412721831222,1.5701130834119073
19,41,1353286,0,42190300,0.000705367754845585,2644,2642,2,0,14.564642239000023,6.745193004608154,0.06864955766376088,1.0178279024827308
19,42,1394572,1,42190301,0.000705367754845585,2724,2722,2,0,15.184009769000113,6.746204853057861,0.10233874744916996,1.3650297883851488
19,43,1330480,1,42190302,0.000705367754845585,2599,2597,2,0,14.481075108999903,6.743316650390625,0.08679459505371281,1.1071691795822103
19,44,1764530,1,42190303,0.000705367754845585,3447,3445,2,0,19.314700918999733,6.762866973876953,0.055698637277190675,0.7339851545491655
19,45,1859325,1,42190304,0.000705367754845585,3632,3630,2,0,20.282536388999688,6.76808500289917,0.03203209700991628,0.5356334675770489
19,46,210575,1,42190305,0.000705367754845585,412,412,0,0,2.2557110540001304,6.693522930145264,0.16532397964625684,1.4705773510979216
19,47,830115,1,42190306,0.000705367754845585,1622,1619,3,0,8.781560546000037,6.7207794189453125,0.10495808479445742,1.2316123957689933
19,48,493865,1,42190307,0.000705367754845585,965,962,3,0,5.385084069000186,6.706540107727051,0.08079074375842564,1.0907835137571467
19,49,589766,0,42190308,0.000705367754845585,1152,1150,2,0,6.345882603000064,6.709954738616943,0.12712869395380436,1.6126176120923914
20,0,1666026,0,42200266,0.0006759557019385474,3254,3251,3,0,17.511686341999848,6.758430480957031,0.06681951395514121,0.9763443429665872
20,1,419109,1,42200267,0.0006759557019385474,819,818,1,0,4.449225454000043,6.702804088592529,0.1174813342852231,1.477382072318154
20,2,1452665,0,42200268,0.0006759557019385474,2838,2835,3,0,15.829826252000203,6.748819351196289,0.12065846276661707,1.4279935860339505
20,3,1030182,1,42200269,0.0006759557019385474,2013,2011,2,0,11.078151994999644,6.730064392089844,0.08129575512173282,1.1488761275873323
20,4,255412,1,42200270,0.0006759557019385474,499,499,0,0,2.8580020420004075,6.702278137207031,0.0708771363527837,0.7581044657674725
20,5,254243,0,42200271,0.0006759557019385474,497,496,1,0,2.852203106000161,6.696376323699951,0.14572335827735164,1.4360543527910787
20,6,1507617,1,42200272,0.0006759557019385474,2945,2942,3,0,16.439117814000383,6.751296043395996,0.058130789419001745,1.0552723752974167
20,7,501937,0,42200273,0.0006759557019385474,981,979,2,0,5.530240116000641,6.705997467041016,0.06480311860346576,0.9934246620435393
20,8,885547,1,42200274,0.0006759557019385474,1730,1728,2,0,9.553474486000596,6.723276138305664,0.05460317488069887,0.6691543437816478
20,9,1022203,0,42200275,0.0006759557019385474,1997,1994,3,0,10.754282234999664,6.729430198669434,0.0840722622579653,1.2353791109657097
20,10,906905,0,42200276,0.0006759557019385474,1772,1770,2,0,9.787415924000015,6.724238872528076,0.145300844698976,1.5492550262623588
20,11,2630929,0,42200277,0.0006759557019385474,5139,5135,4,0,28.295032615999844,6.80280065536499,0.039146249505537974,0.6661325367423321
20,12,785960,0,42200278,0.0006759557019385474,1536,1534,2,0,8.923117067000021,6.7187910079956055,0.08043099195736483,1.142892213346439
20,13,686747,1,42200279,0.0006759557019385474,1342,1342,0,0,7.18428038699949,6.714595794677734,0.05434485377213639,0.5959790566639112
20,14,655390,0,42200280,0.0006759557019385474,1281,1279,2,0,7.303938408999784,6.71290922164917,0.10139440278507379,1.0912678400178362
20,15,869343,0,42200281,0.0006759557019385474,1698,1695,3,0,9.125645877000352,6.722645282745361,0.05915480532125737,0.9247682464509587
20,16,713588,1,42200282,0.0006759557019385474,1394,1390,4,0,7.576004970000213,6.7155303955078125,0.1537155590469031,1.6778232492131295
20,17,712456,0,42200283,0.0006759557019385474,1392,1391,1,0,7.6015005359995484,6.715481281280518,0.10073512479780733,1.2140534083505572
20,18,583299,1,42200284,0.0006759557019385474,1140,1138,2,0,6.1968591999993805,6.7096638679504395,0.10124950040203826,1.1094942813598418
20,19,1507452,0,42200285,0.0006759557019385474,2945,2943,2,0,16.67093268499957,6.751287460327148,0.04748377020651493,0.6248373225397129
20,20,920858,1,42200286,0.0006759557019385474,1799,1798,1,0,9.81234586499977,6.724867343902588,0.07752407697734896,0.938443159500139
20,21,1063613,0,42200287,0.0006759557019385474,2078,2076,2,0,11.569498597000347,6.731295585632324,0.0651790787948579,0.7980478981326771
20,22,296017,0,42200288,0.0006759557019385474,579,576,3,0,3.1936268290000953,6.69672155380249,0.130277951558431,1.4018999735514324
20,23,349854,1,42200289,0.0006759557019385474,684,682,2,0,3.83142037899961,6.699145793914795,0.09386493313697077,1.0506822692334128
20,24,747499,0,42200290,0.0006759557019385474,1460,1457,3,0,7.872208204999879,6.717058181762695,0.10584827179604388,1.2190222075808597
20,25,199063,0,42200291,0.0006759557019385474,389,388,1,0,2.0914505050004664,6.700268745422363,0.19841121398296552,1.7238694023840206
20,26,1002191,1,42200292,0.0006759557019385474,1958,1957,1,0,10.682017653000003,6.729220867156982,0.05256655560991992,0.7188469326855519
20,27,1468121,1,42200293,0.0006759557019385474,2868,2866,2,0,16.112720904000525,6.74951696395874,0.06976004771560701,1.054217618741277
20,28,556903,0,42200294,0.0006759557019385474,1088,1087,1,0,6.001188371000353,6.708473205566406,0.09442309929673126,1.078915368775874
20,29,684357,0,42200295,0.0006759557019385474,1337,1335,2,0,7.19767513700026,6.7142157554626465,0.11617629376243563,1.290638350011704
20,30,699268,1,42200296,0.0006759557019385474,1366,1364,2,0,7.490603755999473,6.7148871421813965,0.1654790391670294,1.7296586470170454
20,31,530503,1,42200297,0.0006759557019385474,1037,1035,2,0,5.733853429999726,6.707285404205322,0.12524014532854016,1.211977279589372
20,32,536534,0,42200298,0.0006759557019385474,1048,1047,1,0,6.073033712999859,6.707556247711182,0.06276386628975271,0.8130219759207856
20,33,473056,0,42200299,0.0006759557019385474,924,922,2,0,5.0271652269993865,6.705271244049072,0.10572681716621052,1.2283537030995797
20,34,968365,0,42200300,0.0006759557019385474,1892,1890,2,0,10.405759403000047,6.727005958557129,0.09666396045180226,1.2532840143435846
20,35,771613,1,42200301,0.0006759557019385474,1508,1506,2,0,8.317099245999998,6.71814489364624,0.10245062028902618,1.2209893336809015
20,36,552346,1,42200302,0.0006759557019385474,1079,1076,3,0,6.225794987999507,6.708268642425537,0.08867289319800621,1.1774724230004066
20,37,402818,0,42200303,0.0006759557019385474,787,785,2,0,4.386211752000236,6.702193260192871,0.14310784795481687,1.4389920568769905
20,38,662207,1,42200304,0.0006759557019385474,1294,1292,2,0,7.141746193000472,6.714039325714111,0.14042133295868203,1.429530093544408
20,39,691766,0,42200305,0.0006759557019385474,1352,1349,3,0,7.370733040999767,6.714547157287598,0.1253050287358402,1.4077665132447645
20,40,594939,1,42200306,0.0006759557019385474,1162,1159,3,0,6.597879979000027,6.710186004638672,0.1313839008110777,1.5452531184277933
20,41,1353286,0,42200307,0.0006759557019385474,2644,2642,2,0,14.776655543000743,6.745193004608154,0.06789790347703563,1.0357164242879446
20,42,1394572,1,42200308,0.0006759557019385474,2724,2722,2,0,15.155436345999988,6.746204853057861,0.09979892705487119,1.3622930275877112
20,43,1330480,1,42200309,0.0006759557019385474,2599,2597,2,0,14.247946711999248,6.743316650390625,0.08362361656779457,1.1095146029372833
20,44,1764530,1,42200310,0.0006759557019385474,3447,3445,2,0,18.588503624000623,6.762866973876953,0.055345607807397494,0.7417292668269231
20,45,1859325,1,42200311,0.0006759557019385474,3632,3630,2,0,20.04587656500007,6.76808500289917,0.03165531841519779,0.5454873665633608
20,46,210575,1,42200312,0.0006759557019385474,412,411,1,0,2.1896109809995323,6.693522930145264,0.16354596585832953,1.4902025951376217
20,47,830115,1,42200313,0.0006759557019385474,1622,1620,2,0,9.166629494999142,6.7207794189453125,0.10355879230263793,1.2462287055121528
20,48,493865,1,42200314,0.0006759557019385474,965,961,4,0,5.345600250999269,6.706540107727051,0.08093730914605148,1.1092810020486472
20,49,589766,0,42200315,0.0006759557019385474,1152,1149,3,0,6.310533277000104,6.709954738616943,0.12519095398427302,1.6460958535615209
21,0,1666026,0,42210273,0.000645841155382361,3254,3251,3,0,18.087923748999856,6.758430480957031,0.06604029720873145,0.9588254695670563
21,1,419109,1,42210274,0.000645841155382361,819,818,1,0,4.534329033999711,6.702804088592529,0.11642795553417253,1.4726828129775367
21,2,1452665,0,42210275,0.000645841155382361,2838,2836,2,0,15.650225110000065,6.748819351196289,0.12023926857328213,1.43972033674189
21,3,1030182,1,42210276,0.000645841155382361,2013,2011,2,0,11.044833291000032,6.730064392089844,0.08023755696209908,1.1566985826003853
21,4,255412,1,42210277,0.000645841155382361,499,498,1,0,2.712705320999703,6.702278137207031,0.06999277015287714,0.755731850742815
21,5,254243,0,42210278,0.000645841155382361,497,495,2,0,2.7078635729994858,6.696376323699951,0.14526886602844855,1.4845936168323863
21,6,1507617,1,42210279,0.000645841155382361,2945,2943,2,0,16.353338562000317,6.751296043395996,0.057473325583548354,1.070469536426478
21,7,501937,0,42210280,0.000645841155382361,981,980,1,0,5.541278384999714,6.705997467041016,0.06549874130560428,0.9627747204838967
21,8,885547,1,42210281,0.000645841155382361,1730,1728,2,0,9.556555316999948,6.723276138305664,0.054055213928222656,0.6658922124792028
21,9,1022203,0,42210282,0.000645841155382361,1997,1994,3,0,10.709807969999929,6.729430198669434,0.08319000733891127,1.2554811651752131
21,10,906905,0,42210283,0.000645841155382361,1772,1770,2,0,9.854668972000582,6.724238872528076,0.14273221290717691,1.5478878387623587
21,11,2630929,0,42210284,0.000645841155382361,5139,5136,3,0,28.509946248999768,6.80280065536499,0.03872656005193883,0.6567007284669489
21,12,785960,0,42210285,0.000645841155382361,1536,1533,3,0,8.692905572999734,6.7187910079956055,0.08017098662593515,1.1530955215722847
21,13,686747,1,42210286,0.000645841155382361,1342,1342,0,0,7.343464720000156,6.714595794677734,0.05409246407749045,0.6087226242315574
21,14,655390,0,42210287,0.000645841155382361,1281,1279,2,0,7.194399832999807,6.71290922164917,0.10060248475600445,1.0874786973465598
21,15,869343,0,42210288,0.000645841155382361,1698,1695,3,0,9.313518532999296,6.722645282745361,0.05885059728031665,0.9571108297612463
21,16,713588,1,42210289,0.000645841155382361,1394,1391,3,0,7.64187823300017,6.7155303955078125,0.1536323223758481,1.6984396412765097
21,17,712456,0,42210290,0.000645841155382361,1392,1391,1,0,7.672310094999375,6.715481281280518,0.09971870954391512,1.2264678977017434
21,18,583299,1,42210291,0.000645841155382361,1140,1137,3,0,6.176934074000201,6.7096638679504395,0.10026358383836302,1.1114828332852353
21,19,1507452,0,42210292,0.000645841155382361,2945,2941,4,0,16.44148826899982,6.751287460327148,0.0464635885965658,0.63527067483424
21,20,920858,1,42210293,0.000645841155382361,1799,1798,1,0,9.822914012999718,6.724867343902588,0.07694656830343176,0.9650608016068201
21,21,1063613,0,42210294,0.000645841155382361,2078,2077,1,0,11.436470095000004,6.731295585632324,0.06429598959352055,0.7945396191923447
21,22,296017,0,42210295,0.000645841155382361,579,577,2,0,3.2029584039992187,6.69672155380249,0.12886756090398885,1.4261180540511265
21,23,349854,1,42210296,0.000645841155382361,684,683,1,0,3.7511228819994358,6.699145793914795,0.09445631661142821,1.042244728278276
21,24,747499,0,42210297,0.000645841155382361,1460,1457,3,0,7.855446571999892,6.717058181762695,0.10565672529504654,1.2341310269389156
21,25,199063,0,42210298,0.000645841155382361,389,388,1,0,2.136041302999729,6.700268745422363,0.19361090905887565,1.703600067453286
21,26,1002191,1,42210299,0.000645841155382361,1958,1956,2,0,10.60634499400021,6.729220867156982,0.05197620586871126,0.7141185674686861
21,27,1468121,1,42210300,0.000645841155382361,2868,2866,2,0,15.897369401000105,6.74951696395874,0.06887815785591035,1.0581380946604588
21,28,556903,0,42210301,0.000645841155382361,1088,1087,1,0,6.059947626000394,6.708473205566406,0.09417272601088143,1.0788476517579921
21,29,684357,0,42210302,0.000645841155382361,1337,1334,3,0,7.213396008000018,6.7142157554626465,0.11497742339767617,1.3086253199084052
21,30,699268,1,42210303,0.000645841155382361,1366,1364,2,0,7.5610777459996825,6.7148871421813965,0.163101095607903,1.7613414417613635
21,31,530503,1,42210304,0.000645841155382361,1037,1035,2,0,5.794168229999741,6.707285404205322,0.12249974052687199,1.2398879783740941
21,32,536534,0,42210305,0.000645841155382361,1048,1047,1,0,5.909220618999825,6.707556247711182,0.06096447322521192,0.8002154943253045
21,33,473056,0,42210306,0.000645841155382361,924,922,2,0,5.111992317999466,6.705271244049072,0.10594240134812229,1.2639816846868221
21,34,968365,0,42210307,0.000645841155382361,1892,1890,2,0,10.299404520999815,6.727005958557129,0.09665201177041997,1.2373726335152115
21,35,771613,1,42210308,0.000645841155382361,1508,1506,2,0,8.152133563999996,6.71814489364624,0.10157498262159695,1.2484789844528137
21,36,552346,1,42210309,0.000645841155382361,1079,1076,3,0,6.169585784000446,6.708268642425537,0.08830669644153694,1.2334720654115359
21,37,402818,0,42210310,0.000645841155382361,787,785,2,0,4.409026917999654,6.702193260192871,0.14365004035317974,1.448836677697054
21,38,662207,1,42210311,0.000645841155382361,1294,1292,2,0,7.242659788999845,6.714039325714111,0.14099040784333883,1.4462167840254934
21,39,691766,0,42210312,0.000645841155382361,1352,1349,3,0,7.652797829000519,6.714547157287598,0.12467707696890637,1.436714551287991
21,40,594939,1,42210313,0.000645841155382361,1162,1160,2,0,6.568835170000057,6.710186004638672,0.12915225851124731,1.5816112649851832
21,41,1353286,0,42210314,0.000645841155382361,2644,2642,2,0,14.4546093379995,6.745193004608154,0.06728415593877153,1.0473004441474263
21,42,1394572,1,42210315,0.000645841155382361,2724,2721,3,0,14.84756103700056,6.746204853057861,0.1006418920010164,1.4151590242845002
21,43,1330480,1,42210316,0.000645841155382361,2599,2598,1,0,14.099736668999867,6.743316650390625,0.08319252724827392,1.12724584942143
21,44,1764530,1,42210317,0.000645841155382361,3447,3445,2,0,19.147779697999795,6.762866973876953,0.054465594243242016,0.7496744319212627
21,45,1859325,1,42210318,0.000645841155382361,3632,3629,3,0,20.03218445499988,6.76808500289917,0.03115708915350949,0.5478425813003754
21,46,210575,1,42210319,0.000645841155382361,412,411,1,0,2.2641121910000948,6.693522930145264,0.16287862587439172,1.4839040937214871
21,47,830115,1,42210320,0.000645841155382361,1622,1620,2,0,9.134969310999622,6.7207794189453125,0.10216057859821084,1.2322922694830247
21,48,493865,1,42210321,0.000645841155382361,965,962,3,0,5.3676508410007955,6.706540107727051,0.08073636251279073,1.1146496556652807
21,49,589766,0,42210322,0.000645841155382361,1152,1149,3,0,6.438319462999971,6.709954738616943,0.1256941089015924,1.6521656909540905
22,0,1666026,0,42220280,0.0006151478623083757,3254,3252,2,0,17.903480214999945,6.758430480957031,0.06497715085488258,0.9609811179898908
22,1,419109,1,42220281,0.0006151478623083757,819,817,2,0,4.507172906000051,6.702804088592529,0.11613288795349794,1.4798241828909118
22,2,1452665,0,42220282,0.0006151478623083757,2838,2836,2,0,15.67086149899933,6.748819351196289,0.12028334473689285,1.4448020084956805
22,3,1030182,1,42220283,0.0006151478623083757,2013,2010,3,0,11.287865672999942,6.730064392089844,0.07915663837793455,1.1428399992226368
22,4,255412,1,42220284,0.0006151478623083757,499,498,1,0,2.6799636089999694,6.702278137207031,0.06991728051120498,0.7702139122897841
22,5,254243,0,42220285,0.0006151478623083757,497,495,2,0,2.726036173000466,6.696376323699951,0.14310000641177398,1.5304121537642046
22,6,1507617,1,42220286,0.0006151478623083757,2945,2943,2,0,16.454791607000516,6.751296043395996,0.05636326034499235,1.0938448191418195
22,7,501937,0,42220287,0.0006151478623083757,981,979,2,0,5.656816532999983,6.705997467041016,0.06472704286351268,0.9725641049939351
22,8,885547,1,42220288,0.0006151478623083757,1730,1728,2,0,9.42044653299945,6.723276138305664,0.05265703466203478,0.6748941916006582
22,9,1022203,0,42220289,0.0006151478623083757,1997,1994,3,0,10.996925225000268,6.729430198669434,0.08425366125231162,1.261655572185306
22,10,906905,0,42220290,0.0006151478623083757,1772,1769,3,0,9.962021285999981,6.724238872528076,0.1426050111760926,1.562134548120407
22,11,2630929,0,42220291,0.0006151478623083757,5139,5135,4,0,28.386827178000203,6.80280065536499,0.038472592540469815,0.6729261121592015
22,12,785960,0,42220292,0.0006151478623083757,1536,1534,2,0,8.857496338000601,6.7187910079956055,0.07949113907994317,1.164427756019801
22,13,686747,1,42220293,0.0006151478623083757,1342,1340,2,0,7.436166374000095,6.714595794677734,0.05323137311793085,0.6159897533815298
22,14,655390,0,42220294,0.0006151478623083757,1281,1280,1,0,7.182482919999529,6.71290922164917,0.1001734733581543,1.0960878372192382
22,15,869343,0,42220295,0.0006151478623083757,1698,1695,3,0,9.309239772000183,6.722645282745361,0.05880192219331905,0.9700652626060103
22,16,713588,1,42220296,0.0006151478623083757,1394,1390,4,0,7.609569719999854,6.7155303955078125,0.1509592618873651,1.702002304406475
22,17,712456,0,42220297,0.0006151478623083757,1392,1391,1,0,7.5609507819999635,6.715481281280518,0.0995146739748551,1.2230319387187725
22,18,583299,1,42220298,0.0006151478623083757,1140,1138,2,0,6.435418961999858,6.7096638679504395,0.09872326574342322,1.1125589112615335
22,19,1507452,0,42220299,0.0006151478623083757,2945,2943,2,0,16.453969842999868,6.751287460327148,0.04613851844717603,0.6297866245779179
22,20,920858,1,42220300,0.0006151478623083757,1799,1798,1,0,10.094660106999982,6.724867343902588,0.07637048536731351,0.9567280430947581
22,21,1063613,0,42220301,0.0006151478623083757,2078,2077,1,0,11.639867611999762,6.731295585632324,0.06325385911452064,0.8054900961422725
22,22,296017,0,42220302,0.0006151478623083757,579,577,2,0,3.1094113050003216,6.69672155380249,0.1279878401467044,1.4141873205968372
22,23,349854,1,42220303,0.0006151478623083757,684,683,1,0,3.697583350000059,6.699145793914795,0.0934317715869641,1.0404268100006864
22,24,747499,0,42220304,0.0006151478623083757,1460,1458,2,0,8.150998575000813,6.717058181762695,0.10261153651526599,1.248936782648534
22,25,199063,0,42220305,0.0006151478623083757,389,388,1,0,2.0874349939995227,6.700268745422363,0.19817647245741382,1.7843553995348744
22,26,1002191,1,42220306,0.0006151478623083757,1958,1956,2,0,10.891724170000089,6.729220867156982,0.05201974724455601,0.7266804513755751
22,27,1468121,1,42220307,0.0006151478623083757,2868,2866,2,0,15.66506903499976,6.74951696395874,0.06816359824096084,1.0591768423161636
22,28,556903,0,42220308,0.0006151478623083757,1088,1087,1,0,6.374635354999555,6.708473205566406,0.09329465078232808,1.101305332552323
22,29,684357,0,42220309,0.0006151478623083757,1337,1334,3,0,7.460118064999733,6.7142157554626465,0.11491192727610804,1.3154990497915104
22,30,699268,1,42220310,0.0006151478623083757,1366,1364,2,0,7.407049944000391,6.7148871421813965,0.16154023559212335,1.7665591421714626
22,31,530503,1,42220311,0.0006151478623083757,1037,1035,2,0,5.798858780000046,6.707285404205322,0.1217605811962183,1.2496448756416063
22,32,536534,0,42220312,0.0006151478623083757,1048,1047,1,0,5.812187853999603,6.707556247711182,0.061352340858554205,0.8014828919681232
22,33,473056,0,42220313,0.0006151478623083757,924,922,2,0,5.0884154140003375,6.705271244049072,0.10361185301410401,1.2446790848274811
22,34,968365,0,42220314,0.0006151478623083757,1892,1890,2,0,10.656650549000005,6.727005958557129,0.09528755309089781,1.2638129340277777
22,35,771613,1,42220315,0.0006151478623083757,1508,1506,2,0,8.26670425300017,6.71814489364624,0.09955185564707317,1.2602801683889442
22,36,552346,1,42220316,0.0006151478623083757,1079,1076,3,0,6.24056902600023,6.708268642425537,0.08729241949031788,1.2375024277924604
22,37,402818,0,42220317,0.0006151478623083757,787,785,2,0,4.358297906000189,6.702193260192871,0.14137706392130275,1.431464128433519
22,38,662207,1,42220318,0.0006151478623083757,1294,1292,2,0,7.198756108999987,6.714039325714111,0.14009720179318644,1.4622842416674728
22,39,691766,0,42220319,0.0006151478623083757,1352,1349,3,0,7.488361471000644,6.714547157287598,0.12295003994205778,1.4667196874710433
22,40,594939,1,42220320,0.0006151478623083757,1162,1160,2,0,6.695246215000225,6.710186004638672,0.1285272795578529,1.5688186119342673
22,41,1353286,0,42220321,0.0006151478623083757,2644,2641,3,0,14.648833991000174,6.745193004608154,0.06680279940829409,1.0656499779617097
22,42,1394572,1,42220322,0.0006151478623083757,2724,2721,3,0,14.651433112000632,6.746204853057861,0.09865274257582805,1.3949081830266905
22,43,1330480,1,42220323,0.0006151478623083757,2599,2597,2,0,14.622383736999836,6.743316650390625,0.08318417871921027,1.1451980537940412
22,44,1764530,1,42220324,0.0006151478623083757,3447,3446,1,0,19.225564747000135,6.762866973876953,0.05402146669853861,0.7550502252385012
22,45,1859325,1,42220325,0.0006151478623083757,3632,3630,2,0,19.82522277499993,6.76808500289917,0.03127226396040483,0.5532927710162706
22,46,210575,1,42220326,0.0006151478623083757,412,411,1,0,2.2304449720004413,6.693522930145264,0.16060727530152258,1.4935498759694343
22,47,830115,1,42220327,0.0006151478623083757,1622,1619,3,0,9.428940947999763,6.7207794189453125,0.10161030270421556,1.2331110180860099
22,48,493865,1,42220328,0.0006151478623083757,965,961,4,0,5.41231059600068,6.706540107727051,0.07977748239697824,1.1454039066564776
22,49,589766,0,42220329,0.0006151478623083757,1152,1149,3,0,6.595114400000057,6.709954738616943,0.12361450460913702,1.6705022667468994
23,0,1666026,0,42230287,0.0005840019480415229,3254,3251,3,0,18.279711408000367,6.758430480957031,0.06387489152225997,0.9771092067825284
23,1,419109,1,42230288,0.0005840019480415229,819,817,2,0,4.556508417999794,6.702804088592529,0.11413188546786547,1.4985505457753212
23,2,1452665,0,42230289,0.0005840019480415229,2838,2835,3,0,16.511283273999652,6.748819351196289,0.11936761765252976,1.4664570588073191
23,3,1030182,1,42230290,0.0005840019480415229,2013,2010,3,0,11.27809338499992,6.730064392089844,0.07871675254100591,1.1619547526041667
23,4,255412,1,42230291,0.0005840019480415229,499,499,0,0,2.7178026900000987,6.702278137207031,0.06925828280095347,0.779087716448522
23,5,254243,0,42230292,0.0005840019480415229,497,496,1,0,2.7795847529996536,6.696376323699951,0.14320947277930476,1.5637423607610887
23,6,1507617,1,42230293,0.0005840019480415229,2945,2943,2,0,16.243957723000676,6.751296043395996,0.056482665683799484,1.0627306187351342
23,7,501937,0,42230294,0.0005840019480415229,981,979,2,0,5.394335805999617,6.705997467041016,0.06434117785756752,0.9940763479355529
23,8,885547,1,42230295,0.0005840019480415229,1730,1728,2,0,9.330650769000385,6.723276138305664,0.05281570664158574,0.6712973559344256
23,9,1022203,0,42230296,0.0005840019480415229,1997,1994,3,0,11.270737567000651,6.729430198669434,0.08347328208992211,1.275070940360143
23,10,906905,0,42230297,0.0005840019480415229,1772,1770,2,0,9.76505785200061,6.724238872528076,0.14244291661149364,1.6054530256885593
23,11,2630929,0,42230298,0.0005840019480415229,5139,5135,4,0,28.109263051000198,6.80280065536499,0.037521674314979915,0.6715559293603943
23,12,785960,0,42230299,0.0005840019480415229,1536,1534,2,0,8.398134836000281,6.7187910079956055,0.07889570810648733,1.1770106269607643
23,13,686747,1,42230300,0.0005840019480415229,1342,1341,1,0,7.457509965999634,6.714595794677734,0.053270998506026866,0.6265770373817348
23,14,655390,0,42230301,0.0005840019480415229,1281,1280,1,0,7.0809094810001625,6.71290922164917,0.09859176874160766,1.1000262260437013
23,15,869343,0,42230302,0.0005840019480415229,1698,1695,3,0,9.161577896999916,6.722645282745361,0.0581290636090754,0.9807954951373525
23,16,713588,1,42230303,0.0005840019480415229,1394,1391,3,0,7.61767762099953,6.7155303955078125,0.15126086961100377,1.729552564476995
23,17,712456,0,42230304,0.0005840019480415229,1392,1391,1,0,7.634450591999666,6.715481281280518,0.09869889369720525,1.2339702636367722
23,18,583299,1,42230305,0.0005840019480415229,1140,1138,2,0,6.242065626000112,6.7096638679504395,0.09873756583000948,1.1083854581433985
23,19,1507452,0,42230306,0.0005840019480415229,2945,2943,2,0,16.129800732999684,6.751287460327148,0.04574658584724346,0.6380359313944105
23,20,920858,1,42230307,0.0005840019480415229,1799,1798,1,0,10.120335000000523,6.724867343902588,0.07535401918201214,0.962704124917443
23,21,1063613,0,42230308,0.0005840019480415229,2078,2076,2,0,11.527457600000162,6.731295585632324,0.06350701392730536,0.8073788681471279
23,22,296017,0,42230309,0.0005840019480415229,579,577,2,0,3.348593570000048,6.69672155380249,0.12739245647780817,1.439729211235377
23,23,349854,1,42230310,0.0005840019480415229,684,682,2,0,3.963981702999263,6.699145793914795,0.09301474227234066,1.0541564404440067
23,24,747499,0,42230311,0.0005840019480415229,1460,1457,3,0,8.03722259800088,6.717058181762695,0.103345484789218,1.2747828706781914
23,25,199063,0,42230312,0.0005840019480415229,389,388,1,0,2.165914055999565,6.700268745422363,0.19514402409189754,1.7831793716273356
23,26,1002191,1,42230313,0.0005840019480415229,1958,1956,2,0,10.731726484000319,6.729220867156982,0.05146273123462264,0.7413246451223798
23,27,1468121,1,42230314,0.0005840019480415229,2868,2866,2,0,16.272073731999626,6.74951696395874,0.06717960866114848,1.0563159844131629
23,28,556903,0,42230315,0.0005840019480415229,1088,1086,2,0,5.863821446000657,6.708473205566406,0.0922128104812313,1.1110238484475714
23,29,684357,0,42230316,0.0005840019480415229,1337,1334,3,0,7.423058267999295,6.7142157554626465,0.11369837313398964,1.313841949874672
23,30,699268,1,42230317,0.0005840019480415229,1366,1364,2,0,7.5163378859997465,6.7148871421813965,0.15851956588431887,1.7780829734466643
23,31,530503,1,42230318,0.0005840019480415229,1037,1034,3,0,5.631739520999872,6.707285404205322,0.12111491898734057,1.2655291382072051
23,32,536534,0,42230319,0.0005840019480415229,1048,1047,1,0,5.817698775000281,6.707556247711182,0.060312313017895254,0.8094192111389685
23,33,473056,0,42230320,0.0005840019480415229,924,922,2,0,5.241904016000262,6.705271244049072,0.10415538531322024,1.251135439262473
23,34,968365,0,42230321,0.0005840019480415229,1892,1890,2,0,10.705885385999864,6.727005958557129,0.09591899246135085,1.2947760364996692
23,35,771613,1,42230322,0.0005840019480415229,1508,1506,2,0,8.213809147000575,6.71814489364624,0.09860488871337567,1.2736060153915587
23,36,552346,1,42230323,0.0005840019480415229,1079,1076,3,0,5.895184928999697,6.708268642425537,0.08803425047920539,1.2455360384235594
23,37,402818,0,42230324,0.0005840019480415229,787,785,2,0,4.246672574000513,6.702193260192871,0.14015656489475517,1.4517307548765923
23,38,662207,1,42230325,0.0005840019480415229,1294,1291,3,0,7.133516723999492,6.714039325714111,0.13836719563171718,1.4869906708401917
23,39,691766,0,42230326,0.0005840019480415229,1352,1349,3,0,7.520338400000583,6.714547157287598,0.12116836988987792,1.4608906264478316
23,40,594939,1,42230327,0.0005840019480415229,1162,1160,2,0,6.541537220999999,6.710186004638672,0.12930141317433325,1.6330520103717672
23,41,1353286,0,42230328,0.0005840019480415229,2644,2642,2,0,15.282871531000637,6.745193004608154,0.06587122787949175,1.072921903091881
23,42,1394572,1,42230329,0.0005840019480415229,2724,2721,3,0,15.823641634999149,6.746204853057861,0.09828911122045549,1.440851841722942
23,43,1330480,1,42230330,0.0005840019480415229,2599,2597,2,0,14.678347316000327,6.743316650390625,0.08237847705322547,1.1476407761660088
23,44,1764530,1,42230331,0.0005840019480415229,3447,3445,2,0,19.28007262600022,6.762866973876953,0.05367608367964215,0.7642239375453556
23,45,1859325,1,42230332,0.0005840019480415229,3632,3629,3,0,19.713534722000077,6.76808500289917,0.03094131751440221,0.5685443809847754
23,46,210575,1,42230333,0.0005840019480415229,412,411,1,0,2.3741875639998398,6.693522930145264,0.16231523871131767,1.5052952081907696
23,47,830115,1,42230334,0.0005840019480415229,1622,1619,3,0,8.905614377000347,6.7207794189453125,0.10111024984980602,1.2404463204283123
23,48,493865,1,42230335,0.0005840019480415229,965,962,3,0,5.433410012999957,6.706540107727051,0.07970146131614637,1.1445864481142802
23,49,589766,0,42230336,0.0005840019480415229,1152,1149,3,0,6.5625975980001385,6.709954738616943,0.12401870979860205,1.6538142244954852
24,0,1666026,0,42240294,0.0005525313978243026,3254,3250,4,0,18.29547745599939,6.758430480957031,0.06304195462740385,0.9923573467548077
24,1,419109,1,42240295,0.0005525313978243026,819,817,2,0,4.640940898999361,6.702804088592529,0.1152954475094668,1.5148163775627295
24,2,1452665,0,42240296,0.0005525313978243026,2838,2835,3,0,15.700486183999601,6.748819351196289,0.11805810676049934,1.496773899085097
24,3,1030182,1,42240297,0.0005525313978243026,2013,2010,3,0,11.18892890799998,6.730064392089844,0.07811661905317165,1.185040617226368
24,4,255412,1,42240298,0.0005525313978243026,499,499,0,0,2.8497356500001843,6.702278137207031,0.06932934013779513,0.7920203810942197
24,5,254243,0,42240299,0.0005525313978243026,497,495,2,0,2.7881743019997884,6.696376323699951,0.14141870363794193,1.5000755849510732
24,6,1507617,1,42240300,0.0005525313978243026,2945,2942,3,0,16.36976491400037,6.751296043395996,0.05565988733847882,1.0882672919941792
24,7,501937,0,42240301,0.0005525313978243026,981,979,2,0,5.557764672999838,6.705997467041016,0.06412383752653378,0.9846791782710355
24,8,885547,1,42240302,0.0005525313978243026,1730,1728,2,0,9.82552144300007,6.723276138305664,0.052079337614553946,0.6717756765860098
24,9,1022203,0,42240303,0.0005525313978243026,1997,1993,4,0,11.038234626999838,6.729430198669434,0.08431785572011807,1.3068619807999875
24,10,906905,0,42240304,0.0005525313978243026,1772,1770,2,0,9.715273399999205,6.724238872528076,0.1414303450934631,1.6064141397422316
24,11,2630929,0,42240305,0.0005525313978243026,5139,5135,4,0,28.68687845600016,6.80280065536499,0.037532154889278545,0.6856056399099318
24,12,785960,0,42240306,0.0005525313978243026,1536,1534,2,0,8.50815677799983,6.7187910079956055,0.07795286613772714,1.187073470094524
24,13,686747,1,42240307,0.0005525313978243026,1342,1341,1,0,7.538710476000233,6.714595794677734,0.05265400180347281,0.6246637377074012
24,14,655390,0,42240308,0.0005525313978243026,1281,1280,1,0,7.277562244999899,6.71290922164917,0.09874159693717957,1.1444486618041991
24,15,869343,0,42240309,0.0005525313978243026,1698,1695,3,0,9.662770475999423,6.722645282745361,0.05784285103676945,0.9919151283646755
24,16,713588,1,42240310,0.0005525313978243026,1394,1391,3,0,7.867766934999963,6.7155303955078125,0.14953736141377605,1.8024786504201114
24,17,712456,0,42240311,0.0005525313978243026,1392,1391,1,0,8.10194426400085,6.715481281280518,0.09915515452644792,1.2657436477803738
24,18,583299,1,42240312,0.0005525313978243026,1140,1138,2,0,6.264305113999399,6.7096638679504395,0.09872885035295269,1.1512398610844135
24,19,1507452,0,42240313,0.0005525313978243026,2945,2942,3,0,16.369036424000114,6.751287460327148,0.045442893665554894,0.6383704750169953
24,20,920858,1,42240314,0.0005525313978243026,1799,1798,1,0,9.708285289999367,6.724867343902588,0.07475836629729647,0.9796231517006744
24,21,1063613,0,42240315,0.0005525313978243026,2078,2077,1,0,11.784238318999996,6.731295585632324,0.062456567182986276,0.8197851938643477
24,22,296017,0,42240316,0.0005525313978243026,579,577,2,0,3.3068699400000696,6.69672155380249,0.12680106601020905,1.4491708315844345
24,23,349854,1,42240317,0.0005525313978243026,684,683,1,0,3.776090946000295,6.699145793914795,0.09175082495760603,1.0526873698869876
24,24,747499,0,42240318,0.0005525313978243026,1460,1458,2,0,8.130181188999813,6.717058181762695,0.10201648560407557,1.2550751276631087
24,25,199063,0,42240319,0.0005525313978243026,389,387,2,0,2.180515557000035,6.700268745422363,0.19656951667726502,1.8187492429748062
24,26,1002191,1,42240320,0.0005525313978243026,1958,1956,2,0,10.999586098999316,6.729220867156982,0.05126185894987578,0.7537840548712296
24,27,1468121,1,42240321,0.0005525313978243026,2868,2866,2,0,15.999141283000426,6.74951696395874,0.06686391251451555,1.046614589012343
24,28,556903,0,42240322,0.0005525313978243026,1088,1087,1,0,5.840722122000443,6.708473205566406,0.09181562211388497,1.1032231952909384
24,29,684357,0,42240323,0.0005525313978243026,1337,1334,3,0,7.433300301999225,6.7142157554626465,0.11349609695274433,1.3103155453523239
24,30,699268,1,42240324,0.0005525313978243026,1366,1364,2,0,7.717739366000387,6.7148871421813965,0.15876839377663352,1.8044528457775844
24,31,530503,1,42240325,0.0005525313978243026,1037,1035,2,0,5.979385274999913,6.707285404205322,0.120231901159609,1.2900839985280796
24,32,536534,0,42240326,0.0005525313978243026,1048,1047,1,0,6.142007528999784,6.707556247711182,0.060394789906149264,0.8111708676575932
24,33,473056,0,42240327,0.0005525313978243026,924,923,1,0,5.092045790999691,6.705271244049072,0.10195115276431728,1.2906179376438922
24,34,968365,0,42240328,0.0005525313978243026,1892,1889,3,0,10.539910173000862,6.727005958557129,0.09478573170586703,1.314748575221678
24,35,771613,1,42240329,0.0005525313978243026,1508,1506,2,0,8.329660858000352,6.71814489364624,0.09810153105027805,1.28594970703125
24,36,552346,1,42240330,0.0005525313978243026,1079,1075,4,0,6.153544280999995,6.708268642425537,0.08692246547965116,1.2492455486918606
24,37,402818,0,42240331,0.0005525313978243026,787,786,1,0,4.4806509999998525,6.702193260192871,0.1423906418506729,1.4753304595559
24,38,662207,1,42240332,0.0005525313978243026,1294,1292,2,0,7.224560562000079,6.714039325714111,0.1378588838843,1.4716912142632546
24,39,691766,0,42240333,0.0005525313978243026,1352,1349,3,0,7.587444589999905,6.714547157287598,0.12143524599746919,1.4876080082468495
24,40,594939,1,42240334,0.0005525313978243026,1162,1159,3,0,6.497840230000293,6.710186004638672,0.12745665187358446,1.624694560909189
24,41,1353286,0,42240335,0.0005525313978243026,2644,2641,3,0,14.671035764000408,6.745193004608154,0.06634866410428401,1.0809707497160166
24,42,1394572,1,42240336,0.0005525313978243026,2724,2721,3,0,15.06062294000003,6.746204853057861,0.09769412499497543,1.4791161517192668
24,43,1330480,1,42240337,0.0005525313978243026,2599,2597,2,0,14.390435505999449,6.743316650390625,0.08273701452961049,1.1536956892869177
24,44,1764530,1,42240338,0.0005525313978243026,3447,3444,3,0,19.29247313900032,6.762866973876953,0.05294879111401849,0.7854254852188589
24,45,1859325,1,42240339,0.0005525313978243026,3632,3630,2,0,20.209829591000016,6.76808500289917,0.03072655417702415,0.5692185078770661
24,46,210575,1,42240340,0.0005525313978243026,412,410,2,0,2.316114582999944,6.693522930145264,0.1601386093511814,1.525245927019817
24,47,830115,1,42240341,0.0005525313978243026,1622,1619,3,0,9.04992312899958,6.7207794189453125,0.10031542621916499,1.2662268315221588
24,48,493865,1,42240342,0.0005525313978243026,965,961,4,0,5.303389669999888,6.706540107727051,0.07876971956346335,1.1521983072239204
24,49,589766,0,42240343,0.0005525313978243026,1152,1150,2,0,6.501394674000039,6.709954738616943,0.12339306375254755,1.6533010996942934
25,0,1666026,0,42250301,0.0005208655308979695,3254,3251,3,0,18.579422140999668,6.758430480957031,0.06325625581251441,0.9977573757353506
25,1,419109,1,42250302,0.0005208655308979695,819,817,2,0,4.659798937999767,6.702804088592529,0.11541930143806896,1.5348699749464505
25,2,1452665,0,42250303,0.0005208655308979695,2838,2836,2,0,16.301849133999895,6.748819351196289,0.11791564984449379,1.5245142669032088
25,3,1030182,1,42250304,0.0005208655308979695,2013,2010,3,0,11.189343792000727,6.730064392089844,0.0771327004503848,1.1927322615438434
25,4,255412,1,42250305,0.0005208655308979695,499,499,0,0,2.7845876470000803,6.702278137207031,0.06897226459755448,0.789798102063502
25,5,254243,0,42250306,0.0005208655308979695,497,495,2,0,2.868108721999306,6.696376323699951,0.14097593673551925,1.5366614139441288
25,6,1507617,1,42250307,0.0005208655308979695,2945,2942,3,0,16.691852308000307,6.751296043395996,0.055381577813973806,1.128533566265508
25,7,501937,0,42250308,0.0005208655308979695,981,979,2,0,5.445764895999673,6.705997467041016,0.06501213985517149,0.9919023367674284
25,8,885547,1,42250309,0.0005208655308979695,1730,1729,1,0,10.072838785000386,6.723276138305664,0.05197452437057186,0.6971741958185729
25,9,1022203,0,42250310,0.0005208655308979695,1997,1993,4,0,10.991292880000401,6.729430198669434,0.082549972266213,1.3155327092087932
25,10,906905,0,42250311,0.0005208655308979695,1772,1770,2,0,10.29215527299948,6.724238872528076,0.1416161402470648,1.6490599896274718
25,11,2630929,0,42250312,0.0005208655308979695,5139,5135,4,0,29.047172127999147,6.80280065536499,0.03732693234808605,0.6890117700979795
25,12,785960,0,42250313,0.0005208655308979695,1536,1534,2,0,8.66100584600008,6.7187910079956055,0.07864256041923433,1.2001756571106992
25,13,686747,1,42250314,0.0005208655308979695,1342,1341,1,0,7.509272540999518,6.714595794677734,0.05298017691001351,0.6340188204931022
25,14,655390,0,42250315,0.0005208655308979695,1281,1279,2,0,7.056199083000138,6.71290922164917,0.09827557311009578,1.145624728944732
25,15,869343,0,42250316,0.0005208655308979695,1698,1694,4,0,10.002896794000662,6.722645282745361,0.05773473151881411,1.0204761779857217
25,16,713588,1,42250317,0.0005208655308979695,1394,1391,3,0,7.780284133999885,6.7155303955078125,0.14974090334839482,1.8154928727084831
25,17,712456,0,42250318,0.0005208655308979695,1392,1390,2,0,7.695783655000014,6.715481281280518,0.09784072766201102,1.2608424783610612
25,18,583299,1,42250319,0.0005208655308979695,1140,1139,1,0,6.481262320000496,6.7096638679504395,0.09854741552820113,1.1415998477282705
25,19,1507452,0,42250320,0.0005208655308979695,2945,2943,2,0,16.822043989999656,6.751287460327148,0.044808426966198925,0.646365208160784
25,20,920858,1,42250321,0.0005208655308979695,1799,1798,1,0,10.421278181999696,6.724867343902588,0.07437109178112399,0.9871968745654894
25,21,1063613,0,42250322,0.0005208655308979695,2078,2077,1,0,11.67838828099957,6.731295585632324,0.0621357726316126,0.8190811590673146
25,22,296017,0,42250323,0.0005208655308979695,579,578,1,0,3.3474645910000618,6.69672155380249,0.1259292153751149,1.4710620497337261
25,23,349854,1,42250324,0.0005208655308979695,684,682,2,0,4.012106290000702,6.699145793914795,0.09392261225457066,1.0773712784663674
25,24,747499,0,42250325,0.0005208655308979695,1460,1458,2,0,8.109663582999929,6.717058181762695,0.10288191430362655,1.3302670911833419
25,25,199063,0,42250326,0.0005208655308979695,389,387,2,0,2.099302827000429,6.700268745422363,0.19643585441648498,1.8372477844395996
25,26,1002191,1,42250327,0.0005208655308979695,1958,1957,1,0,10.82343295499959,6.729220867156982,0.050620592182609704,0.7467450827558124
25,27,1468121,1,42250328,0.0005208655308979695,2868,2866,2,0,16.089251059000162,6.74951696395874,0.06619434662823567,1.0587789425047975
25,28,556903,0,42250329,0.0005208655308979695,1088,1087,1,0,6.051222684000095,6.708473205566406,0.09190170723249196,1.1384459270066698
25,29,684357,0,42250330,0.0005208655308979695,1337,1334,3,0,7.373614360000829,6.7142157554626465,0.1132387221306339,1.3445535227991472
25,30,699268,1,42250331,0.0005208655308979695,1366,1364,2,0,7.363499352999497,6.7148871421813965,0.15644853205974502,1.8192793770619502
25,31,530503,1,42250332,0.0005208655308979695,1037,1034,3,0,5.6811651089992665,6.707285404205322,0.11918179716777987,1.2942664258945842
25,32,536534,0,42250333,0.0005208655308979695,1048,1047,1,0,5.817719140999543,6.707556247711182,0.060286207663637174,0.8271304242590437
25,33,473056,0,42250334,0.0005208655308979695,924,922,2,0,5.104992843999753,6.705271244049072,0.10135105323377762,1.278743321880084
25,34,968365,0,42250335,0.0005208655308979695,1892,1889,3,0,10.637532530000499,6.727005958557129,0.09380433873691024,1.3519095183049894
25,35,771613,1,42250336,0.0005208655308979695,1508,1506,2,0,8.188199847999385,6.71814489364624,0.09691722206227174,1.3001204816152059
25,36,552346,1,42250337,0.0005208655308979695,1079,1075,4,0,6.0554830930004755,6.708268642425537,0.08791787080986556,1.2910859147892442
25,37,402818,0,42250338,0.0005208655308979695,787,785,2,0,4.631197714000336,6.702193260192871,0.141345477256046,1.493842835638933
25,38,662207,1,42250339,0.0005208655308979695,1294,1292,2,0,7.1913453749994005,6.714039325714111,0.1375289657167606,1.4666821742574496
25,39,691766,0,42250340,0.0005208655308979695,1352,1349,3,0,7.511226858000555,6.714547157287598,0.12148871397070747,1.5076623779477853
25,40,594939,1,42250341,0.0005208655308979695,1162,1159,3,0,6.510112127999491,6.710186004638672,0.12764081058057863,1.6455452024576682
25,41,1353286,0,42250342,0.0005208655308979695,2644,2641,3,0,14.870354820000102,6.745193004608154,0.06528110930252508,1.1091017399895873
25,42,1394572,1,42250343,0.0005208655308979695,2724,2721,3,0,15.271327778000341,6.746204853057861,0.09756906012409271,1.489357675975055
25,43,1330480,1,42250344,0.0005208655308979695,2599,2597,2,0,14.8618896830003,6.743316650390625,0.08057590700545401,1.1484476529408933
25,44,1764530,1,42250345,0.0005208655308979695,3447,3445,2,0,19.803815420999854,6.762866973876953,0.05262944148137019,0.7964619098104136
25,45,1859325,1,42250346,0.0005208655308979695,3632,3629,3,0,20.525407215000087,6.76808500289917,0.030408090321805463,0.5926716505709217
25,46,210575,1,42250347,0.0005208655308979695,412,411,1,0,2.3983048740001323,6.693522930145264,0.16125696186891728,1.5431554195654653
25,47,830115,1,42250348,0.0005208655308979695,1622,1619,3,0,9.227753699999994,6.7207794189453125,0.09980795602875038,1.2492869555618824
25,48,493865,1,42250349,0.0005208655308979695,965,962,3,0,5.289443971000765,6.706540107727051,0.07947749655360739,1.1715104386613175
25,49,589766,0,42250350,0.0005208655308979695,1152,1150,2,0,6.743231847000061,6.709954738616943,0.12248911981997282,1.661348293138587
26,0,1666026,0,42260308,0.0004891344691020307,3254,3251,3,0,18.10836938800003,6.758430480957031,0.06247401171484495,1.0066748542515764
26,1,419109,1,42260309,0.0004891344691020307,819,817,2,0,4.63280731300074,6.702804088592529,0.11562779775593826,1.5367920220700735
26,2,1452665,0,42260310,0.0004891344691020307,2838,2835,3,0,15.904494078000425,6.748819351196289,0.1176180938774526,1.5331049520502646
26,3,1030182,1,42260311,0.0004891344691020307,2013,2010,3,0,10.929316143000506,6.730064392089844,0.07724834081545398,1.2073687956700871
26,4,255412,1,42260312,0.0004891344691020307,499,499,0,0,2.694265276999431,6.702278137207031,0.0702402042243667,0.8166498402077592
26,5,254243,0,42260313,0.0004891344691020307,497,495,2,0,2.6809121180003785,6.696376323699951,0.1438278044113005,1.5938888395675506
26,6,1507617,1,42260314,0.0004891344691020307,2945,2942,3,0,16.498167857000226,6.751296043395996,0.055472451112126106,1.117967886960401
26,7,501937,0,42260315,0.0004891344691020307,981,980,1,0,5.401603667000018,6.705997467041016,0.06405988810013752,1.034206468231824
26,8,885547,1,42260316,0.0004891344691020307,1730,1728,2,0,9.352849097000217,6.723276138305664,0.05212725091863562,0.6989339192708334
26,9,1022203,0,42260317,0.0004891344691020307,1997,1994,3,0,11.022550615999535,6.729430198669434,0.08374620320923709,1.3385139549507898
26,10,906905,0,42260318,0.0004891344691020307,1772,1769,3,0,9.607681309000327,6.724238872528076,0.14163166604653935,1.6722735744064443
26,11,2630929,0,42260319,0.0004891344691020307,5139,5135,4,0,29.25425388700023,6.80280065536499,0.037483395109390215,0.6942646208617332
26,12,785960,0,42260320,0.0004891344691020307,1536,1534,2,0,8.420651715000531,6.7187910079956055,0.07746697218197421,1.245829237797425
26,13,686747,1,42260321,0.0004891344691020307,1342,1341,1,0,7.646849269000086,6.714595794677734,0.05246285730827041,0.6406107994267338
26,14,655390,0,42260322,0.0004891344691020307,1281,1279,2,0,7.138884521999898,6.71290922164917,0.09804713865851312,1.1787449148504692
26,15,869343,0,42260323,0.0004891344691020307,1698,1694,4,0,9.330659969000408,6.722645282745361,0.05825190898800684,1.0463756214488635
26,16,713588,1,42260324,0.0004891344691020307,1394,1391,3,0,7.822949334999976,6.7155303955078125,0.15152866081056793,1.8630111332337347
26,17,712456,0,42260325,0.0004891344691020307,1392,1390,2,0,7.740115618000345,6.715481281280518,0.09713824155519335,1.2810012048954587
26,18,583299,1,42260326,0.0004891344691020307,1140,1138,2,0,6.3304921560002185,6.7096638679504395,0.09824927787579635,1.1341066813008018
26,19,1507452,0,42260327,0.0004891344691020307,2945,2943,2,0,16.60061542600033,6.751287460327148,0.04420533408690908,0.6486486239859413
26,20,920858,1,42260328,0.0004891344691020307,1799,1798,1,0,10.157168632999856,6.724867343902588,0.07428472431933919,1.0045813029016615
26,21,1063613,0,42260329,0.0004891344691020307,2078,2077,1,0,11.66339490900009,6.731295585632324,0.06183934659411486,0.8300814162554164
26,22,296017,0,42260330,0.0004891344691020307,579,577,2,0,3.2650041259994396,6.69672155380249,0.12495931430334029,1.4786109329302968
26,23,349854,1,42260331,0.0004891344691020307,684,683,1,0,3.8045905799999673,6.699145793914795,0.09326663373329978,1.0843078702644582
26,24,747499,0,42260332,0.0004891344691020307,1460,1458,2,0,8.354641765999986,6.717058181762695,0.10296779470352152,1.3363038783864882
26,25,199063,0,42260333,0.0004891344691020307,389,387,2,0,2.145618239000214,6.700268745422363,0.19964893350921553,1.8882654470990794
26,26,1002191,1,42260334,0.0004891344691020307,1958,1956,2,0,10.882259832999807,6.729220867156982,0.05068853881461489,0.7603072652056173
26,27,1468121,1,42260335,0.0004891344691020307,2868,2866,2,0,15.801869730000362,6.74951696395874,0.0656009469095511,1.0656299577754273
26,28,556903,0,42260336,0.0004891344691020307,1088,1087,1,0,6.022671052000078,6.708473205566406,0.09154519622437758,1.175027827988443
26,29,684357,0,42260337,0.0004891344691020307,1337,1335,2,0,7.268920262999927,6.7142157554626465,0.1137270009473022,1.3827924749824438
26,30,699268,1,42260338,0.0004891344691020307,1366,1364,2,0,7.673571166999864,6.7148871421813965,0.1555605242329259,1.8413664071091458
26,31,530503,1,42260339,0.0004891344691020307,1037,1034,3,0,5.588640385999497,6.707285404205322,0.11902993237257464,1.3117398348721592
26,32,536534,0,42260340,0.0004891344691020307,1048,1047,1,0,5.758291297999676,6.707556247711182,0.06012223397649348,0.8303231983494508
26,33,473056,0,42260341,0.0004891344691020307,924,922,2,0,5.084821660999296,6.705271244049072,0.10208245730451804,1.3033297656673672
26,34,968365,0,42260342,0.0004891344691020307,1892,1889,3,0,10.99188311099988,6.727005958557129,0.0946369161045444,1.3741345867522499
26,35,771613,1,42260343,0.0004891344691020307,1508,1505,3,0,8.409435962000316,6.71814489364624,0.09687846744575374,1.3111685008305647
26,36,552346,1,42260344,0.0004891344691020307,1079,1076,3,0,5.9469236389995785,6.708268642425537,0.08781353691696678,1.324038026944412
26,37,402818,0,42260345,0.0004891344691020307,787,785,2,0,4.44250835999992,6.702193260192871,0.14077459444665605,1.514063277517914
26,38,662207,1,42260346,0.0004891344691020307,1294,1291,3,0,7.192098241000167,6.714039325714111,0.13740798394685563,1.5276739355393105
26,39,691766,0,42260347,0.0004891344691020307,1352,1349,3,0,7.718014245999257,6.714547157287598,0.12030753212738603,1.5109878664462102
26,40,594939,1,42260348,0.0004891344691020307,1162,1159,3,0,6.371840892999899,6.710186004638672,0.12787511659347364,1.695421720805921
26,41,1353286,0,42260349,0.0004891344691020307,2644,2641,3,0,15.039877671000795,6.745193004608154,0.0661337353071901,1.1420549004875047
26,42,1394572,1,42260350,0.0004891344691020307,2724,2721,3,0,15.613060566000058,6.746204853057861,0.09755850626851915,1.5195753945011026
26,43,1330480,1,42260351,0.0004891344691020307,2599,2596,3,0,14.521561022000242,6.743316650390625,0.08012903857120932,1.1727625019561345
26,44,1764530,1,42260352,0.0004891344691020307,3447,3445,2,0,19.374502814000152,6.762866973876953,0.05213621275172351,0.7995366643232946
26,45,1859325,1,42260353,0.0004891344691020307,3632,3629,3,0,20.546590142999776,6.76808500289917,0.030503359994601863,0.6016662379012814
26,46,210575,1,42260354,0.0004891344691020307,412,411,1,0,2.2836728859992945,6.693522930145264,0.16203371219681417,1.558447176522582
26,47,830115,1,42260355,0.0004891344691020307,1622,1619,3,0,8.904596995000247,6.7207794189453125,0.10012895608846607,1.2740465697865195
26,48,493865,1,42260356,0.0004891344691020307,965,962,3,0,5.385403586000393,6.706540107727051,0.0799859695275955,1.1917011475116943
26,49,589766,0,42260357,0.0004891344691020307,1152,1149,3,0,6.350324016000741,6.709954738616943,0.12222267462960319,1.7130180073365426
27,0,1666026,0,42270315,0.00045746860217569754,3254,3251,3,0,18.76384249200055,6.758430480957031,0.062266532548278415,1.024531814730083
27,1,419109,1,42270316,0.00045746860217569754,819,817,2,0,4.488202241000181,6.702804088592529,0.11619327876675815,1.5597729163479193
27,2,1452665,0,42270317,0.00045746860217569754,2838,2834,4,0,15.879812116000721,6.748819351196289,0.11716302348091809,1.5779421960457833
27,3,1030182,1,42270318,0.00045746860217569754,2013,2010,3,0,11.313283971000601,6.730064392089844,0.07696493727650809,1.226323825209888
27,4,255412,1,42270319,0.00045746860217569754,499,499,0,0,2.9405634860004284,6.702278137207031,0.06989101799790988,0.8204344479975576
27,5,254243,0,42270320,0.00045746860217569754,497,495,2,0,2.886913342000298,6.696376323699951,0.14240113845979324,1.60628662109375
27,6,1507617,1,42270321,0.00045746860217569754,2945,2942,3,0,16.369911732999753,6.751296043395996,0.05579735128997865,1.148739729828773
27,7,501937,0,42270322,0.00045746860217569754,981,979,2,0,5.8120695600000545,6.705997467041016,0.06477114372526174,1.0633817990296222
27,8,885547,1,42270323,0.00045746860217569754,1730,1729,1,0,9.523052300999552,6.723276138305664,0.05152292069566946,0.7071010044642857
27,9,1022203,0,42270324,0.00045746860217569754,1997,1994,3,0,11.039663998999458,6.729430198669434,0.08362644390691606,1.3582633887992102
27,10,906905,0,42270325,0.00045746860217569754,1772,1770,2,0,9.72744630699981,6.724238872528076,0.1407497168934278,1.6986383298022598
27,11,2630929,0,42270326,0.00045746860217569754,5139,5135,4,0,28.593923633000486,6.80280065536499,0.03708450629393105,0.7111974729186953
27,12,785960,0,42270327,0.00045746860217569754,1536,1534,2,0,8.744514493000679,6.7187910079956055,0.07792198051840572,1.2308928926112288
27,13,686747,1,42270328,0.00045746860217569754,1342,1342,0,0,7.586864466999941,6.714595794677734,0.052896519531613846,0.6588006509931539
27,14,655390,0,42270329,0.00045746860217569754,1281,1279,2,0,7.230398967999463,6.71290922164917,0.09796850041918125,1.1961363553068804
27,15,869343,0,42270330,0.00045746860217569754,1698,1695,3,0,9.667462041999897,6.722645282745361,0.05791705646346101,1.0947218813375736
27,16,713588,1,42270331,0.00045746860217569754,1394,1391,3,0,7.859601303999625,6.7155303955078125,0.15118482796773905,1.8781343373696981
27,17,712456,0,42270332,0.00045746860217569754,1392,1391,1,0,7.855541299999459,6.715481281280518,0.0981403189027678,1.2984182987172
27,18,583299,1,42270333,0.00045746860217569754,1140,1138,2,0,6.617393248000553,6.7096638679504395,0.09778094165983016,1.191544946761039
27,19,1507452,0,42270334,0.00045746860217569754,2945,2942,3,0,16.558007898999676,6.751287460327148,0.04425504205990292,0.6507493673255863
27,20,920858,1,42270335,0.00045746860217569754,1799,1798,1,0,9.895659417999923,6.724867343902588,0.07320477885584678,1.0141774008881397
27,21,1063613,0,42270336,0.00045746860217569754,2078,2077,1,0,11.941327569999885,6.731295585632324,0.06150040238536087,0.8374423089943428
27,22,296017,0,42270337,0.00045746860217569754,579,577,2,0,3.313382407000063,6.69672155380249,0.12757082828409336,1.509229213774101
27,23,349854,1,42270338,0.00045746860217569754,684,683,1,0,3.894134066999868,6.699145793914795,0.09351892317720248,1.1304937896058291
27,24,747499,0,42270339,0.00045746860217569754,1460,1458,2,0,8.389431247000175,6.717058181762695,0.10310151318627293,1.3615808055234053
27,25,199063,0,42270340,0.00045746860217569754,389,387,2,0,2.1006968149995373,6.700268745422363,0.19869535776379804,1.9256118656128876
27,26,1002191,1,42270341,0.00045746860217569754,1958,1957,1,0,11.141024624999773,6.729220867156982,0.050746210144074155,0.7786389303621615
27,27,1468121,1,42270342,0.00045746860217569754,2868,2866,2,0,16.043717241000195,6.74951696395874,0.06560258139951697,1.0993234084689028
27,28,556903,0,42270343,0.00045746860217569754,1088,1087,1,0,6.251434710000467,6.708473205566406,0.09244526825372297,1.1971452391904325
27,29,684357,0,42270344,0.00045746860217569754,1337,1335,2,0,7.415472735000549,6.7142157554626465,0.11236660275119967,1.372597729400749
27,30,699268,1,42270345,0.00045746860217569754,1366,1364,2,0,7.5048659619997125,6.7148871421813965,0.1546964225880911,1.8430659050815617
27,31,530503,1,42270346,0.00045746860217569754,1037,1035,2,0,5.901389319000373,6.707285404205322,0.11864455955615942,1.3313917666817632
27,32,536534,0,42270347,0.00045746860217569754,1048,1047,1,0,5.977769756999805,6.707556247711182,0.06001545888760484,0.8433690986523997
27,33,473056,0,42270348,0.00045746860217569754,924,922,2,0,5.137193390999528,6.705271244049072,0.1017866982813771,1.3119317507795554
27,34,968365,0,42270349,0.00045746860217569754,1892,1889,3,0,10.760170237999773,6.727005958557129,0.09484318843778951,1.3918787894140419
27,35,771613,1,42270350,0.00045746860217569754,1508,1506,2,0,8.571124854999653,6.71814489364624,0.09648577118933122,1.3445063333903968
27,36,552346,1,42270351,0.00045746860217569754,1079,1076,3,0,6.290946249000626,6.708268642425537,0.08835519556662406,1.3764365951367914
27,37,402818,0,42270352,0.00045746860217569754,787,785,2,0,4.433954394000466,6.702193260192871,0.14181607969247612,1.5390303107583598
27,38,662207,1,42270353,0.00045746860217569754,1294,1291,3,0,7.163136891000249,6.714039325714111,0.1373124362700305,1.5252922879550737
27,39,691766,0,42270354,0.00045746860217569754,1352,1348,4,0,7.6686797969996405,6.714547157287598,0.1215590525097946,1.5226675876877782
27,40,594939,1,42270355,0.00045746860217569754,1162,1159,3,0,6.655035150000003,6.710186004638672,0.1289283680031277,1.7378190890584555
27,41,1353286,0,42270356,0.00045746860217569754,2644,2642,2,0,14.797695886999463,6.745193004608154,0.06576691135865644,1.1653144368612793
27,42,1394572,1,42270357,0.00045746860217569754,2724,2721,3,0,15.08802426300008,6.746204853057861,0.09753249735132993,1.5692794110046857
27,43,1330480,1,42270358,0.00045746860217569754,2599,2597,2,0,14.854560880999998,6.743316650390625,0.07933331160165275,1.1962325632641029
27,44,1764530,1,42270359,0.00045746860217569754,3447,3445,2,0,19.717312400999617,6.762866973876953,0.05218769400144004,0.8145660887608853
27,45,1859325,1,42270360,0.00045746860217569754,3632,3630,2,0,20.08082666500013,6.76808500289917,0.030481886009867856,0.6084325364798554
27,46,210575,1,42270361,0.00045746860217569754,412,410,2,0,2.2986804629999824,6.693522930145264,0.16163709687023628,1.5588983303163109
27,47,830115,1,42270362,0.00045746860217569754,1622,1619,3,0,9.313808158000029,6.7207794189453125,0.09979712690667947,1.3188009091260038
27,48,493865,1,42270363,0.00045746860217569754,965,961,4,0,5.468680766000034,6.706540107727051,0.08071157116051395,1.2093419482879162
27,49,589766,0,42270364,0.00045746860217569754,1152,1149,3,0,6.743157423999946,6.709954738616943,0.12303147013027632,1.7463383155869234
28,0,1666026,0,42280322,0.0004259980519584773,3254,3251,3,0,18.24854462700023,6.758430480957031,0.06228223722628614,1.0505769108303213
28,1,419109,1,42280323,0.0004259980519584773,819,817,2,0,4.57049633799943,6.702804088592529,0.1169992771405485,1.5737391346962974
28,2,1452665,0,42280324,0.0004259980519584773,2838,2835,3,0,15.853597553999862,6.748819351196289,0.11640602394386575,1.6085921999007937
28,3,1030182,1,42280325,0.0004259980519584773,2013,2009,4,0,10.996240546000081,6.730064392089844,0.07702038975246157,1.2501675808471255
28,4,255412,1,42280326,0.0004259980519584773,499,498,1,0,2.8736171770005967,6.702278137207031,0.07072600399155214,0.8300052014699423
28,5,254243,0,42280327,0.0004259980519584773,497,495,2,0,2.958428243000526,6.696376323699951,0.14284111562401358,1.6519829644097221
28,6,1507617,1,42280328,0.0004259980519584773,2945,2941,4,0,16.598369908999302,6.751296043395996,0.055109293190892236,1.155037349115947
28,7,501937,0,42280329,0.0004259980519584773,981,979,2,0,5.457627580000008,6.705997467041016,0.06483361669896938,1.051232249305733
28,8,885547,1,42280330,0.0004259980519584773,1730,1728,2,0,9.737058986000193,6.723276138305664,0.05233595106336805,0.71654623526114
28,9,1022203,0,42280331,0.0004259980519584773,1997,1994,3,0,11.132085356000061,6.729430198669434,0.08341376975163772,1.4120401977416626
28,10,906905,0,42280332,0.0004259980519584773,1772,1770,2,0,9.767720049000673,6.724238872528076,0.14146577651891332,1.776946504237288
28,11,2630929,0,42280333,0.0004259980519584773,5139,5135,4,0,28.768400375000056,6.80280065536499,0.037177794399837205,0.7226306235546495
28,12,785960,0,42280334,0.0004259980519584773,1536,1534,2,0,8.63951603500027,6.7187910079956055,0.07847927943979435,1.2615841861809403
28,13,686747,1,42280335,0.0004259980519584773,1342,1341,1,0,7.378677231999973,6.714595794677734,0.05244582913688187,0.6733423470561848
28,14,655390,0,42280336,0.0004259980519584773,1281,1279,2,0,7.240687388999504,6.71290922164917,0.09758533063207034,1.2040080293442141
28,15,869343,0,42280337,0.0004259980519584773,1698,1694,4,0,9.76045829099985,6.722645282745361,0.05789207089186559,1.1114420524876403
28,16,713588,1,42280338,0.0004259980519584773,1394,1391,3,0,7.721861467000053,6.7155303955078125,0.15133670283083775,1.9330066541045112
28,17,712456,0,42280339,0.0004259980519584773,1392,1390,2,0,7.839741047999269,6.715481281280518,0.09669940317277428,1.3204474799066996
28,18,583299,1,42280340,0.0004259980519584773,1140,1137,3,0,6.494849241000338,6.7096638679504395,0.09777002661712567,1.1999362485914138
28,19,1507452,0,42280341,0.0004259980519584773,2945,2943,2,0,17.03844977799963,6.751287460327148,0.04378161882406346,0.6649905744961562
28,20,920858,1,42280342,0.0004259980519584773,1799,1798,1,0,9.914590383999894,6.724867343902588,0.07315584549781876,1.0443530056182215
28,21,1063613,0,42280343,0.0004259980519584773,2078,2077,1,0,11.766199986999709,6.731295585632324,0.0613652405167177,0.8622789451808498
28,22,296017,0,42280344,0.0004259980519584773,579,577,2,0,3.3247859459997926,6.69672155380249,0.1278530629916662,1.5343267219318675
28,23,349854,1,42280345,0.0004259980519584773,684,682,2,0,3.865015642000799,6.699145793914795,0.09421973354306039,1.1185568532636088
28,24,747499,0,42280346,0.0004259980519584773,1460,1457,3,0,8.177245176000724,6.717058181762695,0.10279188503037599,1.4016861454133065
28,25,199063,0,42280347,0.0004259980519584773,389,387,2,0,2.261598043000049,6.700268745422363,0.19839085226527173,1.938125492066376
28,26,1002191,1,42280348,0.0004259980519584773,1958,1956,2,0,10.995570676999705,6.729220867156982,0.05070914520076447,0.8040760874992012
28,27,1468121,1,42280349,0.0004259980519584773,2868,2866,2,0,16.314137664000555,6.74951696395874,0.06550646593582356,1.0885594135718335
28,28,556903,0,42280350,0.0004259980519584773,1088,1087,1,0,6.123041580000063,6.708473205566406,0.09275191095627659,1.2087874004571066
28,29,684357,0,42280351,0.0004259980519584773,1337,1334,3,0,7.562993191000714,6.7142157554626465,0.11252151329120597,1.4135942587788137
28,30,699268,1,42280352,0.0004259980519584773,1366,1363,3,0,7.573032399999647,6.7148871421813965,0.15532921100484914,1.9112227307639398
28,31,530503,1,42280353,0.0004259980519584773,1037,1034,3,0,5.825273677000041,6.707285404205322,0.11801339302579485,1.3610941372249759
28,32,536534,0,42280354,0.0004259980519584773,1048,1047,1,0,6.075827751000361,6.707556247711182,0.0604247791833158,0.8700333005947051
28,33,473056,0,42280355,0.0004259980519584773,924,922,2,0,5.248183792999953,6.705271244049072,0.10034567777091666,1.3456121680534843
28,34,968365,0,42280356,0.0004259980519584773,1892,1889,3,0,10.590050281999538,6.727005958557129,0.09481147535898624,1.4204220466351245
28,35,771613,1,42280357,0.0004259980519584773,1508,1505,3,0,8.600333198000044,6.71814489364624,0.09720610051456084,1.3614609829215116
28,36,552346,1,42280358,0.0004259980519584773,1079,1075,4,0,6.2060820139995485,6.708268642425537,0.08765099813771803,1.4015548918968024
28,37,402818,0,42280359,0.0004259980519584773,787,786,1,0,4.413808315999631,6.702193260192871,0.14218885115994753,1.551356968382236
28,38,662207,1,42280360,0.0004259980519584773,1294,1291,3,0,7.340857918999973,6.714039325714111,0.1374980238036164,1.562208392839853
28,39,691766,0,42280361,0.0004259980519584773,1352,1348,4,0,7.444150262999756,6.714547157287598,0.12186755624652262,1.55100945266135
28,40,594939,1,42280362,0.0004259980519584773,1162,1159,3,0,6.564390511000056,6.710186004638672,0.1286924031399981,1.777040838680975
28,41,1353286,0,42280363,0.0004259980519584773,2644,2641,3,0,15.440592895000009,6.745193004608154,0.0654538554343614,1.176116446480973
28,42,1394572,1,42280364,0.0004259980519584773,2724,2721,3,0,15.467126009999447,6.746204853057861,0.09763223745506593,1.6058698189429437
28,43,1330480,1,42280365,0.0004259980519584773,2599,2597,2,0,15.032980263999889,6.743316650390625,0.07917451913603737,1.1993320304979302
28,44,1764530,1,42280366,0.0004259980519584773,3447,3445,2,0,19.37724021899976,6.762866973876953,0.051513149222718616,0.828640636338897
28,45,1859325,1,42280367,0.0004259980519584773,3632,3629,3,0,20.33202011600042,6.76808500289917,0.030548184001435916,0.6199714700589005
28,46,210575,1,42280368,0.0004259980519584773,412,411,1,0,2.487120734999735,6.693522930145264,0.1635886050778874,1.6160670370951187
28,47,830115,1,42280369,0.0004259980519584773,1622,1619,3,0,9.175847556000008,6.7207794189453125,0.09921735889606817,1.3308084357145615
28,48,493865,1,42280370,0.0004259980519584773,965,961,4,0,5.452451013999962,6.706540107727051,0.08116991438056874,1.2872107403583506
28,49,589766,0,42280371,0.0004259980519584773,1152,1149,3,0,6.728293422000206,6.709954738616943,0.12214959445883648,1.781983909241732
29,0,1666026,0,42290329,0.00039485213769162444,3254,3251,3,0,17.8397879260001,6.758430480957031,0.062100136181054866,1.050620542237004
29,1,419109,1,42290330,0.00039485213769162444,819,817,2,0,4.80137955400005,6.702804088592529,0.11780869333367598,1.6163667751204864
29,2,1452665,0,42290331,0.00039485213769162444,2838,2835,3,0,15.921192245999919,6.748819351196289,0.11618152867339065,1.6345348324514992
29,3,1030182,1,42290332,0.00039485213769162444,2013,2010,3,0,11.38634153700059,6.730064392089844,0.07675495811955846,1.2980874436411691
29,4,255412,1,42290333,0.00039485213769162444,499,498,1,0,2.7160387409994655,6.702278137207031,0.07145679427916746,0.8494697172478979
29,5,254243,0,42290334,0.00039485213769162444,497,495,2,0,2.6600460019999446,6.696376323699951,0.14350424101858428,1.7058306453203913
29,6,1507617,1,42290335,0.00039485213769162444,2945,2942,3,0,16.238164260000303,6.751296043395996,0.05541915426766443,1.1804582607494902
29,7,501937,0,42290336,0.00039485213769162444,981,979,2,0,5.586025909000455,6.705997467041016,0.0660143531744765,1.0701668635086823
29,8,885547,1,42290337,0.00039485213769162444,1730,1729,1,0,9.444913485999678,6.723276138305664,0.05188317020343452,0.7253194867426981
29,9,1022203,0,42290338,0.00039485213769162444,1997,1993,4,0,11.27698511700055,6.729430198669434,0.08432728814767702,1.4682122291300803
29,10,906905,0,42290339,0.00039485213769162444,1772,1770,2,0,9.724043717000313,6.724238872528076,0.14201586017500883,1.8051068149717515
29,11,2630929,0,42290340,0.00039485213769162444,5139,5135,4,0,28.58056137999938,6.80280065536499,0.03677085571883368,0.7429033764149221
29,12,785960,0,42290341,0.00039485213769162444,1536,1534,2,0,8.590908744999979,6.7187910079956055,0.07860953618214991,1.2557339624755541
29,13,686747,1,42290342,0.00039485213769162444,1342,1341,1,0,7.595793149999736,6.714595794677734,0.05214634837720218,0.6965283330566042
29,14,655390,0,42290343,0.00039485213769162444,1281,1279,2,0,7.2194415639996805,6.71290922164917,0.09798797655142873,1.2500453349479574
29,15,869343,0,42290344,0.00039485213769162444,1698,1694,4,0,9.508246670000517,6.722645282745361,0.05877599975153575,1.1408682038398392
29,16,713588,1,42290345,0.00039485213769162444,1394,1390,4,0,7.722400888000266,6.7155303955078125,0.15308113372583185,2.018094157486511
29,17,712456,0,42290346,0.00039485213769162444,1392,1391,1,0,7.751790705999156,6.715481281280518,0.09808146670771364,1.3576010752718368
29,18,583299,1,42290347,0.00039485213769162444,1140,1138,2,0,6.440801456999907,6.7096638679504395,0.09893541386341169,1.215969736002032
29,19,1507452,0,42290348,0.00039485213769162444,2945,2943,2,0,16.628676454000015,6.751287460327148,0.04343410158821648,0.6673052648764016
29,20,920858,1,42290349,0.00039485213769162444,1799,1798,1,0,9.834795065000435,6.724867343902588,0.07298126050972435,1.0623786086102613
29,21,1063613,0,42290350,0.00039485213769162444,2078,2076,2,0,11.91336643699924,6.731295585632324,0.06107910244451093,0.8790091512749879
29,22,296017,0,42290351,0.00039485213769162444,579,577,2,0,3.14854866099995,6.69672155380249,0.12993406299081997,1.5686543958852361
29,23,349854,1,42290352,0.00039485213769162444,684,682,2,0,3.710139466000328,6.699145793914795,0.09661390914245785,1.1638834217776302
29,24,747499,0,42290353,0.00039485213769162444,1460,1457,3,0,8.228378732999772,6.717058181762695,0.10280073449966755,1.4309710395933424
29,25,199063,0,42290354,0.00039485213769162444,389,388,1,0,2.170476924000468,6.700268745422363,0.20283879938813829,1.9858400010571038
29,26,1002191,1,42290355,0.00039485213769162444,1958,1957,1,0,10.960556061000716,6.729220867156982,0.04985631943723652,0.8174211115147547
29,27,1468121,1,42290356,0.00039485213769162444,2868,2866,2,0,16.305110023000452,6.74951696395874,0.06591005185560504,1.1065076680259944
29,28,556903,0,42290357,0.00039485213769162444,1088,1087,1,0,6.13985740499993,6.708473205566406,0.09240866540875474,1.2371794727820262
29,29,684357,0,42290358,0.00039485213769162444,1337,1334,3,0,7.609062027000618,6.7142157554626465,0.1125917906525253,1.423579226011994
29,30,699268,1,42290359,0.00039485213769162444,1366,1363,3,0,7.518426921000355,6.7148871421813965,0.155377080837594,1.9300521884170947
29,31,530503,1,42290360,0.00039485213769162444,1037,1034,3,0,5.707929158000297,6.707285404205322,0.1180587561955996,1.3847815626133342
29,32,536534,0,42290361,0.00039485213769162444,1048,1047,1,0,5.638936266999735,6.707556247711182,0.060423784520131925,0.9021152325095511
29,33,473056,0,42290362,0.00039485213769162444,924,922,2,0,5.205066614000316,6.705271244049072,0.10163583155567889,1.3729021647488475
29,34,968365,0,42290363,0.00039485213769162444,1892,1889,3,0,10.524341911000192,6.727005958557129,0.09531095231128407,1.4723266795427474
29,35,771613,1,42290364,0.00039485213769162444,1508,1506,2,0,8.43595662900043,6.71814489364624,0.09611747306023302,1.3836710449867198
29,36,552346,1,42290365,0.00039485213769162444,1079,1076,3,0,5.842766364999989,6.708268642425537,0.08759670895714743,1.453097091731529
29,37,402818,0,42290366,0.00039485213769162444,787,784,3,0,4.493171595000604,6.702193260192871,0.142597889413639,1.5956129735829878
29,38,662207,1,42290367,0.00039485213769162444,1294,1291,3,0,7.184924197000328,6.714039325714111,0.13847905402032099,1.6084595199336755
29,39,691766,0,42290368,0.00039485213769162444,1352,1349,3,0,7.558770345999619,6.714547157287598,0.12311684599269135,1.603615706368143
29,40,594939,1,42290369,0.00039485213769162444,1162,1159,3,0,6.811205035000057,6.710186004638672,0.1308702760158272,1.7652441490509059
29,41,1353286,0,42290370,0.00039485213769162444,2644,2641,3,0,14.794783923999603,6.745193004608154,0.06612311019810796,1.193094989468951
29,42,1394572,1,42290371,0.00039485213769162444,2724,2721,3,0,15.306338845999562,6.746204853057861,0.09796692141273888,1.6381299384417494
29,43,1330480,1,42290372,0.00039485213769162444,2599,2597,2,0,14.462608372999966,6.743316650390625,0.08097678953103941,1.235389824045774
29,44,1764530,1,42290373,0.00039485213769162444,3447,3445,2,0,18.983722908000345,6.762866973876953,0.051601579331175165,0.8520559546217344
29,45,1859325,1,42290374,0.00039485213769162444,3632,3629,3,0,20.140088666999873,6.76808500289917,0.030791511020571052,0.6416121919347616
29,46,210575,1,42290375,0.00039485213769162444,412,411,1,0,2.297891475999677,6.693522930145264,0.1631051873348635,1.6082624078086982
29,47,830115,1,42290376,0.00039485213769162444,1622,1619,3,0,9.185310656999718,6.7207794189453125,0.09923485136827324,1.3797921833983169
29,48,493865,1,42290377,0.00039485213769162444,965,961,4,0,5.311439634000635,6.706540107727051,0.08310920961441533,1.3298619297118888
29,49,589766,0,42290378,0.00039485213769162444,1152,1149,3,0,6.630076153000118,6.709954738616943,0.1229926657946448,1.8229570380493907
30,0,1666026,0,42300336,0.00036415884461763896,3254,3251,3,0,18.229051786999662,6.758430480957031,0.06150032167836579,1.0873610403529683
30,1,419109,1,42300337,0.00036415884461763896,819,817,2,0,4.696405458999834,6.702804088592529,0.1175895887022357,1.6305312643436352
30,2,1452665,0,42300338,0.00036415884461763896,2838,2835,3,0,16.16139382900019,6.748819351196289,0.1169138751963459,1.6976546999007935
30,3,1030182,1,42300339,0.00036415884461763896,2013,2009,4,0,11.146856852999917,6.730064392089844,0.0775937753984025,1.3289750565813216
30,4,255412,1,42300340,0.00036415884461763896,499,498,1,0,2.879893417000858,6.702278137207031,0.07153979841485081,0.8920862282136358
30,5,254243,0,42300341,0.00036415884461763896,497,494,3,0,2.9080101879999347,6.696376323699951,0.1429250307893946,1.6931838062610702
30,6,1507617,1,42300342,0.00036415884461763896,2945,2942,3,0,16.424461528000393,6.751296043395996,0.05592254908371749,1.2149259047310503
30,7,501937,0,42300343,0.00036415884461763896,981,979,2,0,5.4256549239999,6.705997467041016,0.06602526344244765,1.0962910325826736
30,8,885547,1,42300344,0.00036415884461763896,1730,1728,2,0,9.738984841999809,6.723276138305664,0.0519613954755995,0.743331132111726
30,9,1022203,0,42300345,0.00036415884461763896,1997,1993,4,0,10.981181334000212,6.729430198669434,0.08532106176549564,1.5102336939052308
30,10,906905,0,42300346,0.00036415884461763896,1772,1769,3,0,9.984228539000469,6.724238872528076,0.14330972743748674,1.8700103673509045
30,11,2630929,0,42300347,0.00036415884461763896,5139,5135,4,0,29.132421483000144,6.80280065536499,0.03724085910875122,0.7523008649281889
30,12,785960,0,42300348,0.00036415884461763896,1536,1534,2,0,8.645965314000023,6.7187910079956055,0.07833579310848629,1.30869958671162
30,13,686747,1,42300349,0.00036415884461763896,1342,1341,1,0,7.485855715000071,6.714595794677734,0.05186645029908592,0.6972836943191881
30,14,655390,0,42300350,0.00036415884461763896,1281,1279,2,0,6.965912695999577,6.71290922164917,0.0989377019552629,1.2660290059677972
30,15,869343,0,42300351,0.00036415884461763896,1698,1694,4,0,9.579115274999822,6.722645282745361,0.05846057337881401,1.1911378970816116
30,16,713588,1,42300352,0.00036415884461763896,1394,1390,4,0,7.78860439500022,6.7155303955078125,0.1525919632945987,2.0760225803732015
30,17,712456,0,42300353,0.00036415884461763896,1392,1390,2,0,7.676086987999952,6.715481281280518,0.0984427692221223,1.377857586977293
30,18,583299,1,42300354,0.00036415884461763896,1140,1138,2,0,6.658542174000104,6.7096638679504395,0.09721908837504463,1.2103635120894662
30,19,1507452,0,42300355,0.00036415884461763896,2945,2943,2,0,16.885145826000553,6.751287460327148,0.04331532360702966,0.6751760832112216
30,20,920858,1,42300356,0.00036415884461763896,1799,1798,1,0,10.04389554699992,6.724867343902588,0.07293441483918764,1.0928865460320496
30,21,1063613,0,42300357,0.00036415884461763896,2078,2076,2,0,11.6619408079996,6.731295585632324,0.06080921812553626,0.8864801954442136
30,22,296017,0,42300358,0.00036415884461763896,579,577,2,0,3.1793428009996205,6.69672155380249,0.13149048592023668,1.6405778220456022
30,23,349854,1,42300359,0.00036415884461763896,684,683,1,0,3.7545201450002423,6.699145793914795,0.09687649906990643,1.2021909744463763
30,24,747499,0,42300360,0.00036415884461763896,1460,1457,3,0,8.245097942999564,6.717058181762695,0.1036763292677859,1.4848044663156315
30,25,199063,0,42300361,0.00036415884461763896,389,387,2,0,2.172514513999886,6.700268745422363,0.2014706239527818,2.0846128636244345
30,26,1002191,1,42300362,0.00036415884461763896,1958,1956,2,0,10.881263076999858,6.729220867156982,0.05008949872662441,0.8388514606499233
30,27,1468121,1,42300363,0.00036415884461763896,2868,2866,2,0,16.41460117099996,6.74951696395874,0.06569828690970102,1.1207289872099617
30,28,556903,0,42300364,0.00036415884461763896,1088,1086,2,0,6.328401980000308,6.708473205566406,0.09247990954207672,1.2711356990245166
30,29,684357,0,42300365,0.00036415884461763896,1337,1334,3,0,7.558557366000059,6.7142157554626465,0.11347526767622049,1.4761156714123407
30,30,699268,1,42300366,0.00036415884461763896,1366,1364,2,0,7.60918413499985,6.7148871421813965,0.15658607371042202,1.9468245967741935
30,31,530503,1,42300367,0.00036415884461763896,1037,1034,3,0,5.744252311999844,6.707285404205322,0.11870608154532988,1.4051821799066126
30,32,536534,0,42300368,0.00036415884461763896,1048,1047,1,0,5.815193797000575,6.707556247711182,0.06015278434571245,0.8997627848540473
30,33,473056,0,42300369,0.00036415884461763896,924,922,2,0,5.0356484269996145,6.705271244049072,0.10268644552168774,1.396329470156589
30,34,968365,0,42300370,0.00036415884461763896,1892,1889,3,0,10.646023062000495,6.727005958557129,0.09635579567096926,1.4974097054493118
30,35,771613,1,42300371,0.00036415884461763896,1508,1505,3,0,8.64342795199991,6.71814489364624,0.0975085895322882,1.4226637121054817
30,36,552346,1,42300372,0.00036415884461763896,1079,1076,3,0,5.979756783000084,6.708268642425537,0.0896997558139957,1.4945930566043215
30,37,402818,0,42300373,0.00036415884461763896,787,786,1,0,4.542930554000122,6.702193260192871,0.14353275056407044,1.6152536329118956
30,38,662207,1,42300374,0.00036415884461763896,1294,1291,3,0,7.101486421000118,6.714039325714111,0.1382672275156129,1.6461653469330946
30,39,691766,0,42300375,0.00036415884461763896,1352,1350,2,0,7.525041146000149,6.714547157287598,0.12296485053168403,1.6222021484375
30,40,594939,1,42300376,0.00036415884461763896,1162,1159,3,0,6.353621258999738,6.710186004638672,0.1335241599161117,1.8429661800986843
30,41,1353286,0,42300377,0.00036415884461763896,2644,2641,3,0,15.151078597000378,6.745193004608154,0.0661508776120551,1.2219510062180519
30,42,1394572,1,42300378,0.00036415884461763896,2724,2721,3,0,15.728096310000183,6.746204853057861,0.0981352223231923,1.6926473206082322
30,43,1330480,1,42300379,0.00036415884461763896,2599,2597,2,0,14.421718462000172,6.743316650390625,0.0817787132219117,1.2677212062596266
30,44,1764530,1,42300380,0.00036415884461763896,3447,3445,2,0,19.362888153000313,6.762866973876953,0.05143650093687636,0.8803963936638244
30,45,1859325,1,42300381,0.00036415884461763896,3632,3629,3,0,20.435337646000335,6.76808500289917,0.030661203737067072,0.6560283964676908
30,46,210575,1,42300382,0.00036415884461763896,412,411,1,0,2.335485010999946,6.693522930145264,0.1662189827058147,1.6533844662408759
30,47,830115,1,42300383,0.00036415884461763896,1622,1620,2,0,8.994265993000226,6.7207794189453125,0.09937476640866126,1.4046838831018518
30,48,493865,1,42300384,0.00036415884461763896,965,961,4,0,5.308732456999678,6.706540107727051,0.08390049929425322,1.3547722759901795
30,49,589766,0,42300385,0.00036415884461763896,1152,1149,3,0,6.499182696999924,6.709954738616943,0.12302574642437038,1.8766397155814838
31,0,1666026,0,42310343,0.00033404429806145283,3254,3251,3,0,18.51651575300002,6.758430480957031,0.06149094392981246,1.115846566441095
31,1,419109,1,42310344,0.00033404429806145283,819,817,2,0,4.426364310998906,6.702804088592529,0.11842996137378557,1.6776170858992503
31,2,1452665,0,42310345,0.00033404429806145283,2838,2835,3,0,16.290641714998856,6.748819351196289,0.11721907250675154,1.7298731674382717
31,3,1030182,1,42310346,0.00033404429806145283,2013,2009,4,0,11.264844952998828,6.730064392089844,0.07739688461250545,1.3601509272725858
31,4,255412,1,42310347,0.00033404429806145283,499,499,0,0,2.8002635209995788,6.702278137207031,0.07142087213978739,0.9100093497541959
31,5,254243,0,42310348,0.00033404429806145283,497,495,2,0,2.8018979440003022,6.696376323699951,0.14629579794527303,1.809326295178346
31,6,1507617,1,42310349,0.00033404429806145283,2945,2942,3,0,16.485855642999013,6.751296043395996,0.056218430592363824,1.2447808510101546
31,7,501937,0,42310350,0.00033404429806145283,981,979,2,0,5.498033435998877,6.705997467041016,0.06638372808968813,1.1503535924332866
31,8,885547,1,42310351,0.00033404429806145283,1730,1729,1,0,9.819757683000716,6.723276138305664,0.052359197648568535,0.7614338016013592
31,9,1022203,0,42310352,0.00033404429806145283,1997,1993,4,0,11.0768603180004,6.729430198669434,0.08683129907312312,1.5849880097920848
31,10,906905,0,42310353,0.00033404429806145283,1772,1769,3,0,10.206622688998323,6.724238872528076,0.14317702168863058,1.911103554267948
31,11,2630929,0,42310354,0.00033404429806145283,5139,5135,4,0,29.21366161200058,6.80280065536499,0.03740797479289648,0.7658827858751217
31,12,785960,0,42310355,0.00033404429806145283,1536,1533,3,0,8.356453674001386,6.7187910079956055,0.07976254776110465,1.3295342631380462
31,13,686747,1,42310356,0.00033404429806145283,1342,1341,1,0,7.578299437000169,6.714595794677734,0.052012802681578,0.723059691927666
31,14,655390,0,42310357,0.00033404429806145283,1281,1279,2,0,7.164253258999452,6.71290922164917,0.09866309743826049,1.2818328642677386
31,15,869343,0,42310358,0.00033404429806145283,1698,1695,3,0,9.473201281000001,6.722645282745361,0.06021614187234974,1.2374673038808996
31,16,713588,1,42310359,0.00033404429806145283,1394,1390,4,0,7.660332269999344,6.7155303955078125,0.15396189518112072,2.135975262758543
31,17,712456,0,42310360,0.00033404429806145283,1392,1390,2,0,7.722266355000102,6.715481281280518,0.09903831207494941,1.403607924207509
31,18,583299,1,42310361,0.00033404429806145283,1140,1138,2,0,6.387568489999467,6.7096638679504395,0.09883552779212777,1.2655934633814807
31,19,1507452,0,42310362,0.00033404429806145283,2945,2943,2,0,16.875062676000198,6.751287460327148,0.04320371357551287,0.6872520019033511
31,20,920858,1,42310363,0.00033404429806145283,1799,1798,1,0,10.13554168399969,6.724867343902588,0.07313656409139495,1.1040303163454186
31,21,1063613,0,42310364,0.00033404429806145283,2078,2077,1,0,11.697196401000838,6.731295585632324,0.060713538884772204,0.9076407905031295
31,22,296017,0,42310365,0.00033404429806145283,579,577,2,0,3.306353771000431,6.69672155380249,0.13348528830596024,1.632788382121967
31,23,349854,1,42310366,0.00033404429806145283,684,683,1,0,3.8350215639984526,6.699145793914795,0.09907996427611411,1.2342705342640465
31,24,747499,0,42310367,0.00033404429806145283,1460,1457,3,0,8.134323509999376,6.717058181762695,0.10482141917588045,1.5465509313872683
31,25,199063,0,42310368,0.00033404429806145283,389,387,2,0,2.10151227499955,6.700268745422363,0.2046300804276183,2.095603607729732
31,26,1002191,1,42310369,0.00033404429806145283,1958,1956,2,0,11.248671178000222,6.729220867156982,0.050370440648864874,0.8420758393644555
31,27,1468121,1,42310370,0.00033404429806145283,2868,2866,2,0,16.57936504400095,6.74951696395874,0.06595136132676203,1.14714191913272
31,28,556903,0,42310371,0.00033404429806145283,1088,1086,2,0,6.104913418999786,6.708473205566406,0.09378986112759698,1.3006228733238374
31,29,684357,0,42310372,0.00033404429806145283,1337,1334,3,0,7.581384242999775,6.7142157554626465,0.11584858129406976,1.520043414572011
31,30,699268,1,42310373,0.00033404429806145283,1366,1364,2,0,7.5422564720011,6.7148871421813965,0.15712961773019382,1.9770924856236254
31,31,530503,1,42310374,0.00033404429806145283,1037,1034,3,0,5.783154138998725,6.707285404205322,0.11964263768445131,1.4531343264552103
31,32,536534,0,42310375,0.00033404429806145283,1048,1046,2,0,5.710622643999159,6.707556247711182,0.06075951702052275,0.9351909338402247
31,33,473056,0,42310376,0.00033404429806145283,924,922,2,0,5.133337617999132,6.705271244049072,0.1033613573186051,1.427795542553552
31,34,968365,0,42310377,0.00033404429806145283,1892,1889,3,0,11.072797699998773,6.727005958557129,0.09588111728003822,1.5461485233175623
31,35,771613,1,42310378,0.00033404429806145283,1508,1506,2,0,8.304257493000478,6.71814489364624,0.09672196832786044,1.4622201298970783
31,36,552346,1,42310379,0.00033404429806145283,1079,1075,4,0,5.817038437999145,6.708268642425537,0.09053251754405886,1.5517881313590116
31,37,402818,0,42310380,0.00033404429806145283,787,785,2,0,4.324966787000449,6.702193260192871,0.14439377511382862,1.667652922223328
31,38,662207,1,42310381,0.00033404429806145283,1294,1291,3,0,7.121472664999601,6.714039325714111,0.14018295607208558,1.6990988544490704
31,39,691766,0,42310382,0.00033404429806145283,1352,1349,3,0,7.45993098299914,6.714547157287598,0.12312224142811226,1.6544250081078578
31,40,594939,1,42310383,0.00033404429806145283,1162,1159,3,0,6.643008973000178,6.710186004638672,0.13272555518294327,1.862513018024698
31,41,1353286,0,42310384,0.00033404429806145283,2644,2641,3,0,15.079423682998822,6.745193004608154,0.06613670502228973,1.27716043653564
31,42,1394572,1,42310385,0.00033404429806145283,2724,2721,3,0,15.481578020999223,6.746204853057861,0.09844851818035649,1.7315849239709666
31,43,1330480,1,42310386,0.00033404429806145283,2599,2597,2,0,14.652146248999998,6.743316650390625,0.08014943648357781,1.3055435433312477
31,44,1764530,1,42310387,0.00033404429806145283,3447,3445,2,0,19.754042503000164,6.762866973876953,0.05192217778398268,0.8914329672759433
31,45,1859325,1,42310388,0.00033404429806145283,3632,3630,2,0,20.328847867999684,6.76808500289917,0.031073653796487605,0.6883322303288567
31,46,210575,1,42310389,0.00033404429806145283,412,410,2,0,2.3047970209991036,6.693522930145264,0.16601305705745045,1.7061130430640243
31,47,830115,1,42310390,0.00033404429806145283,1622,1619,3,0,8.799714791999577,6.7207794189453125,0.10019204585621429,1.4490893660245523
31,48,493865,1,42310391,0.00033404429806145283,965,961,4,0,5.313990657999966,6.706540107727051,0.08492761744916998,1.4202211441532258
31,49,589766,0,42310392,0.00033404429806145283,1152,1149,3,0,6.439489211001273,6.709954738616943,0.12412813749388055,1.9030251764441906
32,0,1666026,0,42320350,0.00030463224515441515,3254,3250,4,0,18.547102865000852,6.758430480957031,0.062323983999399035,1.1387119140625
32,1,419109,1,42320351,0.00030463224515441515,819,817,2,0,4.531105939000554,6.702804088592529,0.1213478732721896,1.7290487301101591
32,2,1452665,0,42320352,0.00030463224515441515,2838,2835,3,0,15.439512894001382,6.748819351196289,0.11719251629326499,1.774509307484568
32,3,1030182,1,42320353,0.00030463224515441515,2013,2009,4,0,11.088328751000518,6.730064392089844,0.07849921629522617,1.4302031240278124
32,4,255412,1,42320354,0.00030463224515441515,499,498,1,0,2.708195713999885,6.702278137207031,0.07271705382320297,0.9295938024559174
32,5,254243,0,42320355,0.00030463224515441515,497,495,2,0,2.8688654840007075,6.696376323699951,0.1484610201132418,1.8270991161616161
32,6,1507617,1,42320356,0.00030463224515441515,2945,2942,3,0,16.507191381000666,6.751296043395996,0.056731565723120964,1.283750823207002
32,7,501937,0,42320357,0.00030463224515441515,981,979,2,0,5.7358591350002825,6.705997467041016,0.06755661306878033,1.1748545630107252
32,8,885547,1,42320358,0.00030463224515441515,1730,1729,1,0,10.00821777999954,6.723276138305664,0.0521440787285032,0.7800058571157461
32,9,1022203,0,42320359,0.00030463224515441515,1997,1993,4,0,10.956160634999833,6.729430198669434,0.08845943406904636,1.6443005842715128
32,10,906905,0,42320360,0.00030463224515441515,1772,1769,3,0,9.93253021000055,6.724238872528076,0.14598439735770563,1.9617525901815998
32,11,2630929,0,42320361,0.00030463224515441515,5139,5134,5,0,28.935984612999164,6.80280065536499,0.037242049784524736,0.7955484899231837
32,12,785960,0,42320362,0.00030463224515441515,1536,1534,2,0,8.718055315999663,6.7187910079956055,0.08080193272159183,1.3618259554269883
32,13,686747,1,42320363,0.00030463224515441515,1342,1340,2,0,7.33278561500083,6.714595794677734,0.05247110395289179,0.7489706466447061
32,14,655390,0,42320364,0.00030463224515441515,1281,1279,2,0,7.035680577999301,6.71290922164917,0.09964613806371861,1.321048453228841
32,15,869343,0,42320365,0.00030463224515441515,1698,1694,4,0,9.792854350000198,6.722645282745361,0.0614541829547184,1.286161204296414
32,16,713588,1,42320366,0.00030463224515441515,1394,1390,4,0,7.608983881000313,6.7155303955078125,0.15766867219115333,2.1860230370391185
32,17,712456,0,42320367,0.00030463224515441515,1392,1390,2,0,7.704006278001543,6.715481281280518,0.09943450269081609,1.4534026001854765
32,18,583299,1,42320368,0.00030463224515441515,1140,1137,3,0,6.469518597999922,6.7096638679504395,0.0998784168414516,1.2931740256706246
32,19,1507452,0,42320369,0.00030463224515441515,2945,2942,3,0,16.337483060999148,6.751287460327148,0.04293171035279067,0.6963103895362424
32,20,920858,1,42320370,0.00030463224515441515,1799,1797,2,0,10.180827805999797,6.724867343902588,0.0723917541334081,1.1457582026902475
32,21,1063613,0,42320371,0.00030463224515441515,2078,2076,2,0,11.739904411999305,6.731295585632324,0.06129792200577282,0.9356136138269208
32,22,296017,0,42320372,0.00030463224515441515,579,577,2,0,3.1818553379998775,6.69672155380249,0.1361564094107114,1.6827704629617093
32,23,349854,1,42320373,0.00030463224515441515,684,682,2,0,3.8016310509992763,6.699145793914795,0.10048589398784022,1.2686284308559383
32,24,747499,0,42320374,0.00030463224515441515,1460,1457,3,0,8.53920969399951,6.717058181762695,0.10596422602562522,1.5843484913885553
32,25,199063,0,42320375,0.00030463224515441515,389,388,1,0,2.12221041399971,6.700268745422363,0.2075875665723663,2.206754546804526
32,26,1002191,1,42320376,0.00030463224515441515,1958,1956,2,0,10.954355769999893,6.729220867156982,0.05125405013195576,0.8833857187220412
32,27,1468121,1,42320377,0.00030463224515441515,2868,2866,2,0,15.721733620999657,6.74951696395874,0.06617413645263161,1.1627874487526169
32,28,556903,0,42320378,0.00030463224515441515,1088,1086,2,0,6.089001862999794,6.708473205566406,0.09503194201277984,1.3598347307349217
32,29,684357,0,42320379,0.00030463224515441515,1337,1334,3,0,7.451155287000802,6.7142157554626465,0.11564432627436282,1.5642585811586394
32,30,699268,1,42320380,0.00030463224515441515,1366,1364,2,0,7.683015663000333,6.7148871421813965,0.15860972026925632,2.0410342398277126
32,31,530503,1,42320381,0.00030463224515441515,1037,1033,4,0,6.035005987001568,6.707285404205322,0.1207466827126694,1.5122581991544652
32,32,536534,0,42320382,0.00030463224515441515,1048,1046,2,0,5.9010022090005805,6.707556247711182,0.060964620819967064,0.9498906035268284
32,33,473056,0,42320383,0.00030463224515441515,924,922,2,0,5.322645172000193,6.705271244049072,0.10388960600416469,1.4523939020980206
32,34,968365,0,42320384,0.00030463224515441515,1892,1889,3,0,10.722774649999337,6.727005958557129,0.09721300196811722,1.606375004135786
32,35,771613,1,42320385,0.00030463224515441515,1508,1506,2,0,8.989250126000115,6.71814489364624,0.09694919864811587,1.5041719515168492
32,36,552346,1,42320386,0.00030463224515441515,1079,1075,4,0,5.887913229000333,6.708268642425537,0.0918761355377907,1.6228674600290698
32,37,402818,0,42320387,0.00030463224515441515,787,785,2,0,4.4041117029992165,6.702193260192871,0.1465094499527269,1.7084716796875
32,38,662207,1,42320388,0.00030463224515441515,1294,1291,3,0,6.9725760010005615,6.714039325714111,0.14037312951593967,1.7551647750653563
32,39,691766,0,42320389,0.00030463224515441515,1352,1349,3,0,7.453320431000975,6.714547157287598,0.12507529856100005,1.6935781785697739
32,40,594939,1,42320390,0.00030463224515441515,1162,1159,3,0,6.53040382799918,6.710186004638672,0.13279763617527907,1.9065575455672994
32,41,1353286,0,42320391,0.00030463224515441515,2644,2641,3,0,14.922330277999208,6.745193004608154,0.06662682934450137,1.3238426939369556
32,42,1394572,1,42320392,0.00030463224515441515,2724,2720,4,0,15.135449225999764,6.746204853057861,0.0991570977603688,1.7851133458754596
32,43,1330480,1,42320393,0.00030463224515441515,2599,2597,2,0,14.498331254000732,6.743316650390625,0.08144155685195659,1.3214510395107335
32,44,1764530,1,42320394,0.00030463224515441515,3447,3445,2,0,19.42578258800131,6.762866973876953,0.05210172213040865,0.9140887211992017
32,45,1859325,1,42320395,0.00030463224515441515,3632,3629,3,0,20.289256359999854,6.76808500289917,0.03158471366859199,0.6895291456410169
32,46,210575,1,42320396,0.00030463224515441515,412,411,1,0,2.4439272309991793,6.693522930145264,0.17000724625413435,1.7480060363918035
32,47,830115,1,42320397,0.00030463224515441515,1622,1619,3,0,8.969386052998743,6.7207794189453125,0.10116839158527641,1.478901816563079
32,48,493865,1,42320398,0.00030463224515441515,965,961,4,0,5.573362773000554,6.706540107727051,0.08612651209677419,1.4627000886121229
32,49,589766,0,42320399,0.00030463224515441515,1152,1149,3,0,6.462220909001189,6.709954738616943,0.12613621538260172,1.9481108742656659
33,0,1666026,0,42330357,0.00027604354633078667,3254,3251,3,0,18.007735691000562,6.758430480957031,0.06181637245631152,1.1676359948140957
33,1,419109,1,42330358,0.00027604354633078667,819,818,1,0,4.492811803000222,6.702804088592529,0.12255610347085594,1.7552257435246026
33,2,1452665,0,42330359,0.00027604354633078667,2838,2835,3,0,15.819340739000836,6.748819351196289,0.11872630716421406,1.8467883666776896
33,3,1030182,1,42330360,0.00027604354633078667,2013,2009,4,0,11.108904911001446,6.730064392089844,0.07870159082711782,1.4556410216525635
33,4,255412,1,42330361,0.00027604354633078667,499,498,1,0,2.7185850020014186,6.702278137207031,0.07318500534118898,0.9522401127949297
33,5,254243,0,42330362,0.00027604354633078667,497,495,2,0,2.697004403000392,6.696376323699951,0.14917117032137783,1.918524108270202
33,6,1507617,1,42330363,0.00027604354633078667,2945,2941,4,0,16.694270939999114,6.751296043395996,0.0576409862301699,1.3091967549302959
33,7,501937,0,42330364,0.00027604354633078667,981,979,2,0,5.678363609998996,6.705997467041016,0.06868683110705678,1.2203067393785112
33,8,885547,1,42330365,0.00027604354633078667,1730,1728,2,0,9.831440153000585,6.723276138305664,0.05263205369313558,0.7980084595856843
33,9,1022203,0,42330366,0.00027604354633078667,1997,1993,4,0,11.000001878999683,6.729430198669434,0.08913078250684035,1.6860291537960987
33,10,906905,0,42330367,0.00027604354633078667,1772,1769,3,0,9.78966122699967,6.724238872528076,0.14755166217120372,2.0254904066121395
33,11,2630929,0,42330368,0.00027604354633078667,5139,5135,4,0,28.347631481999997,6.80280065536499,0.03831789783748935,0.8250910000304285
33,12,785960,0,42330369,0.00027604354633078667,1536,1534,2,0,8.470917274000385,6.7187910079956055,0.08034542237919655,1.3711656871333116
33,13,686747,1,42330370,0.00027604354633078667,1342,1341,1,0,7.1620470420002675,6.714595794677734,0.05291719031280586,0.7620326645955676
33,14,655390,0,42330371,0.00027604354633078667,1281,1279,2,0,7.149712128999454,6.71290922164917,0.1005609197668772,1.35872713973319
33,15,869343,0,42330372,0.00027604354633078667,1698,1695,3,0,9.448723797000639,6.722645282745361,0.06145243236800562,1.34119955867441
33,16,713588,1,42330373,0.00027604354633078667,1394,1390,4,0,7.7352862099996855,6.7155303955078125,0.15763971342457284,2.266836569806655
33,17,712456,0,42330374,0.00027604354633078667,1392,1390,2,0,7.758263261999673,6.715481281280518,0.10115080908905688,1.4829229780238309
33,18,583299,1,42330375,0.00027604354633078667,1140,1138,2,0,6.169780055999581,6.7096638679504395,0.10039839384216416,1.3157894623929043
33,19,1507452,0,42330376,0.00027604354633078667,2945,2942,3,0,16.646867735000342,6.751287460327148,0.04273804509664052,0.7152111227215755
33,20,920858,1,42330377,0.00027604354633078667,1799,1798,1,0,9.773046340000292,6.724867343902588,0.07330844187497827,1.1846866798613043
33,21,1063613,0,42330378,0.00027604354633078667,2078,2077,1,0,11.658555549000084,6.731295585632324,0.061934197930458595,0.9459959056782619
33,22,296017,0,42330379,0.00027604354633078667,579,577,2,0,3.202345752999463,6.69672155380249,0.13769249610305864,1.707882357222162
33,23,349854,1,42330380,0.00027604354633078667,684,683,1,0,3.766670143999363,6.699145793914795,0.10297041930705528,1.3160275281959188
33,24,747499,0,42330381,0.00027604354633078667,1460,1457,3,0,7.83186024799943,6.717058181762695,0.10730044352492815,1.6524005541673816
33,25,199063,0,42330382,0.00027604354633078667,389,388,1,0,2.0933338969989563,6.700268745422363,0.2133238094369161,2.245319327128302
33,26,1002191,1,42330383,0.00027604354633078667,1958,1956,2,0,10.98433168200063,6.729220867156982,0.051161085413521296,0.9068733324546268
33,27,1468121,1,42330384,0.00027604354633078667,2868,2866,2,0,15.456649113000822,6.74951696395874,0.06656063742680893,1.1839585127900383
33,28,556903,0,42330385,0.00027604354633078667,1088,1087,1,0,6.04943460100003,6.708473205566406,0.09567866461366936,1.4072032040593376
33,29,684357,0,42330386,0.00027604354633078667,1337,1334,3,0,7.37875621800049,6.7142157554626465,0.11658994797645122,1.5798524687851387
33,30,699268,1,42330387,0.00027604354633078667,1366,1364,2,0,7.519664625000587,6.7148871421813965,0.1605806322741019,2.1246164271558836
33,31,530503,1,42330388,0.00027604354633078667,1037,1034,3,0,5.892775747999622,6.707285404205322,0.12161102147351381,1.558508277169971
33,32,536534,0,42330389,0.00027604354633078667,1048,1047,1,0,5.915898127999753,6.707556247711182,0.06110371878404444,0.9784684058246776
33,33,473056,0,42330390,0.00027604354633078667,924,922,2,0,5.065321168000082,6.705271244049072,0.10595929027896642,1.491934488755762
33,34,968365,0,42330391,0.00027604354633078667,1892,1889,3,0,10.718966018999708,6.727005958557129,0.0981323581451206,1.667463925605479
33,35,771613,1,42330392,0.00027604354633078667,1508,1505,3,0,8.213622596998903,6.71814489364624,0.09759382583770244,1.5430573219476744
33,36,552346,1,42330393,0.00027604354633078667,1079,1075,4,0,5.965941094998925,6.708268642425537,0.09338982870412427,1.6725864144258722
33,37,402818,0,42330394,0.00027604354633078667,787,785,2,0,4.33552360899921,6.702193260192871,0.14841487422870223,1.7722391893909235
33,38,662207,1,42330395,0.00027604354633078667,1294,1291,3,0,7.224782458999471,6.714039325714111,0.1416963182799489,1.769578716535147
33,39,691766,0,42330396,0.00027604354633078667,1352,1349,3,0,7.338641188000111,6.714547157287598,0.12554120628634058,1.7444220472919756
33,40,594939,1,42330397,0.00027604354633078667,1162,1159,3,0,6.522689543000524,6.710186004638672,0.135384297144629,1.919892384329163
33,41,1353286,0,42330398,0.00027604354633078667,2644,2642,2,0,14.676992396998685,6.745193004608154,0.06718709340698334,1.3662110299075039
33,42,1394572,1,42330399,0.00027604354633078667,2724,2720,4,0,15.346953259999282,6.746204853057861,0.1007746976964614,1.8578898710363052
33,43,1330480,1,42330400,0.00027604354633078667,2599,2597,2,0,14.326775561999966,6.743316650390625,0.08192625989535703,1.352436122960387
33,44,1764530,1,42330401,0.00027604354633078667,3447,3444,3,0,19.075874018999457,6.762866973876953,0.05205675893821229,0.9385443320811556
33,45,1859325,1,42330402,0.00027604354633078667,3632,3629,3,0,19.92488700499962,6.76808500289917,0.03219847733010665,0.7383915808418297
33,46,210575,1,42330403,0.00027604354633078667,412,410,2,0,2.2853635890005535,6.693522930145264,0.1718199381014196,1.87651054568407
33,47,830115,1,42330404,0.00027604354633078667,1622,1619,3,0,8.716055140999742,6.7207794189453125,0.1021716828844001,1.5284453233573965
33,48,493865,1,42330405,0.00027604354633078667,965,961,4,0,5.505291826000757,6.706540107727051,0.08674287349450849,1.4863594999918703
33,49,589766,0,42330406,0.00027604354633078667,1152,1149,3,0,6.385224804000245,6.709954738616943,0.1271094844276953,2.0119739396350087
34,0,1666026,0,42340364,0.0002483956786862901,3254,3251,3,0,18.011100173998784,6.758430480957031,0.062297205014142286,1.2168546246587588
34,1,419109,1,42340365,0.0002483956786862901,819,817,2,0,4.525819152000622,6.702804088592529,0.12565878934638444,1.8117904382936811
34,2,1452665,0,42340366,0.0002483956786862901,2838,2835,3,0,15.468919181999809,6.748819351196289,0.11958896966628087,1.8995453042328043
34,3,1030182,1,42340367,0.0002483956786862901,2013,2009,4,0,10.853965144999165,6.730064392089844,0.07862391455248258,1.5056340705108262
34,4,255412,1,42340368,0.0002483956786862901,499,497,2,0,2.690977850999843,6.702278137207031,0.07643522726937799,0.9945102745378521
34,5,254243,0,42340369,0.0002483956786862901,497,495,2,0,2.6673572519994195,6.696376323699951,0.15438605414496528,1.9767369742345329
34,6,1507617,1,42340370,0.0002483956786862901,2945,2942,3,0,16.026553218000117,6.751296043395996,0.057876031954705025,1.3456242896520225
34,7,501937,0,42340371,0.0002483956786862901,981,979,2,0,5.293573730999924,6.705997467041016,0.07004010957400329,1.2564412975213866
34,8,885547,1,42340372,0.0002483956786862901,1730,1728,2,0,9.41002567599935,6.723276138305664,0.053108418429339374,0.8111352567319516
34,9,1022203,0,42340373,0.0002483956786862901,1997,1993,4,0,10.853070163000666,6.729430198669434,0.09174356494067125,1.7738836415736328
34,10,906905,0,42340374,0.0002483956786862901,1772,1769,3,0,9.679408023999713,6.724238872528076,0.15066854370186192,2.1290132081596242
34,11,2630929,0,42340375,0.0002483956786862901,5139,5135,4,0,28.111169304000214,6.80280065536499,0.038735263605312806,0.8506927222796982
34,12,785960,0,42340376,0.0002483956786862901,1536,1533,3,0,8.642845180998847,6.7187910079956055,0.0821445213760804,1.4211174155556914
34,13,686747,1,42340377,0.0002483956786862901,1342,1340,2,0,7.422665984999185,6.714595794677734,0.05334012045789121,0.7938107618645056
34,14,655390,0,42340378,0.0002483956786862901,1281,1279,2,0,7.010469781998836,6.71290922164917,0.10245526442777561,1.3861125978853108
34,15,869343,0,42340379,0.0002483956786862901,1698,1695,3,0,9.446793265999077,6.722645282745361,0.06351373273011154,1.4180636695704276
34,16,713588,1,42340380,0.0002483956786862901,1394,1390,4,0,7.6361057539998,6.7155303955078125,0.16044859302987297,2.3441650390625
34,17,712456,0,42340381,0.0002483956786862901,1392,1390,2,0,7.827654725000684,6.715481281280518,0.10281035059647595,1.5133188371178057
34,18,583299,1,42340382,0.0002483956786862901,1140,1137,3,0,6.115079354000045,6.7096638679504395,0.10033391249630676,1.387050605176726
34,19,1507452,0,42340383,0.0002483956786862901,2945,2942,3,0,16.20455899999979,6.751287460327148,0.04296802388495284,0.7293366744030422
34,20,920858,1,42340384,0.0002483956786862901,1799,1797,2,0,10.011505763999594,6.724867343902588,0.07441496596975862,1.2080143337854758
34,21,1063613,0,42340385,0.0002483956786862901,2078,2077,1,0,11.297722696999699,6.731295585632324,0.06212027140632523,0.9658733252211724
34,22,296017,0,42340386,0.0002483956786862901,579,577,2,0,3.0891599249989667,6.69672155380249,0.142483636865996,1.7958819357939775
34,23,349854,1,42340387,0.0002483956786862901,684,682,2,0,3.7153853480012913,6.699145793914795,0.10525484728323749,1.363309619713389
34,24,747499,0,42340388,0.0002483956786862901,1460,1456,4,0,8.037197388001005,6.717058181762695,0.10849567036052327,1.6915672218406594
34,25,199063,0,42340389,0.0002483956786862901,389,387,2,0,2.0857991829998355,6.700268745422363,0.21863370594744228,2.3600903888081395
34,26,1002191,1,42340390,0.0002483956786862901,1958,1956,2,0,10.610010199001408,6.729220867156982,0.05152917639609495,0.938798401253355
34,27,1468121,1,42340391,0.0002483956786862901,2868,2866,2,0,15.666407466000237,6.74951696395874,0.06787190833294716,1.2204166473580338
34,28,556903,0,42340392,0.0002483956786862901,1088,1086,2,0,5.802104211999904,6.708473205566406,0.0975504571342117,1.4613332730850024
34,29,684357,0,42340393,0.0002483956786862901,1337,1334,3,0,7.241692965999391,6.7142157554626465,0.11873998456094219,1.63623357998735
34,30,699268,1,42340394,0.0002483956786862901,1366,1364,2,0,7.51399010500063,6.7148871421813965,0.16180256594660694,2.1698765908518145
34,31,530503,1,42340395,0.0002483956786862901,1037,1034,3,0,5.679013678000047,6.707285404205322,0.1229139213635797,1.6074518613243471
34,32,536534,0,42340396,0.0002483956786862901,1048,1047,1,0,5.825289982998584,6.707556247711182,0.0615738920632611,1.008943661577722
34,33,473056,0,42340397,0.0002483956786862901,924,922,2,0,5.196296968000752,6.705271244049072,0.10753813638087209,1.5318770336225596
34,34,968365,0,42340398,0.0002483956786862901,1892,1888,4,0,10.295248661999722,6.727005958557129,0.10030188802945411,1.7198611760543565
34,35,771613,1,42340399,0.0002483956786862901,1508,1505,3,0,8.454224215000067,6.71814489364624,0.09891308755969684,1.5808746236503322
34,36,552346,1,42340400,0.0002483956786862901,1079,1075,4,0,5.878412041000047,6.708268642425537,0.09717011207757995,1.774707144803779
34,37,402818,0,42340401,0.0002483956786862901,787,785,2,0,4.384204486999806,6.702193260192871,0.15094337220404558,1.822313675607086
34,38,662207,1,42340402,0.0002483956786862901,1294,1291,3,0,7.153014602999974,6.714039325714111,0.1439230731990705,1.8581512711197714
34,39,691766,0,42340403,0.0002483956786862901,1352,1349,3,0,7.370608114000788,6.714547157287598,0.12783706020301497,1.8468302619996293
34,40,594939,1,42340404,0.0002483956786862901,1162,1159,3,0,6.237661103999926,6.710186004638672,0.13846542713866344,2.0058498958558024
34,41,1353286,0,42340405,0.0002483956786862901,2644,2641,3,0,14.505814033000206,6.745193004608154,0.06833258978754496,1.41571832994131
34,42,1394572,1,42340406,0.0002483956786862901,2724,2720,4,0,14.732261593000658,6.746204853057861,0.10268725226907169,1.9164647719439338
34,43,1330480,1,42340407,0.0002483956786862901,2599,2597,2,0,14.1093079580005,6.743316650390625,0.08293160668785497,1.3937580283440028
34,44,1764530,1,42340408,0.0002483956786862901,3447,3444,3,0,19.126510572999905,6.762866973876953,0.05245246399847334,0.9674240271804224
34,45,1859325,1,42340409,0.0002483956786862901,3632,3629,3,0,19.846103547000894,6.76808500289917,0.032222488163653466,0.7545357412725613
34,46,210575,1,42340410,0.0002483956786862901,412,411,1,0,2.2064838009991945,6.693522930145264,0.17545110697873897,1.879416658350441
34,47,830115,1,42340411,0.0002483956786862901,1622,1619,3,0,8.996693832999881,6.7207794189453125,0.10343557997497974,1.6085484806883106
34,48,493865,1,42340412,0.0002483956786862901,965,961,4,0,5.342420106000645,6.706540107727051,0.09029103417054175,1.6006846353489204
34,49,589766,0,42340413,0.0002483956786862901,1152,1149,3,0,6.248398628000359,6.709954738616943,0.12863732878284106,2.092621726093342
35,0,1666026,0,42350371,0.00022180225323952595,3254,3251,3,0,17.862281785999585,6.758430480957031,0.06251758679871337,1.2474141820545601
35,1,419109,1,42350372,0.00022180225323952595,819,817,2,0,4.563208155001121,6.702804088592529,0.12758339516535822,1.8927541333575582
35,2,1452665,0,42350373,0.00022180225323952595,2838,2835,3,0,15.753778693999266,6.748819351196289,0.12128444449611442,1.9551192887455908
35,3,1030182,1,42350374,0.00022180225323952595,2013,2010,3,0,11.14089970599889,6.730064392089844,0.08087606857072062,1.54738818116449
35,4,255412,1,42350375,0.00022180225323952595,499,498,1,0,2.7207113730000856,6.702278137207031,0.07705139252076666,1.0232140721087475
35,5,254243,0,42350376,0.00022180225323952595,497,495,2,0,2.714778235000267,6.696376323699951,0.15882525203203915,2.0571356879340277
35,6,1507617,1,42350377,0.00022180225323952595,2945,2941,4,0,15.969249018000482,6.751296043395996,0.05959536679866807,1.3985389416333731
35,7,501937,0,42350378,0.00022180225323952595,981,979,2,0,5.6654326190000575,6.705997467041016,0.0722193264985596,1.2963863446836696
35,8,885547,1,42350379,0.00022180225323952595,1730,1728,2,0,9.258663733000503,6.723276138305664,0.05410446944060149,0.8367861288565176
35,9,1022203,0,42350380,0.00022180225323952595,1997,1993,4,0,11.107638805000533,6.729430198669434,0.0943331108342088,1.840678458589438
35,10,906905,0,42350381,0.00022180225323952595,1772,1769,3,0,9.682378044999496,6.724238872528076,0.15269214032800135,2.180775851028123
35,11,2630929,0,42350382,0.00022180225323952595,5139,5135,4,0,28.161180365999826,6.80280065536499,0.03925604147014971,0.8722695236428919
35,12,785960,0,42350383,0.00022180225323952595,1536,1533,3,0,8.613957740000842,6.7187910079956055,0.08244468056914547,1.4737280480471298
35,13,686747,1,42350384,0.00022180225323952595,1342,1341,1,0,7.214312694999535,6.714595794677734,0.0536866668086724,0.8264671741004848
35,14,655390,0,42350385,0.00022180225323952595,1281,1279,2,0,7.083907825999631,6.71290922164917,0.10340191779237319,1.4322698740776485
35,15,869343,0,42350386,0.00022180225323952595,1698,1695,3,0,9.509947737000402,6.722645282745361,0.06386483341543372,1.4724341468473452
35,16,713588,1,42350387,0.00022180225323952595,1394,1390,4,0,7.931079250000039,6.7155303955078125,0.16328738644826327,2.392420575258543
35,17,712456,0,42350388,0.00022180225323952595,1392,1390,2,0,7.6910875769990525,6.715481281280518,0.10538997512927158,1.6058634147369604
35,18,583299,1,42350389,0.00022180225323952595,1140,1137,3,0,6.026773384999615,6.7096638679504395,0.10196267751192145,1.4245462677619283
35,19,1507452,0,42350390,0.00022180225323952595,2945,2942,3,0,15.941111551001086,6.751287460327148,0.04311087664740982,0.740019527930617
35,20,920858,1,42350391,0.00022180225323952595,1799,1798,1,0,10.142987279999943,6.724867343902588,0.07451276598835946,1.2473520654459815
35,21,1063613,0,42350392,0.00022180225323952595,2078,2077,1,0,11.495282968000538,6.731295585632324,0.06313040765019409,1.0078149684415623
35,22,296017,0,42350393,0.00022180225323952595,579,577,2,0,3.2370030470010533,6.69672155380249,0.1458544937742025,1.8392657671685442
35,23,349854,1,42350394,0.00022180225323952595,684,683,1,0,3.762140859000283,6.699145793914795,0.10921126403361778,1.4307603961726756
35,24,747499,0,42350395,0.00022180225323952595,1460,1457,3,0,8.382777036000334,6.717058181762695,0.111621131451881,1.7642789590661463
35,25,199063,0,42350396,0.00022180225323952595,389,387,2,0,2.1385083839995787,6.700268745422363,0.22169565600018168,2.425708386325097
35,26,1002191,1,42350397,0.00022180225323952595,1958,1956,2,0,10.742026793999685,6.729220867156982,0.051679182150125014,0.9653259152527479
35,27,1468121,1,42350398,0.00022180225323952595,2868,2866,2,0,15.913186937999853,6.74951696395874,0.06860140196859463,1.2546443792797017
35,28,556903,0,42350399,0.00022180225323952595,1088,1087,1,0,5.90917045399874,6.708473205566406,0.10030939124983829,1.511244618574632
35,29,684357,0,42350400,0.00022180225323952595,1337,1334,3,0,7.36015814700113,6.7142157554626465,0.1219691286558869,1.6999958272816718
35,30,699268,1,42350401,0.00022180225323952595,1366,1364,2,0,7.413292311999612,6.7148871421813965,0.16537681422974707,2.2392973690088893
35,31,530503,1,42350402,0.00022180225323952595,1037,1034,3,0,5.86808084400036,6.707285404205322,0.1256377554032051,1.6579997138312983
35,32,536534,0,42350403,0.00022180225323952595,1048,1047,1,0,5.810197877000974,6.707556247711182,0.06261998625630522,1.0546950783861628
35,33,473056,0,42350404,0.00022180225323952595,924,922,2,0,5.041146790999846,6.705271244049072,0.10939214545061686,1.588180575091513
35,34,968365,0,42350405,0.00022180225323952595,1892,1889,3,0,10.681782366000334,6.727005958557129,0.10198435018528322,1.786545098679857
35,35,771613,1,42350406,0.00022180225323952595,1508,1506,2,0,8.614608739999312,6.71814489364624,0.09943572268543016,1.6750841685341966
35,36,552346,1,42350407,0.00022180225323952595,1079,1075,4,0,6.078663164000318,6.708268642425537,0.09889165124227835,1.8211321311773256
35,37,402818,0,42350408,0.00022180225323952595,787,785,2,0,4.43277593700077,6.702193260192871,0.15275111107309913,1.8651530466261943
35,38,662207,1,42350409,0.00022180225323952595,1294,1291,3,0,7.132836983999368,6.714039325714111,0.14610671110618587,1.9117048693478893
35,39,691766,0,42350410,0.00022180225323952595,1352,1349,3,0,7.4201749519997975,6.714547157287598,0.12912211266157803,1.8586378726718866
35,40,594939,1,42350411,0.00022180225323952595,1162,1159,3,0,6.355795061999743,6.710186004638672,0.14287478271695023,2.0929994624272004
35,41,1353286,0,42350412,0.00022180225323952595,2644,2641,3,0,14.345385567999983,6.745193004608154,0.06965583474831977,1.4711507315529155
35,42,1394572,1,42350413,0.00022180225323952595,2724,2720,4,0,14.785233411999798,6.746204853057861,0.10460797478170956,2.0083144244025735
35,43,1330480,1,42350414,0.00022180225323952595,2599,2597,2,0,14.110824237999623,6.743316650390625,0.08389036628802464,1.4382444549901328
35,44,1764530,1,42350415,0.00022180225323952595,3447,3444,3,0,19.02809014599916,6.762866973876953,0.053804701075182836,1.0162622183734393
35,45,1859325,1,42350416,0.00022180225323952595,3632,3630,2,0,19.51746955699855,6.76808500289917,0.03291132062591469,0.7997720681602961
35,46,210575,1,42350417,0.00022180225323952595,412,410,2,0,2.2959190319998015,6.693522930145264,0.17917370679901867,1.92708740234375
35,47,830115,1,42350418,0.00022180225323952595,1622,1619,3,0,9.179688408999937,6.7207794189453125,0.10462470051681208,1.6347644186226065
35,48,493865,1,42350419,0.00022180225323952595,965,961,4,0,5.3505528929999855,6.706540107727051,0.09362985886842726,1.6499423563914541
35,49,589766,0,42350420,0.00022180225323952595,1152,1149,3,0,6.060471359000076,6.709954738616943,0.13071009384434154,2.1957168512701264
36,0,1666026,0,42360378,0.00019637254807992693,3254,3250,4,0,17.87648477899893,6.758430480957031,0.0633627460186298,1.279528846153846
36,1,419109,1,42360379,0.00019637254807992693,819,817,2,0,4.773271362999367,6.702804088592529,0.12999206132083366,1.9328807517977356
36,2,1452665,0,42360380,0.00019637254807992693,2838,2835,3,0,15.47436474099959,6.748819351196289,0.12297577496348655,2.0184930279982365
36,3,1030182,1,42360381,0.00019637254807992693,2013,2009,4,0,11.315993247999359,6.730064392089844,0.08195978661210102,1.6158277740402562
36,4,255412,1,42360382,0.00019637254807992693,499,498,1,0,2.8691389650011843,6.702278137207031,0.07816852431699454,1.0728919094346134
36,5,254243,0,42360383,0.00019637254807992693,497,494,3,0,2.8198310660009156,6.696376323699951,0.16193135064623135,2.1268708387367155
36,6,1507617,1,42360384,0.00019637254807992693,2945,2941,4,0,16.256495374000224,6.751296043395996,0.06063039105832678,1.4151541182314689
36,7,501937,0,42360385,0.00019637254807992693,981,978,3,0,5.474768425998263,6.705997467041016,0.07462112645186286,1.3678771098942357
36,8,885547,1,42360386,0.00019637254807992693,1730,1728,2,0,9.465563567000572,6.723276138305664,0.05448732552704988,0.8593917422824435
36,9,1022203,0,42360387,0.00019637254807992693,1997,1993,4,0,11.006628543998886,6.729430198669434,0.09854328100010191,1.9496253243775088
36,10,906905,0,42360388,0.00019637254807992693,1772,1769,3,0,9.78845211999942,6.724238872528076,0.15745046733125176,2.3192324296035896
36,11,2630929,0,42360389,0.00019637254807992693,5139,5134,5,0,28.184958056999676,6.80280065536499,0.0399208886176638,0.9061672565859953
36,12,785960,0,42360390,0.00019637254807992693,1536,1534,2,0,8.38087593199998,6.7187910079956055,0.08506284512317165,1.5184104949274773
36,13,686747,1,42360391,0.00019637254807992693,1342,1341,1,0,7.515095220000148,6.714595794677734,0.05456389925712796,0.8550561141114373
36,14,655390,0,42360392,0.00019637254807992693,1281,1278,3,0,7.198323602000528,6.71290922164917,0.1059273255636248,1.457258770723298
36,15,869343,0,42360393,0.00019637254807992693,1698,1694,4,0,9.40580300900001,6.722645282745361,0.06705667615077572,1.5426541343067444
36,16,713588,1,42360394,0.00019637254807992693,1394,1390,4,0,7.686636249000003,6.7155303955078125,0.16821219903959644,2.528900278214928
36,17,712456,0,42360395,0.00019637254807992693,1392,1390,2,0,7.754758582999784,6.715481281280518,0.10639690152175135,1.6201751489433454
36,18,583299,1,42360396,0.00019637254807992693,1140,1137,3,0,6.707268733000092,6.7096638679504395,0.10411353601943849,1.4875312207976032
36,19,1507452,0,42360397,0.00019637254807992693,2945,2943,2,0,16.27268822699989,6.751287460327148,0.043370017785018214,0.7632660523912674
36,20,920858,1,42360398,0.00019637254807992693,1799,1797,2,0,10.188512172999253,6.724867343902588,0.07568575052931101,1.2908991928822342
36,21,1063613,0,42360399,0.00019637254807992693,2078,2077,1,0,11.606803705999482,6.731295585632324,0.06366839567284545,1.0168913105214854
36,22,296017,0,42360400,0.00019637254807992693,579,577,2,0,3.227718737000032,6.69672155380249,0.14983629725834732,1.8983788977875866
36,23,349854,1,42360401,0.00019637254807992693,684,682,2,0,3.8337551439999515,6.699145793914795,0.11247672922800014,1.471317593303244
36,24,747499,0,42360402,0.00019637254807992693,1460,1457,3,0,8.149199461000535,6.717058181762695,0.11371038118780027,1.8428302416673816
36,25,199063,0,42360403,0.00019637254807992693,389,387,2,0,2.10477516300125,6.700268745422363,0.22960065501604893,2.5458875552628393
36,26,1002191,1,42360404,0.00019637254807992693,1958,1956,2,0,10.665788797999994,6.729220867156982,0.05253532425270003,1.0173909005943251
36,27,1468121,1,42360405,0.00019637254807992693,2868,2866,2,0,15.614559952999116,6.74951696395874,0.06937970669221312,1.2685085171515178
36,28,556903,0,42360406,0.00019637254807992693,1088,1087,1,0,6.364175228000022,6.708473205566406,0.10281885843706877,1.5478642524220907
36,29,684357,0,42360407,0.00019637254807992693,1337,1334,3,0,7.762010410000585,6.7142157554626465,0.1253578723638669,1.7400967485007497
36,30,699268,1,42360408,0.00019637254807992693,1366,1364,2,0,7.566972032000194,6.7148871421813965,0.16819123298891128,2.2870055615377565
36,31,530503,1,42360409,0.00019637254807992693,1037,1034,3,0,5.7374816550000105,6.707285404205322,0.12714697360070115,1.7169655775885517
36,32,536534,0,42360410,0.00019637254807992693,1048,1047,1,0,5.904809851999744,6.707556247711182,0.06346257163323782,1.0723768523907593
36,33,473056,0,42360411,0.00019637254807992693,924,922,2,0,5.201388138999391,6.705271244049072,0.11120743658434026,1.613675529165537
36,34,968365,0,42360412,0.00019637254807992693,1892,1889,3,0,10.58234683900082,6.727005958557129,0.10449610518803351,1.8552936253060481
36,35,771613,1,42360413,0.00019637254807992693,1508,1506,2,0,8.341968411999915,6.71814489364624,0.10152640982294779,1.6937930245165174
36,36,552346,1,42360414,0.00019637254807992693,1079,1075,4,0,6.063323419999506,6.708268642425537,0.10172299407249273,1.9255057685319767
36,37,402818,0,42360415,0.00019637254807992693,787,785,2,0,4.693226818999392,6.702193260192871,0.15495565620956908,1.8998053095143312
36,38,662207,1,42360416,0.00019637254807992693,1294,1291,3,0,7.5279489629992895,6.714039325714111,0.14757394236617086,1.9939252290496707
36,39,691766,0,42360417,0.00019637254807992693,1352,1348,4,0,7.427523943000779,6.714547157287598,0.13280121438227352,1.9288409767943249
36,40,594939,1,42360418,0.00019637254807992693,1162,1159,3,0,6.528196404000482,6.710186004638672,0.1452044535547212,2.1719369304087577
36,41,1353286,0,42360419,0.00019637254807992693,2644,2641,3,0,14.204370400999323,6.745193004608154,0.07117807950904902,1.5257991283782184
36,42,1394572,1,42360420,0.00019637254807992693,2724,2720,4,0,14.735985878000065,6.746204853057861,0.10725544200224035,2.0982134650735293
36,43,1330480,1,42360421,0.00019637254807992693,2599,2597,2,0,14.092788357000245,6.743316650390625,0.08639021657915082,1.4883367151400655
36,44,1764530,1,42360422,0.00019637254807992693,3447,3445,2,0,18.867707666999195,6.762866973876953,0.054084487715722517,1.0375176461583817
36,45,1859325,1,42360423,0.00019637254807992693,3632,3629,3,0,19.886855558001116,6.76808500289917,0.033830934399972444,0.8362287330574882
36,46,210575,1,42360424,0.00019637254807992693,412,410,2,0,2.231431233998592,6.693522930145264,0.1833573504192073,2.0317683522294208
36,47,830115,1,42360425,0.00019637254807992693,1622,1619,3,0,9.02494966499944,6.7207794189453125,0.10750724505023355,1.6937375743128473
36,48,493865,1,42360426,0.00019637254807992693,965,961,4,0,5.474973935999515,6.706540107727051,0.09625576785402169,1.7281880294371097
36,49,589766,0,42360427,0.00019637254807992693,1152,1148,4,0,6.616255135000756,6.709954738616943,0.1341646839101971,2.2470773304796383
37,0,1666026,0,42370385,0.00017221105932064813,3254,3251,3,0,19.12617115500143,6.758430480957031,0.06435228369486072,1.3189065323650415
37,1,419109,1,42370386,0.00017221105932064813,819,816,3,0,4.5710547610015055,6.702804088592529,0.13471465017281326,2.0335331337124694
37,2,1452665,0,42370387,0.00017221105932064813,2838,2835,3,0,16.117125153001325,6.748819351196289,0.12585312508611662,2.118083629574515
37,3,1030182,1,42370388,0.00017221105932064813,2013,2009,4,0,11.075548121001702,6.730064392089844,0.08381146231120115,1.6897202335583623
37,4,255412,1,42370389,0.00017221105932064813,499,498,1,0,2.805428634999771,6.702278137207031,0.08059411259540114,1.1315862816500377
37,5,254243,0,42370390,0.00017221105932064813,497,494,3,0,2.805488513000455,6.696376323699951,0.166357696780309,2.1986051860608553
37,6,1507617,1,42370391,0.00017221105932064813,2945,2941,4,0,17.176869076000003,6.751296043395996,0.06262769442924387,1.4693669510795648
37,7,501937,0,42370392,0.00017221105932064813,981,979,2,0,5.5060934529992664,6.705997467041016,0.07604273639246441,1.4330759175098953
37,8,885547,1,42370393,0.00017221105932064813,1730,1728,2,0,9.608402068000942,6.723276138305664,0.05505281466024893,0.8793819568775318
37,9,1022203,0,42370394,0.00017221105932064813,1997,1993,4,0,10.988510728999245,6.729430198669434,0.1026035276299078,2.0676236456504014
37,10,906905,0,42370395,0.00017221105932064813,1772,1769,3,0,10.266731851999793,6.724238872528076,0.1619549757211878,2.411390064125212
37,11,2630929,0,42370396,0.00017221105932064813,5139,5134,5,0,29.68997817499985,6.80280065536499,0.04094477000754772,0.9535495593104791
37,12,785960,0,42370397,0.00017221105932064813,1536,1533,3,0,8.647542521001014,6.7187910079956055,0.08621069503157106,1.569103900389351
37,13,686747,1,42370398,0.00017221105932064813,1342,1341,1,0,7.394704362999619,6.714595794677734,0.055600268017614536,0.8864685104108407
37,14,655390,0,42370399,0.00017221105932064813,1281,1279,2,0,7.0123280079988035,6.71290922164917,0.10831703740791757,1.546587624150948
37,15,869343,0,42370400,0.00017221105932064813,1698,1694,4,0,9.280289113001345,6.722645282745361,0.06821813662190082,1.6174894330633856
37,16,713588,1,42370401,0.00017221105932064813,1394,1390,4,0,8.097600660999888,6.7155303955078125,0.1733900550458071,2.63941448403777
37,17,712456,0,42370402,0.00017221105932064813,1392,1390,2,0,8.019325258999743,6.715481281280518,0.11073407509344087,1.6877095393997301
37,18,583299,1,42370403,0.00017221105932064813,1140,1137,3,0,6.2417083000000275,6.7096638679504395,0.10686664698725745,1.547310673991315
37,19,1507452,0,42370404,0.00017221105932064813,2945,2942,3,0,17.31478719000006,6.751287460327148,0.043690140112819194,0.7679334649579368
37,20,920858,1,42370405,0.00017221105932064813,1799,1798,1,0,10.441788742000426,6.724867343902588,0.0765063123522664,1.3339764994959677
37,21,1063613,0,42370406,0.00017221105932064813,2078,2076,2,0,11.933362973999465,6.731295585632324,0.06514278404515143,1.0452856163069002
37,22,296017,0,42370407,0.00017221105932064813,579,578,1,0,3.365160104998722,6.69672155380249,0.1545457674970264,1.9341597507569204
37,23,349854,1,42370408,0.00017221105932064813,684,682,2,0,3.9777030170007492,6.699145793914795,0.11616576521976953,1.5528519705942998
37,24,747499,0,42370409,0.00017221105932064813,1460,1457,3,0,8.206676738998794,6.717058181762695,0.11740036900925489,1.938386413113418
37,25,199063,0,42370410,0.00017221105932064813,389,387,2,0,2.156258434000847,6.700268745422363,0.23750177033495842,2.659083482214955
37,26,1002191,1,42370411,0.00017221105932064813,1958,1956,2,0,10.908089081000071,6.729220867156982,0.05409723995653398,1.0562066388276456
37,27,1468121,1,42370412,0.00017221105932064813,2868,2866,2,0,16.686914736999825,6.74951696395874,0.07111944822855788,1.3009705313917481
37,28,556903,0,42370413,0.00017221105932064813,1088,1086,2,0,6.005299713999193,6.708473205566406,0.10569640242153329,1.621023834959139
37,29,684357,0,42370414,0.00017221105932064813,1337,1334,3,0,7.395384224000736,6.7142157554626465,0.1282045630322046,1.7995704296289354
37,30,699268,1,42370415,0.00017221105932064813,1366,1363,3,0,7.707207895000465,6.7148871421813965,0.17291416495666728,2.383640571980466
37,31,530503,1,42370416,0.00017221105932064813,1037,1034,3,0,5.876993641999434,6.707285404205322,0.12875547722644917,1.764341726985614
37,32,536534,0,42370417,0.00017221105932064813,1048,1046,2,0,5.886072596000304,6.707556247711182,0.06458047607888683,1.137743277030055
37,33,473056,0,42370418,0.00017221105932064813,924,922,2,0,5.041038031999051,6.705271244049072,0.11402316310659148,1.6928336253135168
37,34,968365,0,42370419,0.00017221105932064813,1892,1888,4,0,10.682868974001394,6.727005958557129,0.10839115563085523,1.9544765666379766
37,35,771613,1,42370420,0.00017221105932064813,1508,1505,3,0,8.332883346000017,6.71814489364624,0.1028900146484375,1.7524162621989203
37,36,552346,1,42370421,0.00017221105932064813,1079,1075,4,0,6.156252175000191,6.708268642425537,0.10560617136400799,2.081840706758721
37,37,402818,0,42370422,0.00017221105932064813,787,785,2,0,4.401256807001118,6.702193260192871,0.16091645842145202,1.9845673579319267
37,38,662207,1,42370423,0.00017221105932064813,1294,1291,3,0,7.049543522000022,6.714039325714111,0.15158112966949674,2.081057145926123
37,39,691766,0,42370424,0.00017221105932064813,1352,1349,3,0,7.541355940000358,6.714547157287598,0.13479333740415353,1.9968489752247034
37,40,594939,1,42370425,0.00017221105932064813,1162,1159,3,0,6.336896611999691,6.710186004638672,0.14998568122607042,2.296156480869823
37,41,1353286,0,42370426,0.00017221105932064813,2644,2641,3,0,14.717599949999567,6.745193004608154,0.0726969790070493,1.5821131540491291
37,42,1394572,1,42370427,0.00017221105932064813,2724,2720,4,0,15.21594560900121,6.746204853057861,0.10969546822940603,2.2106129365808824
37,43,1330480,1,42370428,0.00017221105932064813,2599,2597,2,0,14.676121753000189,6.743316650390625,0.08851796863718954,1.5373713772802753
37,44,1764530,1,42370429,0.00017221105932064813,3447,3445,2,0,20.207846018000055,6.762866973876953,0.054854106487833364,1.0782641849600871
37,45,1859325,1,42370430,0.00017221105932064813,3632,3629,3,0,20.56684811100058,6.76808500289917,0.034866835467248426,0.8648187506458391
37,46,210575,1,42370431,0.00017221105932064813,412,410,2,0,2.287529600000198,6.693522930145264,0.1891635429568407,2.100186678258384
37,47,830115,1,42370432,0.00017221105932064813,1622,1619,3,0,8.939608012999088,6.7207794189453125,0.10964650088729057,1.760191627017063
37,48,493865,1,42370433,0.00017221105932064813,965,961,4,0,5.260063023999464,6.706540107727051,0.09980979546299834,1.825854568402055
37,49,589766,0,42370434,0.00017221105932064813,1152,1149,3,0,6.493865434998952,6.709954738616943,0.1392587474162315,2.3760296827404264
38,0,1666026,0,42380392,0.00014941707170162489,3254,3251,3,0,18.29669485699924,6.758430480957031,0.06602438601373856,1.3846861722835282
38,1,419109,1,42380393,0.00014941707170162489,819,817,2,0,4.767397960999006,6.702804088592529,0.13990579182544274,2.156504898351438
38,2,1452665,0,42380394,0.00014941707170162489,2838,2834,4,0,16.299552906999452,6.748819351196289,0.12890287949825224,2.2201855537667607
38,3,1030182,1,42380395,0.00014941707170162489,2013,2009,4,0,11.064602075000948,6.730064392089844,0.08628040881463103,1.7625103537985316
38,4,255412,1,42380396,0.00014941707170162489,499,498,1,0,2.712862361000589,6.702278137207031,0.08397905893593907,1.1883227490038277
38,5,254243,0,42380397,0.00014941707170162489,497,494,3,0,2.713516706999144,6.696376323699951,0.17237929680086822,2.338994941248102
38,6,1507617,1,42380398,0.00014941707170162489,2945,2941,4,0,16.294126602000688,6.751296043395996,0.06474039077110251,1.5442883213617817
38,7,501937,0,42380399,0.00014941707170162489,981,979,2,0,5.776428455999849,6.705997467041016,0.0785617224407878,1.5343392891343208
38,8,885547,1,42380400,0.00014941707170162489,1730,1728,2,0,9.582362143000864,6.723276138305664,0.05696663591596815,0.9058062941939743
38,9,1022203,0,42380401,0.00014941707170162489,1997,1993,4,0,10.899219249000453,6.729430198669434,0.10507741144298012,2.13662761069995
38,10,906905,0,42380402,0.00014941707170162489,1772,1769,3,0,10.088394607000737,6.724238872528076,0.16724686867911778,2.535849614895421
38,11,2630929,0,42380403,0.00014941707170162489,5139,5134,5,0,28.476024850000613,6.80280065536499,0.04169831463554094,0.9945876296503701
38,12,785960,0,42380404,0.00014941707170162489,1536,1534,2,0,8.56788382599916,6.7187910079956055,0.08945182591404723,1.6417866573806226
38,13,686747,1,42380405,0.00014941707170162489,1342,1341,1,0,7.533555288000571,6.714595794677734,0.05696002980117741,0.9202145342503263
38,14,655390,0,42380406,0.00014941707170162489,1281,1279,2,0,7.114789255001597,6.71290922164917,0.1127762186797547,1.5769587942545447
38,15,869343,0,42380407,0.00014941707170162489,1698,1694,4,0,9.350117268000758,6.722645282745361,0.07154557949818292,1.7036630029239226
38,16,713588,1,42380408,0.00014941707170162489,1394,1390,4,0,7.671025891999307,6.7155303955078125,0.17856294920118593,2.787681788163219
38,17,712456,0,42380409,0.00014941707170162489,1392,1390,2,0,7.89700860999983,6.715481281280518,0.11390807885917828,1.798988309352518
38,18,583299,1,42380410,0.00014941707170162489,1140,1137,3,0,6.2650077670004976,6.7096638679504395,0.10912441766985488,1.6378533489995601
38,19,1507452,0,42380411,0.00014941707170162489,2945,2943,2,0,16.23716234800122,6.751287460327148,0.04402725266389526,0.7964627067936629
38,20,920858,1,42380412,0.00014941707170162489,1799,1797,2,0,10.211847042000954,6.724867343902588,0.07803510306076533,1.40343022333229
38,21,1063613,0,42380413,0.00014941707170162489,2078,2076,2,0,11.529307527000128,6.731295585632324,0.06612546182092215,1.0797207341717847
38,22,296017,0,42380414,0.00014941707170162489,579,577,2,0,3.1736809610010823,6.69672155380249,0.16428122693992364,2.062832149723787
38,23,349854,1,42380415,0.00014941707170162489,684,682,2,0,3.719381708000583,6.699145793914795,0.121261518372119,1.614198030264846
38,24,747499,0,42380416,0.00014941707170162489,1460,1457,3,0,8.06951920100073,6.717058181762695,0.12087192679400631,2.006383514927934
38,25,199063,0,42380417,0.00014941707170162489,389,387,2,0,2.120818526998846,6.700268745422363,0.24631068503209788,2.792698744347545
38,26,1002191,1,42380418,0.00014941707170162489,1958,1956,2,0,10.630648981001286,6.729220867156982,0.055237354676416314,1.094361474908934
38,27,1468121,1,42380419,0.00014941707170162489,2868,2866,2,0,16.201738706999095,6.74951696395874,0.07345537929707945,1.3355948853476098
38,28,556903,0,42380420,0.00014941707170162489,1088,1087,1,0,5.983231050000541,6.708473205566406,0.10988209153274495,1.6924002190303014
38,29,684357,0,42380421,0.00014941707170162489,1337,1334,3,0,7.6040565539988165,6.7142157554626465,0.13210384706328476,1.8694199043056596
38,30,699268,1,42380422,0.00014941707170162489,1366,1364,2,0,7.923158225001316,6.7148871421813965,0.17750636573411152,2.467219288398094
38,31,530503,1,42380423,0.00014941707170162489,1037,1034,3,0,5.7575541229998635,6.707285404205322,0.13318806690680912,1.8469127308238635
38,32,536534,0,42380424,0.00014941707170162489,1048,1047,1,0,5.849916858000142,6.707556247711182,0.06622393880441514,1.1526560961004657
38,33,473056,0,42380425,0.00014941707170162489,924,922,2,0,5.109436663999077,6.705271244049072,0.11751275052217496,1.7534072445685331
38,34,968365,0,42380426,0.00014941707170162489,1892,1889,3,0,10.501044376000209,6.727005958557129,0.11213422364315197,2.03427313041788
38,35,771613,1,42380427,0.00014941707170162489,1508,1506,2,0,8.583955938000145,6.71814489364624,0.1054715768274558,1.8044010481511454
38,36,552346,1,42380428,0.00014941707170162489,1079,1075,4,0,6.10166283900071,6.708268642425537,0.11039729628452034,2.1492048964389534
38,37,402818,0,42380429,0.00014941707170162489,787,785,2,0,4.436794572999133,6.702193260192871,0.16342281657419386,2.0774331645601114
38,38,662207,1,42380430,0.00014941707170162489,1294,1291,3,0,7.3505321979992,6.714039325714111,0.1556787941457688,2.169841881596146
38,39,691766,0,42380431,0.00014941707170162489,1352,1349,3,0,7.829571983000278,6.714547157287598,0.13962109836496364,2.091717063276038
38,40,594939,1,42380432,0.00014941707170162489,1162,1159,3,0,6.448149688001649,6.710186004638672,0.15514902373240672,2.374128550676769
38,41,1353286,0,42380433,0.00014941707170162489,2644,2641,3,0,14.698828634000165,6.745193004608154,0.07455454735718005,1.6398248177773571
38,42,1394572,1,42380434,0.00014941707170162489,2724,2720,4,0,15.198282855000798,6.746204853057861,0.11379256528966566,2.309449319278493
38,43,1330480,1,42380435,0.00014941707170162489,2599,2596,3,0,14.238201736001429,6.743316650390625,0.0912825256723836,1.5964953594472264
38,44,1764530,1,42380436,0.00014941707170162489,3447,3445,2,0,19.18925486599983,6.762866973876953,0.056244432424426255,1.111560926728048
38,45,1859325,1,42380437,0.00014941707170162489,3632,3629,3,0,20.125319723998473,6.76808500289917,0.036195685102053336,0.9081892663698677
38,46,210575,1,42380438,0.00014941707170162489,412,410,2,0,2.2404271100003825,6.693522930145264,0.19615052386028012,2.181511260241997
38,47,830115,1,42380439,0.00014941707170162489,1622,1619,3,0,8.891931493000811,6.7207794189453125,0.11258259726719329,1.815721027640519
38,48,493865,1,42380440,0.00014941707170162489,965,961,4,0,5.55418568999994,6.706540107727051,0.10457355447663973,1.956222359521332
38,49,589766,0,42380441,0.00014941707170162489,1152,1149,3,0,6.390981930000635,6.709954738616943,0.14339673446509194,2.4427731400266537
39,0,1666026,0,42390399,0.00012808425060727857,3254,3251,3,0,17.94639676099905,6.758430480957031,0.06712432833166718,1.4342661693036758
39,1,419109,1,42390400,0.00012808425060727857,819,817,2,0,4.40741839400107,6.702804088592529,0.14638212990731622,2.2340521187939872
39,2,1452665,0,42390401,0.00012808425060727857,2838,2835,3,0,15.64626231299917,6.748819351196289,0.1327951259713955,2.2886756641313935
39,3,1030182,1,42390402,0.00012808425060727857,2013,2009,4,0,11.170972026000527,6.730064392089844,0.08853363599155363,1.8403898764155053
39,4,255412,1,42390403,0.00012808425060727857,499,498,1,0,2.7656704299988633,6.702278137207031,0.08748543214606473,1.2587806058217244
39,5,254243,0,42390404,0.00012808425060727857,497,495,2,0,2.7192412479998893,6.696376323699951,0.18144235321969698,2.4697825422190656
39,6,1507617,1,42390405,0.00012808425060727857,2945,2941,4,0,16.040375304000918,6.751296043395996,0.06683236504444173,1.6106882623894934
39,7,501937,0,42390406,0.00012808425060727857,981,978,3,0,5.456810986999699,6.705997467041016,0.08151585241524476,1.588838604574067
39,8,885547,1,42390407,0.00012808425060727857,1730,1728,2,0,9.726626026000304,6.723276138305664,0.05777271588643392,0.9346975397180628
39,9,1022203,0,42390408,0.00012808425060727857,1997,1993,4,0,11.372988473000078,6.729430198669434,0.11138465831582413,2.2791841758655296
39,10,906905,0,42390409,0.00012808425060727857,1772,1769,3,0,9.793201600999964,6.724238872528076,0.17296302325311794,2.643257136800452
39,11,2630929,0,42390410,0.00012808425060727857,5139,5134,5,0,28.834169103998647,6.80280065536499,0.04340269224718939,1.034852667267238
39,12,785960,0,42390411,0.00012808425060727857,1536,1533,3,0,8.996982548998858,6.7187910079956055,0.09132664948604656,1.6800837308382257
39,13,686747,1,42390412,0.00012808425060727857,1342,1341,1,0,7.7455348820003564,6.714595794677734,0.05807002989948907,0.9540570491645693
39,14,655390,0,42390413,0.00012808425060727857,1281,1279,2,0,6.952162477999082,6.71290922164917,0.11514470724504007,1.646193467797107
39,15,869343,0,42390414,0.00012808425060727857,1698,1694,4,0,9.554743085000155,6.722645282745361,0.0748148696340946,1.7987982919956464
39,16,713588,1,42390415,0.00012808425060727857,1394,1390,4,0,7.987510561999443,6.7155303955078125,0.18489808007109937,2.891987972122302
39,17,712456,0,42390416,0.00012808425060727857,1392,1390,2,0,7.985089257999789,6.715481281280518,0.11691904411041479,1.8460328026641186
39,18,583299,1,42390417,0.00012808425060727857,1140,1137,3,0,6.396599065999908,6.7096638679504395,0.11207122936936566,1.717884986360763
39,19,1507452,0,42390418,0.00012808425060727857,2945,2942,3,0,16.221151441000984,6.751287460327148,0.04456186197308113,0.8148598324109875
39,20,920858,1,42390419,0.00012808425060727857,1799,1797,2,0,9.823192693000237,6.724867343902588,0.08008506235707516,1.445743991722315
39,21,1063613,0,42390420,0.00012808425060727857,2078,2076,2,0,11.69242568899972,6.731295585632324,0.06790400010772293,1.1215907337578275
39,22,296017,0,42390421,0.00012808425060727857,579,577,2,0,3.2695032430001447,6.69672155380249,0.1702069525495559,2.123314921942699
39,23,349854,1,42390422,0.00012808425060727857,684,682,2,0,3.748157448000711,6.699145793914795,0.12633239209127567,1.7092448035992485
39,24,747499,0,42390423,0.00012808425060727857,1460,1456,4,0,8.47209400200154,6.717058181762695,0.12498759175394918,2.0995451539427368
39,25,199063,0,42390424,0.00012808425060727857,389,386,3,0,2.1729925950003235,6.700268745422363,0.25555872546576464,2.910653069846988
39,26,1002191,1,42390425,0.00012808425060727857,1958,1956,2,0,11.062936269001511,6.729220867156982,0.056743103058547815,1.1589306790404525
39,27,1468121,1,42390426,0.00012808425060727857,2868,2866,2,0,15.726853131998723,6.74951696395874,0.07542854942646546,1.394407475984604
39,28,556903,0,42390427,0.00012808425060727857,1088,1087,1,0,6.1887590059996,6.708473205566406,0.1145341622248196,1.7610534836419043
39,29,684357,0,42390428,0.00012808425060727857,1337,1334,3,0,7.609319461000268,6.7142157554626465,0.13635852133137533,1.9523354777689281
39,30,699268,1,42390429,0.00012808425060727857,1366,1364,2,0,7.653218036999533,6.7148871421813965,0.18281715146956906,2.594446624129399
39,31,530503,1,42390430,0.00012808425060727857,1037,1034,3,0,5.687179429000025,6.707285404205322,0.13708919621067306,1.9433533541238515
39,32,536534,0,42390431,0.00012808425060727857,1048,1047,1,0,5.6950887630009674,6.707556247711182,0.06747832931329095,1.225434020005074
39,33,473056,0,42390432,0.00012808425060727857,924,922,2,0,4.946540597000421,6.705271244049072,0.12259093179102834,1.8132908090852087
39,34,968365,0,42390433,0.00012808425060727857,1892,1888,4,0,10.5214781149989,6.727005958557129,0.11628135584168516,2.149130352472855
39,35,771613,1,42390434,0.00012808425060727857,1508,1505,3,0,8.781620101000954,6.71814489364624,0.10760753542877907,1.8790444611710964
39,36,552346,1,42390435,0.00012808425060727857,1079,1075,4,0,6.050863050999396,6.708268642425537,0.11724348911019258,2.329848746366279
39,37,402818,0,42390436,0.00012808425060727857,787,785,2,0,4.368469656999878,6.702193260192871,0.16758267347979697,2.1624337554737263
39,38,662207,1,42390437,0.00012808425060727857,1294,1291,3,0,7.155201735000446,6.714039325714111,0.1603087433357741,2.2790099955823973
39,39,691766,0,42390438,0.00012808425060727857,1352,1348,4,0,7.740925062000315,6.714547157287598,0.14357844729098085,2.1752562027656714
39,40,594939,1,42390439,0.00012808425060727857,1162,1159,3,0,6.304697740999472,6.710186004638672,0.16064407045826817,2.504136277232528
39,41,1353286,0,42390440,0.00012808425060727857,2644,2641,3,0,14.788817590999315,6.745193004608154,0.07699698202991882,1.7374317034858955
39,42,1394572,1,42390441,0.00012808425060727857,2724,2720,4,0,15.183268353999665,6.746204853057861,0.11769578597124886,2.408748851102941
39,43,1330480,1,42390442,0.00012808425060727857,2599,2597,2,0,14.631828988000052,6.743316650390625,0.09527628431882039,1.634960411051213
39,44,1764530,1,42390443,0.00012808425060727857,3447,3444,3,0,19.255782062000435,6.762866973876953,0.058107001717774574,1.1694451486053643
39,45,1859325,1,42390444,0.00012808425060727857,3632,3629,3,0,20.18670832799944,6.76808500289917,0.03770725968193502,0.9496108954128203
39,46,210575,1,42390445,0.00012808425060727857,412,411,1,0,2.361516902999938,6.693522930145264,0.20107263718208257,2.311132871901612
39,47,830115,1,42390446,0.00012808425060727857,1622,1619,3,0,9.280524575999152,6.7207794189453125,0.11693091860813001,1.9188427704215565
39,48,493865,1,42390447,0.00012808425060727857,965,960,5,0,5.170645174001038,6.706540107727051,0.10845715999603271,2.0853684743245444
39,49,589766,0,42390448,0.00012808425060727857,1152,1149,3,0,6.483828451000591,6.709954738616943,0.14780761346908317,2.5424636827540255
40,0,1666026,0,42400406,0.00010830025717536152,3254,3251,3,0,18.02143459799845,6.758430480957031,0.06922581701123212,1.497342314143725
40,1,419109,1,42400407,0.00010830025717536152,819,816,3,0,4.485715281998637,6.702804088592529,0.15174295388016046,2.3636200848747704
40,2,1452665,0,42400408,0.00010830025717536152,2838,2834,4,0,15.8411852549998,6.748819351196289,0.13651421546263012,2.379804246427311
40,3,1030182,1,42400409,0.00010830025717536152,2013,2009,4,0,11.40478438899845,6.730064392089844,0.0922540082689421,1.9770721693784221
40,4,255412,1,42400410,0.00010830025717536152,499,497,2,0,2.8623667510000814,6.702278137207031,0.09050612574372013,1.3041060081190265
40,5,254243,0,42400411,0.00010830025717536152,497,495,2,0,2.8244925910003076,6.696376323699951,0.18897507792771465,2.5818095505839644
40,6,1507617,1,42400412,0.00010830025717536152,2945,2941,4,0,16.087499410999953,6.751296043395996,0.07023987937078958,1.6843260888622067
40,7,501937,0,42400413,0.00010830025717536152,981,979,2,0,5.765501250998568,6.705997467041016,0.08591651332025264,1.6693787306882022
40,8,885547,1,42400414,0.00010830025717536152,1730,1729,1,0,9.457834187000117,6.723276138305664,0.0606480428012828,0.9666178997297933
40,9,1022203,0,42400415,0.00010830025717536152,1997,1993,4,0,11.434898665998844,6.729430198669434,0.11851061233849725,2.4532979686716008
40,10,906905,0,42400416,0.00010830025717536152,1772,1769,3,0,9.732833295000091,6.724238872528076,0.1806445857641588,2.7865200700431036
40,11,2630929,0,42400417,0.00010830025717536152,5139,5134,5,0,28.45443335299933,6.80280065536499,0.04594551862145287,1.1058980646791001
40,12,785960,0,42400418,0.00010830025717536152,1536,1533,3,0,8.646716100000049,6.7187910079956055,0.09612147262185054,1.747112993313764
40,13,686747,1,42400419,0.00010830025717536152,1342,1340,2,0,7.447424488000252,6.714595794677734,0.05980797952680445,1.0064157969916045
40,14,655390,0,42400420,0.00010830025717536152,1281,1279,2,0,7.4529948990002595,6.71290922164917,0.1193085671216832,1.703449884553362
40,15,869343,0,42400421,0.00010830025717536152,1698,1694,4,0,9.500393336998968,6.722645282745361,0.07948183422246255,1.9156250576483176
40,16,713588,1,42400422,0.00010830025717536152,1394,1390,4,0,7.844002539999565,6.7155303955078125,0.1945343895781812,3.014947378035072
40,17,712456,0,42400423,0.00010830025717536152,1392,1390,2,0,7.796774310001638,6.715481281280518,0.12141303192797324,1.9277984838691546
40,18,583299,1,42400424,0.00010830025717536152,1140,1137,3,0,6.5702885139999125,6.7096638679504395,0.11504438495887616,1.7921623558775837
40,19,1507452,0,42400425,0.00010830025717536152,2945,2942,3,0,16.35303890099931,6.751287460327148,0.04526545708070881,0.8346890800263427
40,20,920858,1,42400426,0.00010830025717536152,1799,1798,1,0,10.030582051000238,6.724867343902588,0.0823580834173387,1.511490631952169
40,21,1063613,0,42400427,0.00010830025717536152,2078,2077,1,0,11.668581121999523,6.731295585632324,0.07001714655913352,1.1532415574596775
40,22,296017,0,42400428,0.00010830025717536152,579,577,2,0,3.196522709000419,6.69672155380249,0.179933954566149,2.223264485959164
40,23,349854,1,42400429,0.00010830025717536152,684,682,2,0,3.6918335239988664,6.699145793914795,0.13344610891034525,1.762542993092467
40,24,747499,0,42400430,0.00010830025717536152,1460,1456,4,0,8.07083588400019,6.717058181762695,0.130287841126159,2.2122715541294644
40,25,199063,0,42400431,0.00010830025717536152,389,387,2,0,2.084491829999024,6.700268745422363,0.26794100423807937,3.086081650213986
40,26,1002191,1,42400432,0.00010830025717536152,1958,1956,2,0,10.659574066999994,6.729220867156982,0.05983080795693739,1.2035517468286683
40,27,1468121,1,42400433,0.00010830025717536152,2868,2866,2,0,16.216780553999342,6.74951696395874,0.07848669612482555,1.4159939879732206
40,28,556903,0,42400434,0.00010830025717536152,1088,1086,2,0,6.142945032999705,6.708473205566406,0.1190449133323262,1.8390839016459484
40,29,684357,0,42400435,0.00010830025717536152,1337,1334,3,0,7.598036412000511,6.7142157554626465,0.14239022685312616,2.048477104221327
40,30,699268,1,42400436,0.00010830025717536152,1366,1364,2,0,7.367468245000055,6.7148871421813965,0.19016218884599523,2.682431755177786
40,31,530503,1,42400437,0.00010830025717536152,1037,1033,4,0,5.832170898000186,6.707285404205322,0.1415846345500817,2.04406773732454
40,32,536534,0,42400438,0.00010830025717536152,1048,1047,1,0,5.934578598998996,6.707556247711182,0.07042509732979645,1.2758209607434934
40,33,473056,0,42400439,0.00010830025717536152,924,922,2,0,4.985112373000447,6.705271244049072,0.1278139060593479,1.8935816965496204
40,34,968365,0,42400440,0.00010830025717536152,1892,1889,3,0,10.492203013000108,6.727005958557129,0.12239584410360971,2.2735817355412915
40,35,771613,1,42400441,0.00010830025717536152,1508,1505,3,0,8.534819543001504,6.71814489364624,0.11108866846838662,1.9732595450062291
40,36,552346,1,42400442,0.00010830025717536152,1079,1075,4,0,6.101774297998418,6.708268642425537,0.1236319324582122,2.4633732285610463
40,37,402818,0,42400443,0.00010830025717536152,787,785,2,0,4.440613207998467,6.702193260192871,0.1755495885375199,2.25516302995621
40,38,662207,1,42400444,0.00010830025717536152,1294,1291,3,0,7.471378181999171,6.714039325714111,0.16709600872627808,2.4241885680915956
40,39,691766,0,42400445,0.00010830025717536152,1352,1348,4,0,7.3631607859988435,6.714547157287598,0.14879970380743462,2.2708684089275777
40,40,594939,1,42400446,0.00010830025717536152,1162,1159,3,0,6.590630537999459,6.710186004638672,0.168980622312136,2.646723460081428
40,41,1353286,0,42400447,0.00010830025717536152,2644,2641,3,0,14.749469316999239,6.745193004608154,0.08046132224565743,1.8218671978535592
40,42,1394572,1,42400448,0.00010830025717536152,2724,2719,5,0,14.931865265998567,6.746204853057861,0.12299801769305696,2.5600822984668077
40,43,1330480,1,42400449,0.00010830025717536152,2599,2596,3,0,14.558937798001352,6.743316650390625,0.09933369405831688,1.7241404670045262
40,44,1764530,1,42400450,0.00010830025717536152,3447,3445,2,0,19.140049780999107,6.762866973876953,0.05994876590280297,1.216292719294267
40,45,1859325,1,42400451,0.00010830025717536152,3632,3629,3,0,19.90644759299903,6.76808500289917,0.03883989154881898,0.989068971845722
40,46,210575,1,42400452,0.00010830025717536152,412,410,2,0,2.28003788299975,6.693522930145264,0.2085550819955221,2.422443669016768
40,47,830115,1,42400453,0.00010830025717536152,1622,1619,3,0,8.926939824999863,6.7207794189453125,0.12163928705207207,2.0210828021251546
40,48,493865,1,42400454,0.00010830025717536152,965,961,4,0,5.4136418889993365,6.706540107727051,0.11550137999154526,2.2702446182362124
40,49,589766,0,42400455,0.00010830025717536152,1152,1148,4,0,6.589691021999897,6.709954738616943,0.15688072762838223,2.686689955016877
41,0,1666026,0,42410413,9.01463880785389e-05,3254,3251,3,0,18.113631002999682,6.758430480957031,0.07179504319434164,1.5667191044582436
41,1,419109,1,42410414,9.01463880785389e-05,819,816,3,0,4.441196017000038,6.702804088592529,0.16111254224590227,2.524313833199295
41,2,1452665,0,42410415,9.01463880785389e-05,2838,2834,4,0,15.574575222999556,6.748819351196289,0.14225795963909227,2.5270403402324453
41,3,1030182,1,42410416,9.01463880785389e-05,2013,2009,4,0,10.92356670799927,6.730064392089844,0.09624056248833375,2.0616495788483076
41,4,255412,1,42410417,9.01463880785389e-05,499,498,1,0,2.765829953999855,6.702278137207031,0.094379915291047,1.3863671237685116
41,5,254243,0,42410418,9.01463880785389e-05,497,494,3,0,2.826386905999243,6.696376323699951,0.19828034991677473,2.7339541786595394
41,6,1507617,1,42410419,9.01463880785389e-05,2945,2941,4,0,16.42262982199827,6.751296043395996,0.0740094955013707,1.7858640170753994
41,7,501937,0,42410420,9.01463880785389e-05,981,979,2,0,5.255027511000662,6.705997467041016,0.09111249726931579,1.7782310353358017
41,8,885547,1,42410421,9.01463880785389e-05,1730,1728,2,0,9.60310530499919,6.723276138305664,0.062137851008662474,1.0032975232159649
41,9,1022203,0,42410422,9.01463880785389e-05,1997,1992,5,0,11.184379226999226,6.729430198669434,0.1269147099261303,2.6083557864269578
41,10,906905,0,42410423,9.01463880785389e-05,1772,1769,3,0,9.74671401500018,6.724238872528076,0.1908674223939196,2.9857564853907577
41,11,2630929,0,42410424,9.01463880785389e-05,5139,5135,4,0,28.44407160799892,6.80280065536499,0.04828954769086234,1.1845467304649464
41,12,785960,0,42410425,9.01463880785389e-05,1536,1534,2,0,8.473374573999536,6.7187910079956055,0.09873726657036852,1.8089959295041558
41,13,686747,1,42410426,9.01463880785389e-05,1342,1341,1,0,7.360193803000584,6.714595794677734,0.0615095839760003,1.068252961729819
41,14,655390,0,42410427,9.01463880785389e-05,1281,1279,2,0,7.22195983399979,6.71290922164917,0.1245926535623534,1.7835505338643471
41,15,869343,0,42410428,9.01463880785389e-05,1698,1694,4,0,9.528326387000561,6.722645282745361,0.08509043904093953,2.056663251964655
41,16,713588,1,42410429,9.01463880785389e-05,1394,1390,4,0,7.38142848499956,6.7155303955078125,0.20391397819244605,3.2483191181429856
41,17,712456,0,42410430,9.01463880785389e-05,1392,1389,3,0,7.5829989689991635,6.715481281280518,0.12739555298466748,2.05261291987266
41,18,583299,1,42410431,9.01463880785389e-05,1140,1136,4,0,6.435681643999487,6.7096638679504395,0.11893770728312747,1.8977478457168795
41,19,1507452,0,42410432,9.01463880785389e-05,2945,2942,3,0,16.49526137400062,6.751287460327148,0.046195874969461675,0.8571181514488443
41,20,920858,1,42410433,9.01463880785389e-05,1799,1798,1,0,9.830099012000574,6.724867343902588,0.08561174437254501,1.5706254833930062
41,21,1063613,0,42410434,9.01463880785389e-05,2078,2077,1,0,11.522768614999222,6.731295585632324,0.07233368346021907,1.19867134369734
41,22,296017,0,42410435,9.01463880785389e-05,579,577,2,0,3.2185337009996147,6.69672155380249,0.19238581401223326,2.3589102019470323
41,23,349854,1,42410436,9.01463880785389e-05,684,682,2,0,3.779998351001268,6.699145793914795,0.1409971734995017,1.874112752875275
41,24,747499,0,42410437,9.01463880785389e-05,1460,1456,4,0,8.013584070000434,6.717058181762695,0.1372678463275616,2.3434926127339457
41,25,199063,0,42410438,9.01463880785389e-05,389,387,2,0,2.126096227000744,6.700268745422363,0.2822305250537488,3.328509190285853
41,26,1002191,1,42410439,9.01463880785389e-05,1958,1955,3,0,11.13673347599979,6.729220867156982,0.061276514389935664,1.2287924842151534
41,27,1468121,1,42410440,9.01463880785389e-05,2868,2866,2,0,15.83555237300061,6.74951696395874,0.08191418431475707,1.4623991067144975
41,28,556903,0,42410441,9.01463880785389e-05,1088,1086,2,0,5.984894735000125,6.708473205566406,0.12536016924385646,1.9410503801939456
41,29,684357,0,42410442,9.01463880785389e-05,1337,1334,3,0,7.154802052000377,6.7142157554626465,0.14909218669473856,2.158284932240911
41,30,699268,1,42410443,9.01463880785389e-05,1366,1364,2,0,7.458011019998594,6.7148871421813965,0.1991237069854289,2.8138579874793805
41,31,530503,1,42410444,9.01463880785389e-05,1037,1034,3,0,5.537188461999904,6.707285404205322,0.1476340524463174,2.134967973661146
41,32,536534,0,42410445,9.01463880785389e-05,1048,1047,1,0,5.842497670999364,6.707556247711182,0.07279364905589632,1.3360650500686486
41,33,473056,0,42410446,9.01463880785389e-05,924,922,2,0,5.3553319860002375,6.705271244049072,0.13339620660546028,1.9662118113221936
41,34,968365,0,42410447,9.01463880785389e-05,1892,1888,4,0,10.548639579999872,6.727005958557129,0.12922382354736328,2.4212261135295288
41,35,771613,1,42410448,9.01463880785389e-05,1508,1505,3,0,8.35162722899986,6.71814489364624,0.11451832717439266,2.0340471540178573
41,36,552346,1,42410449,9.01463880785389e-05,1079,1075,4,0,5.964832734000083,6.708268642425537,0.1314785269803779,2.687314680232558
41,37,402818,0,42410450,9.01463880785389e-05,787,785,2,0,4.33593261399983,6.702193260192871,0.18195421741266918,2.3491706993929142
41,38,662207,1,42410451,9.01463880785389e-05,1294,1291,3,0,7.205348399998911,6.714039325714111,0.17243329911708463,2.5295457433675446
41,39,691766,0,42410452,9.01463880785389e-05,1352,1349,3,0,7.527289343999655,6.714547157287598,0.15507831955238835,2.415026755930319
41,40,594939,1,42410453,9.01463880785389e-05,1162,1158,4,0,6.221201286998621,6.710186004638672,0.17902400621272532,2.8835240497490284
41,41,1353286,0,42410454,9.01463880785389e-05,2644,2641,3,0,14.425059877999956,6.745193004608154,0.08441568856345845,1.938972978689417
41,42,1394572,1,42410455,9.01463880785389e-05,2724,2720,4,0,14.625073457998951,6.746204853057861,0.12901517082663144,2.697577442842371
41,43,1330480,1,42410456,9.01463880785389e-05,2599,2597,2,0,14.377614582001115,6.743316650390625,0.10497957566723623,1.795249589369946
41,44,1764530,1,42410457,9.01463880785389e-05,3447,3445,2,0,19.109131369999886,6.762866973876953,0.0624583472707275,1.2701109511066764
41,45,1859325,1,42410458,9.01463880785389e-05,3632,3629,3,0,19.910171359999367,6.76808500289917,0.04090835096160056,1.0408029690298637
41,46,210575,1,42410459,9.01463880785389e-05,412,410,2,0,2.3457731990001776,6.693522930145264,0.21991279415967988,2.521549578410823
41,47,830115,1,42410460,9.01463880785389e-05,1622,1619,3,0,8.904998953999893,6.7207794189453125,0.1265900242542175,2.137137815347051
41,48,493865,1,42410461,9.01463880785389e-05,965,961,4,0,5.590496322000035,6.706540107727051,0.1224552912717059,2.4865781087408947
41,49,589766,0,42410462,9.01463880785389e-05,1152,1148,4,0,6.4351209409996954,6.709954738616943,0.16294718619423046,2.8253701239928137
42,0,1666026,0,42420420,7.369724145892235e-05,3254,3251,3,0,18.157627849001074,6.758430480957031,0.07455134091102977,1.6521316758305138
42,1,419109,1,42420421,7.369724145892235e-05,819,816,3,0,4.62532319499951,6.702804088592529,0.1690808090509153,2.6786525950712314
42,2,1452665,0,42420422,7.369724145892235e-05,2838,2835,3,0,15.871985609999683,6.748819351196289,0.14850805104304454,2.6284462150022048
42,3,1030182,1,42420423,7.369724145892235e-05,2013,2009,4,0,11.217136372999448,6.730064392089844,0.1005339938173726,2.1853949706788205
42,4,255412,1,42420424,7.369724145892235e-05,499,498,1,0,2.9219678549998207,6.702278137207031,0.09992813968275445,1.4439150645550953
42,5,254243,0,42420425,7.369724145892235e-05,497,494,3,0,2.9867423299983784,6.696376323699951,0.20921515646251107,2.8935381314049846
42,6,1507617,1,42420426,7.369724145892235e-05,2945,2941,4,0,16.330847097000515,6.751296043395996,0.07905571349661838,1.9026743069427916
42,7,501937,0,42420427,7.369724145892235e-05,981,978,3,0,5.534847934999561,6.705997467041016,0.09690065130378084,1.9399129481403374
42,8,885547,1,42420428,7.369724145892235e-05,1730,1727,3,0,9.531043293000039,6.723276138305664,0.06506825653058501,1.043626954255935
42,9,1022203,0,42420429,7.369724145892235e-05,1997,1992,5,0,11.002186255000197,6.729430198669434,0.1347890340659513,2.8168246717338103
42,10,906905,0,42420430,7.369724145892235e-05,1772,1769,3,0,9.723237063000852,6.724238872528076,0.2021761086109737,3.1422756059214247
42,11,2630929,0,42420431,7.369724145892235e-05,5139,5134,5,0,28.231396888000745,6.80280065536499,0.051207212144222344,1.2600144258862485
42,12,785960,0,42420432,7.369724145892235e-05,1536,1533,3,0,8.388040025998635,6.7187910079956055,0.10564828214502303,1.8890499505666993
42,13,686747,1,42420433,7.369724145892235e-05,1342,1341,1,0,7.548681492999094,6.714595794677734,0.06336746386500279,1.1098554527288405
42,14,655390,0,42420434,7.369724145892235e-05,1281,1279,2,0,7.4540557929994975,6.71290922164917,0.13151469167272406,1.8706157764855356
42,15,869343,0,42420435,7.369724145892235e-05,1698,1694,4,0,9.40686799300056,6.722645282745361,0.09048597027306855,2.2019566127232144
42,16,713588,1,42420436,7.369724145892235e-05,1394,1390,4,0,7.721559629999319,6.7155303955078125,0.21558368051652427,3.478002051483813
42,17,712456,0,42420437,7.369724145892235e-05,1392,1389,3,0,7.65293908500098,6.715481281280518,0.13425971210389107,2.157117059541487
42,18,583299,1,42420438,7.369724145892235e-05,1140,1137,3,0,6.231223411999963,6.7096638679504395,0.12432838513752612,2.016197667587401
42,19,1507452,0,42420439,7.369724145892235e-05,2945,2942,3,0,16.511275966999165,6.751287460327148,0.04729695064044177,0.8823410646190941
42,20,920858,1,42420440,7.369724145892235e-05,1799,1797,2,0,9.901170516001002,6.724867343902588,0.089227386627452,1.6391424944351698
42,21,1063613,0,42420441,7.369724145892235e-05,2078,2077,1,0,11.66880509800103,6.731295585632324,0.07525501793028933,1.2462639549229657
42,22,296017,0,42420442,7.369724145892235e-05,579,577,2,0,3.361203268999816,6.69672155380249,0.20802182837210248,2.5336770201473136
42,23,349854,1,42420443,7.369724145892235e-05,684,682,2,0,3.963485832000515,6.699145793914795,0.14929352477848354,1.954465625572764
42,24,747499,0,42420444,7.369724145892235e-05,1460,1456,4,0,8.237831121999989,6.717058181762695,0.14603111770126845,2.5183338542560953
42,25,199063,0,42420445,7.369724145892235e-05,389,387,2,0,2.2712219599998207,6.700268745422363,0.29702810045976663,3.4829079482598515
42,26,1002191,1,42420446,7.369724145892235e-05,1958,1956,2,0,10.689961620999384,6.729220867156982,0.06525757756457494,1.317233282608001
42,27,1468121,1,42420447,7.369724145892235e-05,2868,2866,2,0,15.979991788999541,6.74951696395874,0.08737491413337405,1.5272222759835137
42,28,556903,0,42420448,7.369724145892235e-05,1088,1086,2,0,5.996687085000303,6.708473205566406,0.13293271565305595,2.042924687787753
42,29,684357,0,42420449,7.369724145892235e-05,1337,1334,3,0,7.577269523000723,6.7142157554626465,0.1585008429623079,2.2637791211815967
42,30,699268,1,42420450,7.369724145892235e-05,1366,1363,3,0,7.545102043999577,6.7148871421813965,0.20833524394717534,2.9561655628095194
42,31,530503,1,42420451,7.369724145892235e-05,1037,1034,3,0,5.823575466998591,6.707285404205322,0.15481840388226095,2.258421434885759
42,32,536534,0,42420452,7.369724145892235e-05,1048,1046,2,0,5.825733228999525,6.707556247711182,0.07522340121734211,1.3763736994726936
42,33,473056,0,42420453,7.369724145892235e-05,924,922,2,0,5.394593392999013,6.705271244049072,0.1421876853562229,2.1241989963225327
42,34,968365,0,42420454,7.369724145892235e-05,1892,1888,4,0,10.356982244999017,6.727005958557129,0.1378117739144018,2.547124571719412
42,35,771613,1,42420455,7.369724145892235e-05,1508,1505,3,0,8.354300969000178,6.71814489364624,0.12041923041359531,2.127051916787791
42,36,552346,1,42420456,7.369724145892235e-05,1079,1075,4,0,5.92616611899939,6.708268642425537,0.14324109454487646,2.9599261900436047
42,37,402818,0,42420457,7.369724145892235e-05,787,785,2,0,4.501854262998677,6.702193260192871,0.18923230991242038,2.429633073746019
42,38,662207,1,42420458,7.369724145892235e-05,1294,1291,3,0,7.40306697699998,6.714039325714111,0.1818135776416356,2.726459435212529
42,39,691766,0,42420459,7.369724145892235e-05,1352,1349,3,0,7.402403312000388,6.714547157287598,0.16188573024288824,2.5292025849587656
42,40,594939,1,42420460,7.369724145892235e-05,1162,1158,4,0,6.542303135000111,6.710186004638672,0.19024563329825128,3.0415207726144216
42,41,1353286,0,42420461,7.369724145892235e-05,2644,2641,3,0,14.495609184999921,6.745193004608154,0.08998354616060442,2.063679566215449
42,42,1394572,1,42420462,7.369724145892235e-05,2724,2720,4,0,15.219762628001263,6.746204853057861,0.1368912752936868,2.8572358972886027
42,43,1330480,1,42420463,7.369724145892235e-05,2599,2597,2,0,14.128641001998403,6.743316650390625,0.11209674022911051,1.9130139268266269
42,44,1764530,1,42420464,7.369724145892235e-05,3447,3445,2,0,18.994563222999204,6.762866973876953,0.06526720907933826,1.3322104045718433
42,45,1859325,1,42420465,7.369724145892235e-05,3632,3629,3,0,19.741927153998404,6.76808500289917,0.04340219379423998,1.1071533808599132
42,46,210575,1,42420466,7.369724145892235e-05,412,410,2,0,2.475852761999704,6.693522930145264,0.23268628004120617,2.6396472465701217
42,47,830115,1,42420467,7.369724145892235e-05,1622,1619,3,0,8.916213358999812,6.7207794189453125,0.13319883293542986,2.267526703163604
42,48,493865,1,42420468,7.369724145892235e-05,965,961,4,0,5.508040483999139,6.706540107727051,0.13169723494864155,2.7414677805508583
42,49,589766,0,42420469,7.369724145892235e-05,1152,1148,4,0,6.319309313999838,6.709954738616943,0.17285798235637387,2.976314106054007
43,0,1666026,0,42430427,5.902041038830258e-05,3254,3251,3,0,18.205985411001166,6.758430480957031,0.07830076942220904,1.7525510479948478
43,1,419109,1,42430428,5.902041038830258e-05,819,816,3,0,4.744900341000175,6.702804088592529,0.17895283418543198,2.8588113223805145
43,2,1452665,0,42430429,5.902041038830258e-05,2838,2834,4,0,16.025584246999642,6.748819351196289,0.15689066454147738,2.8220580107070394
43,3,1030182,1,42430430,5.902041038830258e-05,2013,2009,4,0,11.315092503000415,6.730064392089844,0.10668303516743016,2.347745205170483
43,4,255412,1,42430431,5.902041038830258e-05,499,498,1,0,2.773886406999736,6.702278137207031,0.10380839918511939,1.5128793984531876
43,5,254243,0,42430432,5.902041038830258e-05,497,494,3,0,2.726593208999475,6.696376323699951,0.22362967734394767,3.121923531597925
43,6,1507617,1,42430433,5.902041038830258e-05,2945,2941,4,0,16.192366205001235,6.751296043395996,0.0857024752173607,2.0377042446765556
43,7,501937,0,42430434,5.902041038830258e-05,981,978,3,0,5.387253838000106,6.705997467041016,0.10471591286376454,2.0658377118881006
43,8,885547,1,42430435,5.902041038830258e-05,1730,1728,2,0,9.370642505000433,6.723276138305664,0.06854927098309552,1.0959161122639973
43,9,1022203,0,42430436,5.902041038830258e-05,1997,1992,5,0,11.34900123999978,6.729430198669434,0.14812899976370325,3.0319069245732932
43,10,906905,0,42430437,5.902041038830258e-05,1772,1769,3,0,9.869781432000309,6.724238872528076,0.21563712077466965,3.3475938692410967
43,11,2630929,0,42430438,5.902041038830258e-05,5139,5134,5,0,29.0145362559997,6.80280065536499,0.05506584307169422,1.364061796205444
43,12,785960,0,42430439,5.902041038830258e-05,1536,1533,3,0,8.399032190998696,6.7187910079956055,0.110918626082309,1.9791136341629973
43,13,686747,1,42430440,5.902041038830258e-05,1342,1341,1,0,7.35833219000051,6.714595794677734,0.06590062197600613,1.1754723875314597
43,14,655390,0,42430441,5.902041038830258e-05,1281,1279,2,0,7.083484740998756,6.71290922164917,0.13893338606821737,1.9898337095020524
43,15,869343,0,42430442,5.902041038830258e-05,1698,1694,4,0,9.265797730000486,6.722645282745361,0.09746301103792337,2.421642677280106
43,16,713588,1,42430443,5.902041038830258e-05,1394,1389,5,0,7.670622588000697,6.7155303955078125,0.23017113220786087,3.763194842850072
43,17,712456,0,42430444,5.902041038830258e-05,1392,1390,2,0,7.637245076000909,6.715481281280518,0.14137063884049011,2.2818074837005398
43,18,583299,1,42430445,5.902041038830258e-05,1140,1136,4,0,6.264053380000405,6.7096638679504395,0.13071530301805953,2.1277263802541815
43,19,1507452,0,42430446,5.902041038830258e-05,2945,2941,4,0,16.096788498000024,6.751287460327148,0.04862832877150364,0.9105092203969738
43,20,920858,1,42430447,5.902041038830258e-05,1799,1797,2,0,10.331538518999878,6.724867343902588,0.09322437420114253,1.7275103960159293
43,21,1063613,0,42430448,5.902041038830258e-05,2078,2076,2,0,11.562488135999956,6.731295585632324,0.07871848310349304,1.3042668395878492
43,22,296017,0,42430449,5.902041038830258e-05,579,576,3,0,3.2757081279996783,6.69672155380249,0.22487611240810818,2.6368910471598306
43,23,349854,1,42430450,5.902041038830258e-05,684,682,2,0,3.787717249999332,6.699145793914795,0.15925669740022452,2.0924618181245416
43,24,747499,0,42430451,5.902041038830258e-05,1460,1456,4,0,8.205104949000088,6.717058181762695,0.15681864141107915,2.708649687714629
43,25,199063,0,42430452,5.902041038830258e-05,389,387,2,0,2.0619727030007198,6.700268745422363,0.31523165838354933,3.6588907562177004
43,26,1002191,1,42430453,5.902041038830258e-05,1958,1956,2,0,10.91519727100058,6.729220867156982,0.0690224770387989,1.3962704399124488
43,27,1468121,1,42430454,5.902041038830258e-05,2868,2865,3,0,16.24258403299973,6.74951696395874,0.09143236836005672,1.5832152255126528
43,28,556903,0,42430455,5.902041038830258e-05,1088,1086,2,0,6.032876529001442,6.708473205566406,0.1426421950535221,2.140237207570787
43,29,684357,0,42430456,5.902041038830258e-05,1337,1334,3,0,7.376632288998735,6.7142157554626465,0.16698790954864365,2.399763802180941
43,30,699268,1,42430457,5.902041038830258e-05,1366,1364,2,0,7.5640856030004215,6.7148871421813965,0.22097588144788993,3.125240918827896
43,31,530503,1,42430458,5.902041038830258e-05,1037,1034,3,0,5.714399683998636,6.707285404205322,0.16222604423242565,2.386657596787355
43,32,536534,0,42430459,5.902041038830258e-05,1048,1046,2,0,5.82566673600013,6.707556247711182,0.07884936214177148,1.4568570138847394
43,33,473056,0,42430460,5.902041038830258e-05,924,922,2,0,5.352761018999445,6.705271244049072,0.1513283619911707,2.237551476071041
43,34,968365,0,42430461,5.902041038830258e-05,1892,1889,3,0,10.799358832999133,6.727005958557129,0.14732938395914671,2.745358355528719
43,35,771613,1,42430462,5.902041038830258e-05,1508,1505,3,0,8.309083735000968,6.71814489364624,0.12587489131281146,2.2588289685423586
43,36,552346,1,42430463,5.902041038830258e-05,1079,1075,4,0,5.938478891999694,6.708268642425537,0.15687629167423692,3.2846248183139535
43,37,402818,0,42430464,5.902041038830258e-05,787,785,2,0,4.373628313998779,6.702193260192871,0.19812499611241044,2.5217218289709393
43,38,662207,1,42430465,5.902041038830258e-05,1294,1291,3,0,7.124341265000112,6.714039325714111,0.1915492996700414,2.8857072022051704
43,39,691766,0,42430466,5.902041038830258e-05,1352,1348,4,0,7.45579969299979,6.714547157287598,0.17081763836325806,2.6396544142363685
43,40,594939,1,42430467,5.902041038830258e-05,1162,1159,3,0,6.384745555998961,6.710186004638672,0.2067830017458477,3.2874997050932917
43,41,1353286,0,42430468,5.902041038830258e-05,2644,2640,4,0,14.918557685999986,6.745193004608154,0.09539239478833747,2.1926289876302083
43,42,1394572,1,42430469,5.902041038830258e-05,2724,2720,4,0,15.056276294000781,6.746204853057861,0.14648651796228745,3.0043907614315257
43,43,1330480,1,42430470,5.902041038830258e-05,2599,2597,2,0,14.766936612999416,6.743316650390625,0.11981524326822415,2.003490543475645
43,44,1764530,1,42430471,5.902041038830258e-05,3447,3445,2,0,19.138331346000996,6.762866973876953,0.0689734249917793,1.4042916307601596
43,45,1859325,1,42430472,5.902041038830258e-05,3632,3629,3,0,20.619136965000507,6.76808500289917,0.04653779715997649,1.190321374905277
43,46,210575,1,42430473,5.902041038830258e-05,412,409,3,0,2.2126052050007274,6.693522930145264,0.24756730506356014,2.8432291865640282
43,47,830115,1,42430474,5.902041038830258e-05,1622,1619,3,0,8.826812092000182,6.7207794189453125,0.1410844130159676,2.4509572906211394
43,48,493865,1,42430475,5.902041038830258e-05,965,961,4,0,5.363727857999038,6.706540107727051,0.143482299550639,3.036260090807102
43,49,589766,0,42430476,5.902041038830258e-05,1152,1148,4,0,6.309908840999924,6.709954738616943,0.1828406729349276,3.133241660088197
44,0,1666026,0,42440434,4.617620511371929e-05,3254,3251,3,0,17.676586674000646,6.758430480957031,0.08327506425306637,1.865661827610735
44,1,419109,1,42440435,4.617620511371929e-05,819,817,2,0,4.625711488999514,6.702804088592529,0.19502067799375575,3.128324436295135
44,2,1452665,0,42440436,4.617620511371929e-05,2838,2834,4,0,16.122603613999672,6.748819351196289,0.16742262103310251,3.0074248384571276
44,3,1030182,1,42440437,4.617620511371929e-05,2013,2009,4,0,11.536107605001234,6.730064392089844,0.11508967094364422,2.5843759235782726
44,4,255412,1,42440438,4.617620511371929e-05,499,498,1,0,2.774919184999817,6.702278137207031,0.11182277173881071,1.6274855280496987
44,5,254243,0,42440439,4.617620511371929e-05,497,494,3,0,2.8306188980004663,6.696376323699951,0.23810100169316958,3.4712195763221154
44,6,1507617,1,42440440,4.617620511371929e-05,2945,2941,4,0,16.23491041899979,6.751296043395996,0.09266447283223712,2.2063545297092824
44,7,501937,0,42440441,4.617620511371929e-05,981,978,3,0,5.561663795999266,6.705997467041016,0.11209388062022703,2.2025178936605316
44,8,885547,1,42440442,4.617620511371929e-05,1730,1728,2,0,9.765170061999015,6.723276138305664,0.07282309620468705,1.137640847100152
44,9,1022203,0,42440443,4.617620511371929e-05,1997,1992,5,0,11.505547626000407,6.729430198669434,0.16236126758008596,3.3293719310837098
44,10,906905,0,42440444,4.617620511371929e-05,1772,1769,3,0,10.078411074000542,6.724238872528076,0.23311199664800028,3.611851460924251
44,11,2630929,0,42440445,4.617620511371929e-05,5139,5134,5,0,28.492868182000166,6.80280065536499,0.06087372931795079,1.4872619842897838
44,12,785960,0,42440446,4.617620511371929e-05,1536,1533,3,0,8.389165517000947,6.7187910079956055,0.11939998459987056,2.0714647227148566
44,13,686747,1,42440447,4.617620511371929e-05,1342,1340,2,0,7.66529216500021,6.714595794677734,0.06959968680766092,1.2493037437325094
44,14,655390,0,42440448,4.617620511371929e-05,1281,1278,3,0,7.241460809000273,6.71290922164917,0.14794646070596756,2.0926511761541473
44,15,869343,0,42440449,4.617620511371929e-05,1698,1694,4,0,9.553951401998347,6.722645282745361,0.10958094861459564,2.62709003975428
44,16,713588,1,42440450,4.617620511371929e-05,1394,1390,4,0,7.774241959999927,6.7155303955078125,0.24792109427692222,4.029327787769784
44,17,712456,0,42440451,4.617620511371929e-05,1392,1389,3,0,7.682122213000184,6.715481281280518,0.151689654378431,2.4526708175845933
44,18,583299,1,42440452,4.617620511371929e-05,1140,1137,3,0,6.53298109500065,6.7096638679504395,0.13897949326111753,2.323177770448549
44,19,1507452,0,42440453,4.617620511371929e-05,2945,2942,3,0,16.341414508000526,6.751287460327148,0.050282082210828624,0.9330068000881628
44,20,920858,1,42440454,4.617620511371929e-05,1799,1797,2,0,10.191934866999873,6.724867343902588,0.0984065969188013,1.8138508571142877
44,21,1063613,0,42440455,4.617620511371929e-05,2078,2076,2,0,11.962003034999725,6.731295585632324,0.08343004583163988,1.3578370081436657
44,22,296017,0,42440456,4.617620511371929e-05,579,577,2,0,3.222047361001387,6.69672155380249,0.24630570700924773,2.858765706239168
44,23,349854,1,42440457,4.617620511371929e-05,684,682,2,0,3.7358516410004086,6.699145793914795,0.17026227800028065,2.208531354529417
44,24,747499,0,42440458,4.617620511371929e-05,1460,1456,4,0,8.19581175699932,6.717058181762695,0.17030354384537583,2.9052496270819024
44,25,199063,0,42440459,4.617620511371929e-05,389,387,2,0,2.1284229470002174,6.700268745422363,0.3388054426326308,3.986891793342216
44,26,1002191,1,42440460,4.617620511371929e-05,1958,1956,2,0,11.055514179000966,6.729220867156982,0.07346262863564833,1.4724810079562884
44,27,1468121,1,42440461,4.617620511371929e-05,2868,2865,3,0,15.923451409000336,6.74951696395874,0.09847187355134708,1.6701250272687609
44,28,556903,0,42440462,4.617620511371929e-05,1088,1086,2,0,6.083070470000166,6.708473205566406,0.15392311897067076,2.2895444866482504
44,29,684357,0,42440463,4.617620511371929e-05,1337,1334,3,0,7.66989366999951,6.7142157554626465,0.18059303020608836,2.578947281730229
44,30,699268,1,42440464,4.617620511371929e-05,1366,1363,3,0,7.575953076000587,6.7148871421813965,0.2346285220374977,3.338959255204512
44,31,530503,1,42440465,4.617620511371929e-05,1037,1034,3,0,5.855334524998398,6.707285404205322,0.17160741042352967,2.5528909177798598
44,32,536534,0,42440466,4.617620511371929e-05,1048,1046,2,0,5.792853560998992,6.707556247711182,0.08367865947190936,1.560348948374761
44,33,473056,0,42440467,4.617620511371929e-05,924,922,2,0,5.09373472200059,6.705271244049072,0.16179708286376424,2.367253433856426
44,34,968365,0,42440468,4.617620511371929e-05,1892,1888,4,0,10.638175755999328,6.727005958557129,0.1602315902709961,2.9895006600072827
44,35,771613,1,42440469,4.617620511371929e-05,1508,1505,3,0,8.275626926999394,6.71814489364624,0.13375836242473008,2.4257695701827244
44,36,552346,1,42440470,4.617620511371929e-05,1079,1075,4,0,6.05141701499997,6.708268642425537,0.17596295024073402,3.7195789425872094
44,37,402818,0,42440471,4.617620511371929e-05,787,785,2,0,4.41351863500131,6.702193260192871,0.211019703081459,2.6848163191679935
44,38,662207,1,42440472,4.617620511371929e-05,1294,1291,3,0,7.217038691000198,6.714039325714111,0.20387047044442294,3.1416108288753875
44,39,691766,0,42440473,4.617620511371929e-05,1352,1349,3,0,7.503199634998964,6.714547157287598,0.18213647343301173,2.8177550862328578
44,40,594939,1,42440474,4.617620511371929e-05,1162,1158,4,0,6.496090466000169,6.710186004638672,0.22574669503589162,3.7159607249838085
44,41,1353286,0,42440475,4.617620511371929e-05,2644,2641,3,0,14.68669340499946,6.745193004608154,0.10330606942283345,2.3637149901789094
44,42,1394572,1,42440476,4.617620511371929e-05,2724,2720,4,0,15.25860825699965,6.746204853057861,0.15925261553596048,3.2479226505055148
44,43,1330480,1,42440477,4.617620511371929e-05,2599,2596,3,0,14.55727772300088,6.743316650390625,0.12877824310161667,2.110588367620859
44,44,1764530,1,42440478,4.617620511371929e-05,3447,3445,2,0,19.005522944000404,6.762866973876953,0.07352271446814904,1.4736493956367924
44,45,1859325,1,42440479,4.617620511371929e-05,3632,3629,3,0,19.869780498998807,6.76808500289917,0.05050238291072136,1.2636784679405484
44,46,210575,1,42440480,4.617620511371929e-05,412,410,2,0,2.4147767220001697,6.693522930145264,0.2632059050769341,3.0488037109375
44,47,830115,1,42440481,4.617620511371929e-05,1622,1619,3,0,9.045852674000344,6.7207794189453125,0.15252827861708135,2.659496059971433
44,48,493865,1,42440482,4.617620511371929e-05,965,960,5,0,5.209418104999713,6.706540107727051,0.15844335556030273,3.3881299336751303
44,49,589766,0,42440483,4.617620511371929e-05,1152,1148,4,0,6.49462579899955,6.709954738616943,0.19782495000221173,3.415397404793663
45,0,1666026,0,42450441,3.521740522971908e-05,3254,3251,3,0,18.13877470799889,6.758430480957031,0.08991875321415525,2.0140888140187636
45,1,419109,1,42450442,3.521740522971908e-05,819,816,3,0,4.546380197998587,6.702804088592529,0.21259414448457606,3.4009477203967524
45,2,1452665,0,42450443,3.521740522971908e-05,2838,2834,4,0,15.841948831000991,6.748819351196289,0.17932916074549554,3.2523604280610443
45,3,1030182,1,42450444,3.521740522971908e-05,2013,2009,4,0,11.479737111998475,6.730064392089844,0.12482521888805065,2.820541450192882
45,4,255412,1,42450445,3.521740522971908e-05,499,498,1,0,2.7319540239986964,6.702278137207031,0.1211282661162227,1.7441287366261922
45,5,254243,0,42450446,3.521740522971908e-05,497,494,3,0,2.720353972999874,6.696376323699951,0.2589186386540834,3.759581531107667
45,6,1507617,1,42450447,3.521740522971908e-05,2945,2940,5,0,16.40555610299998,6.751296043395996,0.10170100205609588,2.386668925382653
45,7,501937,0,42450448,3.521740522971908e-05,981,978,3,0,5.465892680000252,6.705997467041016,0.12506815748468256,2.415388048792178
45,8,885547,1,42450449,3.521740522971908e-05,1730,1728,2,0,9.384025406001456,6.723276138305664,0.07809794390643085,1.202590235957393
45,9,1022203,0,42450450,3.521740522971908e-05,1997,1992,5,0,11.495572649999303,6.729430198669434,0.1826315270849021,3.7139747956670432
45,10,906905,0,42450451,3.521740522971908e-05,1772,1769,3,0,9.727810587999556,6.724238872528076,0.2562380931416496,3.8970424895774447
45,11,2630929,0,42450452,3.521740522971908e-05,5139,5134,5,0,28.242014412999197,6.80280065536499,0.06730793327685224,1.6379252821265096
45,12,785960,0,42450453,3.521740522971908e-05,1536,1533,3,0,8.502381297999818,6.7187910079956055,0.13019304468362689,2.209657234843852
45,13,686747,1,42450454,3.521740522971908e-05,1342,1341,1,0,7.603971115999229,6.714595794677734,0.07359353221236192,1.3339816441205257
45,14,655390,0,42450455,3.521740522971908e-05,1281,1278,3,0,7.240106291999837,6.71290922164917,0.1584733655568393,2.2500063041006455
45,15,869343,0,42450456,3.521740522971908e-05,1698,1694,4,0,9.375639101999695,6.722645282745361,0.12059995612963031,2.8751792862677097
45,16,713588,1,42450457,3.521740522971908e-05,1394,1389,5,0,7.846178040001178,6.7155303955078125,0.2693267229051363,4.431982316414687
45,17,712456,0,42450458,3.521740522971908e-05,1392,1389,3,0,7.715589619001548,6.715481281280518,0.16488861677198638,2.6477609720909827
45,18,583299,1,42450459,3.521740522971908e-05,1140,1137,3,0,6.253902446000211,6.7096638679504395,0.14696182613322478,2.532452236903584
45,19,1507452,0,42450460,3.521740522971908e-05,2945,2942,3,0,16.42874633700012,6.751287460327148,0.052411637607680785,0.9723080467156696
45,20,920858,1,42450461,3.521740522971908e-05,1799,1798,1,0,9.806750857000225,6.724867343902588,0.104742871243113,1.9082465760567298
45,21,1063613,0,42450462,3.521740522971908e-05,2078,2076,2,0,11.425643275999391,6.731295585632324,0.08908201596181058,1.4477333259950025
45,22,296017,0,42450463,3.521740522971908e-05,579,577,2,0,3.1875234249982896,6.69672155380249,0.28191966779103933,3.1545674606667027
45,23,349854,1,42450464,3.521740522971908e-05,684,682,2,0,3.9038477300000523,6.699145793914795,0.18217561112121403,2.368832585399102
45,24,747499,0,42450465,3.521740522971908e-05,1460,1456,4,0,8.213891879000585,6.717058181762695,0.18539154136573877,3.206472878927713
45,25,199063,0,42450466,3.521740522971908e-05,389,386,3,0,2.207933302001038,6.700268745422363,0.36616524019389574,4.352447351643459
45,26,1002191,1,42450467,3.521740522971908e-05,1958,1956,2,0,11.159781776999807,6.729220867156982,0.07796318350637861,1.562336615501981
45,27,1468121,1,42450468,3.521740522971908e-05,2868,2866,2,0,15.913655573000142,6.74951696395874,0.10586962064329096,1.7452185578223134
45,28,556903,0,42450469,3.521740522971908e-05,1088,1085,3,0,6.003554592,6.708473205566406,0.16851757418724797,2.4624412712413593
45,29,684357,0,42450470,3.521740522971908e-05,1337,1333,4,0,7.492015001000254,6.7142157554626465,0.1947364664041987,2.7689164112317144
45,30,699268,1,42450471,3.521740522971908e-05,1366,1364,2,0,7.647684677000143,6.7148871421813965,0.2528848731972255,3.5406336630544355
45,31,530503,1,42450472,3.521740522971908e-05,1037,1034,3,0,5.7554831839988765,6.707285404205322,0.18395991666635184,2.758804882056939
45,32,536534,0,42450473,3.521740522971908e-05,1048,1046,2,0,5.877688211001441,6.707556247711182,0.08842417204585176,1.6506041896958652
45,33,473056,0,42450474,3.521740522971908e-05,924,921,3,0,5.109832108999399,6.705271244049072,0.17618240207336625,2.5123106783557274
45,34,968365,0,42450475,3.521740522971908e-05,1892,1889,3,0,10.581887646001633,6.727005958557129,0.1763461563813112,3.2409925162949973
45,35,771613,1,42450476,3.521740522971908e-05,1508,1505,3,0,8.553213717999824,6.71814489364624,0.14269302723019622,2.557088189109219
45,36,552346,1,42450477,3.521740522971908e-05,1079,1075,4,0,6.023661668001296,6.708268642425537,0.1997850710846657,4.251878179505814
45,37,402818,0,42450478,3.521740522971908e-05,787,785,2,0,4.507570619000035,6.702193260192871,0.225264531032295,2.8025695412022293
45,38,662207,1,42450479,3.521740522971908e-05,1294,1291,3,0,7.22802771699935,6.714039325714111,0.2198128910788633,3.400870207203718
45,39,691766,0,42450480,3.521740522971908e-05,1352,1349,3,0,7.670801041000232,6.714547157287598,0.1950098579242726,3.0186178491590994
45,40,594939,1,42450481,3.521740522971908e-05,1162,1159,3,0,6.506476919999841,6.710186004638672,0.24633717968918517,4.078762419785376
45,41,1353286,0,42450482,3.521740522971908e-05,2644,2640,4,0,14.951689620000252,6.745193004608154,0.11193115927956321,2.556124785452178
45,42,1394572,1,42450483,3.521740522971908e-05,2724,2720,4,0,15.468487553000159,6.746204853057861,0.17240330191219555,3.466235710592831
45,43,1330480,1,42450484,3.521740522971908e-05,2599,2596,3,0,14.351277502999437,6.743316650390625,0.13999541625036113,2.2312724579280623
45,44,1764530,1,42450485,3.521740522971908e-05,3447,3444,3,0,18.782273363998684,6.762866973876953,0.0788442188577508,1.548400240908101
45,45,1859325,1,42450486,3.521740522971908e-05,3632,3629,3,0,20.05166398700021,6.76808500289917,0.05593765691871254,1.383005578973202
45,46,210575,1,42450487,3.521740522971908e-05,412,410,2,0,2.3511951149994275,6.693522930145264,0.2818379658024486,3.239811594893293
45,47,830115,1,42450488,3.521740522971908e-05,1622,1619,3,0,8.89727657900039,6.7207794189453125,0.16522703117761736,2.916561209176189
45,48,493865,1,42450489,3.521740522971908e-05,965,960,5,0,5.334372635999898,6.706540107727051,0.17753469149271647,3.8999053955078127
45,49,589766,0,42450490,3.521740522971908e-05,1152,1148,4,0,6.36853381400033,6.709954738616943,0.216135403835815,3.708073738975392
46,0,1666026,0,42460448,2.618904279568042e-05,3254,3251,3,0,18.291353091999554,6.758430480957031,0.09736671318680791,2.147899504479391
46,1,419109,1,42460449,2.618904279568042e-05,819,816,3,0,4.687746129999141,6.702804088592529,0.23615754819383808,3.8030326693665746
46,2,1452665,0,42460450,2.618904279568042e-05,2838,2834,4,0,15.713812298001358,6.748819351196289,0.19529460295877074,3.518545383622971
46,3,1030182,1,42460451,2.618904279568042e-05,2013,2009,4,0,11.017329845000859,6.730064392089844,0.13611997354677388,3.121684110953833
46,4,255412,1,42460452,2.618904279568042e-05,499,498,1,0,2.8422018269993714,6.702278137207031,0.13053120379467087,1.868828463267131
46,5,254243,0,42460453,2.618904279568042e-05,497,494,3,0,2.960636241999964,6.696376323699951,0.2837448428999557,4.1140112008160425
46,6,1507617,1,42460454,2.618904279568042e-05,2945,2940,5,0,16.67648424000072,6.751296043395996,0.1136581836103582,2.6143073049532313
46,7,501937,0,42460455,2.618904279568042e-05,981,978,3,0,5.458821088001059,6.705997467041016,0.13853086381845922,2.678414623673952
46,8,885547,1,42460456,2.618904279568042e-05,1730,1728,2,0,9.68587269999989,6.723276138305664,0.08429196145799425,1.2607680426703558
46,9,1022203,0,42460457,2.618904279568042e-05,1997,1992,5,0,11.14399046499966,6.729430198669434,0.2055400404106661,4.157073606927711
46,10,906905,0,42460458,2.618904279568042e-05,1772,1768,4,0,9.877854525999282,6.724238872528076,0.282565103936519,4.215038178733032
46,11,2630929,0,42460459,2.618904279568042e-05,5139,5134,5,0,28.150492007998764,6.80280065536499,0.0765456529178181,1.8596899956174522
46,12,785960,0,42460460,2.618904279568042e-05,1536,1533,3,0,8.368656642998758,6.7187910079956055,0.14296204329936704,2.335560857744211
46,13,686747,1,42460461,2.618904279568042e-05,1342,1340,2,0,7.678623232999598,6.714595794677734,0.07828189223559935,1.4139131005130596
46,14,655390,0,42460462,2.618904279568042e-05,1281,1278,3,0,7.2217737560004025,6.71290922164917,0.17066635585540152,2.441539400246968
46,15,869343,0,42460463,2.618904279568042e-05,1698,1694,4,0,9.564177586000369,6.722645282745361,0.13648954389227605,3.260625449656877
46,16,713588,1,42460464,2.618904279568042e-05,1394,1389,5,0,7.786816330000875,6.7155303955078125,0.296434681221596,4.958196234926206
46,17,712456,0,42460465,2.618904279568042e-05,1392,1389,3,0,7.637326922000284,6.715481281280518,0.18028096692694273,2.8876401216027716
46,18,583299,1,42460466,2.618904279568042e-05,1140,1137,3,0,6.32933609400061,6.7096638679504395,0.15757221366191182,2.7031430367744065
46,19,1507452,0,42460467,2.618904279568042e-05,2945,2943,2,0,16.413847817000715,6.751287460327148,0.05527615328447534,1.0045875707452006
46,20,920858,1,42460468,2.618904279568042e-05,1799,1797,2,0,10.058701554000436,6.724867343902588,0.11309698972028033,2.0437388051266
46,21,1063613,0,42460469,2.618904279568042e-05,2078,2076,2,0,11.309348351000153,6.731295585632324,0.09526434661336028,1.5182998451424012
46,22,296017,0,42460470,2.618904279568042e-05,579,577,2,0,3.3193391790009628,6.69672155380249,0.3196046984588253,3.4673659722974435
46,23,349854,1,42460471,2.618904279568042e-05,684,681,3,0,4.11183759999949,6.699145793914795,0.20111874931884408,2.5951331050385464
46,24,747499,0,42460472,2.618904279568042e-05,1460,1456,4,0,8.22941204000017,6.717058181762695,0.20725914672180845,3.546039287860577
46,25,199063,0,42460473,2.618904279568042e-05,389,387,2,0,2.1385361089996877,6.700268745422363,0.39285475462290054,4.635385439377423
46,26,1002191,1,42460474,2.618904279568042e-05,1958,1956,2,0,11.10254319699925,6.729220867156982,0.08568039408490702,1.702530500103847
46,27,1468121,1,42460475,2.618904279568042e-05,2868,2866,2,0,15.90486129599958,6.74951696395874,0.11539249992503707,1.820110781577111
46,28,556903,0,42460476,2.618904279568042e-05,1088,1086,2,0,6.089542736001022,6.708473205566406,0.18736681578128597,2.6742476152451657
46,29,684357,0,42460477,2.618904279568042e-05,1337,1334,3,0,7.66487524600052,6.7142157554626465,0.2142807990535982,2.98883468422039
46,30,699268,1,42460478,2.618904279568042e-05,1366,1364,2,0,7.672234322000804,6.7148871421813965,0.2748067190220629,3.834468718497984
46,31,530503,1,42460479,2.618904279568042e-05,1037,1034,3,0,5.667013537000457,6.707285404205322,0.1974962924389129,2.9958666094958897
46,32,536534,0,42460480,2.618904279568042e-05,1048,1046,2,0,5.712460369000837,6.707556247711182,0.09449077336327752,1.7443239638727892
46,33,473056,0,42460481,2.618904279568042e-05,924,922,2,0,5.114748703001169,6.705271244049072,0.19244659490026775,2.7036471749593276
46,34,968365,0,42460482,2.618904279568042e-05,1892,1888,4,0,10.75216549400102,6.727005958557129,0.1958552538338354,3.601377584166446
46,35,771613,1,42460483,2.618904279568042e-05,1508,1505,3,0,8.190410304001489,6.71814489364624,0.15308009556361607,2.749001051183555
46,36,552346,1,42460484,2.618904279568042e-05,1079,1075,4,0,5.864368591999664,6.708268642425537,0.230607725631359,4.916680595930233
46,37,402818,0,42460485,2.618904279568042e-05,787,784,3,0,4.654341616000238,6.702193260192871,0.2404924120221819,3.044530440349968
46,38,662207,1,42460486,2.618904279568042e-05,1294,1291,3,0,7.31577047799874,6.714039325714111,0.2384675703336803,3.692461482135941
46,39,691766,0,42460487,2.618904279568042e-05,1352,1350,2,0,7.6624370779991295,6.714547157287598,0.20994301124855325,3.1828425202546295
46,40,594939,1,42460488,2.618904279568042e-05,1162,1158,4,0,6.489924088999032,6.710186004638672,0.2755432392443194,4.579539244656735
46,41,1353286,0,42460489,2.618904279568042e-05,2644,2641,3,0,14.539483073998781,6.745193004608154,0.12322855916541438,2.7809268210431655
46,42,1394572,1,42460490,2.618904279568042e-05,2724,2720,4,0,14.923375229000158,6.746204853057861,0.18995897629681754,3.7571253159466913
46,43,1330480,1,42460491,2.618904279568042e-05,2599,2596,3,0,14.055937212000572,6.743316650390625,0.15132666589299043,2.3655855387495186
46,44,1764530,1,42460492,2.618904279568042e-05,3447,3445,2,0,19.0164195640009,6.762866973876953,0.0851895580097968,1.6450752335812773
46,45,1859325,1,42460493,2.618904279568042e-05,3632,3629,3,0,19.83251870499953,6.76808500289917,0.06225519083064592,1.5274929657360843
46,46,210575,1,42460494,2.618904279568042e-05,412,410,2,0,2.3774132580001606,6.693522930145264,0.30692445708484184,3.514155987995427
46,47,830115,1,42460495,2.618904279568042e-05,1622,1619,3,0,9.047969829000067,6.7207794189453125,0.1805069883934431,3.212675588229617
46,48,493865,1,42460496,2.618904279568042e-05,965,961,4,0,5.406978379000066,6.706540107727051,0.2007939937087425,4.57521055541103
46,49,589766,0,42460497,2.618904279568042e-05,1152,1148,4,0,6.514045549000002,6.709954738616943,0.2389786085600637,4.0452238607905056
47,0,1666026,0,42470455,1.9128217289422665e-05,3254,3251,3,0,18.17776283100102,6.758430480957031,0.10692361522476257,2.338601193623116
47,1,419109,1,42470456,1.9128217289422665e-05,819,816,3,0,4.635833152999112,6.702804088592529,0.26186492396335975,4.199865902171416
47,2,1452665,0,42470457,1.9128217289422665e-05,2838,2834,4,0,15.567576842999188,6.748819351196289,0.2134890236649281,3.823623301870148
47,3,1030182,1,42470458,1.9128217289422665e-05,2013,2009,4,0,11.154411221999908,6.730064392089844,0.15062935783116602,3.478868286072051
47,4,255412,1,42470459,1.9128217289422665e-05,499,498,1,0,2.7864000310000847,6.702278137207031,0.14079529789078188,1.9505303930566014
47,5,254243,0,42470460,1.9128217289422665e-05,497,493,4,0,2.7358369049998146,6.696376323699951,0.3138364904067096,4.641590667786511
47,6,1507617,1,42470461,1.9128217289422665e-05,2945,2940,5,0,16.356699919000675,6.751296043395996,0.1275339347164647,2.86181640625
47,7,501937,0,42470462,1.9128217289422665e-05,981,978,3,0,5.451940573000684,6.705997467041016,0.15640951519363497,3.0224095131965747
47,8,885547,1,42470463,1.9128217289422665e-05,1730,1727,3,0,9.680693480000627,6.723276138305664,0.09285975082388626,1.3630037467881442
47,9,1022203,0,42470464,1.9128217289422665e-05,1997,1992,5,0,11.127560217999417,6.729430198669434,0.23353369839220162,4.691226331105673
47,10,906905,0,42470465,1.9128217289422665e-05,1772,1769,3,0,9.718274103999647,6.724238872528076,0.3149188415285825,4.637741131995478
47,11,2630929,0,42470466,1.9128217289422665e-05,5139,5134,5,0,28.798867269000766,6.80280065536499,0.08714973262464391,2.123526977015972
47,12,785960,0,42470467,1.9128217289422665e-05,1536,1533,3,0,8.715067926999836,6.7187910079956055,0.15714233557694268,2.4808253259030497
47,13,686747,1,42470468,1.9128217289422665e-05,1342,1341,1,0,7.4254700420005975,6.714595794677734,0.08406801387323184,1.5389064757527031
47,14,655390,0,42470469,1.9128217289422665e-05,1281,1278,3,0,7.5338881430016045,6.71290922164917,0.18349345748973006,2.6665726782570425
47,15,869343,0,42470470,1.9128217289422665e-05,1698,1694,4,0,9.563417694998861,6.722645282745361,0.15570805176934216,3.6707551814307853
47,16,713588,1,42470471,1.9128217289422665e-05,1394,1390,4,0,7.854384649999702,6.7155303955078125,0.3281304448628597,5.603522650629497
47,17,712456,0,42470472,1.9128217289422665e-05,1392,1389,3,0,8.177225198000087,6.715481281280518,0.19892917355674047,3.1718307066684663
47,18,583299,1,42470473,1.9128217289422665e-05,1140,1137,3,0,6.3353113459997985,6.7096638679504395,0.17034455821927222,2.9432610316347847
47,19,1507452,0,42470474,1.9128217289422665e-05,2945,2943,2,0,16.22493326699987,6.751287460327148,0.058168697065534215,1.0502154874915053
47,20,920858,1,42470475,1.9128217289422665e-05,1799,1798,1,0,9.788839267001094,6.724867343902588,0.12212220765857464,2.1851207830749444
47,21,1063613,0,42470476,1.9128217289422665e-05,2078,2075,3,0,11.438113854999756,6.731295585632324,0.10214652555534638,1.6184853868599398
47,22,296017,0,42470477,1.9128217289422665e-05,579,577,2,0,3.1919534770004248,6.69672155380249,0.3737748012179105,3.9241425036557627
47,23,349854,1,42470478,1.9128217289422665e-05,684,682,2,0,3.8374127990009583,6.699145793914795,0.21532144854145666,2.750342584425403
47,24,747499,0,42470479,1.9128217289422665e-05,1460,1456,4,0,7.886430474000008,6.717058181762695,0.22817584446498326,3.937810541509272
47,25,199063,0,42470480,1.9128217289422665e-05,389,387,2,0,2.2178830440007005,6.700268745422363,0.43090303800518814,5.0772768163557815
47,26,1002191,1,42470481,1.9128217289422665e-05,1958,1955,3,0,10.72484222499952,6.729220867156982,0.09255702026054988,1.826993835917519
47,27,1468121,1,42470482,1.9128217289422665e-05,2868,2866,2,0,15.677456577999692,6.74951696395874,0.1258386690468532,1.9398119248299024
47,28,556903,0,42470483,1.9128217289422665e-05,1088,1086,2,0,6.237581981000403,6.708473205566406,0.20748661104486793,2.90818334196593
47,29,684357,0,42470484,1.9128217289422665e-05,1337,1334,3,0,7.239819143000204,6.7142157554626465,0.23768569969165806,3.273403093375187
47,30,699268,1,42470485,1.9128217289422665e-05,1366,1364,2,0,7.652305503999742,6.7148871421813965,0.29801177978515625,4.074273520550769
47,31,530503,1,42470486,1.9128217289422665e-05,1037,1034,3,0,5.65145573999871,6.707285404205322,0.2154863014442547,3.3333591483317213
47,32,536534,0,42470487,1.9128217289422665e-05,1048,1046,2,0,5.770211077999193,6.707556247711182,0.10162435207038718,1.8554165841972394
47,33,473056,0,42470488,1.9128217289422665e-05,924,922,2,0,5.215189030999682,6.705271244049072,0.21373460815164894,2.9548106824498372
47,34,968365,0,42470489,1.9128217289422665e-05,1892,1888,4,0,10.497403324001425,6.727005958557129,0.21788306155447232,3.9217591366525424
47,35,771613,1,42470490,1.9128217289422665e-05,1508,1505,3,0,8.208462388000044,6.71814489364624,0.16648350712468854,2.991517857142857
47,36,552346,1,42470491,1.9128217289422665e-05,1079,1075,4,0,6.0000091469992185,6.708268642425537,0.26710906272710755,5.695101744186046
47,37,402818,0,42470492,1.9128217289422665e-05,787,785,2,0,4.531819549998545,6.702193260192871,0.2572023816928742,3.1673374054538215
47,38,662207,1,42470493,1.9128217289422665e-05,1294,1290,4,0,7.324305175001427,6.714039325714111,0.2583075708197069,4.002000060562016
47,39,691766,0,42470494,1.9128217289422665e-05,1352,1349,3,0,7.500149865998537,6.714547157287598,0.2294269445827928,3.4526211545589325
47,40,594939,1,42470495,1.9128217289422665e-05,1162,1158,4,0,6.585182669999995,6.710186004638672,0.31162068263236725,5.215701404630829
47,41,1353286,0,42470496,1.9128217289422665e-05,2644,2641,3,0,14.587362848000339,6.745193004608154,0.1373936033122515,3.065958828332071
47,42,1394572,1,42470497,1.9128217289422665e-05,2724,2720,4,0,15.100485864999428,6.746204853057861,0.21200689427992878,4.080508961397059
47,43,1330480,1,42470498,1.9128217289422665e-05,2599,2597,2,0,14.125754185000915,6.743316650390625,0.1653179393440749,2.5272467330092416
47,44,1764530,1,42470499,1.9128217289422665e-05,3447,3444,3,0,19.259395082000992,6.762866973876953,0.0921486069239529,1.729024463968133
47,45,1859325,1,42470500,1.9128217289422665e-05,3632,3629,3,0,20.429409606998888,6.76808500289917,0.06982238550887813,1.6737130849149215
47,46,210575,1,42470501,1.9128217289422665e-05,412,410,2,0,2.319995754998672,6.693522930145264,0.33658968297446645,3.83676162347561
47,47,830115,1,42470502,1.9128217289422665e-05,1622,1619,3,0,9.100422262999928,6.7207794189453125,0.19963856933292157,3.614278622510037
47,48,493865,1,42470503,1.9128217289422665e-05,965,960,5,0,5.478811642000437,6.706540107727051,0.23280731836954752,5.4413604736328125
47,49,589766,0,42470504,1.9128217289422665e-05,1152,1148,4,0,6.298654734999218,6.709954738616943,0.2648244984058553,4.506680691283754
48,0,1666026,0,42480462,1.4063943157493203e-05,3254,3250,4,0,17.8411762479991,6.758430480957031,0.11637733811598558,2.520564753605769
48,1,419109,1,42480463,1.4063943157493203e-05,819,816,3,0,4.513500085000487,6.702804088592529,0.2899302688299441,4.669584685680913
48,2,1452665,0,42480464,1.4063943157493203e-05,2838,2834,4,0,15.687310900000739,6.748819351196289,0.23357796786785462,4.186609929097565
48,3,1030182,1,42480465,1.4063943157493203e-05,2013,2009,4,0,11.231859943998643,6.730064392089844,0.1651056877352694,3.8763442924807117
48,4,255412,1,42480466,1.4063943157493203e-05,499,498,1,0,2.7961505739986023,6.702278137207031,0.1540296010702968,2.1390143091898843
48,5,254243,0,42480467,1.4063943157493203e-05,497,494,3,0,2.8922530349991575,6.696376323699951,0.3449879696494655,5.2724129989562245
48,6,1507617,1,42480468,1.4063943157493203e-05,2945,2941,4,0,16.175499762999607,6.751296043395996,0.14114259514262262,3.1359713028094185
48,7,501937,0,42480469,1.4063943157493203e-05,981,978,3,0,5.466272765999747,6.705997467041016,0.17603610922222487,3.3058333133627302
48,8,885547,1,42480470,1.4063943157493203e-05,1730,1727,3,0,9.911172240999804,6.723276138305664,0.10042872867904513,1.4476488706481616
48,9,1022203,0,42480471,1.4063943157493203e-05,1997,1992,5,0,11.294315093000478,6.729430198669434,0.26468253997435054,5.346517417325552
48,10,906905,0,42480472,1.4063943157493203e-05,1772,1769,3,0,9.89683673700165,6.724238872528076,0.3501292951636694,5.0502292078858115
48,11,2630929,0,42480473,1.4063943157493203e-05,5139,5135,4,0,28.268974132999574,6.80280065536499,0.09959589615536757,2.423398703748783
48,12,785960,0,42480474,1.4063943157493203e-05,1536,1533,3,0,8.550106316999518,6.7187910079956055,0.17017648675748123,2.615624076310747
48,13,686747,1,42480475,1.4063943157493203e-05,1342,1341,1,0,7.404879546998927,6.714595794677734,0.09126136091375955,1.6593490020274049
48,14,655390,0,42480476,1.4063943157493203e-05,1281,1279,2,0,7.311077757000021,6.71290922164917,0.1969901078189137,2.861263797094898
48,15,869343,0,42480477,1.4063943157493203e-05,1698,1694,4,0,9.76964003699868,6.722645282745361,0.1764635178386954,4.138881714876033
48,16,713588,1,42480478,1.4063943157493203e-05,1394,1390,4,0,8.394951438000135,6.7155303955078125,0.3602070979934802,6.1896695143884894
48,17,712456,0,42480479,1.4063943157493203e-05,1392,1389,3,0,8.122571448000599,6.715481281280518,0.21744998193113302,3.4492598795221383
48,18,583299,1,42480480,1.4063943157493203e-05,1140,1137,3,0,6.50660156900085,6.7096638679504395,0.1814487024473326,3.1972505943546614
48,19,1507452,0,42480481,1.4063943157493203e-05,2945,2943,2,0,16.234058043000914,6.751287460327148,0.06167659571573437,1.0861026661516735
48,20,920858,1,42480482,1.4063943157493203e-05,1799,1797,2,0,9.903504493999208,6.724867343902588,0.1321509291744922,2.3217952772850583
48,21,1063613,0,42480483,1.4063943157493203e-05,2078,2076,2,0,11.491589313998702,6.731295585632324,0.10958334568148634,1.7384672955051783
48,22,296017,0,42480484,1.4063943157493203e-05,579,577,2,0,3.3588645870004257,6.69672155380249,0.43353443377146067,4.430456310252383
48,23,349854,1,42480485,1.4063943157493203e-05,684,682,2,0,3.930953884999326,6.699145793914795,0.23021067062780654,2.8962520476310485
48,24,747499,0,42480486,1.4063943157493203e-05,1460,1456,4,0,8.633625937000033,6.717058181762695,0.253616689325689,4.353251698252919
48,25,199063,0,42480487,1.4063943157493203e-05,389,387,2,0,2.1556351609997364,6.700268745422363,0.4619659502684916,5.395517906169251
48,26,1002191,1,42480488,1.4063943157493203e-05,1958,1956,2,0,11.029445722000673,6.729220867156982,0.09949214131797994,1.9543625533215108
48,27,1468121,1,42480489,1.4063943157493203e-05,2868,2866,2,0,15.726207185000021,6.74951696395874,0.13668757223700279,2.058966690563939
48,28,556903,0,42480490,1.4063943157493203e-05,1088,1086,2,0,6.191516323000542,6.708473205566406,0.23252615744237742,3.2100429921299494
48,29,684357,0,42480491,1.4063943157493203e-05,1337,1334,3,0,7.403151083999546,6.7142157554626465,0.26029247644244285,3.5517578125
48,30,699268,1,42480492,1.4063943157493203e-05,1366,1364,2,0,7.43422352000016,6.7148871421813965,0.3246479425961671,4.4213813490881595
48,31,530503,1,42480493,1.4063943157493203e-05,1037,1033,4,0,5.843018756000674,6.707285404205322,0.23122115749126482,3.647362855835552
48,32,536534,0,42480494,1.4063943157493203e-05,1048,1046,2,0,5.689899097998932,6.707556247711182,0.10916012970029054,1.9931530925101577
48,33,473056,0,42480495,1.4063943157493203e-05,924,922,2,0,5.326682378999976,6.705271244049072,0.23680665849863577,3.233261538689669
48,34,968365,0,42480496,1.4063943157493203e-05,1892,1888,4,0,10.48195374200077,6.727005958557129,0.2410008220349328,4.33950391866393
48,35,771613,1,42480497,1.4063943157493203e-05,1508,1505,3,0,8.72029714099881,6.71814489364624,0.17955113407781353,3.2038770504568106
48,36,552346,1,42480498,1.4063943157493203e-05,1079,1075,4,0,5.861437403998934,6.708268642425537,0.3105535746729651,6.6911228197674415
48,37,402818,0,42480499,1.4063943157493203e-05,787,785,2,0,4.395746215999679,6.702193260192871,0.27554177448248407,3.37847177298965
48,38,662207,1,42480500,1.4063943157493203e-05,1294,1291,3,0,7.147393692999685,6.714039325714111,0.2818970861220711,4.386991824409373
48,39,691766,0,42480501,1.4063943157493203e-05,1352,1348,4,0,7.4117567319990485,6.714547157287598,0.24893154517833133,3.7114533104599405
48,40,594939,1,42480502,1.4063943157493203e-05,1162,1158,4,0,6.558056932999534,6.710186004638672,0.35262434305510576,5.967943787780657
48,41,1353286,0,42480503,1.4063943157493203e-05,2644,2641,3,0,14.559823907999089,6.745193004608154,0.1517884710529274,3.312296996284551
48,42,1394572,1,42480504,1.4063943157493203e-05,2724,2720,4,0,14.793179394999243,6.746204853057861,0.23396882449879366,4.396296243106618
48,43,1330480,1,42480505,1.4063943157493203e-05,2599,2596,3,0,14.412082842998643,6.743316650390625,0.18019361451888122,2.6917363476863443
48,44,1764530,1,42480506,1.4063943157493203e-05,3447,3445,2,0,18.943574283001,6.762866973876953,0.09961267036692671,1.8340987561230044
48,45,1859325,1,42480507,1.4063943157493203e-05,3632,3629,3,0,19.94044626700088,6.76808500289917,0.07782511370804199,1.8509196210216312
48,46,210575,1,42480508,1.4063943157493203e-05,412,410,2,0,2.4046289830002934,6.693522930145264,0.3664604373094512,4.080662871570122
48,47,830115,1,42480509,1.4063943157493203e-05,1622,1619,3,0,9.03370706700116,6.7207794189453125,0.22148542304036056,4.039862026617511
48,48,493865,1,42480510,1.4063943157493203e-05,965,960,5,0,5.448750415998802,6.706540107727051,0.2676328341166178,6.4512379964192705
48,49,589766,0,42480511,1.4063943157493203e-05,1152,1148,4,0,6.416041886999665,6.709954738616943,0.29318843402929007,4.967095032801612
49,0,1666026,0,42490469,1.1017030588583515e-05,3254,3251,3,0,18.075026456999694,6.758430480957031,0.12415632179281375,2.6619627854890804
49,1,419109,1,42490470,1.1017030588583515e-05,819,817,2,0,4.528026227000737,6.702804088592529,0.31266061883223684,5.057288479192167
49,2,1452665,0,42490471,1.1017030588583515e-05,2838,2834,4,0,15.783433313999922,6.748819351196289,0.24991497290159667,4.445061295320219
49,3,1030182,1,42490472,1.1017030588583515e-05,2013,2008,5,0,11.239564928999243,6.730064392089844,0.17875403901970244,4.21847911090015
49,4,255412,1,42490473,1.1017030588583515e-05,499,498,1,0,2.775095651999436,6.702278137207031,0.16247881847213072,2.2415058181946534
49,5,254243,0,42490474,1.1017030588583515e-05,497,494,3,0,2.901914255999145,6.696376323699951,0.3707112300733806,5.644176900145496
49,6,1507617,1,42490475,1.1017030588583515e-05,2945,2940,5,0,16.352956334001647,6.751296043395996,0.15149429217487775,3.3272617054634352
49,7,501937,0,42490476,1.1017030588583515e-05,981,978,3,0,5.829933781998989,6.705997467041016,0.19456472572373465,3.647461187132541
49,8,885547,1,42490477,1.1017030588583515e-05,1730,1728,2,0,9.91438129800008,6.723276138305664,0.10757544305589464,1.5081086335358795
49,9,1022203,0,42490478,1.1017030588583515e-05,1997,1992,5,0,11.277862500999618,6.729430198669434,0.2891629383745921,5.852615050043926
49,10,906905,0,42490479,1.1017030588583515e-05,1772,1769,3,0,10.052561036000043,6.724238872528076,0.37848766406691636,5.351943961100904
49,11,2630929,0,42490480,1.1017030588583515e-05,5139,5134,5,0,28.382429978999426,6.80280065536499,0.10955784392347585,2.682793516568465
49,12,785960,0,42490481,1.1017030588583515e-05,1536,1533,3,0,8.691605059000722,6.7187910079956055,0.1844402992562072,2.73697534450424
49,13,686747,1,42490482,1.1017030588583515e-05,1342,1340,2,0,7.817380063999735,6.714595794677734,0.0955006272045534,1.7143946405666977
49,14,655390,0,42490483,1.1017030588583515e-05,1281,1279,2,0,7.449591892000171,6.71290922164917,0.20743349029087665,2.999949797510262
49,15,869343,0,42490484,1.1017030588583515e-05,1698,1694,4,0,9.85062539899991,6.722645282745361,0.19367121636797152,4.46381645698052
49,16,713588,1,42490485,1.1017030588583515e-05,1394,1389,5,0,7.767752723999365,6.7155303955078125,0.3870544653302736,6.797530963147948
49,17,712456,0,42490486,1.1017030588583515e-05,1392,1389,3,0,7.8577887730007205,6.715481281280518,0.233703195834177,3.6384644697174227
49,18,583299,1,42490487,1.1017030588583515e-05,1140,1137,3,0,6.4619593389998045,6.7096638679504395,0.19059988271802167,3.3325253287846306
49,19,1507452,0,42490488,1.1017030588583515e-05,2945,2942,3,0,16.336320896998586,6.751287460327148,0.06435724669455833,1.1260540700947486
49,20,920858,1,42490489,1.1017030588583515e-05,1799,1797,2,0,10.105689013000301,6.724867343902588,0.14199711073088395,2.454622993617835
49,21,1063613,0,42490490,1.1017030588583515e-05,2078,2076,2,0,11.488937955000438,6.731295585632324,0.1152937857861234,1.7927086155768304
49,22,296017,0,42490491,1.1017030588583515e-05,579,577,2,0,3.381811347000621,6.69672155380249,0.4975440489770635,4.9726845990847055
49,23,349854,1,42490492,1.1017030588583515e-05,684,682,2,0,4.007341112001086,6.699145793914795,0.24433012931577622,3.032244461372801
49,24,747499,0,42490493,1.1017030588583515e-05,1460,1456,4,0,8.113323868999942,6.717058181762695,0.2753460223858173,4.742940714071085
49,25,199063,0,42490494,1.1017030588583515e-05,389,387,2,0,2.257167138999648,6.700268745422363,0.4862508847731952,5.651851683624031
49,26,1002191,1,42490495,1.1017030588583515e-05,1958,1956,2,0,11.09933166799965,6.729220867156982,0.10523379897291188,2.049509996285468
49,27,1468121,1,42490496,1.1017030588583515e-05,2868,2866,2,0,15.74669914000151,6.74951696395874,0.14557216987689725,2.1328426555412596
49,28,556903,0,42490497,1.1017030588583515e-05,1088,1086,2,0,6.0383523469990905,6.708473205566406,0.2531337843415487,3.386975030214088
49,29,684357,0,42490498,1.1017030588583515e-05,1337,1334,3,0,7.662691774999985,6.7142157554626465,0.283121088991637,3.8647076608180284
49,30,699268,1,42490499,1.1017030588583515e-05,1366,1363,3,0,8.168150702000275,6.7148871421813965,0.3439595480657901,4.621544774280081
49,31,530503,1,42490500,1.1017030588583515e-05,1037,1034,3,0,6.193223444999603,6.707285404205322,0.2442178043682755,3.8731883065612913
49,32,536534,0,42490501,1.1017030588583515e-05,1048,1046,2,0,6.13997979099986,6.707556247711182,0.11522551294038674,2.049311971573255
49,33,473056,0,42490502,1.1017030588583515e-05,924,921,3,0,5.103058282000347,6.705271244049072,0.25780870601227435,3.4566288553542344
49,34,968365,0,42490503,1.1017030588583515e-05,1892,1889,3,0,10.699279172000388,6.727005958557129,0.25937700650248974,4.585698141377713
49,35,771613,1,42490504,1.1017030588583515e-05,1508,1504,4,0,8.246824627998649,6.71814489364624,0.1910391462610123,3.400637038210605
49,36,552346,1,42490505,1.1017030588583515e-05,1079,1075,4,0,6.046046725001361,6.708268642425537,0.34437099722928777,7.4195130813953485
49,37,402818,0,42490506,1.1017030588583515e-05,787,785,2,0,4.458885830001236,6.702193260192871,0.2903847858404658,3.5360174288415607
49,38,662207,1,42490507,1.1017030588583515e-05,1294,1290,4,0,7.475152709001122,6.714039325714111,0.29719311618065647,4.652574264171512
49,39,691766,0,42490508,1.1017030588583515e-05,1352,1348,4,0,8.285824644000968,6.714547157287598,0.264540222349082,3.904096563775037
49,40,594939,1,42490509,1.1017030588583515e-05,1162,1158,4,0,6.605911059001301,6.710186004638672,0.38610984789069247,6.520282224875864
49,41,1353286,0,42490510,1.1017030588583515e-05,2644,2641,3,0,14.758885880999514,6.745193004608154,0.16424562857937333,3.528927105026505
49,42,1394572,1,42490511,1.1017030588583515e-05,2724,2720,4,0,15.339398173000518,6.746204853057861,0.25217911215389477,4.681193632238052
49,43,1330480,1,42490512,1.1017030588583515e-05,2599,2597,2,0,14.297074464000616,6.743316650390625,0.192142490978924,2.7871642760877937
49,44,1764530,1,42490513,1.1017030588583515e-05,3447,3445,2,0,19.090612964000684,6.762866973876953,0.10574617205925707,1.9076880556059506
49,45,1859325,1,42490514,1.1017030588583515e-05,3632,3629,3,0,19.878435943001023,6.76808500289917,0.08562772429721945,2.0141531596600304
49,46,210575,1,42490515,1.1017030588583515e-05,412,410,2,0,2.4553962940008205,6.693522930145264,0.3921589921160442,4.384131454839939
49,47,830115,1,42490516,1.1017030588583515e-05,1622,1619,3,0,9.50916836900069,6.7207794189453125,0.23987860676681208,4.4439070703366275
49,48,493865,1,42490517,1.1017030588583515e-05,965,960,5,0,5.502533510998546,6.706540107727051,0.29263683954874675,7.2440953572591145
49,49,589766,0,42490518,1.1017030588583515e-05,1152,1148,4,0,6.614281918000415,6.709954738616943,0.32096594302081066,5.3892550053081445
50,0,1666026,0,42500476,1e-05,3254,3251,3,0,18.3444515830015,6.758430480957031,0.12647657766961126,2.6831062197208553
50,1,419109,1,42500477,1e-05,819,816,3,0,4.846237628000381,6.702804088592529,0.32277312933229935,5.153009751263787
50,2,1452665,0,42500478,1e-05,2838,2834,4,0,15.706665372001225,6.748819351196289,0.25443314664702055,4.483549022472653
50,3,1030182,1,42500479,1e-05,2013,2009,4,0,11.251367893999486,6.730064392089844,0.18189544449877892,4.246903582317073
50,4,255412,1,42500480,1e-05,499,498,1,0,2.7960869669987005,6.702278137207031,0.1643776338263209,2.221852743003263
50,5,254243,0,42500481,1e-05,497,494,3,0,2.770340708999356,6.696376323699951,0.37908231295072115,5.735025382717612
50,6,1507617,1,42500482,1e-05,2945,2940,5,0,16.540116191999914,6.751296043395996,0.1539051289461097,3.351237975659014
50,7,501937,0,42500483,1e-05,981,978,3,0,5.580645604999518,6.705997467041016,0.2003461997689401,3.655037035483768
50,8,885547,1,42500484,1e-05,1730,1728,2,0,9.840455839999777,6.723276138305664,0.11067174982141566,1.5179978829843026
50,9,1022203,0,42500485,1e-05,1997,1992,5,0,11.428858199999013,6.729430198669434,0.28932275733794555,5.878921447508785
50,10,906905,0,42500486,1e-05,1772,1769,3,0,10.170183895999799,6.724238872528076,0.3870754727136624,5.411210098395986
50,11,2630929,0,42500487,1e-05,5139,5134,5,0,29.100680425000974,6.80280065536499,0.11102136805868353,2.7450603132912934
50,12,785960,0,42500488,1e-05,1536,1533,3,0,8.796613991000413,6.7187910079956055,0.18803303240174493,2.747350604411285
50,13,686747,1,42500489,1e-05,1342,1340,2,0,7.490164621000076,6.714595794677734,0.09725537655958488,1.7169670446595149
50,14,655390,0,42500490,1e-05,1281,1279,2,0,6.997176958000637,6.71290922164917,0.21062001220130472,3.027500083988956
50,15,869343,0,42500491,1e-05,1698,1694,4,0,9.593505643000753,6.722645282745361,0.19655833418845003,4.466065317849764
50,16,713588,1,42500492,1e-05,1394,1390,4,0,7.641188600999158,6.7155303955078125,0.38867569518603867,6.753273943345324
50,17,712456,0,42500493,1e-05,1392,1389,3,0,7.676722959000472,6.715481281280518,0.23884412245067269,3.698491073839093
50,18,583299,1,42500494,1e-05,1140,1137,3,0,6.269442492000962,6.7096638679504395,0.19428659135454457,3.314292511818382
50,19,1507452,0,42500495,1e-05,2945,2942,3,0,16.81020409300072,6.751287460327148,0.06539969894855222,1.1271412510356476
50,20,920858,1,42500496,1e-05,1799,1797,2,0,10.103604787998847,6.724867343902588,0.14556261507351662,2.4599682739461604
50,21,1063613,0,42500497,1e-05,2078,2076,2,0,11.508391122999456,6.731295585632324,0.11659803739632256,1.78095587875572
50,22,296017,0,42500498,1e-05,579,577,2,0,3.260212897999736,6.69672155380249,0.5189002184148884,5.1091554003737
50,23,349854,1,42500499,1e-05,684,682,2,0,3.775592780999432,6.699145793914795,0.2477744989031571,3.063473698680352
50,24,747499,0,42500500,1e-05,1460,1456,4,0,8.016312671999913,6.717058181762695,0.27968421349158656,4.804598294771635
50,25,199063,0,42500501,1e-05,389,387,2,0,2.279519022000386,6.700268745422363,0.4965694535918322,5.684003174458979
50,26,1002191,1,42500502,1e-05,1958,1955,3,0,11.216831536999962,6.729220867156982,0.10599085034616768,2.0230282678628515
50,27,1468121,1,42500503,1e-05,2868,2866,2,0,16.433952419998604,6.74951696395874,0.14879899381010664,2.1561896889174808
50,28,556903,0,42500504,1e-05,1088,1086,2,0,6.287846172999707,6.708473205566406,0.26023021719073725,3.439501233741943
50,29,684357,0,42500505,1e-05,1337,1334,3,0,7.6216841239984205,6.7142157554626465,0.28919564265718706,3.912041293806222
50,30,699268,1,42500506,1e-05,1366,1363,3,0,7.543951023999398,6.7148871421813965,0.35023228735584416,4.64569767975055
50,31,530503,1,42500507,1e-05,1037,1033,4,0,5.629810118000023,6.707285404205322,0.24910270048364896,3.8723413960400532
50,32,536534,0,42500508,1e-05,1048,1047,1,0,5.7234841080007754,6.707556247711182,0.1166459295788376,2.0293647307037967
50,33,473056,0,42500509,1e-05,924,921,3,0,5.209339766000994,6.705271244049072,0.2676506912281148,3.48793743850095
50,34,968365,0,42500510,1e-05,1892,1889,3,0,10.703989587000251,6.727005958557129,0.2636133762438377,4.60064435547909
50,35,771613,1,42500511,1e-05,1508,1505,3,0,8.50759419499991,6.71814489364624,0.1948805900903239,3.427529329318937
50,36,552346,1,42500512,1e-05,1079,1075,4,0,6.262644882999666,6.708268642425537,0.35469306413517443,7.54433230377907
50,37,402818,0,42500513,1e-05,787,785,2,0,4.560267955999734,6.702193260192871,0.2945050670842456,3.5300177896098726
50,38,662207,1,42500514,1e-05,1294,1291,3,0,7.060545562999323,6.714039325714111,0.30229906810521157,4.628807912955073
50,39,691766,0,42500515,1e-05,1352,1349,3,0,7.4332224690006115,6.714547157287598,0.2707407098067434,3.938252510540215
50,40,594939,1,42500516,1e-05,1162,1158,4,0,6.60647650700048,6.710186004638672,0.39439286675066115,6.625565866526339
50,41,1353286,0,42500517,1e-05,2644,2641,3,0,15.090026793001016,6.745193004608154,0.1667111969860789,3.5774923235753504
50,42,1394572,1,42500518,1e-05,2724,2720,4,0,15.466131555000175,6.746204853057861,0.2569306541891659,4.705073457605699
50,43,1330480,1,42500519,1e-05,2599,2596,3,0,14.39234839799974,6.743316650390625,0.19578434689937643,2.8300551780383283
50,44,1764530,1,42500520,1e-05,3447,3445,2,0,19.192165254999054,6.762866973876953,0.10807072566105769,1.9169041693124094
50,45,1859325,1,42500521,1e-05,3632,3628,4,0,20.744646193001245,6.76808500289917,0.08697025252808022,2.0409623285901324
50,46,210575,1,42500522,1e-05,412,410,2,0,2.426143646998753,6.693522930145264,0.4047099415848895,4.457264672256097
50,47,830115,1,42500523,1e-05,1622,1619,3,0,9.177222901998903,6.7207794189453125,0.24500452316123958,4.497187331107165
50,48,493865,1,42500524,1e-05,965,960,5,0,5.466641396000341,6.706540107727051,0.2972820917765299,7.341371663411459
50,49,589766,0,42500525,1e-05,1152,1148,4,0,6.448297558001286,6.709954738616943,0.32735533498305475,5.412026009908536
