round,cid,n_k,rank,seed,lr,steps,applied,skipped,nonfinite,sec,vram_gb,loss,gnorm
1,0,926214,1,42010133,0.001,3619,3618,1,0,29.70858442100007,6.730792999267578,0.1823220661557663,1.1570948426271421
1,1,209678,1,42010134,0.001,820,819,1,0,12.72085782499994,6.693615436553955,0.4730324098915408,1.9959484281994047
1,2,509018,1,42010135,0.001,1989,1988,1,0,11.283259027999975,6.707184314727783,0.44109339877153547,2.326124471438003
1,3,411880,1,42010136,0.001,1609,1609,0,0,8.775133811000046,6.703352451324463,0.38870692564286824,1.9569421819161748
1,4,457865,1,42010137,0.001,1789,1788,1,0,19.32260890400005,6.7140727043151855,0.3916774126773979,2.2614664167365772
1,5,276084,0,42010138,0.001,1079,1078,1,0,13.030748012999993,6.708261966705322,0.48727411330299164,2.216948387131841
1,6,155981,0,42010139,0.001,610,609,1,0,3.3295958880000853,6.691070079803467,0.5285524264932266,2.0704788684061985
1,7,438907,1,42010140,0.001,1715,1714,1,0,17.05062619900002,6.711434841156006,0.4034283169509371,2.125982829820595
1,8,563122,1,42010141,0.001,2200,2199,1,0,22.254640117000008,6.72276496887207,0.285010642710465,1.5832103193212823
1,9,671047,0,42010142,0.001,2622,2622,0,0,21.833904203999964,6.713476181030273,0.20557453030397835,1.3275595285981598
1,10,559874,1,42010143,0.001,2188,2187,1,0,20.73588984999992,6.70925760269165,0.23860191481267146,1.409769442836934
1,11,277765,1,42010144,0.001,1086,1086,0,0,7.512436433999937,6.697240352630615,0.3853036729450823,1.6407327950549608
1,12,344014,1,42010145,0.001,1344,1344,0,0,16.795480834000045,6.726260185241699,0.4069828760056269,2.0935440063476562
1,13,872271,1,42010146,0.001,3408,3407,1,0,26.23662780899997,6.724096298217773,0.20661312245468888,1.484398790633255
1,14,353613,0,42010147,0.001,1382,1382,0,0,14.499831244000006,6.700956344604492,0.36590481218484305,1.846291041063676
1,15,392479,0,42010148,0.001,1534,1533,1,0,17.0777272119999,6.701663494110107,0.29132161697218484,1.4368099404252284
1,16,509253,0,42010149,0.001,1990,1989,1,0,18.648421002000077,6.706188201904297,0.308675437071864,1.5430351552680368
1,17,384412,0,42010150,0.001,1502,1502,0,0,17.796719521000114,6.7162766456604,0.2479218789010486,1.3284942179957973
1,18,629973,1,42010151,0.001,2461,2460,1,0,23.56845701000009,6.730055332183838,0.19187605943137068,1.2332048121506605
1,19,621908,0,42010152,0.001,2430,2429,1,0,20.68428015099994,6.711261749267578,0.2073463260906623,1.1180581241637506
1,20,801121,0,42010153,0.001,3130,3129,1,0,24.855976258000055,6.719334125518799,0.14035693492017717,0.9852072160135027
1,21,384660,1,42010154,0.001,1503,1503,0,0,18.14236787799996,6.715550422668457,0.258461612744563,1.3730405400137227
1,22,355766,1,42010155,0.001,1390,1390,0,0,17.043355604999988,6.721792221069336,0.44148695691883993,2.207519004327788
1,23,360226,0,42010156,0.001,1408,1407,1,0,9.076415672999929,6.699472904205322,0.2902524252690232,1.6193691489538913
1,24,338512,1,42010157,0.001,1323,1322,1,0,14.499349629000108,6.702755928039551,0.42112771177075453,2.2873612719837366
1,25,185941,0,42010158,0.001,727,727,0,0,11.125259440000036,6.7012176513671875,0.5254399904358665,1.9680786972360729
1,26,561149,0,42010159,0.001,2192,2191,1,0,16.215217082000095,6.736018657684326,0.2837986286673465,1.6605163880648106
1,27,372819,0,42010160,0.001,1457,1457,0,0,15.746231566999995,6.702241897583008,0.3036107133329937,1.5962870852457962
1,28,107522,0,42010161,0.001,421,420,1,0,10.958063650999975,6.688138484954834,0.7652040027436756,2.321183122907366
1,29,284527,0,42010162,0.001,1112,1111,1,0,13.902126125999985,6.706862926483154,0.4164824258304737,2.080648372454433
1,30,1333839,0,42010163,0.001,5211,5210,1,0,36.89063377299999,6.735256195068359,0.1375913418643534,0.9867276534009117
1,31,427651,0,42010164,0.001,1671,1671,0,0,16.343215393000037,6.711721420288086,0.38261832711512567,2.054915130816128
1,32,648608,1,42010165,0.001,2534,2534,0,0,24.12209626599997,6.71978759765625,0.0983914719290308,0.6144292601093874
1,33,428065,0,42010166,0.001,1673,1673,0,0,10.895681200000013,6.703001976013184,0.37193474367715185,2.2081858469067543
1,34,375085,0,42010167,0.001,1466,1466,0,0,16.478041486999928,6.701009750366211,0.41420784360877816,2.0768216954084244
1,35,882461,0,42010168,0.001,3448,3446,2,0,20.19175554000003,6.723208427429199,0.1329243771225923,0.9561419008225116
1,36,569144,0,42010169,0.001,2224,2224,0,0,20.216266524999924,6.709500789642334,0.13040718243276472,0.7894386456167097
1,37,314555,1,42010170,0.001,1229,1229,0,0,16.089862032999918,6.723110675811768,0.43555035137179615,2.09513021892799
1,38,436745,0,42010171,0.001,1707,1706,1,0,18.455894816000068,6.703328609466553,0.3015201474689515,1.7086904331220691
1,39,261664,0,42010172,0.001,1023,1022,1,0,14.2037803180001,6.695033073425293,0.406263497011069,1.9145665476700098
1,40,638454,0,42010173,0.001,2494,2493,1,0,18.375596007000013,6.7360663414001465,0.1678368744006656,0.9327224627394204
1,41,398139,1,42010174,0.001,1556,1556,0,0,16.166139855999972,6.702937602996826,0.3857660367127249,1.8692835633736342
1,42,242816,0,42010175,0.001,949,949,0,0,12.27344128499999,6.710310459136963,0.4882142013694514,2.2096792367788463
1,43,323428,1,42010176,0.001,1264,1264,0,0,14.151942268000084,6.705869197845459,0.4869304125822043,2.07508463799199
1,44,451037,0,42010177,0.001,1762,1762,0,0,13.818783982000014,6.730093955993652,0.2281179438925493,1.2515007304820516
1,45,265076,1,42010178,0.001,1036,1036,0,0,12.765989666999985,6.7089691162109375,0.38575983231592365,1.959396656875905
1,46,266508,0,42010179,0.001,1042,1041,1,0,14.173422133000031,6.695252418518066,0.4639577141870797,1.6202169779283742
1,47,506010,0,42010180,0.001,1977,1976,1,0,20.736488188000067,6.717012405395508,0.4234078905360419,2.2578957746868675
1,48,303421,0,42010181,0.001,1186,1186,0,0,13.716100359999928,6.696913242340088,0.47606814611219433,2.390463200226602
1,49,209704,0,42010182,0.001,820,820,0,0,12.760724285999913,6.693363666534424,0.7682804758955792,2.693185499237805
1,50,548954,1,42010183,0.001,2145,2144,1,0,19.011913419000052,6.708764553070068,0.32666439796561625,1.754004635027985
1,51,554220,0,42010184,0.001,2165,2164,1,0,15.833038948999956,6.733219146728516,0.25212049219833066,1.3541581300181955
1,52,239391,0,42010185,0.001,936,936,0,0,5.545816388000048,6.694125175476074,0.36741031744541264,1.9972332033336673
1,53,490494,0,42010186,0.001,1916,1916,0,0,14.645230795999964,6.735689163208008,0.2963799972374902,1.7590372806302192
1,54,160756,1,42010187,0.001,628,628,0,0,7.9284213960002035,6.732199192047119,0.4870015527032743,1.8997942687599523
1,55,166616,1,42010188,0.001,651,651,0,0,11.716545121000081,6.727295398712158,0.49501485282558083,1.8682548183083718
1,56,349089,0,42010189,0.001,1364,1364,0,0,16.877935819999948,6.717752933502197,0.29006767832288993,1.4506290916823221
1,57,813153,1,42010190,0.001,3177,3177,0,0,25.279116958999907,6.721507549285889,0.14318166606111798,0.9477932515443028
1,58,309917,1,42010191,0.001,1211,1211,0,0,16.60445318500001,6.71669340133667,0.5506169439641825,2.421124232297688
1,59,355009,0,42010192,0.001,1387,1386,1,0,16.71334373500008,6.723084449768066,0.3073378834029469,1.7503709669237013
1,60,340859,0,42010193,0.001,1332,1331,1,0,14.610391488000005,6.709554195404053,0.5249826386850817,2.540854576563674
1,61,436143,1,42010194,0.001,1704,1704,0,0,19.259367003999955,6.722141265869141,0.4254606363359192,2.0906256017550615
1,62,352452,1,42010195,0.001,1377,1377,0,0,17.033491400000003,6.724423408508301,0.3616464873890818,1.643191047396968
1,63,241000,1,42010196,0.001,942,942,0,0,12.82604934699998,6.706545352935791,0.47943633579651007,1.8882581058834262
1,64,757931,1,42010197,0.001,2961,2961,0,0,26.43488276200003,6.722703456878662,0.2261193406537593,1.3736411071797956
1,65,667452,0,42010198,0.001,2608,2608,0,0,21.151156230000083,6.71331262588501,0.1620714737593762,1.0111671869008818
1,66,373491,1,42010199,0.001,1459,1459,0,0,12.458671771999889,6.733506679534912,0.4267229651489676,2.066214652319654
1,67,255796,1,42010200,0.001,1000,1000,0,0,12.538800514000059,6.695557594299316,0.28775466918945314,1.3089002685546876
1,68,187780,1,42010201,0.001,734,734,0,0,10.934574994000059,6.710913181304932,0.5783219506370274,1.8363943489760728
1,69,162407,0,42010202,0.001,635,635,0,0,10.480519634000075,6.705621719360352,0.5735845130259597,2.308666031003937
1,70,235355,1,42010203,0.001,920,920,0,0,12.829767773999947,6.704226016998291,0.44394468224566913,2.1317987856657608
1,71,323052,0,42010204,0.001,1262,1262,0,0,6.927030462000175,6.697798252105713,0.37782575362457904,1.8580782689307647
1,72,98180,1,42010205,0.001,384,384,0,0,2.273220032000154,6.6900634765625,0.7981735070546468,1.96376371383667
1,73,262450,1,42010206,0.001,1026,1026,0,0,13.173907554999914,6.695858001708984,0.4462101808068348,1.883354201883833
1,74,603827,1,42010207,0.001,2359,2358,1,0,23.347263923000014,6.723103046417236,0.3035581943036339,1.7376196475429388
1,75,236083,0,42010208,0.001,923,923,0,0,12.262806515000193,6.694098949432373,0.2922263760220578,1.3011772180559318
1,76,441814,0,42010209,0.001,1726,1726,0,0,19.60619119599994,6.7278876304626465,0.5053699621596176,2.2892704297327637
1,77,648680,0,42010210,0.001,2534,2534,0,0,17.96612623200008,6.7326812744140625,0.13149685998930175,0.6998035217140637
1,78,881094,0,42010211,0.001,3442,3441,1,0,28.837925833999975,6.728787422180176,0.20368217417266057,1.4823479445927783
1,79,306166,0,42010212,0.001,1196,1196,0,0,6.648974862000159,6.697037220001221,0.5031140687872335,2.242281604371342
1,80,661445,1,42010213,0.001,2584,2583,1,0,23.576540081000076,6.726923942565918,0.23922347874776181,1.543824896256775
1,81,548725,0,42010214,0.001,2144,2143,1,0,19.475590108000006,6.7103271484375,0.34137324601536984,2.1227522657343676
1,82,313463,0,42010215,0.001,1225,1225,0,0,13.850436768000009,6.7086286544799805,0.31269444056919643,1.310385044642857
1,83,449860,1,42010216,0.001,1758,1758,0,0,17.51693812999997,6.704497337341309,0.15964807503866255,0.7447088977175768
1,84,381590,1,42010217,0.001,1491,1491,0,0,17.57818608499997,6.716775417327881,0.40478777613598255,1.8678845534142354
1,85,323967,0,42010218,0.001,1266,1266,0,0,14.12595495200003,6.710856914520264,0.39550224412674023,1.84673156256171
1,86,360767,1,42010219,0.001,1410,1410,0,0,15.402711426999986,6.700997829437256,0.29903345852033464,1.6111089178856384
1,87,461848,0,42010220,0.001,1805,1804,1,0,18.146014261999994,6.704476356506348,0.43505507509354213,2.406064593871258
1,88,432222,0,42010221,0.001,1689,1689,0,0,17.079292718000033,6.704977512359619,0.3674210525250703,1.9475662836737715
1,89,296592,1,42010222,0.001,1159,1159,0,0,16.75741418299981,6.7141289710998535,0.4754355877406439,2.1840535938174073
1,90,479627,1,42010223,0.001,1874,1874,0,0,20.07963324800005,6.715250015258789,0.29419749778006604,1.4673053493112993
1,91,587269,0,42010224,0.001,2295,2293,2,0,14.396684574999995,6.709776878356934,0.3835208059345017,2.257685159316398
1,92,206676,0,42010225,0.001,808,808,0,0,4.274983402999851,6.693295001983643,0.6196078309918395,2.5585031037283414
1,93,217421,0,42010226,0.001,850,850,0,0,4.918300229999886,6.693539142608643,0.5198766730813419,2.3270953010110293
1,94,885169,1,42010227,0.001,3458,3458,0,0,28.570515496999974,6.725140571594238,0.09405836168226304,0.5906419373441115
1,95,295224,0,42010228,0.001,1154,1154,0,0,6.443902244000128,6.696544170379639,0.428503899268509,1.9379140235728987
1,96,547304,1,42010229,0.001,2138,2138,0,0,16.320498897999983,6.732715129852295,0.2328568289946796,1.1371950411818872
1,97,428994,1,42010230,0.001,1676,1676,0,0,19.599557309000033,6.725133419036865,0.3187134226068392,1.5705079873023569
1,98,276358,1,42010231,0.001,1080,1080,0,0,15.666236154999979,6.711941242218018,0.45630705091688367,2.0901136610243056
1,99,491272,1,42010232,0.001,1920,1919,1,0,19.359752282000045,6.706782341003418,0.37874041503142913,2.0359573722072044
2,0,926214,1,42020140,0.0009989829694114164,3619,3619,0,0,20.101052654000114,6.717174053192139,0.13184524709001105,1.2588157769756838
2,1,209678,0,42020141,0.0009989829694114164,820,819,1,0,12.99406788300007,6.693502902984619,0.28948529328473177,2.184556301987943
2,2,509018,0,42020142,0.0009989829694114164,1989,1988,1,0,11.07249344999991,6.7066569328308105,0.3213779748805332,2.3564701195453974
2,3,411880,0,42020143,0.0009989829694114164,1609,1608,1,0,8.901418246000048,6.702532768249512,0.2593349248022582,2.018467385970538
2,4,457865,1,42020144,0.0009989829694114164,1789,1788,1,0,9.761529013999962,6.704878330230713,0.29094793332503144,2.3234267949524607
2,5,276084,1,42020145,0.0009989829694114164,1079,1079,0,0,5.977416967000181,6.6973419189453125,0.3091301975480045,2.3386259883283134
2,6,155981,0,42020146,0.0009989829694114164,610,610,0,0,3.3233814200000324,6.69120979309082,0.30391092769435196,2.1606823530353485
2,7,438907,1,42020147,0.0009989829694114164,1715,1714,1,0,9.5755889940001,6.704305648803711,0.27991568388432575,2.1298583129740374
2,8,563122,0,42020148,0.0009989829694114164,2200,2199,1,0,22.429576924000003,6.722115516662598,0.19260034912442445,1.625344616871305
2,9,671047,1,42020149,0.0009989829694114164,2622,2622,0,0,21.49417891300004,6.714405059814453,0.13960395306689788,1.3941410160719394
2,10,559874,0,42020150,0.0009989829694114164,2188,2186,2,0,12.138166420000061,6.708608150482178,0.15505547274827738,1.5537533773158738
2,11,277765,0,42020151,0.0009989829694114164,1086,1085,1,0,5.921795454000176,6.695899486541748,0.2415296422721054,1.768362300187212
2,12,344014,1,42020152,0.0009989829694114164,1344,1344,0,0,7.315388698999868,6.699672698974609,0.25460252307710196,2.0984860374813987
2,13,872271,0,42020153,0.0009989829694114164,3408,3407,1,0,19.132436970999834,6.7226786613464355,0.14472671656584787,1.4715941272105224
2,14,353613,0,42020154,0.0009989829694114164,1382,1382,0,0,7.617753652999909,6.699315547943115,0.24235967478772838,1.9325182593162085
2,15,392479,1,42020155,0.0009989829694114164,1534,1534,0,0,17.42603671300003,6.701854705810547,0.1921669215235903,1.5952293266684323
2,16,509253,1,42020156,0.0009989829694114164,1990,1990,0,0,18.84053720499992,6.707329750061035,0.20217317360729428,1.6740979065248116
2,17,384412,1,42020157,0.0009989829694114164,1502,1502,0,0,18.07466290000002,6.71720552444458,0.15680984111029045,1.4207004592834553
2,18,629973,0,42020158,0.0009989829694114164,2461,2460,1,0,23.155168944000025,6.729405879974365,0.13419101373936101,1.3184561380525914
2,19,621908,1,42020159,0.0009989829694114164,2430,2429,1,0,20.47143610099988,6.712190628051758,0.14756436306736312,1.222817770784016
2,20,801121,1,42020160,0.0009989829694114164,3130,3129,1,0,17.421801584999912,6.721195220947266,0.09157058262299257,0.9866097176863614
2,21,384660,0,42020161,0.0009989829694114164,1503,1503,0,0,17.916376221000064,6.714900970458984,0.16720660242015967,1.494107650584248
2,22,355766,0,42020162,0.0009989829694114164,1390,1390,0,0,17.196624847000066,6.721142768859863,0.30402399515934125,2.274581975044964
2,23,360226,1,42020163,0.0009989829694114164,1408,1407,1,0,8.945090003999894,6.701129913330078,0.18255652107070675,1.6463160619891613
2,24,338512,1,42020164,0.0009989829694114164,1323,1323,0,0,7.329746089000082,6.699424743652344,0.2735317746347671,2.2942003407265683
2,25,185941,0,42020165,0.0009989829694114164,727,727,0,0,4.2587200410000605,6.692964553833008,0.30095474264152766,2.0495874124183286
2,26,561149,1,42020166,0.0009989829694114164,2192,2191,1,0,16.9455205270001,6.736947536468506,0.18851904475161171,1.6914666444403241
2,27,372819,1,42020167,0.0009989829694114164,1457,1457,0,0,15.971090953000157,6.7032365798950195,0.1962070818543025,1.609388572677162
2,28,107522,1,42020168,0.0009989829694114164,421,420,1,0,2.356922230000009,6.689067363739014,0.4252833048502604,2.611981201171875
2,29,284527,1,42020169,0.0009989829694114164,1112,1112,0,0,13.799186367000175,6.707791805267334,0.2641369387400236,2.101882166142086
2,30,1333839,0,42020170,0.0009989829694114164,5211,5210,1,0,28.968272412000033,6.735534191131592,0.10009513752474208,1.0457878478886755
2,31,427651,1,42020171,0.0009989829694114164,1671,1671,0,0,16.58513101299991,6.7131781578063965,0.2549163252204425,2.131862090206089
2,32,648608,0,42020172,0.0009989829694114164,2534,2533,1,0,24.227341999999908,6.719138145446777,0.05765007250966924,0.659030533288714
2,33,428065,0,42020173,0.0009989829694114164,1673,1671,2,0,9.255573035999987,6.703141689300537,0.25698397788796007,2.2517858353437314
2,34,375085,1,42020174,0.0009989829694114164,1466,1466,0,0,16.45385420899993,6.701351165771484,0.2877171036328658,2.1297509166098227
2,35,882461,0,42020175,0.0009989829694114164,3448,3447,1,0,18.70550796900011,6.723137378692627,0.08986353728955886,0.9988177559290687
2,36,569144,1,42020176,0.0009989829694114164,2224,2223,1,0,19.79055640399997,6.709813594818115,0.08283534631287252,0.8544806009791104
2,37,314555,1,42020177,0.0009989829694114164,1229,1229,0,0,6.855220484000029,6.698343753814697,0.2777411986212113,2.1617690878636084
2,38,436745,0,42020178,0.0009989829694114164,1707,1707,0,0,9.525655978999794,6.703468322753906,0.20334094717409015,1.7044378100743263
2,39,261664,1,42020179,0.0009989829694114164,1023,1023,0,0,14.086679167000057,6.695961952209473,0.25742313985367793,1.958880084234482
2,40,638454,1,42020180,0.0009989829694114164,2494,2494,0,0,18.512720863999903,6.736995220184326,0.11509147833707147,1.030705724989976
2,41,398139,0,42020181,0.0009989829694114164,1556,1556,0,0,15.672522671000024,6.702015399932861,0.2641793572197843,1.9865641066838047
2,42,242816,1,42020182,0.0009989829694114164,949,949,0,0,12.671309499000017,6.711195468902588,0.3065245681617986,2.206580271585221
2,43,323428,1,42020183,0.0009989829694114164,1264,1264,0,0,7.053446978000011,6.698744297027588,0.32572118541862394,2.2581000992014437
2,44,451037,0,42020184,0.0009989829694114164,1762,1762,0,0,9.73550043299997,6.704004764556885,0.15102650602342862,1.3496541294959563
2,45,265076,0,42020185,0.0009989829694114164,1036,1036,0,0,5.627386372000046,6.695326805114746,0.23491907303857987,2.014882444875121
2,46,266508,1,42020186,0.0009989829694114164,1042,1041,1,0,14.630374727000117,6.697124481201172,0.2816693015561209,1.936725832657901
2,47,506010,0,42020187,0.0009989829694114164,1977,1977,0,0,11.120862321000004,6.7065887451171875,0.29917229289169195,2.3429198971769094
2,48,303421,1,42020188,0.0009989829694114164,1186,1185,1,0,14.3929264840001,6.697961330413818,0.31127867879746834,2.461630158887131
2,49,209704,0,42020189,0.0009989829694114164,820,820,0,0,4.625598325000055,6.693503379821777,0.5166715296303354,3.0631553091653965
2,50,548954,0,42020190,0.0009989829694114164,2145,2145,0,0,18.941228294999974,6.708115100860596,0.2311994645979021,1.8307251830201048
2,51,554220,1,42020191,0.0009989829694114164,2165,2165,0,0,16.08061891400007,6.734148025512695,0.16562261779644197,1.4546745317912817
2,52,239391,1,42020192,0.0009989829694114164,936,935,1,0,5.117595903999927,6.69495964050293,0.22580204112007018,2.02547078668115
2,53,490494,0,42020193,0.0009989829694114164,1916,1916,0,0,10.39664738700003,6.706244468688965,0.19788271400276455,1.7814118259883873
2,54,160756,1,42020194,0.0009989829694114164,628,628,0,0,3.5156604779999725,6.694826126098633,0.2681230435705489,2.021264531809813
2,55,166616,1,42020195,0.0009989829694114164,651,651,0,0,3.695473919000051,6.694218158721924,0.27665848739319315,2.121261760752688
2,56,349089,0,42020196,0.0009989829694114164,1364,1364,0,0,7.521612246999894,6.699110984802246,0.17890369717326682,1.5058187445587428
2,57,813153,0,42020197,0.0009989829694114164,3177,3176,1,0,17.653098454999963,6.720015525817871,0.09562947347722667,0.9948410687578715
2,58,309917,1,42020198,0.0009989829694114164,1211,1211,0,0,6.690852068999902,6.698136329650879,0.3798132092375877,2.5289196767263626
2,59,355009,1,42020199,0.0009989829694114164,1387,1387,0,0,17.13942420599983,6.724013328552246,0.19970557907973593,1.76707435393385
2,60,340859,0,42020200,0.0009989829694114164,1332,1332,0,0,7.209553499000094,6.698740005493164,0.3512618147933089,2.6311744483741553
2,61,436143,1,42020201,0.0009989829694114164,1704,1704,0,0,9.383554013000094,6.704222679138184,0.2952325310505612,2.188379708590082
2,62,352452,1,42020202,0.0009989829694114164,1377,1377,0,0,7.729327004999959,6.701014518737793,0.23067687678008125,1.7744264734250181
2,63,241000,0,42020203,0.0009989829694114164,942,942,0,0,12.312121889000082,6.705966472625732,0.3049810130125398,2.0185274743730095
2,64,757931,0,42020204,0.0009989829694114164,2961,2960,1,0,26.18902588600008,6.72247838973999,0.16049527348698797,1.4883777515308276
2,65,667452,1,42020205,0.0009989829694114164,2608,2607,1,0,22.07980650200011,6.7142415046691895,0.10794391639396336,1.1105247178569717
2,66,373491,0,42020206,0.0009989829694114164,1459,1459,0,0,12.188356382999928,6.7328572273254395,0.285841567292452,2.127720687060915
2,67,255796,0,42020207,0.0009989829694114164,1000,1000,0,0,12.574150164000002,6.694908142089844,0.1634972381591797,1.3647081298828125
2,68,187780,1,42020208,0.0009989829694114164,734,734,0,0,4.515070145999971,6.69293212890625,0.34363832395797855,2.1333772830807223
2,69,162407,0,42020209,0.0009989829694114164,635,635,0,0,3.7169929449999017,6.691255569458008,0.3533911757581816,2.393352262241634
2,70,235355,0,42020210,0.0009989829694114164,920,920,0,0,12.052133820000108,6.703731060028076,0.28152797533118207,2.1403580375339675
2,71,323052,0,42020211,0.0009989829694114164,1262,1262,0,0,7.067531981000002,6.697937965393066,0.2440064395475312,1.8999559308760896
2,72,98180,0,42020212,0.0009989829694114164,384,384,0,0,8.7965607430001,6.709596157073975,0.4336116313934326,2.418152332305908
2,73,262450,0,42020213,0.0009989829694114164,1026,1026,0,0,12.83736083000008,6.695208549499512,0.2869191309164839,2.0056916175529973
2,74,603827,0,42020214,0.0009989829694114164,2359,2358,1,0,22.706369537,6.722453594207764,0.21961031615279103,1.8118042302798982
2,75,236083,1,42020215,0.0009989829694114164,923,923,0,0,11.877216933,6.694883823394775,0.16811804807586506,1.4293371595256636
2,76,441814,0,42020216,0.0009989829694114164,1726,1726,0,0,9.54776102599999,6.703657627105713,0.3593565409318873,2.405240338481315
2,77,648680,1,42020217,0.0009989829694114164,2534,2534,0,0,13.754134880000038,6.7133965492248535,0.08139414437285726,0.7738635417694357
2,78,881094,1,42020218,0.0009989829694114164,3442,3440,2,0,29.50695341300002,6.7297163009643555,0.14416982074116552,1.4918381801871365
2,79,306166,0,42020219,0.0009989829694114164,1196,1196,0,0,6.875720857999795,6.697375774383545,0.3436254801160117,2.367016438257734
2,80,661445,0,42020220,0.0009989829694114164,2584,2584,0,0,23.99306082599992,6.726274490356445,0.16976542517127635,1.6098948381264513
2,81,548725,1,42020221,0.0009989829694114164,2144,2143,1,0,19.03898763799998,6.71125602722168,0.24912229565555005,2.188621019015399
2,82,313463,0,42020222,0.0009989829694114164,1225,1225,0,0,6.543847626000115,6.697505950927734,0.2006730184749681,1.492460239955357
2,83,449860,1,42020223,0.0009989829694114164,1758,1758,0,0,9.916714902999956,6.704637050628662,0.09619610192968306,0.873655212888403
2,84,381590,0,42020224,0.0009989829694114164,1491,1491,0,0,17.6308668690001,6.716125965118408,0.27352000594059145,2.044765336812542
2,85,323967,0,42020225,0.0009989829694114164,1266,1266,0,0,6.975380260000065,6.697978973388672,0.259157563461135,1.9491406481412914
2,86,360767,0,42020226,0.0009989829694114164,1410,1410,0,0,15.126412150000078,6.700610637664795,0.1916071465674867,1.7214289671985816
2,87,461848,0,42020227,0.0009989829694114164,1805,1804,1,0,10.110565310000084,6.704411506652832,0.31526028449149457,2.417883760913248
2,88,432222,0,42020228,0.0009989829694114164,1689,1689,0,0,9.333914592000156,6.703297138214111,0.24510770157429507,2.0198567708333335
2,89,296592,0,42020229,0.0009989829694114164,1159,1159,0,0,16.444755917999828,6.713479518890381,0.30251545943094804,2.3514658127291845
2,90,479627,1,42020230,0.0009989829694114164,1874,1873,1,0,10.503434476000166,6.706655979156494,0.19388767289275227,1.6668726589612253
2,91,587269,1,42020231,0.0009989829694114164,2295,2293,2,0,12.601204091,6.710631370544434,0.2825803960508204,2.2070993921718274
2,92,206676,1,42020232,0.0009989829694114164,808,808,0,0,4.373683604000007,6.6936421394348145,0.39881927188080135,2.714704759050124
2,93,217421,1,42020233,0.0009989829694114164,850,850,0,0,11.847916188999989,6.700870513916016,0.3152252197265625,2.3237298943014704
2,94,885169,1,42020234,0.0009989829694114164,3458,3458,0,0,18.955146000000013,6.724354267120361,0.06086281753813621,0.6509137128804584
2,95,295224,1,42020235,0.0009989829694114164,1154,1154,0,0,6.571672760000183,6.697775363922119,0.26204021592693894,2.0271061677453424
2,96,547304,0,42020236,0.0009989829694114164,2138,2138,0,0,11.919538669000076,6.708041191101074,0.15920886333240764,1.3399945964759705
2,97,428994,1,42020237,0.0009989829694114164,1676,1676,0,0,9.36954187299989,6.70400857925415,0.21594225535244815,1.6724298518142153
2,98,276358,0,42020238,0.0009989829694114164,1080,1080,0,0,15.78265528399993,6.711291790008545,0.2938897026909722,2.250998942057292
2,99,491272,1,42020239,0.0009989829694114164,1920,1918,2,0,10.741938935999997,6.7069220542907715,0.26164772264403025,2.095167364890185
3,0,926214,1,42030147,0.0009959360568425068,3619,3618,1,0,20.053710850000016,6.725897789001465,0.11013113246430607,1.2075274938242813
3,1,209678,0,42030148,0.0009959360568425068,820,819,1,0,4.565468470000269,6.693502902984619,0.22402227492559523,1.9569097758795024
3,2,509018,1,42030149,0.0009959360568425068,1989,1987,2,0,10.893358343000273,6.707324028015137,0.26540478810510504,2.1589179766136133
3,3,411880,0,42030150,0.0009959360568425068,1609,1608,1,0,9.35068331399998,6.702532768249512,0.21202586539349152,1.8280522740302394
3,4,457865,1,42030151,0.0009959360568425068,1789,1787,2,0,9.858874515000025,6.704878330230713,0.24716338513613947,2.135096656188794
3,5,276084,1,42030152,0.0009959360568425068,1079,1079,0,0,6.234652736000044,6.6973419189453125,0.24081273825771837,2.0470492245424006
3,6,155981,0,42030153,0.0009959360568425068,610,609,1,0,3.4333932250001453,6.69120979309082,0.22349563373133466,1.9524481010750205
3,7,438907,1,42030154,0.0009959360568425068,1715,1714,1,0,9.945947880999938,6.704305648803711,0.22496221446657125,1.9447329152840578
3,8,563122,1,42030155,0.0009959360568425068,2200,2200,0,0,12.314049990000058,6.7095417976379395,0.15920487837357955,1.5131288840553978
3,9,671047,0,42030156,0.0009959360568425068,2622,2622,0,0,14.706204787999923,6.713615894317627,0.1148872520976354,1.3037162449048914
3,10,559874,1,42030157,0.0009959360568425068,2188,2186,2,0,12.725902464999763,6.709397315979004,0.1272654066583157,1.449246670931496
3,11,277765,1,42030158,0.0009959360568425068,1086,1085,1,0,6.095396507999794,6.697380065917969,0.18978154758154522,1.617086468533986
3,12,344014,0,42030159,0.0009959360568425068,1344,1342,2,0,16.96838468099986,6.725610733032227,0.20598587513680608,1.8732602706431631
3,13,872271,0,42030160,0.0009959360568425068,3408,3405,3,0,18.71373916399989,6.72271203994751,0.12308779813119493,1.3604050511655654
3,14,353613,1,42030161,0.0009959360568425068,1382,1382,0,0,7.803020614000161,6.701031684875488,0.20149683641800833,1.7673772654554087
3,15,392479,0,42030162,0.0009959360568425068,1534,1534,0,0,8.62281450599994,6.701803207397461,0.15785031275146166,1.4812810666558018
3,16,509253,0,42030163,0.0009959360568425068,1990,1989,1,0,10.850660591000178,6.70632791519165,0.16346594195320355,1.5635076170893036
3,17,384412,0,42030164,0.0009959360568425068,1502,1502,0,0,8.667744825999762,6.701499938964844,0.12319617138086718,1.2748195277390562
3,18,629973,0,42030165,0.0009959360568425068,2461,2460,1,0,13.753055279000364,6.712520122528076,0.1104284270992124,1.2111973212017277
3,19,621908,1,42030166,0.0009959360568425068,2430,2429,1,0,13.646717315999922,6.712190628051758,0.1217771603178713,1.1638789673605394
3,20,801121,0,42030167,0.0009959360568425068,3130,3127,3,0,17.12844041900007,6.719473838806152,0.07681321259081687,0.9275952452930125
3,21,384660,1,42030168,0.0009959360568425068,1503,1503,0,0,8.759566667999934,6.701502799987793,0.13474016322823104,1.3419411989822438
3,22,355766,1,42030169,0.0009959360568425068,1390,1389,1,0,8.157400341000084,6.70106315612793,0.24480726600465713,2.040276699739021
3,23,360226,0,42030170,0.0009959360568425068,1408,1407,1,0,7.827522525999939,6.699612617492676,0.14457137616882107,1.460006746401919
3,24,338512,1,42030171,0.0009959360568425068,1323,1323,0,0,7.415654937999989,6.699424743652344,0.2182638639765802,2.0628310569019273
3,25,185941,1,42030172,0.0009959360568425068,727,727,0,0,11.291484278000098,6.702146530151367,0.22670589483751719,1.8093575709787655
3,26,561149,0,42030173,0.0009959360568425068,2192,2190,2,0,12.232823178000217,6.7086639404296875,0.15772823525346033,1.5761778949058218
3,27,372819,0,42030174,0.0009959360568425068,1457,1457,0,0,8.28344726899968,6.701064586639404,0.1558454273985769,1.4816602970036892
3,28,107522,1,42030175,0.0009959360568425068,421,420,1,0,2.3653186299998197,6.689067363739014,0.29954325358072914,2.3345310756138393
3,29,284527,0,42030176,0.0009959360568425068,1112,1111,1,0,6.2241497180002625,6.696203231811523,0.2064940884347224,1.875809553611611
3,30,1333839,0,42030177,0.0009959360568425068,5211,5209,2,0,28.842886271000225,6.743468761444092,0.08622034856100919,0.97713317695335
3,31,427651,1,42030178,0.0009959360568425068,1671,1670,1,0,9.699935912,6.703967571258545,0.20315140592837763,1.857478889876497
3,32,648608,0,42030179,0.0009959360568425068,2534,2532,2,0,13.710811662000197,6.712804317474365,0.04696248794242292,0.6289547985010614
3,33,428065,0,42030180,0.0009959360568425068,1673,1671,2,0,9.518312911000066,6.703141689300537,0.2079455171924091,2.065539411981972
3,34,375085,0,42030181,0.0009959360568425068,1466,1466,0,0,8.326899553999738,6.7011494636535645,0.23035819143422792,1.9616181294231754
3,35,882461,0,42030182,0.0009959360568425068,3448,3447,1,0,18.965652969000075,6.723137378692627,0.07462502245215495,0.9141028713827241
3,36,569144,0,42030183,0.0009959360568425068,2224,2222,2,0,12.152240854999945,6.709024429321289,0.06829769433242153,0.7952427078645364
3,37,314555,1,42030184,0.0009959360568425068,1229,1229,0,0,7.050186728999961,6.698343753814697,0.21479192722900986,1.9575086055100692
3,38,436745,0,42030185,0.0009959360568425068,1707,1705,2,0,9.940282826999919,6.703468322753906,0.16322166465244684,1.5773900006873167
3,39,261664,1,42030186,0.0009959360568425068,1023,1023,0,0,6.006922646000021,6.695961952209473,0.20831653822435545,1.774587562240347
3,40,638454,1,42030187,0.0009959360568425068,2494,2493,1,0,13.918779747999906,6.712934970855713,0.0932195352063904,0.9830123956453068
3,41,398139,1,42030188,0.0009959360568425068,1556,1556,0,0,8.70223067400002,6.70307731628418,0.21209642268085235,1.8021045675008034
3,42,242816,1,42030189,0.0009959360568425068,949,947,2,0,5.284898608000276,6.695112705230713,0.23232350656575865,2.031280549803656
3,43,323428,1,42030190,0.0009959360568425068,1264,1263,1,0,7.432436686000074,6.698744297027588,0.257160056892691,2.0101566752647466
3,44,451037,0,42030191,0.0009959360568425068,1762,1761,1,0,9.836397509000108,6.704004764556885,0.12401381952392994,1.235915955733603
3,45,265076,1,42030192,0.0009959360568425068,1036,1036,0,0,5.7653156900000795,6.697092056274414,0.1792589283357716,1.7548705583373552
3,46,266508,0,42030193,0.0009959360568425068,1042,1041,1,0,5.856413332000102,6.69539213180542,0.21972002511294728,1.7258861296229586
3,47,506010,0,42030194,0.0009959360568425068,1977,1977,0,0,10.81786381100028,6.706181049346924,0.2462246190072553,2.1390322201409964
3,48,303421,1,42030195,0.0009959360568425068,1186,1186,0,0,6.9331737990000875,6.697961330413818,0.23807259313573725,2.154345044398187
3,49,209704,1,42030196,0.0009959360568425068,820,819,1,0,14.556872154999837,6.693755626678467,0.4197095561231303,2.837484320150336
3,50,548954,1,42030197,0.0009959360568425068,2145,2144,1,0,12.374276559000009,6.708904266357422,0.19578343007101942,1.7073265189555153
3,51,554220,0,42030198,0.0009959360568425068,2165,2164,1,0,12.826566927000385,6.708352088928223,0.13790160230259357,1.3425052663975854
3,52,239391,1,42030199,0.0009959360568425068,936,935,1,0,5.30946532300004,6.69495964050293,0.18073800642860127,1.8481437479110963
3,53,490494,0,42030200,0.0009959360568425068,1916,1914,2,0,11.033578471000055,6.705489158630371,0.15875652317218522,1.6357285390951541
3,54,160756,0,42030201,0.0009959360568425068,628,628,0,0,7.699137092000001,6.7315497398376465,0.19555077279449268,1.834933529993531
3,55,166616,0,42030202,0.0009959360568425068,651,651,0,0,11.807920840999941,6.7266459465026855,0.20345143495433707,1.8635523923531105
3,56,349089,1,42030203,0.0009959360568425068,1364,1363,1,0,16.99051285700034,6.718681812286377,0.14131603394898087,1.3896080459292461
3,57,813153,1,42030204,0.0009959360568425068,3177,3175,2,0,17.659218860999772,6.721647262573242,0.07790901244156004,0.9333492249015748
3,58,309917,1,42030205,0.0009959360568425068,1211,1210,1,0,7.254302671000005,6.698136329650879,0.307559910293453,2.3578048327737604
3,59,355009,0,42030206,0.0009959360568425068,1387,1387,0,0,8.040522637999857,6.6993794441223145,0.15704183984163775,1.5883356051730353
3,60,340859,1,42030207,0.0009959360568425068,1332,1330,2,0,7.2195880050003325,6.69952917098999,0.28224893440877585,2.3981571971921993
3,61,436143,1,42030208,0.0009959360568425068,1704,1704,0,0,9.793096784999761,6.704222679138184,0.24178228243975572,2.012956789401775
3,62,352452,0,42030209,0.0009959360568425068,1377,1377,0,0,17.198276320999867,6.723773956298828,0.18438251969081904,1.5962578933483116
3,63,241000,0,42030210,0.0009959360568425068,942,942,0,0,5.371962611000072,6.694313049316406,0.24064273388775545,1.8167400643577494
3,64,757931,1,42030211,0.0009959360568425068,2961,2959,2,0,16.430733040000177,6.7186198234558105,0.1327047757338575,1.3990279259251437
3,65,667452,1,42030212,0.0009959360568425068,2608,2607,1,0,14.619983420999688,6.7147088050842285,0.08809675619800657,1.0358597346087457
3,66,373491,1,42030213,0.0009959360568425068,1459,1459,0,0,8.274601577999874,6.701327323913574,0.22686840786845655,1.9238764845891878
3,67,255796,0,42030214,0.0009959360568425068,1000,1000,0,0,5.7750124630001665,6.694908142089844,0.12671112823486327,1.21819677734375
3,68,187780,0,42030215,0.0009959360568425068,734,734,0,0,4.440612156000043,6.6930060386657715,0.26312307830727394,1.9221863291893733
3,69,162407,1,42030216,0.0009959360568425068,635,634,1,0,11.018363128000146,6.706550598144531,0.2710906308532137,2.164641852634562
3,70,235355,1,42030217,0.0009959360568425068,920,920,0,0,5.1815050139998675,6.694777488708496,0.217298059878142,1.9120296312415082
3,71,323052,0,42030218,0.0009959360568425068,1262,1261,1,0,7.20157959800008,6.697937965393066,0.1919143035428851,1.7122007970484734
3,72,98180,0,42030219,0.0009959360568425068,384,384,0,0,2.0799355809999724,6.689414024353027,0.32302526632944745,2.077847162882487
3,73,262450,0,42030220,0.0009959360568425068,1026,1026,0,0,5.946130527999685,6.695208549499512,0.220648752550865,1.7847870646396808
3,74,603827,0,42030221,0.0009959360568425068,2359,2358,1,0,13.006463730000178,6.7105865478515625,0.18136956471321034,1.6667643022092344
3,75,236083,0,42030222,0.0009959360568425068,923,923,0,0,5.156264860000192,6.694164276123047,0.1267082900422366,1.2763697003233343
3,76,441814,0,42030223,0.0009959360568425068,1726,1726,0,0,10.292042231999858,6.703657627105713,0.2950191564106858,2.2268588352313876
3,77,648680,1,42030224,0.0009959360568425068,2534,2533,1,0,14.001300421999986,6.714289665222168,0.06803839224579303,0.7481818607660137
3,78,881094,1,42030225,0.0009959360568425068,3442,3441,1,0,18.947957259000304,6.724201679229736,0.12176495047372221,1.357578817476751
3,79,306166,0,42030226,0.0009959360568425068,1196,1196,0,0,6.976418161999845,6.697176933288574,0.270613118557627,2.0953326273123953
3,80,661445,0,42030227,0.0009959360568425068,2584,2583,1,0,14.271586705999653,6.7131829261779785,0.140396525773991,1.4724869678244774
3,81,548725,0,42030228,0.0009959360568425068,2144,2141,3,0,12.089952584999992,6.708104133605957,0.203412201626175,1.9873646678684027
3,82,313463,0,42030229,0.0009959360568425068,1225,1225,0,0,7.1997001899999304,6.697505950927734,0.16146743463010205,1.4073803212691327
3,83,449860,1,42030230,0.0009959360568425068,1758,1758,0,0,10.509459666000112,6.704637050628662,0.07884146871555923,0.8362021245511589
3,84,381590,1,42030231,0.0009959360568425068,1491,1490,1,0,8.473664396999993,6.701448440551758,0.21991181853633598,1.8460667142932048
3,85,323967,0,42030232,0.0009959360568425068,1266,1266,0,0,7.286581121000381,6.697978973388672,0.2064571049164445,1.7332065576249012
3,86,360767,1,42030233,0.0009959360568425068,1410,1407,3,0,8.066841835000105,6.701137542724609,0.14809022427621935,1.604504680836887
3,87,461848,0,42030234,0.0009959360568425068,1805,1804,1,0,9.952163689999907,6.704411506652832,0.2554773977749099,2.223596407938955
3,88,432222,0,42030235,0.0009959360568425068,1689,1689,0,0,9.658969198999785,6.703297138214111,0.20041478971816717,1.8691001517169923
3,89,296592,0,42030236,0.0009959360568425068,1159,1158,1,0,6.559232184999928,6.696747303009033,0.2380137336480597,2.1004271828448835
3,90,479627,1,42030237,0.0009959360568425068,1874,1873,1,0,10.585559861000092,6.706655979156494,0.1607095257076298,1.526914125066738
3,91,587269,1,42030238,0.0009959360568425068,2295,2293,2,0,12.650113003000115,6.710631370544434,0.23036805397030363,2.0735473366632142
3,92,206676,0,42030239,0.0009959360568425068,808,807,1,0,5.164797886000088,6.693434715270996,0.31361933711736173,2.410203141941605
3,93,217421,0,42030240,0.0009959360568425068,850,850,0,0,4.893670507000024,6.693678855895996,0.2354863245346967,2.0572844381893383
3,94,885169,1,42030241,0.0009959360568425068,3458,3456,2,0,19.08217747599997,6.724354267120361,0.04970817654221146,0.6461918442337601
3,95,295224,1,42030242,0.0009959360568425068,1154,1153,1,0,6.47427318400014,6.697775363922119,0.20273832931584726,1.8090227429802688
3,96,547304,1,42030243,0.0009959360568425068,2138,2138,0,0,11.800502635000157,6.7088303565979,0.1303082743574237,1.2445112893913703
3,97,428994,1,42030244,0.0009959360568425068,1676,1675,1,0,9.64898621600014,6.70400857925415,0.17542334713152985,1.524502973414179
3,98,276358,0,42030245,0.0009959360568425068,1080,1080,0,0,6.073164940999959,6.695836544036865,0.23102518717447917,1.9591130009403934
3,99,491272,1,42030246,0.0009959360568425068,1920,1919,1,0,10.924789778000104,6.7069220542907715,0.21185313866373273,1.8975290017180173
4,0,926214,1,42040154,0.0009908717827105773,3619,3616,3,0,20.80753493999964,6.725897789001465,0.09754292310866634,1.1377706612105918
4,1,209678,0,42040155,0.0009908717827105773,820,818,2,0,4.6543340459998035,6.693502902984619,0.19050432125921646,1.8104727075851925
4,2,509018,1,42040156,0.0009908717827105773,1989,1987,2,0,11.419656696999937,6.707324028015137,0.2343101405473468,1.9913734931350655
4,3,411880,0,42040157,0.0009908717827105773,1609,1608,1,0,9.04903430100012,6.702532768249512,0.18243205132176035,1.6574769281036226
4,4,457865,1,42040158,0.0009908717827105773,1789,1787,2,0,10.32188257100006,6.704878330230713,0.22277714196169382,1.9829807889881785
4,5,276084,1,42040159,0.0009908717827105773,1079,1079,0,0,6.046767731000273,6.6973419189453125,0.20960738329670847,1.881750069689817
4,6,155981,0,42040160,0.0009908717827105773,610,609,1,0,3.348568038999929,6.69120979309082,0.1937312234211438,1.7705631350061577
4,7,438907,1,42040161,0.0009908717827105773,1715,1714,1,0,9.846623583999644,6.704305648803711,0.19414293251349182,1.7699612736562864
4,8,563122,1,42040162,0.0009908717827105773,2200,2199,1,0,12.418248204000065,6.7095417976379395,0.13837234753812103,1.4006605230715665
4,9,671047,0,42040163,0.0009908717827105773,2622,2621,1,0,14.939077404000273,6.713615894317627,0.10047665173568056,1.1997474574351392
4,10,559874,1,42040164,0.0009908717827105773,2188,2187,1,0,12.34019735899983,6.709397315979004,0.10967658958208305,1.3444282800354366
4,11,277765,1,42040165,0.0009908717827105773,1086,1086,0,0,6.4079060260000915,6.697380065917969,0.16310351461336758,1.5019931406825506
4,12,344014,0,42040166,0.0009908717827105773,1344,1343,1,0,7.683937119999882,6.698883533477783,0.17693097646433475,1.7388986003816083
4,13,872271,0,42040167,0.0009908717827105773,3408,3405,3,0,18.89876431699986,6.72271203994751,0.11093076910391428,1.2680177932268721
4,14,353613,1,42040168,0.0009908717827105773,1382,1381,1,0,7.719807116000084,6.701031684875488,0.17631563908979567,1.6570128289622557
4,15,392479,0,42040169,0.0009908717827105773,1534,1534,0,0,8.670859599999858,6.701803207397461,0.14131652951395962,1.3740296444650424
4,16,509253,0,42040170,0.0009908717827105773,1990,1989,1,0,11.4304423399999,6.70632791519165,0.1402634687313427,1.4590682101165786
4,17,384412,0,42040171,0.0009908717827105773,1502,1502,0,0,8.581184256999677,6.701499938964844,0.10781317861991303,1.168296844441786
4,18,629973,0,42040172,0.0009908717827105773,2461,2460,1,0,13.72258773800013,6.712520122528076,0.0981687406214272,1.136548050050813
4,19,621908,1,42040173,0.0009908717827105773,2430,2429,1,0,13.613969592000103,6.712190628051758,0.10735985986388431,1.1076454109201317
4,20,801121,0,42040174,0.0009908717827105773,3130,3128,2,0,17.790850816999864,6.719473838806152,0.06845291801120924,0.8826923028892263
4,21,384660,1,42040175,0.0009908717827105773,1503,1503,0,0,8.717210489999616,6.701502799987793,0.11779269423392798,1.2353359686876249
4,22,355766,1,42040176,0.0009908717827105773,1390,1389,1,0,7.798762431999876,6.70106315612793,0.21348085121940244,1.8946578023758098
4,23,360226,0,42040177,0.0009908717827105773,1408,1407,1,0,8.005378073999964,6.699612617492676,0.12592837856268324,1.3452583101512527
4,24,338512,0,42040178,0.0009908717827105773,1323,1322,1,0,15.292753813999752,6.701549053192139,0.1860749652995284,1.8761963259975416
4,25,185941,1,42040179,0.0009908717827105773,727,727,0,0,4.195361997000418,6.6928629875183105,0.19351494328683802,1.6496180727196528
4,26,561149,0,42040180,0.0009908717827105773,2192,2191,1,0,12.365664357000242,6.7086639404296875,0.14042182340843937,1.4581502185788453
4,27,372819,0,42040181,0.0009908717827105773,1457,1457,0,0,8.080799368000044,6.701064586639404,0.13576990885528376,1.3529055247833734
4,28,107522,1,42040182,0.0009908717827105773,421,421,0,0,2.3314330399998653,6.689067363739014,0.25763671585046766,2.0975575209230257
4,29,284527,0,42040183,0.0009908717827105773,1112,1112,0,0,6.432320255999912,6.696203231811523,0.17846582261778468,1.709365295849258
4,30,1333839,0,42040184,0.0009908717827105773,5211,5209,2,0,30.04856431999997,6.743468761444092,0.07727723937273528,0.9237310124304089
4,31,427651,1,42040185,0.0009908717827105773,1671,1670,1,0,9.471590404999915,6.703967571258545,0.17311485427582335,1.713403466504491
4,32,648608,0,42040186,0.0009908717827105773,2534,2533,1,0,14.415757128000223,6.712804317474365,0.04138814607628522,0.5868757498673757
4,33,428065,0,42040187,0.0009908717827105773,1673,1671,2,0,9.611767392999809,6.703141689300537,0.18267718166166405,1.900197182637642
4,34,375085,0,42040188,0.0009908717827105773,1466,1466,0,0,8.251588301999618,6.7011494636535645,0.1965567470410023,1.8230255251854537
4,35,882461,0,42040189,0.0009908717827105773,3448,3447,1,0,19.626967824000076,6.723137378692627,0.06586299372784532,0.8541789905624456
4,36,569144,0,42040190,0.0009908717827105773,2224,2223,1,0,12.804754948000209,6.709024429321289,0.06030044864546432,0.7326642035150979
4,37,314555,1,42040191,0.0009908717827105773,1229,1228,1,0,7.213225537999733,6.698343753814697,0.18700121901322653,1.7998687048300082
4,38,436745,0,42040192,0.0009908717827105773,1707,1706,1,0,9.894157017999987,6.703468322753906,0.14323849247600381,1.4808322419035755
4,39,261664,1,42040193,0.0009908717827105773,1023,1023,0,0,5.757819980000022,6.695961952209473,0.17975933414283968,1.6590675212304498
4,40,638454,1,42040194,0.0009908717827105773,2494,2492,2,0,14.1714373599998,6.712934970855713,0.08070165349430679,0.928846037789677
4,41,398139,1,42040195,0.0009908717827105773,1556,1556,0,0,8.801746843999808,6.70307731628418,0.18114389061621344,1.6800838362588368
4,42,242816,1,42040196,0.0009908717827105773,949,946,3,0,5.562640748999911,6.695112705230713,0.19637838932222845,1.8860432340529203
4,43,323428,0,42040197,0.0009908717827105773,1264,1264,0,0,14.364113351000015,6.7059478759765625,0.22349425207210494,1.8688785214967365
4,44,451037,0,42040198,0.0009908717827105773,1762,1762,0,0,10.231784556000093,6.704004764556885,0.1065654776288486,1.1482997725418558
4,45,265076,1,42040199,0.0009908717827105773,1036,1035,1,0,5.856473115999961,6.697092056274414,0.1543797737158439,1.5631149513134057
4,46,266508,0,42040200,0.0009908717827105773,1042,1041,1,0,5.886581869000111,6.69539213180542,0.19012440911402048,1.6331927824432637
4,47,506010,0,42040201,0.0009908717827105773,1977,1976,1,0,11.300339215999884,6.706181049346924,0.21128006599210053,1.9883396905443447
4,48,303421,1,42040202,0.0009908717827105773,1186,1185,1,0,6.76752307300012,6.697961330413818,0.20217352114649262,1.959156818631329
4,49,209704,1,42040203,0.0009908717827105773,820,819,1,0,4.56012745299995,6.693755626678467,0.3684172950530372,2.620950962015415
4,50,548954,1,42040204,0.0009908717827105773,2145,2144,1,0,12.324728891000177,6.708904266357422,0.1701700153635509,1.6112519449262477
4,51,554220,0,42040205,0.0009908717827105773,2165,2164,1,0,12.305282583000007,6.708352088928223,0.12091039068817871,1.2334516881353974
4,52,239391,1,42040206,0.0009908717827105773,936,935,1,0,5.151615738000146,6.69495964050293,0.16065566119025734,1.6960475330046791
4,53,490494,0,42040207,0.0009908717827105773,1916,1914,2,0,11.033923819999927,6.705489158630371,0.13862694368591627,1.494496376412291
4,54,160756,1,42040208,0.0009908717827105773,628,627,1,0,3.5670908530000816,6.694826126098633,0.16898568623373952,1.6640626946894936
4,55,166616,0,42040209,0.0009908717827105773,651,651,0,0,3.7553617050002686,6.693428993225098,0.1700724119781166,1.6379158266129032
4,56,349089,1,42040210,0.0009908717827105773,1364,1364,0,0,8.06280128599974,6.699900150299072,0.12040568376915896,1.2945570064779601
4,57,813153,1,42040211,0.0009908717827105773,3177,3175,2,0,17.771385726000062,6.721647262573242,0.06999347356360729,0.8803423351377953
4,58,309917,1,42040212,0.0009908717827105773,1211,1210,1,0,7.014515479000238,6.698136329650879,0.2638955612813146,2.1972527117768594
4,59,355009,0,42040213,0.0009908717827105773,1387,1387,0,0,7.87571392100017,6.6993794441223145,0.13252717054569213,1.4303332317107516
4,60,340859,1,42040214,0.0009908717827105773,1332,1331,1,0,7.639436120000028,6.69952917098999,0.2432753565076775,2.2036728948511457
4,61,436143,1,42040215,0.0009908717827105773,1704,1704,0,0,9.976247223999962,6.704222679138184,0.20923433617247103,1.8644542425451145
4,62,352452,0,42040216,0.0009908717827105773,1377,1377,0,0,7.937035880000167,6.699264049530029,0.15871804541405682,1.4577656221632171
4,63,241000,0,42040217,0.0009908717827105773,942,941,1,0,5.467435694999949,6.694313049316406,0.20869056628690388,1.6624902447529224
4,64,757931,1,42040218,0.0009908717827105773,2961,2959,2,0,17.065847982000378,6.7186198234558105,0.11826995096725562,1.3319013001911542
4,65,667452,1,42040219,0.0009908717827105773,2608,2606,2,0,14.629969386000084,6.7147088050842285,0.0769976530272688,0.9831410874244532
4,66,373491,1,42040220,0.0009908717827105773,1459,1459,0,0,8.20903727699988,6.701327323913574,0.1933655036157578,1.7547126335996401
4,67,255796,0,42040221,0.0009908717827105773,1000,1000,0,0,5.668993753999985,6.694908142089844,0.11107720184326172,1.11694970703125
4,68,187780,0,42040222,0.0009908717827105773,734,734,0,0,4.536328065999896,6.6930060386657715,0.2299032601088854,1.7770731663509025
4,69,162407,0,42040223,0.0009908717827105773,635,634,1,0,3.5860653729996557,6.691255569458008,0.23243121318636634,1.9798135366349565
4,70,235355,1,42040224,0.0009908717827105773,920,919,1,0,5.285568568000144,6.694777488708496,0.18447226772370615,1.764988348196069
4,71,323052,1,42040225,0.0009908717827105773,1262,1261,1,0,7.253210588999991,6.698727130889893,0.16963799618048672,1.5779230660809873
4,72,98180,1,42040226,0.0009908717827105773,384,384,0,0,2.08878489000017,6.6902031898498535,0.27826249599456787,1.9133464495340984
4,73,262450,0,42040227,0.0009908717827105773,1026,1026,0,0,5.680630032999943,6.695208549499512,0.19077196920591952,1.6164876777990984
4,74,603827,0,42040228,0.0009908717827105773,2359,2358,1,0,13.235238008000124,6.7105865478515625,0.15936606733145806,1.5607819043548559
4,75,236083,0,42040229,0.0009908717827105773,923,923,0,0,5.140836961999867,6.694164276123047,0.109821100534623,1.1559985854127166
4,76,441814,0,42040230,0.0009908717827105773,1726,1725,1,0,9.852790370000093,6.703657627105713,0.25695921082427536,2.058650645380435
4,77,648680,1,42040231,0.0009908717827105773,2534,2532,2,0,14.267340828000215,6.714289665222168,0.06011092079005912,0.710200064178515
4,78,881094,1,42040232,0.0009908717827105773,3442,3441,1,0,19.469873377000113,6.724201679229736,0.10672360691557232,1.2746946007247166
4,79,306166,0,42040233,0.0009908717827105773,1196,1196,0,0,6.766006937999919,6.697176933288574,0.23772517175578753,1.894761713850857
4,80,661445,0,42040234,0.0009908717827105773,2584,2583,1,0,14.434556435000104,6.7131829261779785,0.12355063361250242,1.364442595667586
4,81,548725,0,42040235,0.0009908717827105773,2144,2142,2,0,12.15170024300005,6.708104133605957,0.18157259445119195,1.8381161872301004
4,82,313463,0,42040236,0.0009908717827105773,1225,1225,0,0,7.38212213099996,6.697505950927734,0.14370295310507014,1.2817659837372448
4,83,449860,1,42040237,0.0009908717827105773,1758,1758,0,0,10.1183552399998,6.704637050628662,0.07084295991066508,0.7830577238427902
4,84,381590,1,42040238,0.0009908717827105773,1491,1490,1,0,8.420010527000159,6.701448440551758,0.18984211147231544,1.7242472603817114
4,85,323967,1,42040239,0.0009908717827105773,1266,1265,1,0,14.727016022000043,6.711785793304443,0.18170981426012847,1.5892096598628953
4,86,360767,1,42040240,0.0009908717827105773,1410,1407,3,0,7.9471448159997635,6.701137542724609,0.12804728970937723,1.4926499269833866
4,87,461848,0,42040241,0.0009908717827105773,1805,1804,1,0,9.995636005000051,6.704411506652832,0.22633701840419726,2.060309230356153
4,88,432222,0,42040242,0.0009908717827105773,1689,1689,0,0,9.787834507999833,6.703297138214111,0.173816759957584,1.7523669643187536
4,89,296592,0,42040243,0.0009908717827105773,1159,1158,1,0,6.671363204000045,6.696747303009033,0.20731435456218292,1.9109658354922279
4,90,479627,1,42040244,0.0009908717827105773,1874,1873,1,0,10.46747238700027,6.706655979156494,0.14152495083297184,1.428959249240857
4,91,587269,1,42040245,0.0009908717827105773,2295,2293,2,0,13.274439304000225,6.710631370544434,0.20506974031870093,1.9253048936300698
4,92,206676,1,42040246,0.0009908717827105773,808,807,1,0,4.963325953000094,6.6936421394348145,0.2704060872395833,2.1758874375580857
4,93,217421,0,42040247,0.0009908717827105773,850,850,0,0,4.9467066939996585,6.693678855895996,0.20034091725068934,1.8303025907628676
4,94,885169,1,42040248,0.0009908717827105773,3458,3456,2,0,19.77888318100031,6.724354267120361,0.04338542620340983,0.6137140768545645
4,95,295224,1,42040249,0.0009908717827105773,1154,1153,1,0,6.720038923000175,6.697775363922119,0.1720048518979022,1.668185258056429
4,96,547304,1,42040250,0.0009908717827105773,2138,2138,0,0,12.157014442999753,6.7088303565979,0.11592586649367473,1.1694801837289523
4,97,428994,1,42040251,0.0009908717827105773,1676,1676,0,0,9.737602528000025,6.70400857925415,0.15286012708714014,1.4278887837485084
4,98,276358,0,42040252,0.0009908717827105773,1080,1079,1,0,6.447443045999989,6.695836544036865,0.19735280797921254,1.7793765205050973
4,99,491272,1,42040253,0.0009908717827105773,1920,1919,1,0,11.026642493000054,6.7069220542907715,0.18669811445577122,1.7691806238600833
5,0,926214,1,42050161,0.0009838109572043196,3619,3617,2,0,20.829403707999973,6.725897789001465,0.08864291662796776,1.1088076109776748
5,1,209678,1,42050162,0.0009838109572043196,820,819,1,0,4.786479919000158,6.693755149841309,0.1706719963250725,1.707408192393544
5,2,509018,1,42050163,0.0009838109572043196,1989,1987,2,0,12.190775221999957,6.707324028015137,0.2119526279950538,1.8677232086688476
5,3,411880,0,42050164,0.0009838109572043196,1609,1608,1,0,9.420128705000025,6.702532768249512,0.16342920331812616,1.5693521831759172
5,4,457865,1,42050165,0.0009838109572043196,1789,1786,3,0,10.353618654000002,6.704878330230713,0.20006741548305396,1.914329058913074
5,5,276084,0,42050166,0.0009838109572043196,1079,1078,1,0,6.107977390000087,6.695822715759277,0.1876176965037613,1.6990443638392858
5,6,155981,0,42050167,0.0009838109572043196,610,609,1,0,3.4338483060000726,6.69120979309082,0.1755707338329998,1.6437010115199098
5,7,438907,1,42050168,0.0009838109572043196,1715,1714,1,0,10.073891421999633,6.704305648803711,0.1760713628459561,1.6744068550813156
5,8,563122,1,42050169,0.0009838109572043196,2200,2199,1,0,12.935330098000122,6.7095417976379395,0.12373885657365565,1.3313324682384038
5,9,671047,0,42050170,0.0009838109572043196,2622,2621,1,0,15.331266569000036,6.713615894317627,0.09136515780743275,1.129444365372234
5,10,559874,1,42050171,0.0009838109572043196,2188,2186,2,0,13.338800763000108,6.709397315979004,0.0996172347422161,1.255412305044888
5,11,277765,0,42050172,0.0009838109572043196,1086,1086,0,0,6.464300975999777,6.695899486541748,0.14590091599943888,1.4092583700218693
5,12,344014,0,42050173,0.0009838109572043196,1344,1343,1,0,7.557430711000052,6.698883533477783,0.15837765237065454,1.6268942258469843
5,13,872271,0,42050174,0.0009838109572043196,3408,3405,3,0,19.314173953000136,6.72271203994751,0.10073742299352974,1.2161591696494127
5,14,353613,1,42050175,0.0009838109572043196,1382,1381,1,0,7.8922918590001245,6.701031684875488,0.15933110418740948,1.5462977956983164
5,15,392479,0,42050176,0.0009838109572043196,1534,1534,0,0,8.742336048000197,6.701803207397461,0.12873756776732603,1.3094258811980526
5,16,509253,0,42050177,0.0009838109572043196,1990,1989,1,0,12.179226771999765,6.70632791519165,0.12561334348192402,1.390773767439668
5,17,384412,0,42050178,0.0009838109572043196,1502,1502,0,0,8.696458329000052,6.701499938964844,0.0970994972198527,1.09688189185253
5,18,629973,0,42050179,0.0009838109572043196,2461,2460,1,0,13.942857696999909,6.712520122528076,0.088339531130907,1.0820884146341463
5,19,621908,1,42050180,0.0009838109572043196,2430,2428,2,0,14.016636526999719,6.712190628051758,0.09733049873465172,1.0500343486151154
5,20,801121,0,42050181,0.0009838109572043196,3130,3127,3,0,17.74634452500004,6.719473838806152,0.06179570465527063,0.8365508574512313
5,21,384660,1,42050182,0.0009838109572043196,1503,1503,0,0,8.659704240999872,6.701502799987793,0.10591616855806615,1.1798961484582917
5,22,355766,1,42050183,0.0009838109572043196,1390,1389,1,0,8.43729404700025,6.70106315612793,0.1927439921017256,1.7759172234971203
5,23,360226,0,42050184,0.0009838109572043196,1408,1407,1,0,8.069590905000041,6.699612617492676,0.11206307373914468,1.248926353861274
5,24,338512,0,42050185,0.0009838109572043196,1323,1321,2,0,7.324392719000116,6.698635578155518,0.16445441177449022,1.728232303593395
5,25,185941,0,42050186,0.0009838109572043196,727,727,0,0,4.245087194000007,6.692964553833008,0.1750500664586378,1.5167328678430192
5,26,561149,0,42050187,0.0009838109572043196,2192,2191,1,0,13.054112590999921,6.7086639404296875,0.1270744153105032,1.3624690450636125
5,27,372819,0,42050188,0.0009838109572043196,1457,1457,0,0,8.190524765999726,6.701064586639404,0.12090298895485695,1.2857507667724777
5,28,107522,0,42050189,0.0009838109572043196,421,419,2,0,2.4248061329999473,6.6882781982421875,0.22484022336245152,1.954738717090543
5,29,284527,1,42050190,0.0009838109572043196,1112,1111,1,0,6.628541484999914,6.69753360748291,0.15776434210803894,1.5853002292416742
5,30,1333839,0,42050191,0.0009838109572043196,5211,5209,2,0,29.84909010599995,6.743468761444092,0.07130685514441651,0.887169067359378
5,31,427651,1,42050192,0.0009838109572043196,1671,1669,2,0,9.821833417000107,6.703967571258545,0.15801564942869045,1.595543826533478
5,32,648608,0,42050193,0.0009838109572043196,2534,2533,1,0,14.80775190400027,6.712804317474365,0.03768141995387448,0.5663299138866956
5,33,428065,0,42050194,0.0009838109572043196,1673,1671,2,0,9.607401706000019,6.703141689300537,0.16513056044518626,1.7836709516195393
5,34,375085,0,42050195,0.0009838109572043196,1466,1465,1,0,8.36336272499966,6.7011494636535645,0.17493846489707765,1.7443486028156996
5,35,882461,0,42050196,0.0009838109572043196,3448,3447,1,0,19.497630947999824,6.723137378692627,0.05916261908141364,0.8140530233491079
5,36,569144,0,42050197,0.0009838109572043196,2224,2224,0,0,12.828700863999984,6.709024429321289,0.055986706301462734,0.7011202805333858
5,37,314555,0,42050198,0.0009838109572043196,1229,1229,0,0,16.94148881800038,6.722461223602295,0.16628917821351835,1.6891529651266273
5,38,436745,0,42050199,0.0009838109572043196,1707,1706,1,0,9.739609742000084,6.703468322753906,0.1274993914372756,1.3985285160829426
5,39,261664,0,42050200,0.0009838109572043196,1023,1022,1,0,5.7879812640003365,6.6951727867126465,0.16502220616648575,1.5430781593994618
5,40,638454,1,42050201,0.0009838109572043196,2494,2493,1,0,14.290697075000026,6.712934970855713,0.07240332134076978,0.8885482867654433
5,41,398139,1,42050202,0.0009838109572043196,1556,1556,0,0,8.92363659800003,6.70307731628418,0.16345907176981242,1.5732401477647011
5,42,242816,0,42050203,0.0009838109572043196,949,948,1,0,5.555993820999902,6.694367408752441,0.17623204420387492,1.7517329348793513
5,43,323428,0,42050204,0.0009838109572043196,1264,1263,1,0,7.240744363999966,6.697955131530762,0.20254619293333703,1.7601995883437254
5,44,451037,0,42050205,0.0009838109572043196,1762,1761,1,0,10.300265544000013,6.704004764556885,0.09456718137222281,1.0891724672593697
5,45,265076,0,42050206,0.0009838109572043196,1036,1036,0,0,6.040039017000254,6.695326805114746,0.1377849799785835,1.435859002661981
5,46,266508,1,42050207,0.0009838109572043196,1042,1042,0,0,6.043888812000205,6.697124481201172,0.1722809833665727,1.5333728753673825
5,47,506010,0,42050208,0.0009838109572043196,1977,1977,0,0,11.824489210000138,6.706181049346924,0.18934718562788475,1.885300585641123
5,48,303421,1,42050209,0.0009838109572043196,1186,1186,0,0,6.54784385999983,6.697961330413818,0.1764460623163799,1.819989312157462
5,49,209704,0,42050210,0.0009838109572043196,820,819,1,0,4.76255961600009,6.693503379821777,0.3348000029213408,2.484165736607143
5,50,548954,1,42050211,0.0009838109572043196,2145,2143,2,0,12.539736402000017,6.708904266357422,0.1520001103930311,1.5204297740827695
5,51,554220,0,42050212,0.0009838109572043196,2165,2164,1,0,13.028757400999893,6.708352088928223,0.11070788060891651,1.1598963146950092
5,52,239391,0,42050213,0.0009838109572043196,936,934,2,0,5.266841707999902,6.694264888763428,0.14472257299647853,1.5966811251589266
5,53,490494,0,42050214,0.0009838109572043196,1916,1915,1,0,11.304077730000245,6.705489158630371,0.12278239994696476,1.3839808053198432
5,54,160756,1,42050215,0.0009838109572043196,628,627,1,0,3.5205547519999527,6.694826126098633,0.15013584946141098,1.5213934550064792
5,55,166616,1,42050216,0.0009838109572043196,651,650,1,0,3.8913651190000564,6.694218158721924,0.15051646305964544,1.5346554800180288
5,56,349089,1,42050217,0.0009838109572043196,1364,1364,0,0,7.70266608699967,6.699900150299072,0.10823222409245556,1.1769225716241294
5,57,813153,1,42050218,0.0009838109572043196,3177,3176,1,0,17.74583388400015,6.721647262573242,0.06315764612154637,0.8350847758333989
5,58,309917,0,42050219,0.0009838109572043196,1211,1210,1,0,17.39249309900015,6.716043949127197,0.23323747619124482,2.057000177556818
5,59,355009,0,42050220,0.0009838109572043196,1387,1387,0,0,8.271469568000157,6.6993794441223145,0.11869247645547945,1.3457752934616078
5,60,340859,1,42050221,0.0009838109572043196,1332,1330,2,0,7.511387602000013,6.69952917098999,0.21822305550252585,2.052280970982143
5,61,436143,1,42050222,0.0009838109572043196,1704,1703,1,0,9.813508089000152,6.704222679138184,0.18901516281011452,1.7542696654341603
5,62,352452,0,42050223,0.0009838109572043196,1377,1377,0,0,7.758284658999855,6.699264049530029,0.14314373074533632,1.3522369451252723
5,63,241000,1,42050224,0.0009838109572043196,942,942,0,0,5.30079269800035,6.695031642913818,0.1893790664186903,1.5715457729979432
5,64,757931,1,42050225,0.0009838109572043196,2961,2960,1,0,16.958407841999815,6.7186198234558105,0.10610359810494088,1.2514653386296453
5,65,667452,1,42050226,0.0009838109572043196,2608,2606,2,0,15.44367503400008,6.7147088050842285,0.06878650398869196,0.9121627749064658
5,66,373491,1,42050227,0.0009838109572043196,1459,1459,0,0,8.202272286000152,6.701327323913574,0.17402086264471064,1.6472949419551062
5,67,255796,1,42050228,0.0009838109572043196,1000,999,1,0,5.908338649999678,6.69569730758667,0.09965558667798657,1.0471036221768644
5,68,187780,1,42050229,0.0009838109572043196,734,733,1,0,4.301408436000202,6.69293212890625,0.20458320315830705,1.6919005265177354
5,69,162407,0,42050230,0.0009838109572043196,635,634,1,0,3.7358331440000256,6.691255569458008,0.2073228757840226,1.8386186184567233
5,70,235355,0,42050231,0.0009838109572043196,920,919,1,0,5.202037624000241,6.694142818450928,0.16406990524474632,1.6523476020555632
5,71,323052,1,42050232,0.0009838109572043196,1262,1261,1,0,7.217440426999929,6.698727130889893,0.1524108475300171,1.4791725394652062
5,72,98180,1,42050233,0.0009838109572043196,384,384,0,0,2.1862023629996656,6.6902031898498535,0.25288917620976764,1.776289939880371
5,73,262450,1,42050234,0.0009838109572043196,1026,1025,1,0,5.8305412310000975,6.695997714996338,0.17239161049447407,1.4592987804878048
5,74,603827,0,42050235,0.0009838109572043196,2359,2358,1,0,13.362924109999767,6.7105865478515625,0.14329592225104698,1.5213089830497244
5,75,236083,1,42050236,0.0009838109572043196,923,923,0,0,5.13239035100014,6.694809436798096,0.09819282044052173,1.0889878030200433
5,76,441814,0,42050237,0.0009838109572043196,1726,1725,1,0,10.114142750000156,6.703657627105713,0.23271571062613225,1.9115143795289855
5,77,648680,1,42050238,0.0009838109572043196,2534,2533,1,0,14.293598143000054,6.714289665222168,0.055033584757374535,0.6858238825626727
5,78,881094,1,42050239,0.0009838109572043196,3442,3440,2,0,19.57402956599981,6.724201679229736,0.09758743463560593,1.209459597565407
5,79,306166,1,42050240,0.0009838109572043196,1196,1195,1,0,7.135697295000227,6.698023796081543,0.209709327091233,1.774607536283996
5,80,661445,0,42050241,0.0009838109572043196,2584,2583,1,0,14.881129044999852,6.7131829261779785,0.11071895491555361,1.278519084367741
5,81,548725,0,42050242,0.0009838109572043196,2144,2143,1,0,12.852067135999732,6.708104133605957,0.16122120382404193,1.7180400212902474
5,82,313463,1,42050243,0.0009838109572043196,1225,1225,0,0,14.664268931000151,6.70955753326416,0.13142560686383928,1.2230521564094388
5,83,449860,1,42050244,0.0009838109572043196,1758,1758,0,0,10.091488065999783,6.704637050628662,0.06478044685650197,0.7526411766078285
5,84,381590,1,42050245,0.0009838109572043196,1491,1490,1,0,8.411385619999692,6.701448440551758,0.174249984433987,1.6333476431417786
5,85,323967,1,42050246,0.0009838109572043196,1266,1265,1,0,7.332785277999847,6.698768138885498,0.1652340975674716,1.4825878520256917
5,86,360767,1,42050247,0.0009838109572043196,1410,1409,1,0,8.010115237999798,6.701137542724609,0.11377357065973763,1.3894596573644873
5,87,461848,0,42050248,0.0009838109572043196,1805,1804,1,0,10.415988776000177,6.704411506652832,0.20551739880885359,1.9186712632951082
5,88,432222,0,42050249,0.0009838109572043196,1689,1688,1,0,9.837177217999852,6.703297138214111,0.15699451681561943,1.6297296460770883
5,89,296592,1,42050250,0.0009838109572043196,1159,1158,1,0,6.930453721000049,6.697807312011719,0.18411710801725767,1.7911159798683074
5,90,479627,1,42050251,0.0009838109572043196,1874,1874,0,0,10.988954869999816,6.706655979156494,0.12718889527539687,1.3517589589447705
5,91,587269,1,42050252,0.0009838109572043196,2295,2292,3,0,13.113339100999838,6.710631370544434,0.18710138077927302,1.8089218272796683
5,92,206676,0,42050253,0.0009838109572043196,808,808,0,0,4.804107811999984,6.693434715270996,0.2420746076225054,2.039432185711247
5,93,217421,1,42050254,0.0009838109572043196,850,849,1,0,4.973262651999903,6.694046497344971,0.1764410443525011,1.6917772057199647
5,94,885169,1,42050255,0.0009838109572043196,3458,3456,2,0,19.70559705100004,6.724354267120361,0.04001020060645209,0.5845982940108688
5,95,295224,0,42050256,0.0009838109572043196,1154,1153,1,0,6.71523718699973,6.696683883666992,0.15466668558244795,1.5301265931605053
5,96,547304,1,42050257,0.0009838109572043196,2138,2137,1,0,12.93811259200038,6.7088303565979,0.1058278063719218,1.105978737716425
5,97,428994,1,42050258,0.0009838109572043196,1676,1676,0,0,9.675084376000086,6.70400857925415,0.1373583627486855,1.3579309868641856
5,98,276358,1,42050259,0.0009838109572043196,1080,1079,1,0,6.077908292999837,6.697348594665527,0.17854311910351744,1.6407258013423889
5,99,491272,1,42050260,0.0009838109572043196,1920,1919,1,0,11.250547955000002,6.7069220542907715,0.1662065228675417,1.6474763314633272
6,0,926214,1,42060168,0.000974782594770281,3619,3617,2,0,20.533098854999935,6.725897789001465,0.08088642317582337,1.0845969202507257
6,1,209678,1,42060169,0.000974782594770281,820,818,2,0,4.614659612999731,6.693755149841309,0.15362112329758176,1.6491324650920691
6,2,509018,1,42060170,0.000974782594770281,1989,1988,1,0,11.840853905999666,6.707324028015137,0.19625641114754935,1.8032623229612048
6,3,411880,0,42060171,0.000974782594770281,1609,1609,0,0,9.26829159099998,6.702532768249512,0.15290825881151918,1.4977893817491454
6,4,457865,1,42060172,0.000974782594770281,1789,1786,3,0,10.405233114000112,6.704878330230713,0.18729196443803367,1.8466106555763577
6,5,276084,0,42060173,0.000974782594770281,1079,1078,1,0,6.398567738999645,6.695822715759277,0.17065157916859927,1.6187464443341257
6,6,155981,0,42060174,0.000974782594770281,610,609,1,0,3.3837101190001704,6.69120979309082,0.16181300622097572,1.5424983082537973
6,7,438907,1,42060175,0.000974782594770281,1715,1714,1,0,10.022975526999744,6.704305648803711,0.16169119159426962,1.6115249758423278
6,8,563122,1,42060176,0.000974782594770281,2200,2199,1,0,12.161543706999964,6.7095417976379395,0.11301282992846536,1.2863357634151886
6,9,671047,0,42060177,0.000974782594770281,2622,2621,1,0,14.750539687000128,6.713615894317627,0.08439397538995433,1.1022707034230732
6,10,559874,1,42060178,0.000974782594770281,2188,2185,3,0,12.794489814000372,6.709397315979004,0.09170210290555278,1.211324549485126
6,11,277765,0,42060179,0.000974782594770281,1086,1085,1,0,6.345115914999951,6.695899486541748,0.13328576153873847,1.3451008739559331
6,12,344014,0,42060180,0.000974782594770281,1344,1342,2,0,7.867223915000068,6.698883533477783,0.14701105336673925,1.5296123294290238
6,13,872271,0,42060181,0.000974782594770281,3408,3406,2,0,19.267917719000252,6.72271203994751,0.0950097147325033,1.1502853277075382
6,14,353613,1,42060182,0.000974782594770281,1382,1381,1,0,8.036685559000034,6.701031684875488,0.14755379402663377,1.4989182501923426
6,15,392479,0,42060183,0.000974782594770281,1534,1534,0,0,8.770626780999919,6.701803207397461,0.11869903524664888,1.2477101073582137
6,16,509253,0,42060184,0.000974782594770281,1990,1990,0,0,12.109789791999901,6.70632791519165,0.11606548060124842,1.3261523682867462
6,17,384412,0,42060185,0.000974782594770281,1502,1502,0,0,8.432261893000032,6.701499938964844,0.08870785404616761,1.073647896554594
6,18,629973,0,42060186,0.000974782594770281,2461,2460,1,0,13.720667923999827,6.712520122528076,0.08263631681116616,1.0429255787919207
6,19,621908,1,42060187,0.000974782594770281,2430,2429,1,0,13.475447221000195,6.712190628051758,0.08834869648606358,1.0040873703813298
6,20,801121,0,42060188,0.000974782594770281,3130,3127,3,0,17.569600826999704,6.719473838806152,0.05661905677241565,0.7996856230762313
6,21,384660,1,42060189,0.000974782594770281,1503,1502,1,0,8.5363172819998,6.701502799987793,0.09734419658879306,1.108327812265937
6,22,355766,1,42060190,0.000974782594770281,1390,1389,1,0,8.024338962000002,6.70106315612793,0.1796250696916903,1.694950243824244
6,23,360226,0,42060191,0.000974782594770281,1408,1406,2,0,8.061757733999912,6.699612617492676,0.10342856525187812,1.16606797805721
6,24,338512,0,42060192,0.000974782594770281,1323,1322,1,0,7.899086260999866,6.698635578155518,0.1514304849275482,1.6519598102425304
6,25,185941,0,42060193,0.000974782594770281,727,726,1,0,3.9327273300000343,6.692964553833008,0.16025710302936144,1.4443345923725894
6,26,561149,0,42060194,0.000974782594770281,2192,2190,2,0,12.247373852000237,6.7086639404296875,0.11977476355147688,1.3120584287599886
6,27,372819,0,42060195,0.000974782594770281,1457,1457,0,0,8.33496307600035,6.701064586639404,0.11269820088299481,1.208090002600592
6,28,107522,1,42060196,0.000974782594770281,421,419,2,0,2.278362376000132,6.689067363739014,0.20665387720367503,1.8104159189010292
6,29,284527,1,42060197,0.000974782594770281,1112,1111,1,0,6.463853165999808,6.69753360748291,0.1429297913311839,1.4886680074257426
6,30,1333839,0,42060198,0.000974782594770281,5211,5210,1,0,29.901505568000175,6.743468761444092,0.06652801572246882,0.8603122938159788
6,31,427651,1,42060199,0.000974782594770281,1671,1669,2,0,9.536891190999995,6.703967571258545,0.14559868869130094,1.524134522215773
6,32,648608,0,42060200,0.000974782594770281,2534,2533,1,0,14.12474086200018,6.712804317474365,0.035152102476798446,0.5493839232290022
6,33,428065,0,42060201,0.000974782594770281,1673,1671,2,0,9.693508489000124,6.703141689300537,0.14974386602158607,1.717330740855027
6,34,375085,0,42060202,0.000974782594770281,1466,1465,1,0,8.513378757999817,6.7011494636535645,0.16145651755479415,1.6468511692086178
6,35,882461,0,42060203,0.000974782594770281,3448,3447,1,0,19.508338915999957,6.723137378692627,0.05490617389640222,0.7941561644409995
6,36,569144,0,42060204,0.000974782594770281,2224,2224,0,0,12.278214873999787,6.709024429321289,0.05223067372822933,0.6693225009835881
6,37,314555,0,42060205,0.000974782594770281,1229,1228,1,0,7.198229490999893,6.697554588317871,0.15382355432168668,1.60828302737556
6,38,436745,0,42060206,0.000974782594770281,1707,1706,1,0,9.920859279999604,6.703468322753906,0.11839697816587137,1.3513372495054221
6,39,261664,0,42060207,0.000974782594770281,1023,1022,1,0,5.896398080999916,6.6951727867126465,0.15470996714851395,1.4812284047822897
6,40,638454,1,42060208,0.000974782594770281,2494,2492,2,0,14.029416429000321,6.712934970855713,0.06820545839459709,0.8363677831560995
6,41,398139,1,42060209,0.000974782594770281,1556,1555,1,0,8.962504858000102,6.70307731628418,0.1500785508723121,1.5067172427652733
6,42,242816,0,42060210,0.000974782594770281,949,948,1,0,5.3977091360002305,6.694367408752441,0.16187727401025184,1.6582041551292195
6,43,323428,0,42060211,0.000974782594770281,1264,1264,0,0,7.393310834000204,6.697955131530762,0.18579875366597237,1.6635606983039952
6,44,451037,0,42060212,0.000974782594770281,1762,1762,0,0,10.220297834000121,6.704004764556885,0.08632299659200748,1.0525546642221197
6,45,265076,0,42060213,0.000974782594770281,1036,1035,1,0,6.210313101999873,6.695326805114746,0.12693521250849185,1.3419457182216183
6,46,266508,1,42060214,0.000974782594770281,1042,1041,1,0,6.26663699699975,6.697124481201172,0.16035146282683418,1.4901138291006244
6,47,506010,0,42060215,0.000974782594770281,1977,1976,1,0,11.51771042099972,6.706181049346924,0.1722734119245398,1.820360809202619
6,48,303421,0,42060216,0.000974782594770281,1186,1185,1,0,6.990794585999993,6.697052955627441,0.16334290323378164,1.7274300748285865
6,49,209704,0,42060217,0.000974782594770281,820,818,2,0,4.685597058999974,6.693503379821777,0.3080982310847723,2.3637217775825183
6,50,548954,1,42060218,0.000974782594770281,2145,2144,1,0,12.64761065699986,6.708904266357422,0.13942631678794748,1.4830974749664763
6,51,554220,0,42060219,0.000974782594770281,2165,2164,1,0,12.750016056999812,6.708352088928223,0.1025260530425969,1.1228150316615642
6,52,239391,0,42060220,0.000974782594770281,936,935,1,0,5.695331775999875,6.694264888763428,0.13503277620529747,1.5244384765625
6,53,490494,0,42060221,0.000974782594770281,1916,1914,2,0,10.940389562000291,6.705489158630371,0.11196342954565863,1.3242146682340648
6,54,160756,1,42060222,0.000974782594770281,628,628,0,0,3.5285940999997365,6.694826126098633,0.13611057305791577,1.4420535336634157
6,55,166616,1,42060223,0.000974782594770281,651,651,0,0,3.7083414059998177,6.694218158721924,0.13893881005259337,1.4374429963517665
6,56,349089,1,42060224,0.000974782594770281,1364,1363,1,0,7.874750952999875,6.699900150299072,0.09901274851115416,1.1331316919249816
6,57,813153,1,42060225,0.000974782594770281,3177,3176,1,0,18.002120532999925,6.721647262573242,0.05859574863232053,0.8080120711242522
6,58,309917,0,42060226,0.000974782594770281,1211,1211,0,0,6.9884006109996335,6.697347164154053,0.2159076063816061,1.9685365029546862
6,59,355009,0,42060227,0.000974782594770281,1387,1386,1,0,8.032503431999885,6.6993794441223145,0.10906509025100333,1.250804025889475
6,60,340859,1,42060228,0.000974782594770281,1332,1331,1,0,7.731830346000152,6.69952917098999,0.19842859464512114,1.9908611432311232
6,61,436143,1,42060229,0.000974782594770281,1704,1703,1,0,10.066646712999955,6.704222679138184,0.17313107699418306,1.6819097101163387
6,62,352452,0,42060230,0.000974782594770281,1377,1377,0,0,7.9873874519998935,6.699264049530029,0.13159412392344091,1.284692081404321
6,63,241000,1,42060231,0.000974782594770281,942,942,0,0,5.751655708000271,6.695031642913818,0.17417554592124468,1.4831923952527866
6,64,757931,1,42060232,0.000974782594770281,2961,2960,1,0,16.834279187999982,6.7186198234558105,0.0993911227664432,1.198701930690456
6,65,667452,1,42060233,0.000974782594770281,2608,2607,1,0,14.594113953000033,6.7147088050842285,0.06285590379229898,0.8799520184539221
6,66,373491,1,42060234,0.000974782594770281,1459,1458,1,0,8.384821885999827,6.701327323913574,0.160304902839399,1.5683876738790294
6,67,255796,1,42060235,0.000974782594770281,1000,999,1,0,5.847466746999999,6.69569730758667,0.09333729481434559,1.0028878976632882
6,68,187780,1,42060236,0.000974782594770281,734,733,1,0,3.9951994480002213,6.69293212890625,0.19041057758409363,1.607020858202592
6,69,162407,0,42060237,0.000974782594770281,635,634,1,0,3.643746188000023,6.691255569458008,0.1907483892109868,1.7629236648511435
6,70,235355,0,42060238,0.000974782594770281,920,919,1,0,5.0280634170003395,6.694142818450928,0.15368172497173388,1.5469537678947904
6,71,323052,1,42060239,0.000974782594770281,1262,1261,1,0,7.191299757999786,6.698727130889893,0.1401050879216024,1.4346584044780928
6,72,98180,0,42060240,0.000974782594770281,384,383,1,0,2.0651063509999403,6.689414024353027,0.2405192721294672,1.7162010252631363
6,73,262450,1,42060241,0.000974782594770281,1026,1026,0,0,5.851114920999862,6.695997714996338,0.15736432289287128,1.4126990245796784
6,74,603827,0,42060242,0.000974782594770281,2359,2358,1,0,13.226169111999752,6.7105865478515625,0.1309469803801222,1.4879185593259647
6,75,236083,1,42060243,0.000974782594770281,923,923,0,0,5.140355991999968,6.694809436798096,0.0898617530566512,1.0406314936645111
6,76,441814,0,42060244,0.000974782594770281,1726,1725,1,0,9.85547137399999,6.703657627105713,0.2151099163552989,1.8184396229619566
6,77,648680,1,42060245,0.000974782594770281,2534,2534,0,0,14.154687900999761,6.714289665222168,0.051430404891907554,0.6598548798835833
6,78,881094,1,42060246,0.000974782594770281,3442,3440,2,0,19.479851875999884,6.724201679229736,0.08964936012445494,1.168224175031795
6,79,306166,1,42060247,0.000974782594770281,1196,1195,1,0,7.037765936000142,6.698023796081543,0.19168687126127745,1.6990174105975417
6,80,661445,0,42060248,0.000974782594770281,2584,2583,1,0,14.637040954999975,6.7131829261779785,0.10527970169664029,1.2299199770736546
6,81,548725,0,42060249,0.000974782594770281,2144,2142,2,0,12.516581751000103,6.708104133605957,0.14890586361497724,1.6431638573398109
6,82,313463,1,42060250,0.000974782594770281,1225,1225,0,0,7.121526545999586,6.6982951164245605,0.12328623246173469,1.2008489118303571
6,83,449860,1,42060251,0.000974782594770281,1758,1757,1,0,10.106950269000208,6.704637050628662,0.05990010903651021,0.7345456344265794
6,84,381590,1,42060252,0.000974782594770281,1491,1490,1,0,8.553883051999946,6.701448440551758,0.16089469346424076,1.5610017302852348
6,85,323967,1,42060253,0.000974782594770281,1266,1265,1,0,7.652422539000327,6.698768138885498,0.1520640859490798,1.4274624428730238
6,86,360767,1,42060254,0.000974782594770281,1410,1408,2,0,8.128701227999954,6.701137542724609,0.10474276542663574,1.3197715932672673
6,87,461848,0,42060255,0.000974782594770281,1805,1804,1,0,10.60690543299961,6.704411506652832,0.18978420012277405,1.837625778435075
6,88,432222,0,42060256,0.000974782594770281,1689,1688,1,0,10.068581875999826,6.703297138214111,0.14490493665939258,1.5896953564684537
6,89,296592,1,42060257,0.000974782594770281,1159,1157,2,0,6.696368109000105,6.697807312011719,0.16911094355603798,1.6822112008426966
6,90,479627,1,42060258,0.000974782594770281,1874,1873,1,0,10.852902617999916,6.706655979156494,0.11790769366230229,1.318925343282835
6,91,587269,1,42060259,0.000974782594770281,2295,2292,3,0,12.790450044999943,6.710631370544434,0.17067098035030132,1.7516965216991165
6,92,206676,0,42060260,0.000974782594770281,808,807,1,0,4.575797917999807,6.693434715270996,0.21970684141326866,1.9199805655591697
6,93,217421,1,42060261,0.000974782594770281,850,848,2,0,4.882844265000131,6.694046497344971,0.16311829045133772,1.620824417977963
6,94,885169,1,42060262,0.000974782594770281,3458,3455,3,0,20.08584057300004,6.724354267120361,0.03646492412914933,0.5617847492311867
6,95,295224,0,42060263,0.000974782594770281,1154,1153,1,0,6.681440322000071,6.696683883666992,0.14200134806703302,1.459754699018864
6,96,547304,1,42060264,0.000974782594770281,2138,2137,1,0,12.755056548000084,6.7088303565979,0.09764216935796385,1.0679737996095577
6,97,428994,1,42060265,0.000974782594770281,1676,1675,1,0,9.857068026999968,6.70400857925415,0.12735348829582557,1.293915578358209
6,98,276358,1,42060266,0.000974782594770281,1080,1080,0,0,6.380082009000034,6.697348594665527,0.16304026003237124,1.5378090187355324
6,99,491272,1,42060267,0.000974782594770281,1920,1919,1,0,11.152986915999918,6.7069220542907715,0.15299816837280975,1.5635915719450235
7,0,926214,1,42070175,0.0009638237948862808,3619,3617,2,0,20.358272878999742,6.725897789001465,0.07609076759648448,1.0478506850247098
7,1,209678,1,42070176,0.0009638237948862808,820,818,2,0,4.578412145000584,6.693755149841309,0.1463815367309272,1.6110735382602384
7,2,509018,1,42070177,0.0009638237948862808,1989,1987,2,0,11.319470441999329,6.707324028015137,0.18353057999555705,1.735324531328636
7,3,411880,0,42070178,0.0009638237948862808,1609,1609,0,0,8.903235062000022,6.702532768249512,0.14297313702039796,1.4423947995163922
7,4,457865,1,42070179,0.0009638237948862808,1789,1787,2,0,9.887754913999743,6.704878330230713,0.17529568408011856,1.8012803242602826
7,5,276084,0,42070180,0.0009638237948862808,1079,1078,1,0,5.9725095680005325,6.695822715759277,0.16218126682713213,1.5699832045744435
7,6,155981,0,42070181,0.0009638237948862808,610,608,2,0,3.4286953520004317,6.69120979309082,0.1512655207985326,1.4988053974352384
7,7,438907,1,42070182,0.0009638237948862808,1715,1715,0,0,9.785686356000042,6.704305648803711,0.15198378493417455,1.5359574298469387
7,8,563122,1,42070183,0.0009638237948862808,2200,2199,1,0,11.928793997999492,6.7095417976379395,0.10535236270170745,1.2550604500625284
7,9,671047,0,42070184,0.0009638237948862808,2622,2621,1,0,14.19273234800039,6.713615894317627,0.07887208684625084,1.0640143052806659
7,10,559874,1,42070185,0.0009638237948862808,2188,2185,3,0,12.354560636000315,6.709397315979004,0.0867259499137407,1.1911960767663043
7,11,277765,0,42070186,0.0009638237948862808,1086,1085,1,0,5.943634067999483,6.695899486541748,0.12641915176321283,1.3038668724798388
7,12,344014,0,42070187,0.0009638237948862808,1344,1342,2,0,7.848445102999904,6.698883533477783,0.13823217855302836,1.4684621069008477
7,13,872271,0,42070188,0.0009638237948862808,3408,3406,2,0,19.287072786999943,6.72271203994751,0.08936634612517433,1.1384070189784572
7,14,353613,1,42070189,0.0009638237948862808,1382,1381,1,0,7.878306386999611,6.701031684875488,0.1383839799907223,1.4384249411658219
7,15,392479,0,42070190,0.0009638237948862808,1534,1534,0,0,8.854540039999847,6.701803207397461,0.11144404802981381,1.2168450983437908
7,16,509253,0,42070191,0.0009638237948862808,1990,1988,2,0,11.197181967999313,6.70632791519165,0.10819676512443803,1.2883594290351483
7,17,384412,0,42070192,0.0009638237948862808,1502,1502,0,0,8.191986259999794,6.701499938964844,0.0831692387038636,1.0208368822039364
7,18,629973,0,42070193,0.0009638237948862808,2461,2460,1,0,13.539601826000762,6.712520122528076,0.07734503397127478,1.017614349117124
7,19,621908,1,42070194,0.0009638237948862808,2430,2429,1,0,13.512185583000246,6.712190628051758,0.08258107524194949,0.9637803462072869
7,20,801121,0,42070195,0.0009638237948862808,3130,3127,3,0,16.94254676399987,6.719473838806152,0.05408049590449612,0.7900624069345619
7,21,384660,1,42070196,0.0009638237948862808,1503,1502,1,0,8.307205369000258,6.701502799987793,0.09089312191492073,1.079356512280501
7,22,355766,1,42070197,0.0009638237948862808,1390,1389,1,0,7.645852751000348,6.70106315612793,0.16644022360047134,1.6288540471449784
7,23,360226,0,42070198,0.0009638237948862808,1408,1407,1,0,7.80154576699988,6.699612617492676,0.0969902748915856,1.1413175126043889
7,24,338512,0,42070199,0.0009638237948862808,1323,1322,1,0,7.276841486000194,6.698635578155518,0.14135309354981207,1.56227635832309
7,25,185941,0,42070200,0.0009638237948862808,727,726,1,0,4.1915950060001705,6.692964553833008,0.1503786659766163,1.3751772205363293
7,26,561149,0,42070201,0.0009638237948862808,2192,2190,2,0,11.97295018800014,6.7086639404296875,0.11310022084135987,1.269052778966895
7,27,372819,0,42070202,0.0009638237948862808,1457,1457,0,0,7.943622832000074,6.701064586639404,0.1058515392923977,1.1723940292285089
7,28,107522,1,42070203,0.0009638237948862808,421,421,0,0,2.3798662369999874,6.689067363739014,0.19127245470350543,1.783120053397788
7,29,284527,1,42070204,0.0009638237948862808,1112,1112,0,0,6.118094721000489,6.69753360748291,0.13237278066950736,1.42501644436404
7,30,1333839,0,42070205,0.0009638237948862808,5211,5209,2,0,29.30306831400003,6.743468761444092,0.06337456969570394,0.8351177611765694
7,31,427651,1,42070206,0.0009638237948862808,1671,1669,2,0,9.253323747999275,6.703967571258545,0.1341197366411633,1.4719615682575644
7,32,648608,0,42070207,0.0009638237948862808,2534,2533,1,0,14.360252821000358,6.712804317474365,0.03291377727570291,0.5372588183632303
7,33,428065,0,42070208,0.0009638237948862808,1673,1672,1,0,9.140751517999888,6.703141689300537,0.1404184952877355,1.6766447952489534
7,34,375085,0,42070209,0.0009638237948862808,1466,1465,1,0,8.2373077809998,6.7011494636535645,0.1520186180140785,1.6099426061220137
7,35,882461,0,42070210,0.0009638237948862808,3448,3447,1,0,18.913707760000307,6.723137378692627,0.05185408408239955,0.7717887893911373
7,36,569144,0,42070211,0.0009638237948862808,2224,2223,1,0,12.351789151999583,6.709024429321289,0.049908990212190384,0.6408097253851777
7,37,314555,0,42070212,0.0009638237948862808,1229,1228,1,0,7.0433464789994105,6.697554588317871,0.14390268232612735,1.5568408282649633
7,38,436745,0,42070213,0.0009638237948862808,1707,1704,3,0,9.603998866999973,6.703468322753906,0.11182903236066791,1.3015037858989877
7,39,261664,0,42070214,0.0009638237948862808,1023,1022,1,0,5.51509313599945,6.6951727867126465,0.14578294847342832,1.4409097272122675
7,40,638454,1,42070215,0.0009638237948862808,2494,2493,1,0,14.016819553999994,6.712934970855713,0.06405583950491063,0.8256387416014842
7,41,398139,1,42070216,0.0009638237948862808,1556,1555,1,0,8.926423128000351,6.70307731628418,0.13877864727253317,1.4580020033661576
7,42,242816,0,42070217,0.0009638237948862808,949,947,2,0,5.149328706000233,6.694367408752441,0.15015249443658427,1.6255388108830517
7,43,323428,0,42070218,0.0009638237948862808,1264,1264,0,0,7.167165007999756,6.697955131530762,0.17199775840662704,1.6313493945930577
7,44,451037,0,42070219,0.0009638237948862808,1762,1761,1,0,9.801448500000333,6.704004764556885,0.08206981721755661,1.0309739727516325
7,45,265076,0,42070220,0.0009638237948862808,1036,1035,1,0,5.630417415000011,6.695326805114746,0.11846135825926556,1.308280613111413
7,46,266508,1,42070221,0.0009638237948862808,1042,1042,0,0,5.694439484000213,6.697124481201172,0.15031911956142785,1.4420619386171425
7,47,506010,0,42070222,0.0009638237948862808,1977,1976,1,0,11.09708086000046,6.706181049346924,0.15903709195403434,1.786704615542763
7,48,303421,0,42070223,0.0009638237948862808,1186,1185,1,0,6.828277167000124,6.697052955627441,0.15183427384131065,1.6518300245582807
7,49,209704,0,42070224,0.0009638237948862808,820,819,1,0,4.414301460999923,6.693503379821777,0.29113527328249006,2.327120118379884
7,50,548954,1,42070225,0.0009638237948862808,2145,2143,2,0,12.420471854000425,6.708904266357422,0.13043158776394073,1.430929279193887
7,51,554220,0,42070226,0.0009638237948862808,2165,2165,0,0,12.523594051000146,6.708352088928223,0.09635366391364751,1.0739401026631061
7,52,239391,0,42070227,0.0009638237948862808,936,935,1,0,5.1433133069995165,6.694264888763428,0.12580209007875168,1.4812387721423796
7,53,490494,0,42070228,0.0009638237948862808,1916,1913,3,0,10.636853754000185,6.705489158630371,0.1046967414181954,1.3049676299905253
7,54,160756,1,42070229,0.0009638237948862808,628,627,1,0,3.540353209999921,6.694826126098633,0.1285347946142656,1.4112506969883871
7,55,166616,1,42070230,0.0009638237948862808,651,650,1,0,3.5551195170000938,6.694218158721924,0.1314213092510517,1.3894735013521635
7,56,349089,1,42070231,0.0009638237948862808,1364,1364,0,0,8.096806166000533,6.699900150299072,0.09291259564262681,1.0722512164073956
7,57,813153,1,42070232,0.0009638237948862808,3177,3177,0,0,17.541188189000422,6.721647262573242,0.055032486956112785,0.7733807106006059
7,58,309917,0,42070233,0.0009638237948862808,1211,1210,1,0,6.638546912999118,6.697347164154053,0.1983437404159672,1.8863606098269627
7,59,355009,0,42070234,0.0009638237948862808,1387,1387,0,0,7.645689027000117,6.6993794441223145,0.10152518362472963,1.2167702078733327
7,60,340859,1,42070235,0.0009638237948862808,1332,1331,1,0,7.339947497999674,6.69952917098999,0.18301709158630142,1.896943858294985
7,61,436143,1,42070236,0.0009638237948862808,1704,1702,2,0,9.261559980999664,6.704222679138184,0.1622613711867013,1.6277826580401733
7,62,352452,0,42070237,0.0009638237948862808,1377,1376,1,0,7.8893164579994846,6.699264049530029,0.12318295101786769,1.2541542940361554
7,63,241000,1,42070238,0.0009638237948862808,942,942,0,0,5.205737311000121,6.695031642913818,0.16221531181578425,1.4644758544403529
7,64,757931,1,42070239,0.0009638237948862808,2961,2960,1,0,16.07641821800007,6.7186198234558105,0.09298710178684544,1.171995668153505
7,65,667452,1,42070240,0.0009638237948862808,2608,2606,2,0,14.266933350999352,6.7147088050842285,0.05962414569518059,0.8438037746426515
7,66,373491,1,42070241,0.0009638237948862808,1459,1459,0,0,8.320539031000408,6.701327323913574,0.15206664453392735,1.506619909023732
7,67,255796,1,42070242,0.0009638237948862808,1000,1000,0,0,5.309533826000006,6.69569730758667,0.08633695220947266,0.9665728149414062
7,68,187780,1,42070243,0.0009638237948862808,734,733,1,0,4.137884611999652,6.69293212890625,0.1811479930175115,1.5452121458795192
7,69,162407,0,42070244,0.0009638237948862808,635,634,1,0,3.549529488999724,6.691255569458008,0.17891817062811144,1.6948794777084977
7,70,235355,0,42070245,0.0009638237948862808,920,919,1,0,5.229843508000158,6.694142818450928,0.1407728392359222,1.4725972737010338
7,71,323052,1,42070246,0.0009638237948862808,1262,1261,1,0,7.2350016010004765,6.698727130889893,0.1312265539812153,1.3801635451774386
7,72,98180,0,42070247,0.0009638237948862808,384,383,1,0,2.1072987110001122,6.689414024353027,0.22723085886504568,1.6576826528843016
7,73,262450,1,42070248,0.0009638237948862808,1026,1025,1,0,5.549556572000256,6.695997714996338,0.14507228944359757,1.3492949695121952
7,74,603827,0,42070249,0.0009638237948862808,2359,2358,1,0,13.090639923999333,6.7105865478515625,0.12280700528288009,1.4653758274689885
7,75,236083,1,42070250,0.0009638237948862808,923,923,0,0,5.218142022000393,6.694809436798096,0.08619904853928258,1.0063578397971966
7,76,441814,0,42070251,0.0009638237948862808,1726,1725,1,0,9.998924635000549,6.703657627105713,0.2026644764775815,1.7525283061594203
7,77,648680,1,42070252,0.0009638237948862808,2534,2533,1,0,14.008734290000575,6.714289665222168,0.04866347103969786,0.6419244006458498
7,78,881094,1,42070253,0.0009638237948862808,3442,3441,1,0,19.272644066999874,6.724201679229736,0.0841778835838737,1.1300130775937227
7,79,306166,1,42070254,0.0009638237948862808,1196,1195,1,0,6.8813072640004975,6.698023796081543,0.18083816592164617,1.6454200648862447
7,80,661445,0,42070255,0.0009638237948862808,2584,2583,1,0,14.111607718999949,6.7131829261779785,0.09921609640029157,1.1893303458006679
7,81,548725,0,42070256,0.0009638237948862808,2144,2142,2,0,12.24581661999946,6.708104133605957,0.13878002576356063,1.5731948866786298
7,82,313463,1,42070257,0.0009638237948862808,1225,1225,0,0,6.667604747000041,6.6982951164245605,0.11447923309948979,1.152450872927296
7,83,449860,1,42070258,0.0009638237948862808,1758,1758,0,0,10.094963468999595,6.704637050628662,0.056608549428338754,0.7094254390642776
7,84,381590,1,42070259,0.0009638237948862808,1491,1489,2,0,8.101341450999826,6.701448440551758,0.1534434998091473,1.5535610754911013
7,85,323967,1,42070260,0.0009638237948862808,1266,1266,0,0,7.129255756999555,6.698768138885498,0.1425382183249716,1.3474965750888626
7,86,360767,1,42070261,0.0009638237948862808,1410,1408,2,0,7.897719079000126,6.701137542724609,0.09969101168892601,1.2798724607987837
7,87,461848,0,42070262,0.0009638237948862808,1805,1803,2,0,9.935707982000167,6.704411506652832,0.17775675117209166,1.7910771002322519
7,88,432222,0,42070263,0.0009638237948862808,1689,1688,1,0,9.393711529999564,6.703297138214111,0.13406123482220544,1.5347041270179207
7,89,296592,1,42070264,0.0009638237948862808,1159,1157,2,0,6.562312614000803,6.697807312011719,0.16007216180720613,1.659826227582109
7,90,479627,1,42070265,0.0009638237948862808,1874,1873,1,0,10.298768066000775,6.706655979156494,0.11029418521683546,1.2636574064418713
7,91,587269,1,42070266,0.0009638237948862808,2295,2292,3,0,12.880746082999394,6.710631370544434,0.16080485505375355,1.682715397646706
7,92,206676,0,42070267,0.0009638237948862808,808,808,0,0,4.50882254499993,6.693434715270996,0.20449139812205097,1.8499104716990253
7,93,217421,1,42070268,0.0009638237948862808,850,849,1,0,4.724213002999932,6.694046497344971,0.1531809704604222,1.5364199437297557
7,94,885169,1,42070269,0.0009638237948862808,3458,3456,2,0,19.18089695100025,6.724354267120361,0.03392557965384589,0.5494515807540329
7,95,295224,0,42070270,0.0009638237948862808,1154,1153,1,0,6.526602801000081,6.696683883666992,0.13213744746635814,1.4307085287022983
7,96,547304,1,42070271,0.0009638237948862808,2138,2137,1,0,12.169895255000483,6.7088303565979,0.09209971590805233,1.0527244357232686
7,97,428994,1,42070272,0.0009638237948862808,1676,1675,1,0,9.290858499000024,6.70400857925415,0.12109955289470616,1.2665859666511194
7,98,276358,1,42070273,0.0009638237948862808,1080,1080,0,0,6.010861572000067,6.697348594665527,0.15194070604112414,1.495369014033565
7,99,491272,1,42070274,0.0009638237948862808,1920,1917,3,0,10.620206839000275,6.7069220542907715,0.1439363084613002,1.517412690116393
8,0,926214,1,42080182,0.0009509795896116975,3619,3616,3,0,19.844463442000233,6.725897789001465,0.07131064254625709,1.0316546279772194
8,1,209678,1,42080183,0.0009509795896116975,820,818,2,0,4.774570465000579,6.693755149841309,0.13946844721190213,1.5533092097723105
8,2,509018,1,42080184,0.0009509795896116975,1989,1987,2,0,10.980174051999711,6.707324028015137,0.17369476610173157,1.732033363346125
8,3,411880,0,42080185,0.0009509795896116975,1609,1608,1,0,8.874488016000214,6.702532768249512,0.13613553782600668,1.4181416829427083
8,4,457865,1,42080186,0.0009509795896116975,1789,1786,3,0,9.937737051000113,6.704878330230713,0.16846360978727778,1.7565260456764418
8,5,276084,0,42080187,0.0009509795896116975,1079,1078,1,0,5.85225568199985,6.695822715759277,0.15257823710538904,1.5214125822559137
8,6,155981,0,42080188,0.0009509795896116975,610,609,1,0,3.462601127000198,6.69120979309082,0.14420768349432983,1.4239263424928161
8,7,438907,1,42080189,0.0009509795896116975,1715,1714,1,0,9.344928469000479,6.704305648803711,0.14200384614069794,1.5044825586165402
8,8,563122,1,42080190,0.0009509795896116975,2200,2199,1,0,12.010579211000731,6.7095417976379395,0.09913703255785655,1.243498909305366
8,9,671047,0,42080191,0.0009509795896116975,2622,2621,1,0,14.525672225000562,6.713615894317627,0.07495843158883478,1.0522507511446013
8,10,559874,1,42080192,0.0009509795896116975,2188,2186,2,0,12.145951772000444,6.709397315979004,0.08235924416251501,1.1453598315630718
8,11,277765,0,42080193,0.0009509795896116975,1086,1085,1,0,6.176109810000526,6.695899486541748,0.1190574962422595,1.2526646205357144
8,12,344014,0,42080194,0.0009509795896116975,1344,1342,2,0,7.482170397000118,6.698883533477783,0.1334537216163783,1.430271108885991
8,13,872271,0,42080195,0.0009509795896116975,3408,3405,3,0,18.623969231000046,6.72271203994751,0.08498821062488528,1.110251396728157
8,14,353613,1,42080196,0.0009509795896116975,1382,1380,2,0,7.6546217129998695,6.701031684875488,0.13353160913439766,1.4170604761096015
8,15,392479,0,42080197,0.0009509795896116975,1534,1534,0,0,8.771727667999585,6.701803207397461,0.10722306312451617,1.1865446844187988
8,16,509253,0,42080198,0.0009509795896116975,1990,1989,1,0,11.091411983000398,6.70632791519165,0.10294302532336051,1.2601665115164655
8,17,384412,0,42080199,0.0009509795896116975,1502,1502,0,0,8.510726136000812,6.701499938964844,0.07764984415310835,0.9824695003016811
8,18,629973,0,42080200,0.0009509795896116975,2461,2460,1,0,13.66097362399978,6.712520122528076,0.07401632293453062,0.9882996101689533
8,19,621908,1,42080201,0.0009509795896116975,2430,2429,1,0,13.58182608900006,6.712190628051758,0.07903205303068071,0.9472089369339234
8,20,801121,0,42080202,0.0009509795896116975,3130,3127,3,0,17.632618251000167,6.719473838806152,0.0511791154832782,0.7634490488587304
8,21,384660,1,42080203,0.0009509795896116975,1503,1502,1,0,8.474018562999845,6.701502799987793,0.08687262401758593,1.0510937402473786
8,22,355766,1,42080204,0.0009509795896116975,1390,1389,1,0,7.698502244999872,6.70106315612793,0.1582631494949154,1.5793558976219402
8,23,360226,0,42080205,0.0009509795896116975,1408,1406,2,0,8.079945457000576,6.699612617492676,0.09206379528235575,1.0966243825291162
8,24,338512,0,42080206,0.0009509795896116975,1323,1322,1,0,7.351956719000555,6.698635578155518,0.1345957468930243,1.52885051502222
8,25,185941,0,42080207,0.0009509795896116975,727,726,1,0,3.9185311859992,6.692964553833008,0.14105322341288418,1.3254108691675275
8,26,561149,0,42080208,0.0009509795896116975,2192,2190,2,0,11.911598669999876,6.7086639404296875,0.10686009376560716,1.2400659291167238
8,27,372819,0,42080209,0.0009509795896116975,1457,1456,1,0,7.989957859999777,6.701064586639404,0.10109405727176876,1.159889640388908
8,28,107522,1,42080210,0.0009509795896116975,421,420,1,0,2.365153761000329,6.689067363739014,0.18186903454008557,1.6922996884300596
8,29,284527,1,42080211,0.0009509795896116975,1112,1111,1,0,6.221452818999751,6.69753360748291,0.12441529034495247,1.3819503166136926
8,30,1333839,0,42080212,0.0009509795896116975,5211,5209,2,0,28.36979313199936,6.743468761444092,0.05926803673817251,0.8184767349779228
8,31,427651,1,42080213,0.0009509795896116975,1671,1669,2,0,9.226122058000328,6.703967571258545,0.12729993560772732,1.439268959004269
8,32,648608,0,42080214,0.0009509795896116975,2534,2532,2,0,14.074593798000024,6.712804317474365,0.0318687764389255,0.523976836724304
8,33,428065,0,42080215,0.0009509795896116975,1673,1671,2,0,9.324379583000336,6.703141689300537,0.13091622791484328,1.6663405614153202
8,34,375085,0,42080216,0.0009509795896116975,1466,1465,1,0,8.217080579999674,6.7011494636535645,0.14310578746600364,1.5652208764398463
8,35,882461,0,42080217,0.0009509795896116975,3448,3447,1,0,18.89492380699994,6.723137378692627,0.04979578543304187,0.7524822025946475
8,36,569144,0,42080218,0.0009509795896116975,2224,2224,0,0,12.40445223200004,6.709024429321289,0.04806263326740951,0.636121351941884
8,37,314555,0,42080219,0.0009509795896116975,1229,1228,1,0,6.822042802999931,6.697554588317871,0.13414450033479872,1.515446666009263
8,38,436745,0,42080220,0.0009509795896116975,1707,1704,3,0,9.411776739000743,6.703468322753906,0.105255019496864,1.2932157561252935
8,39,261664,0,42080221,0.0009509795896116975,1023,1022,1,0,5.6535060400001385,6.6951727867126465,0.1401421235265564,1.403594313768958
8,40,638454,1,42080222,0.0009509795896116975,2494,2493,1,0,13.94557171300039,6.712934970855713,0.060819360371148594,0.8078499192269605
8,41,398139,1,42080223,0.0009509795896116975,1556,1556,0,0,8.814743663000627,6.70307731628418,0.13227283311074067,1.4353472947461439
8,42,242816,0,42080224,0.0009509795896116975,949,948,1,0,5.155864290999489,6.694367408752441,0.144134521484375,1.5728767491594147
8,43,323428,0,42080225,0.0009509795896116975,1264,1263,1,0,6.863472639000065,6.697955131530762,0.1639965114759625,1.601477447050673
8,44,451037,0,42080226,0.0009509795896116975,1762,1761,1,0,9.73729054999967,6.704004764556885,0.07767496536835428,1.0037244269280594
8,45,265076,0,42080227,0.0009509795896116975,1036,1035,1,0,5.7002484679997,6.695326805114746,0.11090106319114205,1.2518807084088164
8,46,266508,1,42080228,0.0009509795896116975,1042,1041,1,0,5.806384632999652,6.697124481201172,0.1426803193106088,1.3987517636287223
8,47,506010,0,42080229,0.0009509795896116975,1977,1975,2,0,11.15048865100016,6.706181049346924,0.15082255303105221,1.7470366890822784
8,48,303421,0,42080230,0.0009509795896116975,1186,1185,1,0,6.561602757999935,6.697052955627441,0.14304467052347047,1.6285107833926689
8,49,209704,0,42080231,0.0009509795896116975,820,819,1,0,4.467957742999715,6.693503379821777,0.2778555994650965,2.260336180746337
8,50,548954,1,42080232,0.0009509795896116975,2145,2143,2,0,12.055264827999963,6.708904266357422,0.12244200606352805,1.4082226061231335
8,51,554220,0,42080233,0.0009509795896116975,2165,2165,0,0,12.045954737000102,6.708352088928223,0.09181483314989897,1.0549711090863163
8,52,239391,0,42080234,0.0009509795896116975,936,935,1,0,5.071093727000516,6.694264888763428,0.12151207745393967,1.4574866310160428
8,53,490494,0,42080235,0.0009509795896116975,1916,1914,2,0,10.805170314999486,6.705489158630371,0.09940523089784564,1.2693513971884796
8,54,160756,1,42080236,0.0009509795896116975,628,627,1,0,3.702622395000617,6.694826126098633,0.12131009869978568,1.351523562101276
8,55,166616,1,42080237,0.0009509795896116975,651,650,1,0,3.514437915999224,6.694218158721924,0.12378643329326923,1.3488775165264424
8,56,349089,1,42080238,0.0009509795896116975,1364,1363,1,0,7.488527610000347,6.699900150299072,0.08680619864628233,1.0279416527191856
8,57,813153,1,42080239,0.0009509795896116975,3177,3175,2,0,17.119850060999852,6.721647262573242,0.051908987450787404,0.7489039431594489
8,58,309917,0,42080240,0.0009509795896116975,1211,1210,1,0,7.0079537699994034,6.697347164154053,0.1849627660325736,1.8342662464488637
8,59,355009,0,42080241,0.0009509795896116975,1387,1387,0,0,7.733022809000431,6.6993794441223145,0.09609149253531678,1.1589178568008742
8,60,340859,1,42080242,0.0009509795896116975,1332,1330,2,0,7.32237955400069,6.69952917098999,0.16919948032924106,1.8367740028782895
8,61,436143,1,42080243,0.0009509795896116975,1704,1702,2,0,9.489510315999723,6.704222679138184,0.15234586578978776,1.6056375828528937
8,62,352452,0,42080244,0.0009509795896116975,1377,1376,1,0,7.5722475140000824,6.699264049530029,0.11643825575362804,1.2330839467603107
8,63,241000,1,42080245,0.0009509795896116975,942,942,0,0,5.143220155000563,6.695031642913818,0.1529478166260284,1.4124238809962182
8,64,757931,1,42080246,0.0009509795896116975,2961,2960,1,0,16.995213430999684,6.7186198234558105,0.08829626134923986,1.1514310269742398
8,65,667452,1,42080247,0.0009509795896116975,2608,2606,2,0,14.288364666000234,6.7147088050842285,0.05611055481003873,0.8313054796922966
8,66,373491,1,42080248,0.0009509795896116975,1459,1458,1,0,7.918484218999765,6.701327323913574,0.141690415119438,1.4506355358903464
8,67,255796,1,42080249,0.0009509795896116975,1000,1000,0,0,5.523536783999589,6.69569730758667,0.0831338882446289,0.9206195678710938
8,68,187780,1,42080250,0.0009509795896116975,734,734,0,0,3.970208045000618,6.69293212890625,0.17045847921345475,1.5064291473305518
8,69,162407,0,42080251,0.0009509795896116975,635,634,1,0,3.6268330040002184,6.691255569458008,0.16968109178994356,1.6533455352301853
8,70,235355,0,42080252,0.0009509795896116975,920,919,1,0,5.08158249600001,6.694142818450928,0.13195481990444777,1.4198979656896082
8,71,323052,1,42080253,0.0009509795896116975,1262,1261,1,0,6.9247320009999385,6.698727130889893,0.1247095263826762,1.3415743217498513
8,72,98180,0,42080254,0.0009509795896116975,384,383,1,0,2.13122341899998,6.689414024353027,0.21690962271030514,1.6104339519929014
8,73,262450,1,42080255,0.0009509795896116975,1026,1026,0,0,5.687514462000763,6.695997714996338,0.13859761853431865,1.3040157563505117
8,74,603827,0,42080256,0.0009509795896116975,2359,2358,1,0,13.387486382999668,6.7105865478515625,0.11827533906349395,1.431595482797922
8,75,236083,1,42080257,0.0009509795896116975,923,923,0,0,5.082128389999525,6.694809436798096,0.08265850525894247,0.9686527934131229
8,76,441814,0,42080258,0.0009509795896116975,1726,1724,2,0,9.536708925000312,6.703657627105713,0.19364182191215923,1.719540766386311
8,77,648680,1,42080259,0.0009509795896116975,2534,2533,1,0,14.195290173999638,6.714289665222168,0.046392098180964396,0.6233082201656879
8,78,881094,1,42080260,0.0009509795896116975,3442,3441,1,0,18.844624501999533,6.724201679229736,0.07962476912711602,1.096658686155914
8,79,306166,1,42080261,0.0009509795896116975,1196,1196,0,0,6.639939458000299,6.698023796081543,0.17182079047263665,1.5853980839451818
8,80,661445,0,42080262,0.0009509795896116975,2584,2583,1,0,14.21817711499989,6.7131829261779785,0.09348684348572699,1.16991922848916
8,81,548725,0,42080263,0.0009509795896116975,2144,2142,2,0,11.888203919000262,6.708104133605957,0.1316620357452877,1.5347835423231793
8,82,313463,1,42080264,0.0009509795896116975,1225,1225,0,0,6.974913916999867,6.6982951164245605,0.1086565165617028,1.1395892458545918
8,83,449860,1,42080265,0.0009509795896116975,1758,1757,1,0,9.695959994999612,6.704637050628662,0.054210565140387114,0.6883356640402675
8,84,381590,1,42080266,0.0009509795896116975,1491,1489,2,0,8.501318841999819,6.701448440551758,0.14527729103595638,1.4774570810946945
8,85,323967,1,42080267,0.0009509795896116975,1266,1265,1,0,6.984597657999984,6.698768138885498,0.1353539508322011,1.3275020071640315
8,86,360767,1,42080268,0.0009509795896116975,1410,1407,3,0,8.118097915999897,6.701137542724609,0.09513960176100524,1.2360389563066365
8,87,461848,0,42080269,0.0009509795896116975,1805,1803,2,0,9.999433197999679,6.704411506652832,0.16591687871559554,1.7548114524837077
8,88,432222,0,42080270,0.0009509795896116975,1689,1688,1,0,9.282932097999947,6.703297138214111,0.1261749719556474,1.4849869425262885
8,89,296592,1,42080271,0.0009509795896116975,1159,1157,2,0,6.5996998479995455,6.697807312011719,0.1523608947068118,1.6111605816497407
8,90,479627,1,42080272,0.0009509795896116975,1874,1873,1,0,10.481985110000096,6.706655979156494,0.10581087926079485,1.2335171839545516
8,91,587269,1,42080273,0.0009509795896116975,2295,2292,3,0,13.123768475000361,6.710631370544434,0.15212105955753027,1.6417223545893325
8,92,206676,0,42080274,0.0009509795896116975,808,808,0,0,4.567117227000381,6.693434715270996,0.1915506419568959,1.8059885761525372
8,93,217421,1,42080275,0.0009509795896116975,850,849,1,0,4.583219615999951,6.694046497344971,0.14456101272636926,1.4973498233215548
8,94,885169,1,42080276,0.0009509795896116975,3458,3456,2,0,18.908935890000066,6.724354267120361,0.03281232825031987,0.5396634914256908
8,95,295224,0,42080277,0.0009509795896116975,1154,1153,1,0,6.431420263000291,6.696683883666992,0.12426847803623699,1.382651151208803
8,96,547304,1,42080278,0.0009509795896116975,2138,2137,1,0,11.93266205100008,6.7088303565979,0.0881468826886589,1.0187891173373889
8,97,428994,1,42080279,0.0009509795896116975,1676,1675,1,0,9.373109717999796,6.70400857925415,0.11404211243586754,1.2296911438899254
8,98,276358,1,42080280,0.0009509795896116975,1080,1079,1,0,5.89797547299986,6.697348594665527,0.14327141706097227,1.4338626667125232
8,99,491272,1,42080281,0.0009509795896116975,1920,1917,3,0,10.803474996999284,6.7069220542907715,0.1355268133140568,1.4841947918704357
9,0,926214,1,42090189,0.0009363027585410778,3619,3617,2,0,20.324173369000164,6.725897789001465,0.06831068355865098,1.0083237981018454
9,1,209678,1,42090190,0.0009363027585410778,820,818,2,0,4.415477097999428,6.693755149841309,0.13107610390063895,1.5531723656689334
9,2,509018,1,42090191,0.0009363027585410778,1989,1987,2,0,10.855356363999817,6.707324028015137,0.1641747561542605,1.6952853459596753
9,3,411880,0,42090192,0.0009363027585410778,1609,1609,0,0,8.90195037399917,6.702532768249512,0.12837237256739434,1.3978813934800343
9,4,457865,1,42090193,0.0009363027585410778,1789,1787,2,0,9.615956831999938,6.704878330230713,0.1612852979253375,1.7388659852406267
9,5,276084,0,42090194,0.0009363027585410778,1079,1078,1,0,6.03979531799996,6.695822715759277,0.14522075476142163,1.4792203036221592
9,6,155981,0,42090195,0.0009363027585410778,610,609,1,0,3.508677886999976,6.69120979309082,0.13944943432737453,1.390248867091287
9,7,438907,1,42090196,0.0009363027585410778,1715,1714,1,0,9.648314270999435,6.704305648803711,0.13435872989329603,1.4834971477993728
9,8,563122,1,42090197,0.0009363027585410778,2200,2199,1,0,12.108942989000752,6.7095417976379395,0.09496311189478883,1.220539698442474
9,9,671047,0,42090198,0.0009363027585410778,2622,2621,1,0,14.590793117999965,6.713615894317627,0.07154580719913976,1.0062670833233975
9,10,559874,1,42090199,0.0009363027585410778,2188,2187,1,0,12.39887438400001,6.709397315979004,0.07869711039978781,1.1357109303555097
9,11,277765,0,42090200,0.0009363027585410778,1086,1086,0,0,6.136144371000228,6.695899486541748,0.1142843819015812,1.248740742439284
9,12,344014,0,42090201,0.0009363027585410778,1344,1342,2,0,7.270313394999903,6.698883533477783,0.12655508891303208,1.4116426516218796
9,13,872271,0,42090202,0.0009363027585410778,3408,3405,3,0,19.020962941000107,6.72271203994751,0.08088819865088105,1.091007809631975
9,14,353613,1,42090203,0.0009363027585410778,1382,1380,2,0,7.675847712000177,6.701031684875488,0.12886622332144473,1.407144828464674
9,15,392479,0,42090204,0.0009363027585410778,1534,1534,0,0,8.643043218999992,6.701803207397461,0.10277824948943734,1.1703936043432204
9,16,509253,0,42090205,0.0009363027585410778,1990,1988,2,0,10.868791846000022,6.70632791519165,0.09774005820813553,1.2492708939181967
9,17,384412,0,42090206,0.0009363027585410778,1502,1501,1,0,8.243224719999489,6.701499938964844,0.07379641396295698,0.963311080373501
9,18,629973,0,42090207,0.0009363027585410778,2461,2460,1,0,13.804833166000208,6.712520122528076,0.07033058724752286,0.9719577696265244
9,19,621908,1,42090208,0.0009363027585410778,2430,2429,1,0,13.496275090999916,6.712190628051758,0.0747082499429099,0.9179843291670955
9,20,801121,0,42090209,0.0009363027585410778,3130,3127,3,0,17.266184926000278,6.719473838806152,0.04840984777554865,0.7570664930694355
9,21,384660,1,42090210,0.0009363027585410778,1503,1502,1,0,8.371050425999783,6.701502799987793,0.08379864343473026,1.0316618044430343
9,22,355766,1,42090211,0.0009363027585410778,1390,1388,2,0,7.888471358999595,6.70106315612793,0.14882367488630224,1.574138014735681
9,23,360226,0,42090212,0.0009363027585410778,1408,1406,2,0,7.936228603999552,6.699612617492676,0.08715997210267937,1.0933472374255424
9,24,338512,0,42090213,0.0009363027585410778,1323,1322,1,0,7.330327448999924,6.698635578155518,0.12776911240662822,1.5278471746170574
9,25,185941,0,42090214,0.0009363027585410778,727,726,1,0,4.0262103790000765,6.692964553833008,0.13469756996007662,1.306072813091856
9,26,561149,0,42090215,0.0009363027585410778,2192,2190,2,0,12.185799911000686,6.7086639404296875,0.1029577246539669,1.227802600599315
9,27,372819,0,42090216,0.0009363027585410778,1457,1457,0,0,7.969395456000711,6.701064586639404,0.09610423112291952,1.1388200852833306
9,28,107522,1,42090217,0.0009363027585410778,421,419,2,0,2.245142359000056,6.689067363739014,0.17229683814583643,1.6488130337298628
9,29,284527,1,42090218,0.0009363027585410778,1112,1111,1,0,6.127290141999765,6.69753360748291,0.11837620224424786,1.3355510721970634
9,30,1333839,0,42090219,0.0009363027585410778,5211,5209,2,0,29.089393218000623,6.743468761444092,0.05703718947412231,0.7989812928945095
9,31,427651,1,42090220,0.0009363027585410778,1671,1669,2,0,9.201796153000032,6.703967571258545,0.12036507653932932,1.3977343340417165
9,32,648608,0,42090221,0.0009363027585410778,2534,2533,1,0,14.057782963000136,6.712804317474365,0.03021418845940615,0.5165383828001628
9,33,428065,0,42090222,0.0009363027585410778,1673,1671,2,0,9.122855198999787,6.703141689300537,0.125364868602376,1.6480925472677288
9,34,375085,0,42090223,0.0009363027585410778,1466,1464,2,0,8.19060406599965,6.7011494636535645,0.13569529590710916,1.5477496704768614
9,35,882461,0,42090224,0.0009363027585410778,3448,3447,1,0,19.130860277000465,6.723137378692627,0.04675149986769519,0.7312535838455541
9,36,569144,0,42090225,0.0009363027585410778,2224,2223,1,0,12.33468488699964,6.709024429321289,0.04628796905641131,0.6174866628711201
9,37,314555,0,42090226,0.0009363027585410778,1229,1228,1,0,6.698454661000142,6.697554588317871,0.1297919307547206,1.501249729616246
9,38,436745,0,42090227,0.0009363027585410778,1707,1705,2,0,9.618394935999277,6.703468322753906,0.10167205900041239,1.2484499576154693
9,39,261664,0,42090228,0.0009363027585410778,1023,1022,1,0,5.526688245000514,6.6951727867126465,0.13453266718616225,1.3745694095141268
9,40,638454,1,42090229,0.0009363027585410778,2494,2492,2,0,13.80596047600011,6.712934970855713,0.057363709132897144,0.7922220245410313
9,41,398139,1,42090230,0.0009363027585410778,1556,1555,1,0,8.62334243999976,6.70307731628418,0.1255611407411827,1.3912216137459807
9,42,242816,0,42090231,0.0009363027585410778,949,948,1,0,5.471066526999493,6.694367408752441,0.13546619334804358,1.5248030650464794
9,43,323428,0,42090232,0.0009363027585410778,1264,1263,1,0,6.8121073199999955,6.697955131530762,0.15571826200870323,1.5603653642740498
9,44,451037,0,42090233,0.0009363027585410778,1762,1761,1,0,9.70557449900025,6.704004764556885,0.07351200205571674,0.9667258926036343
9,45,265076,0,42090234,0.0009363027585410778,1036,1034,2,0,5.702420855000128,6.695326805114746,0.10483459531684447,1.2356376131452491
9,46,266508,1,42090235,0.0009363027585410778,1042,1041,1,0,5.733023021000008,6.697124481201172,0.13494918486112362,1.356701296642351
9,47,506010,0,42090236,0.0009363027585410778,1977,1975,2,0,10.82650175100025,6.706181049346924,0.14238761805280856,1.693115234375
9,48,303421,0,42090237,0.0009363027585410778,1186,1184,2,0,6.678505779999796,6.697052955627441,0.1364526619782319,1.6033801516971073
9,49,209704,0,42090238,0.0009363027585410778,820,818,2,0,4.45695602899923,6.693503379821777,0.26331282711262227,2.229337734231739
9,50,548954,1,42090239,0.0009363027585410778,2145,2143,2,0,11.844307652999305,6.708904266357422,0.1166656821674128,1.3771267462377508
9,51,554220,0,42090240,0.0009363027585410778,2165,2164,1,0,12.304719720000321,6.708352088928223,0.08826853387236816,1.0280307057604552
9,52,239391,0,42090241,0.0009363027585410778,936,935,1,0,5.071188388000337,6.694264888763428,0.11390540791067848,1.4336780894886363
9,53,490494,0,42090242,0.0009363027585410778,1916,1913,3,0,10.332313351000266,6.705489158630371,0.09537058230538176,1.2518517932403292
9,54,160756,1,42090243,0.0009363027585410778,628,627,1,0,3.77352308799982,6.694826126098633,0.11476242333127741,1.315947756242524
9,55,166616,1,42090244,0.0009363027585410778,651,650,1,0,3.607424928999535,6.694218158721924,0.11739240206204928,1.3221217698317307
9,56,349089,1,42090245,0.0009363027585410778,1364,1364,0,0,7.423715771999923,6.699900150299072,0.082145730071753,1.0225028208623534
9,57,813153,1,42090246,0.0009363027585410778,3177,3176,1,0,17.655525922999914,6.721647262573242,0.048542397448638225,0.744243093341664
9,58,309917,0,42090247,0.0009363027585410778,1211,1210,1,0,6.674285504000181,6.697347164154053,0.1761993408203125,1.798160067471591
9,59,355009,0,42090248,0.0009363027585410778,1387,1386,1,0,7.654755198000203,6.6993794441223145,0.09096707100476022,1.1379679890422079
9,60,340859,1,42090249,0.0009363027585410778,1332,1331,1,0,7.098128599999654,6.69952917098999,0.15930448628116783,1.80704269581142
9,61,436143,1,42090250,0.0009363027585410778,1704,1703,1,0,9.240556833000483,6.704222679138184,0.14539738115813547,1.553543780736201
9,62,352452,0,42090251,0.0009363027585410778,1377,1377,0,0,7.651525655000114,6.699264049530029,0.11059734314009169,1.1913963212599854
9,63,241000,1,42090252,0.0009363027585410778,942,942,0,0,5.111734236000302,6.695031642913818,0.145157832248955,1.3841183413365843
9,64,757931,1,42090253,0.0009363027585410778,2961,2960,1,0,16.676030756999353,6.7186198234558105,0.08521155280035896,1.1217416299355996
9,65,667452,1,42090254,0.0009363027585410778,2608,2607,1,0,14.372892555999897,6.7147088050842285,0.053787161209229356,0.8076039831163694
9,66,373491,1,42090255,0.0009363027585410778,1459,1458,1,0,8.076311762999467,6.701327323913574,0.13675922032736948,1.427724495509688
9,67,255796,1,42090256,0.0009363027585410778,1000,1000,0,0,5.5925446499995815,6.69569730758667,0.08058126068115234,0.906533203125
9,68,187780,1,42090257,0.0009363027585410778,734,733,1,0,4.012145816999691,6.69293212890625,0.16347332963514133,1.5010002105005116
9,69,162407,0,42090258,0.0009363027585410778,635,634,1,0,3.6890427689995704,6.691255569458008,0.1611684444198849,1.6210242430870465
9,70,235355,0,42090259,0.0009363027585410778,920,920,0,0,5.23427029100003,6.694142818450928,0.12339574565058169,1.3819244384765625
9,71,323052,1,42090260,0.0009363027585410778,1262,1261,1,0,6.84855292300017,6.698727130889893,0.11749434565665891,1.3000719643697958
9,72,98180,0,42090261,0.0009363027585410778,384,383,1,0,2.069291388000238,6.689414024353027,0.21130472686209817,1.5911332969565928
9,73,262450,1,42090262,0.0009363027585410778,1026,1026,0,0,5.569291472000259,6.695997714996338,0.13251844856009382,1.279504608689693
9,74,603827,0,42090263,0.0009363027585410778,2359,2358,1,0,13.010425424999994,6.7105865478515625,0.11344302681363974,1.4084110276187447
9,75,236083,1,42090264,0.0009363027585410778,923,923,0,0,5.15588014199966,6.694809436798096,0.07890139628334913,0.9350229513348117
9,76,441814,0,42090265,0.0009363027585410778,1726,1724,2,0,9.455855670000346,6.703657627105713,0.18341570719212225,1.6870542026174593
9,77,648680,1,42090266,0.0009363027585410778,2534,2533,1,0,14.014021805000084,6.714289665222168,0.04450222516878763,0.6227752167482975
9,78,881094,1,42090267,0.0009363027585410778,3442,3440,2,0,19.280572776000554,6.724201679229736,0.07480811185615008,1.0697906494140625
9,79,306166,1,42090268,0.0009363027585410778,1196,1195,1,0,6.630988335999973,6.698023796081543,0.164061861556943,1.5456057752026673
9,80,661445,0,42090269,0.0009363027585410778,2584,2582,2,0,14.242162903999997,6.7131829261779785,0.08997761012047044,1.1543396137926025
9,81,548725,0,42090270,0.0009363027585410778,2144,2142,2,0,11.953430691999529,6.708104133605957,0.12364830779316935,1.5178946415805905
9,82,313463,1,42090271,0.0009363027585410778,1225,1225,0,0,6.670732431000033,6.6982951164245605,0.103501013930963,1.1007248485331633
9,83,449860,1,42090272,0.0009363027585410778,1758,1758,0,0,9.616419547999612,6.704637050628662,0.052549733236788077,0.6779488660098478
9,84,381590,1,42090273,0.0009363027585410778,1491,1488,3,0,8.239414089000093,6.701448440551758,0.1387410420243458,1.4486000307144657
9,85,323967,1,42090274,0.0009363027585410778,1266,1266,0,0,7.141123184000207,6.698768138885498,0.1288636194021216,1.2982166163729265
9,86,360767,1,42090275,0.0009363027585410778,1410,1407,3,0,7.823649006000778,6.701137542724609,0.09071102291451504,1.211318720293621
9,87,461848,0,42090276,0.0009363027585410778,1805,1803,2,0,9.924787369000114,6.704411506652832,0.1591129144297265,1.7352428298755547
9,88,432222,0,42090277,0.0009363027585410778,1689,1688,1,0,9.13580209599968,6.703297138214111,0.12039462085018791,1.4710680342398548
9,89,296592,1,42090278,0.0009363027585410778,1159,1157,2,0,6.600945502999821,6.697807312011719,0.14776537474003348,1.5808589740776253
9,90,479627,1,42090279,0.0009363027585410778,1874,1873,1,0,10.400165244000164,6.706655979156494,0.10009011239593066,1.1923716026261346
9,91,587269,1,42090280,0.0009363027585410778,2295,2292,3,0,12.777706600999409,6.710631370544434,0.14639733599118537,1.6189799949552792
9,92,206676,0,42090281,0.0009363027585410778,808,808,0,0,4.434856571000637,6.693434715270996,0.1820361071293897,1.7847355002223855
9,93,217421,1,42090282,0.0009363027585410778,850,849,1,0,4.731571687000724,6.694046497344971,0.13808167079031397,1.4476650494147527
9,94,885169,1,42090283,0.0009363027585410778,3458,3456,2,0,19.035494836999533,6.724354267120361,0.030653655529022217,0.5215296921906648
9,95,295224,0,42090284,0.0009363027585410778,1154,1152,2,0,6.451036178000322,6.696683883666992,0.11862936284806994,1.350941128200955
9,96,547304,1,42090285,0.0009363027585410778,2138,2137,1,0,11.759389105000082,6.7088303565979,0.08495899534247778,1.015750554771584
9,97,428994,1,42090286,0.0009363027585410778,1676,1675,1,0,9.088504364999608,6.70400857925415,0.10837113565473414,1.206923682369403
9,98,276358,1,42090287,0.0009363027585410778,1080,1080,0,0,6.2156041070002175,6.697348594665527,0.1378116183810764,1.4055623372395833
9,99,491272,1,42090288,0.0009363027585410778,1920,1919,1,0,10.399640925000313,6.7069220542907715,0.12732639680497654,1.44419319347642
10,0,926214,1,42100196,0.0009198536119214611,3619,3617,2,0,20.717571571000008,6.725897789001465,0.06512684884043665,0.989955337857686
10,1,209678,1,42100197,0.0009198536119214611,820,817,3,0,4.795935353000459,6.693755149841309,0.12597059532361632,1.5140359941573593
10,2,509018,1,42100198,0.0009198536119214611,1989,1987,2,0,11.080009397999675,6.707324028015137,0.1569650666342948,1.666719172669225
10,3,411880,0,42100199,0.0009198536119214611,1609,1608,1,0,8.921786504999545,6.702532768249512,0.1231597217161264,1.3772835043532339
10,4,457865,1,42100200,0.0009198536119214611,1789,1786,3,0,10.019033910999497,6.704878330230713,0.15398233548257279,1.7109491192346724
10,5,276084,0,42100201,0.0009198536119214611,1079,1077,2,0,6.286333369999738,6.695822715759277,0.1396344963222493,1.467188588091922
10,6,155981,0,42100202,0.0009198536119214611,610,609,1,0,3.3399116119999235,6.69120979309082,0.1341871440116995,1.3911566773463158
10,7,438907,1,42100203,0.0009198536119214611,1715,1714,1,0,9.493920130999868,6.704305648803711,0.12743810344326595,1.459248172221412
10,8,563122,1,42100204,0.0009198536119214611,2200,2198,2,0,12.190800798000055,6.7095417976379395,0.08988290358066993,1.2053562542652412
10,9,671047,0,42100205,0.0009198536119214611,2622,2620,2,0,14.515240546999848,6.713615894317627,0.06859755188454199,1.0091611439945134
10,10,559874,1,42100206,0.0009198536119214611,2188,2186,2,0,12.164331409000624,6.709397315979004,0.07584410420493695,1.1167023458943275
10,11,277765,0,42100207,0.0009198536119214611,1086,1084,2,0,6.45996330700018,6.695899486541748,0.10833658591407691,1.2479730021909594
10,12,344014,0,42100208,0.0009198536119214611,1344,1342,2,0,7.229127618000348,6.698883533477783,0.12201750935811755,1.4030661661116803
10,13,872271,0,42100209,0.0009198536119214611,3408,3405,3,0,18.610103867999896,6.72271203994751,0.07766737972937317,1.072685862357746
10,14,353613,1,42100210,0.0009198536119214611,1382,1380,2,0,7.8530731619994185,6.701031684875488,0.12075427511463994,1.3578109077785325
10,15,392479,0,42100211,0.0009198536119214611,1534,1534,0,0,8.324266820999583,6.701803207397461,0.09902599986249185,1.1438440275627444
10,16,509253,0,42100212,0.0009198536119214611,1990,1988,2,0,10.914212177999616,6.70632791519165,0.09459260291976468,1.2464369959994341
10,17,384412,0,42100213,0.0009198536119214611,1502,1502,0,0,8.472316141000192,6.701499938964844,0.07053169016831724,0.9727046880201398
10,18,629973,0,42100214,0.0009198536119214611,2461,2460,1,0,13.535951855999883,6.712520122528076,0.06741975613725863,0.9686622681656504
10,19,621908,1,42100215,0.0009198536119214611,2430,2429,1,0,13.359840563000034,6.712190628051758,0.07140954976810159,0.9224384632950803
10,20,801121,0,42100216,0.0009198536119214611,3130,3127,3,0,17.295534140999735,6.719473838806152,0.04679138164074992,0.7467032817746642
10,21,384660,1,42100217,0.0009198536119214611,1503,1502,1,0,8.353687759999957,6.701502799987793,0.08068822766747202,1.0256350094405375
10,22,355766,1,42100218,0.0009198536119214611,1390,1389,1,0,7.651823866999621,6.70106315612793,0.1411993961869769,1.5431975988795896
10,23,360226,0,42100219,0.0009198536119214611,1408,1405,3,0,7.741790781000418,6.699612617492676,0.08365488832955682,1.0814646873609874
10,24,338512,0,42100220,0.0009198536119214611,1323,1321,2,0,7.465778996000154,6.698635578155518,0.12203437753196561,1.493868577308857
10,25,185941,0,42100221,0.0009198536119214611,727,727,0,0,4.238263429999279,6.692964553833008,0.1283375295353067,1.2714340860610815
10,26,561149,0,42100222,0.0009198536119214611,2192,2190,2,0,12.103530409000086,6.7086639404296875,0.09741569762904895,1.2122586463684362
10,27,372819,0,42100223,0.0009198536119214611,1457,1456,1,0,8.007514985000853,6.701064586639404,0.09128865042885581,1.1148642236059838
10,28,107522,1,42100224,0.0009198536119214611,421,420,1,0,2.298593032000099,6.689067363739014,0.16511579241071428,1.6158377511160715
10,29,284527,1,42100225,0.0009198536119214611,1112,1111,1,0,6.601847554999949,6.69753360748291,0.11103186276879641,1.3010035256455332
10,30,1333839,0,42100226,0.0009198536119214611,5211,5209,2,0,29.465175884999553,6.743468761444092,0.054958947676572396,0.7963480049553657
10,31,427651,1,42100227,0.0009198536119214611,1671,1669,2,0,9.248159140999633,6.703967571258545,0.11465531812591279,1.3816462128800928
10,32,648608,0,42100228,0.0009198536119214611,2534,2532,2,0,14.198800443000437,6.712804317474365,0.029783926868890698,0.5038788179274042
10,33,428065,0,42100229,0.0009198536119214611,1673,1670,3,0,9.213509115999841,6.703141689300537,0.120046028548372,1.6561409407747005
10,34,375085,0,42100230,0.0009198536119214611,1466,1465,1,0,8.36063696600013,6.7011494636535645,0.13077615471016424,1.5254656170008531
10,35,882461,0,42100231,0.0009198536119214611,3448,3446,2,0,18.96449919800034,6.723137378692627,0.045182208716004514,0.7095811238346996
10,36,569144,0,42100232,0.0009198536119214611,2224,2223,1,0,12.013046583000687,6.709024429321289,0.04443774650185912,0.5981525484635065
10,37,314555,0,42100233,0.0009198536119214611,1229,1228,1,0,6.936277157999939,6.697554588317871,0.12374430603623779,1.4634244341027076
10,38,436745,0,42100234,0.0009198536119214611,1707,1704,3,0,9.425772116999724,6.703468322753906,0.09712215656405883,1.238127372634243
10,39,261664,0,42100235,0.0009198536119214611,1023,1021,2,0,5.568691943999511,6.6951727867126465,0.13011114137296462,1.3831443973432909
10,40,638454,1,42100236,0.0009198536119214611,2494,2493,1,0,13.646946975999526,6.712934970855713,0.054085827524098726,0.7990888158719415
10,41,398139,1,42100237,0.0009198536119214611,1556,1555,1,0,8.507713181999861,6.70307731628418,0.12043263720546121,1.3793706667001608
10,42,242816,0,42100238,0.0009198536119214611,949,948,1,0,5.248438001999602,6.694367408752441,0.13009588829072719,1.5234729106919171
10,43,323428,0,42100239,0.0009198536119214611,1264,1263,1,0,7.0514436799994655,6.697955131530762,0.14870511475575887,1.5323619706613718
10,44,451037,0,42100240,0.0009198536119214611,1762,1761,1,0,9.906181787000605,6.704004764556885,0.07137230131722255,0.9630098532438955
10,45,265076,0,42100241,0.0009198536119214611,1036,1034,2,0,6.131100456999775,6.695326805114746,0.1007154158512905,1.2013228691292916
10,46,266508,1,42100242,0.0009198536119214611,1042,1041,1,0,6.192736756999693,6.697124481201172,0.13115821860365634,1.3386977431180955
10,47,506010,0,42100243,0.0009198536119214611,1977,1975,2,0,10.969401545999972,6.706181049346924,0.13589577976661393,1.6309396014636075
10,48,303421,0,42100244,0.0009198536119214611,1186,1184,2,0,7.005767423999714,6.697052955627441,0.12835501335762642,1.5914764404296875
10,49,209704,0,42100245,0.0009198536119214611,820,819,1,0,4.899622911000733,6.693503379821777,0.24930038731613438,2.2238638369009465
10,50,548954,1,42100246,0.0009198536119214611,2145,2143,2,0,11.677727436000168,6.708904266357422,0.11099903215273929,1.3868779028012717
10,51,554220,0,42100247,0.0009198536119214611,2165,2164,1,0,12.09636509199936,6.708352088928223,0.08370605722593072,1.011853230418207
10,52,239391,0,42100248,0.0009198536119214611,936,935,1,0,5.353702960999726,6.694264888763428,0.10657890442220923,1.424465632311163
10,53,490494,0,42100249,0.0009198536119214611,1916,1913,3,0,10.460093342000619,6.705489158630371,0.08938121646097426,1.2227476272543125
10,54,160756,1,42100250,0.0009198536119214611,628,627,1,0,3.513605527999971,6.694826126098633,0.10788564970999052,1.2467987206563995
10,55,166616,1,42100251,0.0009198536119214611,651,650,1,0,3.5850894560007873,6.694218158721924,0.10894784780649039,1.311749267578125
10,56,349089,1,42100252,0.0009198536119214611,1364,1363,1,0,7.358286732999659,6.699900150299072,0.07888617624015556,0.9904955320295304
10,57,813153,1,42100253,0.0009198536119214611,3177,3176,1,0,17.338037745000292,6.721647262573242,0.047274942662313545,0.7412865011758107
10,58,309917,0,42100254,0.0009198536119214611,1211,1209,2,0,6.924437736000073,6.697347164154053,0.17095600188123578,1.7698947348014888
10,59,355009,0,42100255,0.0009198536119214611,1387,1387,0,0,7.797163641999759,6.6993794441223145,0.08688434251539125,1.1072234997408976
10,60,340859,1,42100256,0.0009198536119214611,1332,1330,2,0,7.466196434999802,6.69952917098999,0.1547594113457472,1.7527485094572368
10,61,436143,1,42100257,0.0009198536119214611,1704,1703,1,0,9.273928832999445,6.704222679138184,0.13700084495880432,1.5282464825400028
10,62,352452,0,42100258,0.0009198536119214611,1377,1377,0,0,7.558428919000107,6.699264049530029,0.10630994476783769,1.1884745235623184
10,63,241000,1,42100259,0.0009198536119214611,942,941,1,0,5.383997632000501,6.695031642913818,0.13907601400085515,1.3817536924647982
10,64,757931,1,42100260,0.0009198536119214611,2961,2960,1,0,16.526390334000098,6.7186198234558105,0.08117505150872308,1.116112044050887
10,65,667452,1,42100261,0.0009198536119214611,2608,2606,2,0,14.743082963000234,6.7147088050842285,0.05098295760721952,0.7941441100465273
10,66,373491,1,42100262,0.0009198536119214611,1459,1458,1,0,8.084932511000261,6.701327323913574,0.1304922116963788,1.4198237498928326
10,67,255796,1,42100263,0.0009198536119214611,1000,1000,0,0,5.547376563999933,6.69569730758667,0.07759912109375,0.9004707641601563
10,68,187780,1,42100264,0.0009198536119214611,734,733,1,0,4.232953873000042,6.69293212890625,0.15549158822302928,1.4698476336012107
10,69,162407,0,42100265,0.0009198536119214611,635,634,1,0,3.4760153580000406,6.691255569458008,0.1504480741001454,1.5858552854519914
10,70,235355,0,42100266,0.0009198536119214611,920,919,1,0,5.177857695999592,6.694142818450928,0.1181761748902297,1.3775512562482999
10,71,323052,1,42100267,0.0009198536119214611,1262,1261,1,0,7.171725041999707,6.698727130889893,0.111996522883779,1.284620340999207
10,72,98180,0,42100268,0.0009198536119214611,384,383,1,0,2.0696889179998834,6.689414024353027,0.20221098658310216,1.5945926994941253
10,73,262450,1,42100269,0.0009198536119214611,1026,1025,1,0,5.635276730999976,6.695997714996338,0.12490934046303354,1.2747284679878048
10,74,603827,0,42100270,0.0009198536119214611,2359,2357,2,0,12.726549530999364,6.7105865478515625,0.10858409365304811,1.4100377532350445
10,75,236083,1,42100271,0.0009198536119214611,923,922,1,0,5.242965651000304,6.694809436798096,0.07692645687343241,0.9397306297451193
10,76,441814,0,42100272,0.0009198536119214611,1726,1724,2,0,9.505929584000114,6.703657627105713,0.17512821985231475,1.669945099514211
10,77,648680,1,42100273,0.0009198536119214611,2534,2533,1,0,14.416437939999923,6.714289665222168,0.04293873542577817,0.607679220230458
10,78,881094,1,42100274,0.0009198536119214611,3442,3439,3,0,18.634806768999624,6.724201679229736,0.07128615183828875,1.0770033303649316
10,79,306166,1,42100275,0.0009198536119214611,1196,1195,1,0,6.905760621999434,6.698023796081543,0.1562196101104864,1.516218496665795
10,80,661445,0,42100276,0.0009198536119214611,2584,2582,2,0,14.74152238500028,6.7131829261779785,0.08602740984384077,1.1334401551002131
10,81,548725,0,42100277,0.0009198536119214611,2144,2141,3,0,11.848055596999984,6.708104133605957,0.11791570272361046,1.5200921690725713
10,82,313463,1,42100278,0.0009198536119214611,1225,1225,0,0,7.081112807999489,6.6982951164245605,0.09925343416175064,1.0922933274872448
10,83,449860,1,42100279,0.0009198536119214611,1758,1758,0,0,9.83396724799968,6.704637050628662,0.050904010343063404,0.6779259517873649
10,84,381590,1,42100280,0.0009198536119214611,1491,1488,3,0,8.694606725000085,6.701448440551758,0.13372262318929037,1.436205299951697
10,85,323967,1,42100281,0.0009198536119214611,1266,1265,1,0,7.083559760000753,6.698768138885498,0.12278497869318182,1.2631184574172432
10,86,360767,1,42100282,0.0009198536119214611,1410,1407,3,0,7.793722518999857,6.701137542724609,0.08845855669510982,1.2131088245991026
10,87,461848,0,42100283,0.0009198536119214611,1805,1802,3,0,9.974298449999878,6.704411506652832,0.15032586405729745,1.704685901298904
10,88,432222,0,42100284,0.0009198536119214611,1689,1688,1,0,9.484366919999957,6.703297138214111,0.11517242684748501,1.4501669644179502
10,89,296592,1,42100285,0.0009198536119214611,1159,1157,2,0,6.742476884999633,6.697807312011719,0.14118950925413246,1.5647736518879645
10,90,479627,1,42100286,0.0009198536119214611,1874,1873,1,0,10.275052176999452,6.706655979156494,0.09598990550858416,1.1844205433712627
10,91,587269,1,42100287,0.0009198536119214611,2295,2292,3,0,12.423869964000005,6.710631370544434,0.14016001969315828,1.5814280351835188
10,92,206676,0,42100288,0.0009198536119214611,808,808,0,0,4.630288830999234,6.693434715270996,0.17524029948923847,1.7490702714070234
10,93,217421,1,42100289,0.0009198536119214611,850,848,2,0,5.01510501499979,6.694046497344971,0.13164825259514576,1.417576052107901
10,94,885169,1,42100290,0.0009198536119214611,3458,3457,1,0,19.159559049000563,6.724354267120361,0.02973080150371416,0.523001867531006
10,95,295224,0,42100291,0.0009198536119214611,1154,1152,2,0,6.574146470999949,6.696683883666992,0.11387187904781765,1.3636784023708768
10,96,547304,1,42100292,0.0009198536119214611,2138,2137,1,0,11.910385681000662,6.7088303565979,0.0809389791814423,1.0024556868200163
10,97,428994,1,42100293,0.0009198536119214611,1676,1674,2,0,9.471992588999456,6.70400857925415,0.1043537190025995,1.2142533059615814
10,98,276358,1,42100294,0.0009198536119214611,1080,1080,0,0,6.285468848000164,6.697348594665527,0.13339017232259115,1.3901127567997684
10,99,491272,1,42100295,0.0009198536119214611,1920,1919,1,0,10.568161344000146,6.7069220542907715,0.12098296276289328,1.4522738792176915
11,0,926214,1,42110203,0.0009016997428246386,3619,3616,3,0,20.32018240100024,6.725897789001465,0.06233806525711465,0.9964985130107509
11,1,209678,1,42110204,0.0009016997428246386,820,818,2,0,4.82963972700054,6.693755149841309,0.12176540719850722,1.4756230958225092
11,2,509018,1,42110205,0.0009016997428246386,1989,1986,3,0,11.43164499300019,6.707324028015137,0.14991113330422332,1.6802980974241566
11,3,411880,0,42110206,0.0009016997428246386,1609,1608,1,0,9.08840831499947,6.702532768249512,0.11786617449860075,1.3935747288945894
11,4,457865,1,42110207,0.0009016997428246386,1789,1786,3,0,10.034357268999884,6.704878330230713,0.15267882822342174,1.7143506843592524
11,5,276084,0,42110208,0.0009016997428246386,1079,1077,2,0,6.113762816999952,6.695822715759277,0.1328501865170903,1.4835980343619428
11,6,155981,0,42110209,0.0009016997428246386,610,608,2,0,3.474445650999769,6.69120979309082,0.12907547699777702,1.380342583907278
11,7,438907,1,42110210,0.0009016997428246386,1715,1714,1,0,9.439127275999454,6.704305648803711,0.12117757541295945,1.4884996091470974
11,8,563122,1,42110211,0.0009016997428246386,2200,2198,2,0,12.796982525999738,6.7095417976379395,0.08706970492528719,1.2154648757393085
11,9,671047,0,42110212,0.0009016997428246386,2622,2620,2,0,14.643342768000366,6.713615894317627,0.06591295431588443,1.0095812149630248
11,10,559874,1,42110213,0.0009016997428246386,2188,2186,2,0,12.265120052999919,6.709397315979004,0.07301241219425463,1.1200345415427722
11,11,277765,0,42110214,0.0009016997428246386,1086,1085,1,0,6.362605863000681,6.695899486541748,0.103337891750072,1.2432854577692973
11,12,344014,0,42110215,0.0009016997428246386,1344,1341,3,0,7.540457449999849,6.698883533477783,0.11758130419885464,1.3850204160549497
11,13,872271,0,42110216,0.0009016997428246386,3408,3405,3,0,18.849321254000643,6.72271203994751,0.0743245084205213,1.062726860774596
11,14,353613,1,42110217,0.0009016997428246386,1382,1380,2,0,7.933946377000211,6.701031684875488,0.11641180066094882,1.357867873924366
11,15,392479,0,42110218,0.0009016997428246386,1534,1533,1,0,8.488960544999827,6.701803207397461,0.0951432379257889,1.1145329285663323
11,16,509253,0,42110219,0.0009016997428246386,1990,1988,2,0,11.090566458000467,6.70632791519165,0.08983296599666357,1.263232102576396
11,17,384412,0,42110220,0.0009016997428246386,1502,1501,1,0,8.794986975000029,6.701499938964844,0.06767194164664964,0.956515724543013
11,18,629973,0,42110221,0.0009016997428246386,2461,2460,1,0,14.000373906000277,6.712520122528076,0.0649855388858454,0.9430327624809451
11,19,621908,1,42110222,0.0009016997428246386,2430,2429,1,0,13.924319605000164,6.712190628051758,0.06828524203592978,0.908270969759932
11,20,801121,0,42110223,0.0009016997428246386,3130,3127,3,0,17.114381860999856,6.719473838806152,0.04449227689591162,0.7604668949372402
11,21,384660,1,42110224,0.0009016997428246386,1503,1502,1,0,8.817659419999472,6.701502799987793,0.07562808507926931,1.017595923534246
11,22,355766,1,42110225,0.0009016997428246386,1390,1389,1,0,7.736077452000245,6.70106315612793,0.13659190101705926,1.5593933149410548
11,23,360226,0,42110226,0.0009016997428246386,1408,1405,3,0,8.13591137899948,6.699612617492676,0.07913250363170041,1.0646135106205517
11,24,338512,0,42110227,0.0009016997428246386,1323,1322,1,0,7.506026950999512,6.698635578155518,0.11790295484026334,1.501291895417691
11,25,185941,1,42110228,0.0009016997428246386,727,727,0,0,4.07113601600031,6.6928629875183105,0.12282223288261906,1.251302307212861
11,26,561149,0,42110229,0.0009016997428246386,2192,2189,3,0,12.736304906000441,6.7086639404296875,0.09337629559596634,1.193412463596391
11,27,372819,0,42110230,0.0009016997428246386,1457,1456,1,0,8.229037177999999,6.701064586639404,0.08945985940786508,1.0996616908482142
11,28,107522,0,42110231,0.0009016997428246386,421,419,2,0,2.371276162999493,6.6882781982421875,0.15994592270589386,1.5969595169395137
11,29,284527,1,42110232,0.0009016997428246386,1112,1112,0,0,6.513733381999373,6.69753360748291,0.10553520531963101,1.2875748229541366
11,30,1333839,0,42110233,0.0009016997428246386,5211,5209,2,0,29.434898065000198,6.743468761444092,0.052486754351692984,0.7901482672717892
11,31,427651,1,42110234,0.0009016997428246386,1671,1669,2,0,9.49677395100025,6.703967571258545,0.10974132978966167,1.3952986326954764
11,32,648608,0,42110235,0.0009016997428246386,2534,2533,1,0,14.404925388000265,6.712804317474365,0.028266689874323,0.49185574633586654
11,33,428065,0,42110236,0.0009016997428246386,1673,1670,3,0,9.250678109000546,6.703141689300537,0.11442039626801086,1.662214779425524
11,34,375085,0,42110237,0.0009016997428246386,1466,1465,1,0,8.532914930000516,6.7011494636535645,0.12532009085697526,1.5368309047034983
11,35,882461,0,42110238,0.0009016997428246386,3448,3446,2,0,19.209867280000253,6.723137378692627,0.04416423582850814,0.708245505998803
11,36,569144,0,42110239,0.0009016997428246386,2224,2223,1,0,12.673742224999842,6.709024429321289,0.043095896279441846,0.5904505871675383
11,37,314555,0,42110240,0.0009016997428246386,1229,1227,2,0,7.211829736999789,6.697554588317871,0.11977301289030665,1.4591383805776283
11,38,436745,0,42110241,0.0009016997428246386,1707,1704,3,0,9.310973928000749,6.703468322753906,0.0928862128459232,1.2229220251522155
11,39,261664,0,42110242,0.0009016997428246386,1023,1021,2,0,5.722911621000094,6.6951727867126465,0.12258400015686215,1.381590959958068
11,40,638454,1,42110243,0.0009016997428246386,2494,2493,1,0,14.189696946999902,6.712934970855713,0.052298676283829094,0.7750736730815032
11,41,398139,1,42110244,0.0009016997428246386,1556,1555,1,0,8.731885483000042,6.70307731628418,0.11446681375288886,1.374460378567122
11,42,242816,0,42110245,0.0009016997428246386,949,947,2,0,5.44018498800051,6.694367408752441,0.12525482338862032,1.5148950272653776
11,43,323428,0,42110246,0.0009016997428246386,1264,1263,1,0,7.082940846000383,6.697955131530762,0.14015262993384428,1.5405531495880345
11,44,451037,0,42110247,0.0009016997428246386,1762,1761,1,0,9.683057557000211,6.704004764556885,0.06878176444907678,0.9508227857928734
11,45,265076,0,42110248,0.0009016997428246386,1036,1035,1,0,5.826112314000056,6.695326805114746,0.0974440496324917,1.2272642568689613
11,46,266508,1,42110249,0.0009016997428246386,1042,1041,1,0,5.829715529999703,6.697124481201172,0.12662987612853477,1.3317308233519451
11,47,506010,0,42110250,0.0009016997428246386,1977,1975,2,0,10.988242288000038,6.706181049346924,0.13022185892998417,1.6318494115901898
11,48,303421,0,42110251,0.0009016997428246386,1186,1185,1,0,6.4622253159996035,6.697052955627441,0.12339360361863792,1.602216220002637
11,49,209704,0,42110252,0.0009016997428246386,820,818,2,0,4.460704165000607,6.693503379821777,0.23410847484336797,2.242508941874236
11,50,548954,1,42110253,0.0009016997428246386,2145,2143,2,0,11.928573975999825,6.708904266357422,0.10512908351682805,1.4204781692939221
11,51,554220,0,42110254,0.0009016997428246386,2165,2164,1,0,12.02190284199969,6.708352088928223,0.08083335044423666,1.0156599739342653
11,52,239391,0,42110255,0.0009016997428246386,936,934,2,0,5.164019175000249,6.694264888763428,0.10086799637919064,1.4145251647818522
11,53,490494,0,42110256,0.0009016997428246386,1916,1913,3,0,10.663719845999367,6.705489158630371,0.08669432158004035,1.2445310202806457
11,54,160756,1,42110257,0.0009016997428246386,628,626,2,0,3.5847032660003606,6.694826126098633,0.10467830328895641,1.2891099826215555
11,55,166616,0,42110258,0.0009016997428246386,651,649,2,0,3.678543603000435,6.693428993225098,0.10420634970642936,1.3343438147029083
11,56,349089,1,42110259,0.0009016997428246386,1364,1363,1,0,7.729447216999688,6.699900150299072,0.07531753954254172,1.0007471992789343
11,57,813153,1,42110260,0.0009016997428246386,3177,3176,1,0,17.328347759999815,6.721647262573242,0.04496766578040135,0.7262113556753779
11,58,309917,0,42110261,0.0009016997428246386,1211,1209,2,0,6.761316545999762,6.697347164154053,0.1609876962414056,1.7614223079507858
11,59,355009,0,42110262,0.0009016997428246386,1387,1387,0,0,7.68733039000017,6.6993794441223145,0.08314109862753188,1.0936497562466203
11,60,340859,1,42110263,0.0009016997428246386,1332,1331,1,0,7.509019415000694,6.69952917098999,0.14510817208924212,1.7474760518407213
11,61,436143,1,42110264,0.0009016997428246386,1704,1702,2,0,9.639055394000025,6.704222679138184,0.1311846507842336,1.5184526992600618
11,62,352452,0,42110265,0.0009016997428246386,1377,1377,0,0,7.818454090999694,6.699264049530029,0.10055746994073961,1.1631712182847675
11,63,241000,1,42110266,0.0009016997428246386,942,942,0,0,5.18916562800041,6.695031642913818,0.13303332318672456,1.3578848869177946
11,64,757931,1,42110267,0.0009016997428246386,2961,2960,1,0,16.615885386000627,6.7186198234558105,0.07804273141397013,1.094597811312289
11,65,667452,1,42110268,0.0009016997428246386,2608,2606,2,0,14.859563236000213,6.7147088050842285,0.04868833961984513,0.7917532931816001
11,66,373491,1,42110269,0.0009016997428246386,1459,1458,1,0,8.152276727999379,6.701327323913574,0.12509302837858474,1.4146165887024178
11,67,255796,1,42110270,0.0009016997428246386,1000,1000,0,0,5.728617428999314,6.69569730758667,0.07465532684326172,0.8926962890625
11,68,187780,0,42110271,0.0009016997428246386,734,734,0,0,4.093015543000547,6.6930060386657715,0.14939722378182477,1.4919280590088555
11,69,162407,1,42110272,0.0009016997428246386,635,633,2,0,3.6166073110007346,6.692044734954834,0.14524824434735387,1.5883492082592812
11,70,235355,0,42110273,0.0009016997428246386,920,919,1,0,5.2498744370004715,6.694142818450928,0.11271286425834381,1.342916627703346
11,71,323052,1,42110274,0.0009016997428246386,1262,1261,1,0,7.292322387999775,6.698727130889893,0.10866168488783085,1.3121272063652358
11,72,98180,1,42110275,0.0009016997428246386,384,382,2,0,2.1354557539998495,6.6902031898498535,0.1969432531226992,1.5928864004724312
11,73,262450,1,42110276,0.0009016997428246386,1026,1025,1,0,5.781185170999379,6.695997714996338,0.12237129769674161,1.2249454554115853
11,74,603827,0,42110277,0.0009016997428246386,2359,2357,2,0,13.19721775799917,6.7105865478515625,0.10431591838307436,1.418130543659843
11,75,236083,1,42110278,0.0009016997428246386,923,922,1,0,5.2503884030002155,6.694809436798096,0.07373099006437686,0.9148825026903131
11,76,441814,0,42110279,0.0009016997428246386,1726,1724,2,0,9.717973683999844,6.703657627105713,0.16703067080327363,1.683175000679742
11,77,648680,1,42110280,0.0009016997428246386,2534,2532,2,0,14.03303688699998,6.714289665222168,0.040840001279520574,0.6043250880911829
11,78,881094,1,42110281,0.0009016997428246386,3442,3440,2,0,19.222964130000037,6.724201679229736,0.06720362818518351,1.0845815259356832
11,79,306166,1,42110282,0.0009016997428246386,1196,1194,2,0,6.609010933999343,6.698023796081543,0.14683360190846811,1.4910958192655988
11,80,661445,0,42110283,0.0009016997428246386,2584,2582,2,0,14.756819918000474,6.7131829261779785,0.08353340745803277,1.1288327808808578
11,81,548725,0,42110284,0.0009016997428246386,2144,2142,2,0,11.913863338000738,6.708104133605957,0.11055686516142915,1.5223183511685925
11,82,313463,1,42110285,0.0009016997428246386,1225,1225,0,0,7.00352943300004,6.6982951164245605,0.09587191211933993,1.0770965202487246
11,83,449860,1,42110286,0.0009016997428246386,1758,1757,1,0,9.883380050999222,6.704637050628662,0.04794179952205686,0.6656381588600954
11,84,381590,1,42110287,0.0009016997428246386,1491,1488,3,0,8.798699904000387,6.701448440551758,0.1277593797253024,1.4331090783560148
11,85,323967,1,42110288,0.0009016997428246386,1266,1266,0,0,7.189736064000499,6.698768138885498,0.11896037603441573,1.2620592162507405
11,86,360767,1,42110289,0.0009016997428246386,1410,1407,3,0,8.131730034000611,6.701137542724609,0.08382058973929182,1.201875406033449
11,87,461848,0,42110290,0.0009016997428246386,1805,1803,2,0,10.208916775000034,6.704411506652832,0.1423620138311148,1.7035027883215474
11,88,432222,0,42110291,0.0009016997428246386,1689,1688,1,0,9.42200465499991,6.703297138214111,0.11067512476048763,1.430140201514366
11,89,296592,1,42110292,0.0009016997428246386,1159,1157,2,0,6.550791505999769,6.697807312011719,0.13434758429498433,1.5612527093912056
11,90,479627,1,42110293,0.0009016997428246386,1874,1873,1,0,10.581102721000207,6.706655979156494,0.09218446290626668,1.1672144297667513
11,91,587269,1,42110294,0.0009016997428246386,2295,2291,4,0,13.115647025999351,6.710631370544434,0.13266144398256766,1.5384980247094608
11,92,206676,0,42110295,0.0009016997428246386,808,807,1,0,4.714321448999726,6.693434715270996,0.16429297011137894,1.7645616117758673
11,93,217421,1,42110296,0.0009016997428246386,850,848,2,0,4.645234450000316,6.694046497344971,0.12492552343404519,1.3960574168079305
11,94,885169,1,42110297,0.0009016997428246386,3458,3456,2,0,19.38456510299966,6.724354267120361,0.028581040876883047,0.5170739491780599
11,95,295224,0,42110298,0.0009016997428246386,1154,1152,2,0,6.4701660319997245,6.696683883666992,0.1082287695672777,1.3378091388278537
11,96,547304,1,42110299,0.0009016997428246386,2138,2137,1,0,11.893536543000664,6.7088303565979,0.0775711566530548,0.9962636316609148
11,97,428994,1,42110300,0.0009016997428246386,1676,1675,1,0,9.090399060999516,6.70400857925415,0.10014993696070429,1.1874556902985074
11,98,276358,1,42110301,0.0009016997428246386,1080,1079,1,0,6.137614549000318,6.697348594665527,0.12759851945341463,1.3587740384615385
11,99,491272,1,42110302,0.0009016997428246386,1920,1918,2,0,10.667249295999682,6.7069220542907715,0.1146928311885957,1.453683417581791
12,0,926214,1,42120210,0.0008819157493927215,3619,3617,2,0,20.33303186699959,6.725897789001465,0.06040674894594968,0.99177697656034
12,1,209678,0,42120211,0.0008819157493927215,820,817,3,0,4.558489331000601,6.693502902984619,0.11538844768099277,1.4670939077799878
12,2,509018,1,42120212,0.0008819157493927215,1989,1986,3,0,10.786775980999664,6.707324028015137,0.14494635667445557,1.6827390119508434
12,3,411880,0,42120213,0.0008819157493927215,1609,1608,1,0,9.521330188999855,6.702532768249512,0.11324796154724424,1.3816818313219061
12,4,457865,1,42120214,0.0008819157493927215,1789,1787,2,0,9.680674537999948,6.704878330230713,0.14732073083161373,1.6965696807673476
12,5,276084,0,42120215,0.0008819157493927215,1079,1078,1,0,5.849899904000267,6.695822715759277,0.12754685892023712,1.4999648962923238
12,6,155981,1,42120216,0.0008819157493927215,610,609,1,0,3.402306320000207,6.691887378692627,0.12533338825495177,1.3587443033854167
12,7,438907,1,42120217,0.0008819157493927215,1715,1714,1,0,9.523015361000034,6.704305648803711,0.11462566148720099,1.4831278032015753
12,8,563122,1,42120218,0.0008819157493927215,2200,2199,1,0,12.022863398000482,6.7095417976379395,0.08350596790044836,1.1909215215012505
12,9,671047,0,42120219,0.0008819157493927215,2622,2620,2,0,14.426367889000176,6.713615894317627,0.06211979989787095,0.9922544057132634
12,10,559874,1,42120220,0.0008819157493927215,2188,2186,2,0,12.131124057999841,6.709397315979004,0.07001496059351413,1.104072480057754
12,11,277765,0,42120221,0.0008819157493927215,1086,1085,1,0,5.7998935109999366,6.695899486541748,0.09964733211675547,1.2486141363047234
12,12,344014,0,42120222,0.0008819157493927215,1344,1341,3,0,7.634937503999936,6.698883533477783,0.11194565649978444,1.395049570924217
12,13,872271,0,42120223,0.0008819157493927215,3408,3404,4,0,18.635541207000642,6.72271203994751,0.07195478768802557,1.0790068181505215
12,14,353613,1,42120224,0.0008819157493927215,1382,1380,2,0,8.018477316999451,6.701031684875488,0.11030892634737319,1.3479747827502264
12,15,392479,0,42120225,0.0008819157493927215,1534,1534,0,0,8.744674724000106,6.701803207397461,0.09245352017677437,1.1380446532248207
12,16,509253,0,42120226,0.0008819157493927215,1990,1988,2,0,11.015666518000216,6.70632791519165,0.08632685241085183,1.2552423918511066
12,17,384412,0,42120227,0.0008819157493927215,1502,1502,0,0,8.738212715999907,6.701499938964844,0.06507489525684504,0.961324679073735
12,18,629973,0,42120228,0.0008819157493927215,2461,2460,1,0,13.584270117000415,6.712520122528076,0.0623041168461001,0.961513016863567
12,19,621908,1,42120229,0.0008819157493927215,2430,2429,1,0,13.353729891000512,6.712190628051758,0.0655238409501724,0.9152365661344689
12,20,801121,0,42120230,0.0008819157493927215,3130,3127,3,0,16.84799628700057,6.719473838806152,0.041928566108315676,0.7636825712793812
12,21,384660,1,42120231,0.0008819157493927215,1503,1502,1,0,8.707563273999767,6.701502799987793,0.07290187180439102,1.0227391310284204
12,22,355766,1,42120232,0.0008819157493927215,1390,1388,2,0,7.959291244999804,6.70106315612793,0.12989082666226698,1.5539133912891752
12,23,360226,0,42120233,0.0008819157493927215,1408,1405,3,0,7.81727427000078,6.699612617492676,0.0743779898538284,1.0860573113600978
12,24,338512,0,42120234,0.0008819157493927215,1323,1321,2,0,7.540727149000304,6.698635578155518,0.11349901983360736,1.4924838508646385
12,25,185941,1,42120235,0.0008819157493927215,727,727,0,0,4.063881437999953,6.6928629875183105,0.11755321770291545,1.2516654957767366
12,26,561149,0,42120236,0.0008819157493927215,2192,2189,3,0,12.153992981999181,6.7086639404296875,0.08890207568604742,1.2049746245431705
12,27,372819,0,42120237,0.0008819157493927215,1457,1457,0,0,8.544442369000535,6.701064586639404,0.08531528281772799,1.1077236576119596
12,28,107522,0,42120238,0.0008819157493927215,421,420,1,0,2.33384518100047,6.6882781982421875,0.15190176282610213,1.5952003115699405
12,29,284527,1,42120239,0.0008819157493927215,1112,1111,1,0,5.95216762400014,6.69753360748291,0.10244682305144577,1.2933093602328982
12,30,1333839,0,42120240,0.0008819157493927215,5211,5209,2,0,28.98479971500001,6.743468761444092,0.05106044277894929,0.7892466951730178
12,31,427651,1,42120241,0.0008819157493927215,1671,1669,2,0,9.763098124999487,6.703967571258545,0.10313710829253109,1.3606858113484872
12,32,648608,0,42120242,0.0008819157493927215,2534,2533,1,0,13.832398444000319,6.712804317474365,0.02743278169086033,0.49567125081733615
12,33,428065,0,42120243,0.0008819157493927215,1673,1670,3,0,9.373691830999633,6.703141689300537,0.10902695341738398,1.680591989848428
12,34,375085,0,42120244,0.0008819157493927215,1466,1465,1,0,8.668930040000305,6.7011494636535645,0.11910081674621374,1.5353642278156996
12,35,882461,0,42120245,0.0008819157493927215,3448,3447,1,0,19.116379624999354,6.723137378692627,0.04179851553009184,0.7119928221098056
12,36,569144,0,42120246,0.0008819157493927215,2224,2223,1,0,12.17049794400009,6.709024429321289,0.04121249975838535,0.5944025243020412
12,37,314555,0,42120247,0.0008819157493927215,1229,1228,1,0,6.679069400000117,6.697554588317871,0.11591961640100137,1.4677708529494096
12,38,436745,0,42120248,0.0008819157493927215,1707,1704,3,0,9.414508668999588,6.703468322753906,0.09138682190801056,1.238282969300176
12,39,261664,0,42120249,0.0008819157493927215,1023,1021,2,0,5.796602348999841,6.6951727867126465,0.11912822069547319,1.358150710088149
12,40,638454,1,42120250,0.0008819157493927215,2494,2493,1,0,13.581871048999346,6.712934970855713,0.049665635434490006,0.7822766049626454
12,41,398139,1,42120251,0.0008819157493927215,1556,1554,2,0,8.907123253000464,6.70307731628418,0.11056637365078527,1.3771857969856016
12,42,242816,0,42120252,0.0008819157493927215,949,947,2,0,5.264577097999791,6.694367408752441,0.11771888289809102,1.4979018601092264
12,43,323428,0,42120253,0.0008819157493927215,1264,1262,2,0,6.824676367999928,6.697955131530762,0.13560000992425836,1.538967706888867
12,44,451037,0,42120254,0.0008819157493927215,1762,1761,1,0,9.535652981999192,6.704004764556885,0.06625373142812145,0.9491662757089366
12,45,265076,0,42120255,0.0008819157493927215,1036,1035,1,0,5.7828953719999845,6.695326805114746,0.09240621668129152,1.2005497292044083
12,46,266508,1,42120256,0.0008819157493927215,1042,1041,1,0,5.873345616000734,6.697124481201172,0.12138948614613353,1.3396068796529779
12,47,506010,0,42120257,0.0008819157493927215,1977,1974,3,0,10.743990523999855,6.706181049346924,0.12275878999008596,1.6540835302289134
12,48,303421,0,42120258,0.0008819157493927215,1186,1185,1,0,6.649599676000435,6.697052955627441,0.1182169725120319,1.615703598859441
12,49,209704,0,42120259,0.0008819157493927215,820,818,2,0,4.711582760000056,6.693503379821777,0.22584716498414578,2.2768186088879125
12,50,548954,1,42120260,0.0008819157493927215,2145,2143,2,0,11.5207556940004,6.708904266357422,0.09989655067917347,1.4173635820111992
12,51,554220,0,42120261,0.0008819157493927215,2165,2164,1,0,11.814248057999976,6.708352088928223,0.07674231679073763,1.0145534437817698
12,52,239391,1,42120262,0.0008819157493927215,936,934,2,0,5.322755927999424,6.69495964050293,0.09829947984193071,1.4150428526917158
12,53,490494,0,42120263,0.0008819157493927215,1916,1913,3,0,10.565576150999732,6.705489158630371,0.08185213271448641,1.2403639111915186
12,54,160756,0,42120264,0.0008819157493927215,628,627,1,0,3.434528983000746,6.694036960601807,0.10004390369762074,1.2766576642244816
12,55,166616,0,42120265,0.0008819157493927215,651,650,1,0,3.5396452889999637,6.693428993225098,0.09829373286320613,1.3505369215745193
12,56,349089,1,42120266,0.0008819157493927215,1364,1363,1,0,7.80605027799993,6.699900150299072,0.07012770968330143,0.9940220475284299
12,57,813153,1,42120267,0.0008819157493927215,3177,3176,1,0,17.08941009299997,6.721647262573242,0.04319847741115003,0.7215768348059666
12,58,309917,0,42120268,0.0008819157493927215,1211,1210,1,0,7.034494990999519,6.697347164154053,0.1543899283921423,1.7334906459839876
12,59,355009,0,42120269,0.0008819157493927215,1387,1387,0,0,7.8929987989995425,6.6993794441223145,0.07978697586334603,1.1021394956515862
12,60,340859,1,42120270,0.0008819157493927215,1332,1331,1,0,7.606245535999733,6.69952917098999,0.13898904228640355,1.7339311079545454
12,61,436143,1,42120271,0.0008819157493927215,1704,1702,2,0,9.430703838999762,6.704222679138184,0.12465264290115949,1.5250954185333432
12,62,352452,0,42120272,0.0008819157493927215,1377,1377,0,0,7.801534979999815,6.699264049530029,0.09648922412570352,1.1799629338859385
12,63,241000,0,42120273,0.0008819157493927215,942,942,0,0,5.395337144000223,6.694313049316406,0.12727683972401224,1.3691671901953955
12,64,757931,1,42120274,0.0008819157493927215,2961,2960,1,0,16.27347448100045,6.7186198234558105,0.07579677684887036,1.0838415197423987
12,65,667452,1,42120275,0.0008819157493927215,2608,2607,1,0,14.096031174000018,6.7147088050842285,0.04689298921679463,0.7888065597130323
12,66,373491,1,42120276,0.0008819157493927215,1459,1458,1,0,8.666788122999606,6.701327323913574,0.1197501393175583,1.3942248183513375
12,67,255796,1,42120277,0.0008819157493927215,1000,1000,0,0,5.562172912000278,6.69569730758667,0.07281031799316406,0.8790982666015625
12,68,187780,0,42120278,0.0008819157493927215,734,733,1,0,4.0788265330002105,6.6930060386657715,0.14371161571466257,1.5013494348460947
12,69,162407,1,42120279,0.0008819157493927215,635,633,2,0,3.5069236569997884,6.692044734954834,0.141442598701465,1.5695507658224723
12,70,235355,1,42120280,0.0008819157493927215,920,919,1,0,5.129238419000103,6.694777488708496,0.10859653609880815,1.3559400290737214
12,71,323052,1,42120281,0.0008819157493927215,1262,1260,2,0,6.753432660000726,6.698727130889893,0.10255142696320065,1.297978767516121
12,72,98180,1,42120282,0.0008819157493927215,384,382,2,0,2.10983701799978,6.6902031898498535,0.1885744863779757,1.6068166363301701
12,73,262450,1,42120283,0.0008819157493927215,1026,1025,1,0,5.868439287000001,6.695997714996338,0.11764987852515243,1.213670684070122
12,74,603827,0,42120284,0.0008819157493927215,2359,2357,2,0,12.881311586000265,6.7105865478515625,0.10102738067665797,1.3992901795184556
12,75,236083,0,42120285,0.0008819157493927215,923,923,0,0,5.160190335000152,6.694164276123047,0.07143259100123578,0.9526408847465805
12,76,441814,0,42120286,0.0008819157493927215,1726,1724,2,0,9.211352555999838,6.703657627105713,0.1609771091257613,1.6827554016821347
12,77,648680,1,42120287,0.0008819157493927215,2534,2532,2,0,13.955783548999534,6.714289665222168,0.039833138151003096,0.602207467077656
12,78,881094,1,42120288,0.0008819157493927215,3442,3440,2,0,19.256837365999672,6.724201679229736,0.06421490602715071,1.1063307651253633
12,79,306166,1,42120289,0.0008819157493927215,1196,1195,1,0,6.846421942999768,6.698023796081543,0.14074705754363886,1.525557233100157
12,80,661445,0,42120290,0.0008819157493927215,2584,2582,2,0,13.88149290199999,6.7131829261779785,0.08030259821601472,1.141761738417409
12,81,548725,0,42120291,0.0008819157493927215,2144,2142,2,0,12.084717053000531,6.708104133605957,0.10503028420840993,1.5298077238707983
12,82,313463,1,42120292,0.0008819157493927215,1225,1224,1,0,7.0095541769997,6.6982951164245605,0.0927072724485709,1.0931856242659825
12,83,449860,1,42120293,0.0008819157493927215,1758,1758,0,0,9.476528995999615,6.704637050628662,0.04652958111551435,0.6807048220412045
12,84,381590,1,42120294,0.0008819157493927215,1491,1487,4,0,8.81411972099977,6.701448440551758,0.12271714354812016,1.4477342042493275
12,85,323967,1,42120295,0.0008819157493927215,1266,1265,1,0,6.836531086999457,6.698768138885498,0.11552031143851903,1.2353725991230238
12,86,360767,1,42120296,0.0008819157493927215,1410,1406,4,0,8.00626834600007,6.701137542724609,0.07961412106944012,1.2090581728418386
12,87,461848,0,42120297,0.0008819157493927215,1805,1802,3,0,9.708644069000002,6.704411506652832,0.13777093749729033,1.7049163581263873
12,88,432222,0,42120298,0.0008819157493927215,1689,1688,1,0,9.327279211999667,6.703297138214111,0.10683141952442332,1.4364292813703348
12,89,296592,1,42120299,0.0008819157493927215,1159,1156,3,0,6.316324409000117,6.697807312011719,0.12933539684256054,1.5429131002987133
12,90,479627,1,42120300,0.0008819157493927215,1874,1872,2,0,10.410758310999881,6.706655979156494,0.08962182102040347,1.1910760341546474
12,91,587269,1,42120301,0.0008819157493927215,2295,2292,3,0,12.577326564000032,6.710631370544434,0.12866314793132363,1.5471235078874892
12,92,206676,1,42120302,0.0008819157493927215,808,807,1,0,4.538429042000644,6.6936421394348145,0.15324666568042325,1.7566512437558086
12,93,217421,1,42120303,0.0008819157493927215,850,848,2,0,4.898662057000365,6.694046497344971,0.117874487391058,1.4084785029573261
12,94,885169,1,42120304,0.0008819157493927215,3458,3456,2,0,18.997703467000065,6.724354267120361,0.02755079225257591,0.5099473882604528
12,95,295224,0,42120305,0.0008819157493927215,1154,1152,2,0,6.176776172000245,6.696683883666992,0.1035530236032274,1.3487799962361653
12,96,547304,1,42120306,0.0008819157493927215,2138,2137,1,0,12.340481435999209,6.7088303565979,0.07575335433453001,0.9985768555144479
12,97,428994,1,42120307,0.0008819157493927215,1676,1674,2,0,9.470444301000498,6.70400857925415,0.09692041905265271,1.1962929273306826
12,98,276358,1,42120308,0.0008819157493927215,1080,1079,1,0,5.9273336280002695,6.697348594665527,0.12005670386624623,1.3829837830890872
12,99,491272,1,42120309,0.0008819157493927215,1920,1918,2,0,10.638835408999512,6.7069220542907715,0.10843382388881648,1.4639135207572993
13,0,926214,1,42130217,0.0008605829282983752,3619,3616,3,0,20.08875232199989,6.725897789001465,0.05840346665508979,0.9755161251642007
13,1,209678,1,42130218,0.0008605829282983752,820,817,3,0,4.5223459420003564,6.693755149841309,0.11502173247506597,1.5025425587610923
13,2,509018,1,42130219,0.0008605829282983752,1989,1986,3,0,10.902706165000382,6.707324028015137,0.14045409541595857,1.6675254614331572
13,3,411880,0,42130220,0.0008605829282983752,1609,1608,1,0,9.133986746000119,6.702532768249512,0.10891345009874942,1.3797909561081312
13,4,457865,1,42130221,0.0008605829282983752,1789,1787,2,0,9.791567941000721,6.704878330230713,0.14413863717342262,1.7242582606148573
13,5,276084,0,42130222,0.0008605829282983752,1079,1077,2,0,5.8711918950002655,6.695822715759277,0.12291780576289751,1.5212490751218664
13,6,155981,0,42130223,0.0008605829282983752,610,609,1,0,3.466494044000683,6.69120979309082,0.12192169590340851,1.3616532449456076
13,7,438907,1,42130224,0.0008605829282983752,1715,1714,1,0,9.604387255999427,6.704305648803711,0.10965355747360889,1.4885125711056009
13,8,563122,1,42130225,0.0008605829282983752,2200,2198,2,0,12.873503528999208,6.7095417976379395,0.07971176133576689,1.1796137468721566
13,9,671047,0,42130226,0.0008605829282983752,2622,2620,2,0,15.14405492700007,6.713615894317627,0.060236399410335165,1.013281529550334
13,10,559874,1,42130227,0.0008605829282983752,2188,2185,3,0,12.257020125000054,6.709397315979004,0.06831989768440717,1.1038923948798627
13,11,277765,0,42130228,0.0008605829282983752,1086,1084,2,0,6.333195793999948,6.695899486541748,0.0952838602101231,1.2598238448815153
13,12,344014,0,42130229,0.0008605829282983752,1344,1341,3,0,7.575650775000213,6.698883533477783,0.10824185569814387,1.393375359747856
13,13,872271,0,42130230,0.0008605829282983752,3408,3405,3,0,19.226287997000327,6.72271203994751,0.06970826539699201,1.0820506808691264
13,14,353613,1,42130231,0.0008605829282983752,1382,1380,2,0,7.769845632000397,6.701031684875488,0.1068403492803159,1.3683815776437953
13,15,392479,0,42130232,0.0008605829282983752,1534,1533,1,0,8.723098735999884,6.701803207397461,0.08936531280895813,1.1354736805895302
13,16,509253,0,42130233,0.0008605829282983752,1990,1988,2,0,11.023095714000192,6.70632791519165,0.08290398672552896,1.2440542915697308
13,17,384412,0,42130234,0.0008605829282983752,1502,1501,1,0,8.289116883000133,6.701499938964844,0.06219482421875,0.9880458925820287
13,18,629973,0,42130235,0.0008605829282983752,2461,2459,2,0,13.86191729300026,6.712520122528076,0.06055432754398701,0.9543365689495221
13,19,621908,1,42130236,0.0008605829282983752,2430,2429,1,0,13.845550388999982,6.712190628051758,0.06315468936950006,0.9128701409080383
13,20,801121,0,42130237,0.0008605829282983752,3130,3127,3,0,17.757015664999926,6.719473838806152,0.04053280656239382,0.7565061485649185
13,21,384660,1,42130238,0.0008605829282983752,1503,1501,2,0,8.42717943200023,6.701502799987793,0.07042762202314343,1.0181732686021818
13,22,355766,1,42130239,0.0008605829282983752,1390,1389,1,0,7.914678353000454,6.70106315612793,0.12408078154528887,1.540138370961573
13,23,360226,0,42130240,0.0008605829282983752,1408,1405,3,0,7.928091233000487,6.699612617492676,0.07124086427518905,1.1201225742326513
13,24,338512,0,42130241,0.0008605829282983752,1323,1321,2,0,7.344587143999888,6.698635578155518,0.10912034802144445,1.4883038898384273
13,25,185941,0,42130242,0.0008605829282983752,727,727,0,0,4.078945422000288,6.692964553833008,0.11260391298317679,1.272441879755201
13,26,561149,0,42130243,0.0008605829282983752,2192,2189,3,0,12.666704558000674,6.7086639404296875,0.08468925577148884,1.2181112638833371
13,27,372819,0,42130244,0.0008605829282983752,1457,1456,1,0,8.119431600999633,6.701064586639404,0.08027139600816664,1.0907757098858173
13,28,107522,1,42130245,0.0008605829282983752,421,419,2,0,2.3514855800003716,6.689067363739014,0.1440216282956071,1.567048648661247
13,29,284527,1,42130246,0.0008605829282983752,1112,1111,1,0,6.542452616999981,6.69753360748291,0.09764459646037846,1.2887834193575607
13,30,1333839,0,42130247,0.0008605829282983752,5211,5208,3,0,29.135677743000088,6.743468761444092,0.04937523228049095,0.7859459567912347
13,31,427651,1,42130248,0.0008605829282983752,1671,1669,2,0,9.395561326999996,6.703967571258545,0.09947235674255261,1.3593106369832235
13,32,648608,0,42130249,0.0008605829282983752,2534,2533,1,0,14.702702099000817,6.712804317474365,0.02655989522290145,0.5078906192169611
13,33,428065,0,42130250,0.0008605829282983752,1673,1670,3,0,9.336583971000437,6.703141689300537,0.10533161277542571,1.6758679418506737
13,34,375085,0,42130251,0.0008605829282983752,1466,1465,1,0,8.285738030000175,6.7011494636535645,0.11403964827085111,1.5242400810580206
13,35,882461,0,42130252,0.0008605829282983752,3448,3447,1,0,19.614525437999873,6.723137378692627,0.04032207386093206,0.7095473787215332
13,36,569144,0,42130253,0.0008605829282983752,2224,2223,1,0,12.44314849300008,6.709024429321289,0.040371042406886104,0.5871422785228295
13,37,314555,0,42130254,0.0008605829282983752,1229,1228,1,0,6.697774694000145,6.697554588317871,0.110973159342713,1.4630919217286746
13,38,436745,0,42130255,0.0008605829282983752,1707,1704,3,0,9.68991265800014,6.703468322753906,0.08733546118221372,1.2470140054192342
13,39,261664,0,42130256,0.0008605829282983752,1023,1022,1,0,5.455312174000028,6.6951727867126465,0.11447501882414995,1.3738079630931996
13,40,638454,1,42130257,0.0008605829282983752,2494,2493,1,0,14.200861930999963,6.712934970855713,0.04800633546390832,0.7789969140154934
13,41,398139,1,42130258,0.0008605829282983752,1556,1555,1,0,9.165727607000008,6.70307731628418,0.10703152475633039,1.3603575286374598
13,42,242816,0,42130259,0.0008605829282983752,949,947,2,0,5.127598926000246,6.694367408752441,0.1140257483928483,1.4973560885114177
13,43,323428,0,42130260,0.0008605829282983752,1264,1263,1,0,6.922043802000189,6.697955131530762,0.1315197193329993,1.5355897300883314
13,44,451037,0,42130261,0.0008605829282983752,1762,1760,2,0,9.54733680299978,6.704004764556885,0.06534938378767534,0.9541378368030895
13,45,265076,0,42130262,0.0008605829282983752,1036,1035,1,0,5.801159715000722,6.695326805114746,0.08832835321841033,1.2110217108242753
13,46,266508,1,42130263,0.0008605829282983752,1042,1040,2,0,5.834545669000363,6.697124481201172,0.11909251579871545,1.3340550349308895
13,47,506010,0,42130264,0.0008605829282983752,1977,1975,2,0,10.76693006000005,6.706181049346924,0.1186444091796875,1.657883084454114
13,48,303421,0,42130265,0.0008605829282983752,1186,1184,2,0,6.444569430000229,6.697052955627441,0.11289155805433118,1.627446561246305
13,49,209704,0,42130266,0.0008605829282983752,820,818,2,0,4.413530914999683,6.693503379821777,0.215511405963478,2.248501430222341
13,50,548954,1,42130267,0.0008605829282983752,2145,2143,2,0,11.793636689999403,6.708904266357422,0.09757631758468706,1.4449627511811713
13,51,554220,0,42130268,0.0008605829282983752,2165,2164,1,0,12.015740496000035,6.708352088928223,0.07323895100084118,1.0128490849916243
13,52,239391,0,42130269,0.0008605829282983752,936,934,2,0,5.156666183000198,6.694264888763428,0.09469009824176927,1.4117558416003078
13,53,490494,0,42130270,0.0008605829282983752,1916,1913,3,0,10.70649856,6.705489158630371,0.0793545648681513,1.2372462366864871
13,54,160756,1,42130271,0.0008605829282983752,628,627,1,0,3.5211176789998717,6.694826126098633,0.09958204546233304,1.283099939568381
13,55,166616,1,42130272,0.0008605829282983752,651,650,1,0,3.519044910000048,6.694218158721924,0.09552693293644832,1.3742436335637018
13,56,349089,1,42130273,0.0008605829282983752,1364,1364,0,0,7.619671634000042,6.699900150299072,0.06764798430054068,0.9971595383809109
13,57,813153,1,42130274,0.0008605829282983752,3177,3175,2,0,18.054029220999837,6.721647262573242,0.04184112789124016,0.7202058470718504
13,58,309917,0,42130275,0.0008605829282983752,1211,1210,1,0,6.7340659349993075,6.697347164154053,0.1482693254455062,1.7350428557592976
13,59,355009,0,42130276,0.0008605829282983752,1387,1386,1,0,7.580610175000402,6.6993794441223145,0.07547242576081688,1.094486120975379
13,60,340859,1,42130277,0.0008605829282983752,1332,1330,2,0,7.264546500000506,6.69952917098999,0.13399013433241305,1.7255701509633459
13,61,436143,1,42130278,0.0008605829282983752,1704,1703,1,0,9.649044392999713,6.704222679138184,0.12232506170177627,1.513550593162801
13,62,352452,0,42130279,0.0008605829282983752,1377,1376,1,0,7.61026763100017,6.699264049530029,0.09119328787160474,1.1628963559172873
13,63,241000,1,42130280,0.0008605829282983752,942,941,1,0,5.1758500030000505,6.695031642913818,0.12353650213681423,1.3811244011938761
13,64,757931,1,42130281,0.0008605829282983752,2961,2960,1,0,16.84336346100008,6.7186198234558105,0.0739228325921136,1.085659460119299
13,65,667452,1,42130282,0.0008605829282983752,2608,2607,1,0,15.133997313999316,6.7147088050842285,0.04454669140287867,0.8053402273326621
13,66,373491,1,42130283,0.0008605829282983752,1459,1458,1,0,8.185220355000638,6.701327323913574,0.11368382876465513,1.423108094350137
13,67,255796,1,42130284,0.0008605829282983752,1000,999,1,0,5.404766096999992,6.69569730758667,0.0704566871559059,0.8714536069272397
13,68,187780,1,42130285,0.0008605829282983752,734,732,2,0,4.122756139000558,6.69293212890625,0.13681819269565937,1.5016047576737535
13,69,162407,0,42130286,0.0008605829282983752,635,633,2,0,3.4842110110002977,6.691255569458008,0.13168709801648276,1.554541324175553
13,70,235355,0,42130287,0.0008605829282983752,920,918,2,0,5.054178660000616,6.694142818450928,0.10225654219749966,1.34727980004936
13,71,323052,1,42130288,0.0008605829282983752,1262,1259,3,0,6.9693153419993905,6.698727130889893,0.09921394935953323,1.3335530081848193
13,72,98180,0,42130289,0.0008605829282983752,384,383,1,0,2.1424974259998635,6.689414024353027,0.18148305708683501,1.6339729647723564
13,73,262450,1,42130290,0.0008605829282983752,1026,1025,1,0,5.549433604000114,6.695997714996338,0.1116289315572599,1.2219287109375
13,74,603827,0,42130291,0.0008605829282983752,2359,2357,2,0,13.183826409000176,6.7105865478515625,0.09924196640616713,1.4050906168792427
13,75,236083,1,42130292,0.0008605829282983752,923,923,0,0,5.035356235000108,6.694809436798096,0.0702615822640168,0.9385462602840602
13,76,441814,0,42130293,0.0008605829282983752,1726,1724,2,0,9.686201464000078,6.703657627105713,0.15445797736572833,1.6775613240465488
13,77,648680,1,42130294,0.0008605829282983752,2534,2533,1,0,14.322575144999973,6.714289665222168,0.03799748110102892,0.5988071229304431
13,78,881094,1,42130295,0.0008605829282983752,3442,3439,3,0,19.569159129999207,6.724201679229736,0.06140013370586017,1.1075485952720632
13,79,306166,1,42130296,0.0008605829282983752,1196,1195,1,0,6.5706549529995755,6.698023796081543,0.13370002523126961,1.5128053290075836
13,80,661445,0,42130297,0.0008605829282983752,2584,2582,2,0,14.635799753000356,6.7131829261779785,0.07647887687180782,1.12497134988018
13,81,548725,0,42130298,0.0008605829282983752,2144,2141,3,0,11.86803372400027,6.708104133605957,0.09961186230377525,1.5246587732805932
13,82,313463,1,42130299,0.0008605829282983752,1225,1225,0,0,6.747309184999722,6.6982951164245605,0.09107735147281569,1.093061224489796
13,83,449860,1,42130300,0.0008605829282983752,1758,1758,0,0,9.901878960999966,6.704637050628662,0.045108443641011624,0.6814649492942975
13,84,381590,1,42130301,0.0008605829282983752,1491,1488,3,0,8.328775056000268,6.701448440551758,0.12018410877514911,1.4609417658980175
13,85,323967,1,42130302,0.0008605829282983752,1266,1264,2,0,7.109458406999693,6.698768138885498,0.1109919487675534,1.2229176774809631
13,86,360767,1,42130303,0.0008605829282983752,1410,1406,4,0,7.765222029000142,6.701137542724609,0.07660875279737231,1.194140416629623
13,87,461848,0,42130304,0.0008605829282983752,1805,1803,2,0,10.091744757000015,6.704411506652832,0.13224556362767784,1.6997718916822657
13,88,432222,0,42130305,0.0008605829282983752,1689,1687,2,0,9.46374976199968,6.703297138214111,0.10414475382752297,1.41048635359551
13,89,296592,1,42130306,0.0008605829282983752,1159,1156,3,0,6.483205724999607,6.697807312011719,0.12488814621235672,1.5368655511664684
13,90,479627,1,42130307,0.0008605829282983752,1874,1873,1,0,10.500214851999772,6.706655979156494,0.08574746168048002,1.165144643870128
13,91,587269,1,42130308,0.0008605829282983752,2295,2292,3,0,12.711536450000494,6.710631370544434,0.12605843535684583,1.5574906434064135
13,92,206676,0,42130309,0.0008605829282983752,808,806,2,0,4.466241893000188,6.693434715270996,0.14569490304951632,1.8131421564826302
13,93,217421,1,42130310,0.0008605829282983752,850,849,1,0,4.641044270000748,6.694046497344971,0.11392636068858583,1.4195210127723792
13,94,885169,1,42130311,0.0008605829282983752,3458,3457,1,0,19.527878578000127,6.724354267120361,0.026186827465672007,0.5087285393540281
13,95,295224,0,42130312,0.0008605829282983752,1154,1152,2,0,6.473580558999856,6.696683883666992,0.09951857063505384,1.3446251551310222
13,96,547304,1,42130313,0.0008605829282983752,2138,2137,1,0,11.905580505999751,6.7088303565979,0.0734816226771796,1.0115387005732335
13,97,428994,1,42130314,0.0008605829282983752,1676,1675,1,0,9.30758392900043,6.70400857925415,0.09374426087336754,1.1945303754664178
13,98,276358,1,42130315,0.0008605829282983752,1080,1079,1,0,5.909331058000134,6.697348594665527,0.11616871067503186,1.4209131447665662
13,99,491272,1,42130316,0.0008605829282983752,1920,1918,2,0,10.727572546999909,6.7069220542907715,0.1047367020369322,1.4956248167035975
14,0,926214,1,42140224,0.0008377889406793518,3619,3617,2,0,19.92843620199983,6.725897789001465,0.05643934566802599,0.9710893491239286
14,1,209678,1,42140225,0.0008377889406793518,820,817,3,0,4.629329315999712,6.693755149841309,0.11065287222331127,1.5337810539703183
14,2,509018,1,42140226,0.0008377889406793518,1989,1987,2,0,11.163276526999653,6.707324028015137,0.13642429453557497,1.64873607157461
14,3,411880,0,42140227,0.0008377889406793518,1609,1608,1,0,8.84898351799984,6.702532768249512,0.10587930442088872,1.3910838264731031
14,4,457865,1,42140228,0.0008377889406793518,1789,1787,2,0,10.06035699199947,6.704878330230713,0.13897725571182498,1.7541734794697819
14,5,276084,0,42140229,0.0008377889406793518,1079,1077,2,0,6.108813863999785,6.695822715759277,0.11845014000116064,1.5138193341240134
14,6,155981,0,42140230,0.0008377889406793518,610,608,2,0,3.270661950000431,6.69120979309082,0.1204476983923661,1.3723432641280324
14,7,438907,1,42140231,0.0008377889406793518,1715,1714,1,0,9.298558911999862,6.704305648803711,0.10431614166936351,1.5095780326994603
14,8,563122,1,42140232,0.0008377889406793518,2200,2198,2,0,12.516535894999834,6.7095417976379395,0.0773799851116427,1.1625955458442334
14,9,671047,0,42140233,0.0008377889406793518,2622,2621,1,0,14.205580660999658,6.713615894317627,0.058183439357368964,1.0181582500715376
14,10,559874,1,42140234,0.0008377889406793518,2188,2185,3,0,12.43992190500012,6.709397315979004,0.06591085962081665,1.1168046964387872
14,11,277765,0,42140235,0.0008377889406793518,1086,1084,2,0,5.913195918999918,6.695899486541748,0.09386658052676718,1.2283146143839367
14,12,344014,0,42140236,0.0008377889406793518,1344,1341,3,0,7.5211815289994775,6.698883533477783,0.10563710871958892,1.3906265474983688
14,13,872271,0,42140237,0.0008377889406793518,3408,3405,3,0,18.60769735299982,6.72271203994751,0.0672522859951473,1.090970238504956
14,14,353613,1,42140238,0.0008377889406793518,1382,1380,2,0,7.801357731999815,6.701031684875488,0.10374449577884398,1.3609975621320198
14,15,392479,0,42140239,0.0008377889406793518,1534,1533,1,0,8.457202315000359,6.701803207397461,0.08860078078815538,1.1322530309748042
14,16,509253,0,42140240,0.0008377889406793518,1990,1988,2,0,11.044955196999581,6.70632791519165,0.07944675806302659,1.217070243727993
14,17,384412,0,42140241,0.0008377889406793518,1502,1501,1,0,8.161867291000817,6.701499938964844,0.059734372438231285,0.9871099930775317
14,18,629973,0,42140242,0.0008377889406793518,2461,2459,2,0,13.915665712999726,6.712520122528076,0.05899527519880732,0.9704331704008236
14,19,621908,1,42140243,0.0008377889406793518,2430,2429,1,0,13.974288397000237,6.712190628051758,0.06074954865645263,0.895670438902326
14,20,801121,0,42140244,0.0008377889406793518,3130,3127,3,0,17.640749564000544,6.719473838806152,0.039523262241071964,0.766460715142309
14,21,384660,1,42140245,0.0008377889406793518,1503,1501,2,0,8.299087569000221,6.701502799987793,0.06864984602550123,1.004001320083486
14,22,355766,1,42140246,0.0008377889406793518,1390,1388,2,0,7.6090202659997885,6.70106315612793,0.12102851537874865,1.5446833629773056
14,23,360226,0,42140247,0.0008377889406793518,1408,1404,4,0,7.7646398979995865,6.699612617492676,0.0684837982525513,1.0864720358128561
14,24,338512,0,42140248,0.0008377889406793518,1323,1321,2,0,7.499535988999924,6.698635578155518,0.10409008779821749,1.4592421919355603
14,25,185941,0,42140249,0.0008377889406793518,727,726,1,0,4.068692050000209,6.692964553833008,0.10935397187540354,1.2733382968534779
14,26,561149,0,42140250,0.0008377889406793518,2192,2189,3,0,12.791327681999974,6.7086639404296875,0.08166126096123373,1.191264717586512
14,27,372819,0,42140251,0.0008377889406793518,1457,1456,1,0,7.8921265489998405,6.701064586639404,0.0778357799236591,1.0715534084445828
14,28,107522,1,42140252,0.0008377889406793518,421,419,2,0,2.2829659150002044,6.689067363739014,0.13877443482027987,1.5586030727923628
14,29,284527,1,42140253,0.0008377889406793518,1112,1111,1,0,5.923254262999762,6.69753360748291,0.09275120169487652,1.2849027700621625
14,30,1333839,0,42140254,0.0008377889406793518,5211,5209,2,0,28.857586993999575,6.743468761444092,0.04826659336042487,0.7903516787351219
14,31,427651,1,42140255,0.0008377889406793518,1671,1669,2,0,9.008740920000491,6.703967571258545,0.09657419249281475,1.3657725375880019
14,32,648608,0,42140256,0.0008377889406793518,2534,2533,1,0,14.12058326299939,6.712804317474365,0.02631165526669062,0.4933621315818693
14,33,428065,0,42140257,0.0008377889406793518,1673,1670,3,0,9.075173958999585,6.703141689300537,0.10245301023928705,1.6711605597398953
14,34,375085,0,42140258,0.0008377889406793518,1466,1465,1,0,8.028472966999288,6.7011494636535645,0.11047072687246694,1.5219561580098122
14,35,882461,0,42140259,0.0008377889406793518,3448,3446,2,0,18.99616795900056,6.723137378692627,0.0391608452423326,0.6972036334019516
14,36,569144,0,42140260,0.0008377889406793518,2224,2223,1,0,12.514184485999976,6.709024429321289,0.03914840361903607,0.5864376972454173
14,37,314555,0,42140261,0.0008377889406793518,1229,1227,2,0,6.848980210999798,6.697554588317871,0.10731731436557661,1.4452699196464955
14,38,436745,0,42140262,0.0008377889406793518,1707,1704,3,0,9.300124925000091,6.703468322753906,0.08406363294717852,1.229267245726966
14,39,261664,0,42140263,0.0008377889406793518,1023,1021,2,0,5.995104061999882,6.6951727867126465,0.11106353968994857,1.353697953331599
14,40,638454,1,42140264,0.0008377889406793518,2494,2493,1,0,13.717942063999544,6.712934970855713,0.0467035819190217,0.787113830835715
14,41,398139,1,42140265,0.0008377889406793518,1556,1555,1,0,8.702969098999347,6.70307731628418,0.10272713320814912,1.3611668822849678
14,42,242816,0,42140266,0.0008377889406793518,949,948,1,0,5.109980438999628,6.694367408752441,0.10953716487321169,1.5025767394762
14,43,323428,0,42140267,0.0008377889406793518,1264,1263,1,0,6.934655042000486,6.697955131530762,0.12695539630035135,1.5260850630010392
14,44,451037,0,42140268,0.0008377889406793518,1762,1761,1,0,9.962884747000317,6.704004764556885,0.06276859281281055,0.946457091141397
14,45,265076,0,42140269,0.0008377889406793518,1036,1036,0,0,5.783190265000485,6.695326805114746,0.08580059802670276,1.199363443381998
14,46,266508,1,42140270,0.0008377889406793518,1042,1041,1,0,5.932402207999985,6.697124481201172,0.11580992157246263,1.3192241862917267
14,47,506010,0,42140271,0.0008377889406793518,1977,1974,3,0,11.066463466999267,6.706181049346924,0.11419884895239678,1.6503578502960359
14,48,303421,0,42140272,0.0008377889406793518,1186,1184,2,0,6.596327617000497,6.697052955627441,0.10871599815987251,1.6456079225282412
14,49,209704,0,42140273,0.0008377889406793518,820,818,2,0,4.726336034000269,6.693503379821777,0.21227462134326291,2.290512868419545
14,50,548954,1,42140274,0.0008377889406793518,2145,2143,2,0,11.715745511000023,6.708904266357422,0.09364320271714958,1.4362404485534297
14,51,554220,0,42140275,0.0008377889406793518,2165,2164,1,0,11.89592844299932,6.708352088928223,0.07066596942556103,1.0188537710475394
14,52,239391,0,42140276,0.0008377889406793518,936,934,2,0,5.300191485999676,6.694264888763428,0.09158360319934003,1.44571752772852
14,53,490494,0,42140277,0.0008377889406793518,1916,1913,3,0,11.119061821999821,6.705489158630371,0.07689645610675722,1.246016538772543
14,54,160756,1,42140278,0.0008377889406793518,628,627,1,0,3.579261160999522,6.694826126098633,0.09282594890685743,1.2628803648636862
14,55,166616,1,42140279,0.0008377889406793518,651,650,1,0,3.734408268000152,6.694218158721924,0.09040235666128306,1.393087627704327
14,56,349089,1,42140280,0.0008377889406793518,1364,1363,1,0,7.632268349999322,6.699900150299072,0.06530021729052986,0.9746905163816031
14,57,813153,1,42140281,0.0008377889406793518,3177,3176,1,0,17.590766395999708,6.721647262573242,0.04060113940491184,0.722503124016058
14,58,309917,0,42140282,0.0008377889406793518,1211,1209,2,0,6.752047613999821,6.697347164154053,0.14411146291728055,1.7401703612877377
14,59,355009,0,42140283,0.0008377889406793518,1387,1386,1,0,7.985097798999959,6.6993794441223145,0.07255020802155202,1.085942696355294
14,60,340859,1,42140284,0.0008377889406793518,1332,1330,2,0,7.631071805999454,6.69952917098999,0.1304760352113193,1.7333321707589286
14,61,436143,1,42140285,0.0008377889406793518,1704,1702,2,0,9.376539338999464,6.704222679138184,0.1168628876413778,1.5213798047793037
14,62,352452,0,42140286,0.0008377889406793518,1377,1376,1,0,7.545100196000021,6.699264049530029,0.0885126368944035,1.1666671398074129
14,63,241000,1,42140287,0.0008377889406793518,942,941,1,0,5.255073303000245,6.695031642913818,0.1176461879555908,1.3714393348166845
14,64,757931,1,42140288,0.0008377889406793518,2961,2960,1,0,16.523625636999896,6.7186198234558105,0.071387141459697,1.0744501887141047
14,65,667452,1,42140289,0.0008377889406793518,2608,2607,1,0,14.439768117999847,6.7147088050842285,0.04252704112612977,0.7693267225258918
14,66,373491,1,42140290,0.0008377889406793518,1459,1458,1,0,7.946424358000513,6.701327323913574,0.11060533144182956,1.420285574202675
14,67,255796,1,42140291,0.0008377889406793518,1000,999,1,0,5.6458938719997604,6.69569730758667,0.06950572398570445,0.8783844880036287
14,68,187780,1,42140292,0.0008377889406793518,734,733,1,0,4.103316980999807,6.69293212890625,0.1327848447458806,1.528955144739086
14,69,162407,0,42140293,0.0008377889406793518,635,633,2,0,3.656339738000497,6.691255569458008,0.129813123464961,1.5367708371902153
14,70,235355,0,42140294,0.0008377889406793518,920,919,1,0,5.111047884000072,6.694142818450928,0.09962223455617944,1.3492096910279516
14,71,323052,1,42140295,0.0008377889406793518,1262,1260,2,0,7.0874971740004185,6.698727130889893,0.0953255123562283,1.3193775964161707
14,72,98180,0,42140296,0.0008377889406793518,384,382,2,0,2.063593948999369,6.689414024353027,0.17821278996492557,1.6809852160708443
14,73,262450,1,42140297,0.0008377889406793518,1026,1024,2,0,5.795266185999935,6.695997714996338,0.10891976952552795,1.2176315784454346
14,74,603827,0,42140298,0.0008377889406793518,2359,2357,2,0,13.380958226000075,6.7105865478515625,0.09556637854205889,1.4136650593643934
14,75,236083,1,42140299,0.0008377889406793518,923,923,0,0,5.06554446500013,6.694809436798096,0.06781586536477731,0.939014967962825
14,76,441814,0,42140300,0.0008377889406793518,1726,1723,3,0,9.646739354000601,6.703657627105713,0.1506284601938842,1.6839622989063407
14,77,648680,1,42140301,0.0008377889406793518,2534,2532,2,0,14.302170228999785,6.714289665222168,0.03678455322651313,0.6047218166068079
14,78,881094,1,42140302,0.0008377889406793518,3442,3440,2,0,18.735512098000072,6.724201679229736,0.05918467322061228,1.1045014137445495
14,79,306166,1,42140303,0.0008377889406793518,1196,1194,2,0,6.522006637000231,6.698023796081543,0.12940857598130628,1.4930362669467128
14,80,661445,0,42140304,0.0008377889406793518,2584,2581,3,0,14.608769429999484,6.7131829261779785,0.073324907754383,1.1167010159882313
14,81,548725,0,42140305,0.0008377889406793518,2144,2142,2,0,11.877146709000044,6.708104133605957,0.0964041317210478,1.5341405930861929
14,82,313463,1,42140306,0.0008377889406793518,1225,1225,0,0,6.866763828999865,6.6982951164245605,0.08734287806919643,1.1033770129145408
14,83,449860,1,42140307,0.0008377889406793518,1758,1758,0,0,9.880756504000601,6.704637050628662,0.04389451930682949,0.675492947418942
14,84,381590,1,42140308,0.0008377889406793518,1491,1488,3,0,8.220526150000296,6.701448440551758,0.11615613711777553,1.449893582251764
14,85,323967,1,42140309,0.0008377889406793518,1266,1265,1,0,6.911808924999605,6.698768138885498,0.10795224155833127,1.223484784152668
14,86,360767,1,42140310,0.0008377889406793518,1410,1406,4,0,7.7695794290002596,6.701137542724609,0.07284918143433833,1.1895083431498934
14,87,461848,0,42140311,0.0008377889406793518,1805,1803,2,0,9.910005632999855,6.704411506652832,0.1300168241055489,1.7286067545843733
14,88,432222,0,42140312,0.0008377889406793518,1689,1688,1,0,9.382200453999758,6.703297138214111,0.10073271294905677,1.4149062893401956
14,89,296592,1,42140313,0.0008377889406793518,1159,1156,3,0,6.39459333800005,6.697807312011719,0.12156539969790765,1.5331314245309797
14,90,479627,1,42140314,0.0008377889406793518,1874,1872,2,0,10.663882345000275,6.706655979156494,0.08408386686928251,1.1711627927600827
14,91,587269,1,42140315,0.0008377889406793518,2295,2292,3,0,12.920766205999826,6.710631370544434,0.1235596688422025,1.5648373375804427
14,92,206676,0,42140316,0.0008377889406793518,808,807,1,0,4.5896091390004585,6.693434715270996,0.14070802520789769,1.7770077919280514
14,93,217421,1,42140317,0.0008377889406793518,850,848,2,0,4.822510642999987,6.694046497344971,0.10959295056900888,1.4004939817032724
14,94,885169,1,42140318,0.0008377889406793518,3458,3455,3,0,19.34209816600014,6.724354267120361,0.025761210418127036,0.5102730559198625
14,95,295224,0,42140319,0.0008377889406793518,1154,1152,2,0,6.245215637000001,6.696683883666992,0.09494174851311578,1.3536872863769531
14,96,547304,1,42140320,0.0008377889406793518,2138,2137,1,0,12.022900308999851,6.7088303565979,0.07033467772523544,0.9883052413576275
14,97,428994,1,42140321,0.0008377889406793518,1676,1674,2,0,9.164855359000285,6.70400857925415,0.0906255943088691,1.1760457356770833
14,98,276358,1,42140322,0.0008377889406793518,1080,1079,1,0,6.005881932999728,6.697348594665527,0.11118452409774314,1.4042795656785798
14,99,491272,1,42140323,0.0008377889406793518,1920,1918,2,0,10.725785988000098,6.7069220542907715,0.09954248454200339,1.4833279193007038
15,0,926214,1,42150231,0.0008136274519200731,3619,3617,2,0,19.981785998000305,6.725897789001465,0.05488354401065066,0.9692625805657312
15,1,209678,1,42150232,0.0008136274519200731,820,817,3,0,4.455866028998571,6.693755149841309,0.11023565546827188,1.477357077627754
15,2,509018,1,42150233,0.0008136274519200731,1989,1986,3,0,11.081805861000248,6.707324028015137,0.1325171740513674,1.6483461623945745
15,3,411880,0,42150234,0.0008136274519200731,1609,1608,1,0,8.89468650300023,6.702532768249512,0.1023750400068748,1.3813932048740671
15,4,457865,1,42150235,0.0008136274519200731,1789,1786,3,0,9.83254814600059,6.704878330230713,0.13458683402647764,1.7353158846147116
15,5,276084,0,42150236,0.0008136274519200731,1079,1077,2,0,6.033829461001005,6.695822715759277,0.11764585872214485,1.547557437652333
15,6,155981,0,42150237,0.0008136274519200731,610,608,2,0,3.393680727998799,6.69120979309082,0.11839177733973454,1.3691851967259456
15,7,438907,1,42150238,0.0008136274519200731,1715,1714,1,0,9.157398909000221,6.704305648803711,0.1018804418859849,1.499572397808489
15,8,563122,1,42150239,0.0008136274519200731,2200,2198,2,0,12.040920037999967,6.7095417976379395,0.07483819574524425,1.161683295183121
15,9,671047,0,42150240,0.0008136274519200731,2622,2620,2,0,14.754825689999961,6.713615894317627,0.056546550488653986,1.0089931342437977
15,10,559874,1,42150241,0.0008136274519200731,2188,2185,3,0,12.092213796000578,6.709397315979004,0.06471109281142734,1.084017336777746
15,11,277765,0,42150242,0.0008136274519200731,1086,1084,2,0,5.989464541999041,6.695899486541748,0.09011241870612675,1.2136945548532634
15,12,344014,0,42150243,0.0008136274519200731,1344,1341,3,0,7.240008689000206,6.698883533477783,0.10160016337941602,1.3946045285992263
15,13,872271,0,42150244,0.0008136274519200731,3408,3405,3,0,18.830833234000238,6.72271203994751,0.06584548390034187,1.0594750223705947
15,14,353613,1,42150245,0.0008136274519200731,1382,1380,2,0,7.6114861140003995,6.701031684875488,0.10204279802847599,1.3577565068783968
15,15,392479,0,42150246,0.0008136274519200731,1534,1534,0,0,8.327724878000481,6.701803207397461,0.08465398119512406,1.1397220457392845
15,16,509253,0,42150247,0.0008136274519200731,1990,1987,3,0,11.596402090999618,6.70632791519165,0.07673437678159993,1.220182037737481
15,17,384412,0,42150248,0.0008136274519200731,1502,1501,1,0,8.424045013999603,6.701499938964844,0.05885714963624511,0.9672414841928297
15,18,629973,0,42150249,0.0008136274519200731,2461,2459,2,0,13.539522588000182,6.712520122528076,0.05688714224810327,0.9670840058204555
15,19,621908,1,42150250,0.0008136274519200731,2430,2429,1,0,13.50261676899936,6.712190628051758,0.059293323703732886,0.9066848095280979
15,20,801121,0,42150251,0.0008136274519200731,3130,3127,3,0,17.44675305199962,6.719473838806152,0.038238235049099824,0.7570848407019507
15,21,384660,1,42150252,0.0008136274519200731,1503,1502,1,0,8.53216293800051,6.701502799987793,0.0669083119073657,1.0029069313831558
15,22,355766,1,42150253,0.0008136274519200731,1390,1389,1,0,7.2920619460001035,6.70106315612793,0.11863308625739628,1.5327782957050935
15,23,360226,0,42150254,0.0008136274519200731,1408,1405,3,0,7.644126179000523,6.699612617492676,0.06493021466129616,1.0743141472975979
15,24,338512,0,42150255,0.0008136274519200731,1323,1321,2,0,7.24286161999953,6.698635578155518,0.10167186428072957,1.4677556028517695
15,25,185941,0,42150256,0.0008136274519200731,727,727,0,0,3.9242844079999486,6.692964553833008,0.10495642618759134,1.2477819135789203
15,26,561149,0,42150257,0.0008136274519200731,2192,2189,3,0,12.033602124000026,6.7086639404296875,0.07861873928190312,1.1921286341151782
15,27,372819,0,42150258,0.0008136274519200731,1457,1457,0,0,8.404133482999896,6.701064586639404,0.07555231789488782,1.0731182739844287
15,28,107522,1,42150259,0.0008136274519200731,421,419,2,0,2.2829538109999703,6.689067363739014,0.13830602823407667,1.570988693783562
15,29,284527,1,42150260,0.0008136274519200731,1112,1111,1,0,6.2048294310006895,6.69753360748291,0.09084872186559476,1.2936975460241336
15,30,1333839,0,42150261,0.0008136274519200731,5211,5209,2,0,28.776782068999637,6.743468761444092,0.04631950274427373,0.7826107476992945
15,31,427651,1,42150262,0.0008136274519200731,1671,1669,2,0,9.261824230999991,6.703967571258545,0.09350582280510411,1.3619691221352606
15,32,648608,0,42150263,0.0008136274519200731,2534,2533,1,0,14.27700136400017,6.712804317474365,0.02536891149618011,0.4947460127874556
15,33,428065,0,42150264,0.0008136274519200731,1673,1670,3,0,9.318231641999773,6.703141689300537,0.09908958023893619,1.7150962235684881
15,34,375085,0,42150265,0.0008136274519200731,1466,1465,1,0,7.944960007000191,6.7011494636535645,0.10738887851962457,1.5127173101535836
15,35,882461,0,42150266,0.0008136274519200731,3448,3447,1,0,18.827134494999882,6.723137378692627,0.03791214578007144,0.6971879986219901
15,36,569144,0,42150267,0.0008136274519200731,2224,2223,1,0,12.074240248999558,6.709024429321289,0.03801378944249396,0.5824557230164755
15,37,314555,0,42150268,0.0008136274519200731,1229,1227,2,0,6.618361716000436,6.697554588317871,0.10453194491534866,1.4472194631214343
15,38,436745,0,42150269,0.0008136274519200731,1707,1704,3,0,9.140326015000028,6.703468322753906,0.0820169404079097,1.2465687066736355
15,39,261664,0,42150270,0.0008136274519200731,1023,1021,2,0,5.749893725998845,6.6951727867126465,0.10959085731618434,1.3348924298711435
15,40,638454,1,42150271,0.0008136274519200731,2494,2493,1,0,13.830430431999957,6.712934970855713,0.04529380262782667,0.7714616061691486
15,41,398139,1,42150272,0.0008136274519200731,1556,1555,1,0,8.289847718000601,6.70307731628418,0.10066768732101587,1.3395030521503215
15,42,242816,0,42150273,0.0008136274519200731,949,948,1,0,5.132048012999803,6.694367408752441,0.10666633960063951,1.5044152626005407
15,43,323428,0,42150274,0.0008136274519200731,1264,1263,1,0,6.766096718999506,6.697955131530762,0.12236559362705983,1.5265565269633314
15,44,451037,0,42150275,0.0008136274519200731,1762,1761,1,0,9.544512522000332,6.704004764556885,0.06163797373124512,0.9384925751304302
15,45,265076,0,42150276,0.0008136274519200731,1036,1035,1,0,5.665940659000626,6.695326805114746,0.08293788006916138,1.1976688698294082
15,46,266508,1,42150277,0.0008136274519200731,1042,1040,2,0,5.71531600399976,6.697124481201172,0.11219664353590746,1.328674081655649
15,47,506010,0,42150278,0.0008136274519200731,1977,1975,2,0,10.665620091999699,6.706181049346924,0.11012309786639636,1.6630601018591773
15,48,303421,0,42150279,0.0008136274519200731,1186,1184,2,0,6.420610186998601,6.697052955627441,0.10728608595358359,1.6093652055070207
15,49,209704,0,42150280,0.0008136274519200731,820,818,2,0,4.327167973000542,6.693503379821777,0.20229707079003667,2.251006259311965
15,50,548954,1,42150281,0.0008136274519200731,2145,2143,2,0,11.627734575999966,6.708904266357422,0.0906339388165138,1.4045266611132174
15,51,554220,0,42150282,0.0008136274519200731,2165,2164,1,0,12.0770073650001,6.708352088928223,0.06851759679656813,1.0226135818001965
15,52,239391,0,42150283,0.0008136274519200731,936,935,1,0,4.936302231000809,6.694264888763428,0.08941840513504763,1.4114392285678476
15,53,490494,0,42150284,0.0008136274519200731,1916,1913,3,0,10.6208682890001,6.705489158630371,0.07347509740100627,1.2528972715466544
15,54,160756,1,42150285,0.0008136274519200731,628,626,2,0,3.5409640110010514,6.694826126098633,0.09041402895991414,1.2597795675356929
15,55,166616,1,42150286,0.0008136274519200731,651,649,2,0,3.5104664520004007,6.694218158721924,0.08816676441069193,1.3578586196311633
15,56,349089,1,42150287,0.0008136274519200731,1364,1363,1,0,7.499838865000129,6.699900150299072,0.06173223550059038,0.9597986547367938
15,57,813153,1,42150288,0.0008136274519200731,3177,3175,2,0,17.766594007000094,6.721647262573242,0.03975563830278051,0.7135423074557087
15,58,309917,0,42150289,0.0008136274519200731,1211,1210,1,0,6.689136367000174,6.697347164154053,0.14046789752550362,1.7377715812241736
15,59,355009,0,42150290,0.0008136274519200731,1387,1386,1,0,7.487597136999284,6.6993794441223145,0.07048039071659677,1.074437084996167
15,60,340859,1,42150291,0.0008136274519200731,1332,1331,1,0,7.304919418999816,6.69952917098999,0.12535418503988424,1.7250141972083959
15,61,436143,1,42150292,0.0008136274519200731,1704,1702,2,0,9.103877597000064,6.704222679138184,0.11325403161951013,1.5262759575132196
15,62,352452,0,42150293,0.0008136274519200731,1377,1376,1,0,7.508332307999808,6.699264049530029,0.08667811682057935,1.1594540795614554
15,63,241000,1,42150294,0.0008136274519200731,942,942,0,0,5.016138031000082,6.695031642913818,0.11670575475996467,1.3542185011942676
15,64,757931,1,42150295,0.0008136274519200731,2961,2959,2,0,16.72985178699946,6.7186198234558105,0.06896082603194174,1.070861919541019
15,65,667452,1,42150296,0.0008136274519200731,2608,2607,1,0,14.59063048600001,6.7147088050842285,0.04239380620291373,0.7778555369258247
15,66,373491,1,42150297,0.0008136274519200731,1459,1457,2,0,8.219474528999854,6.701327323913574,0.10622814966540838,1.4121370230460706
15,67,255796,1,42150298,0.0008136274519200731,1000,999,1,0,5.663432285999079,6.69569730758667,0.06836837906021255,0.8780824281312563
15,68,187780,1,42150299,0.0008136274519200731,734,732,2,0,4.120835691999673,6.69293212890625,0.13016391191326204,1.5023380133623634
15,69,162407,0,42150300,0.0008136274519200731,635,633,2,0,3.4369677639988367,6.691255569458008,0.12875964027633788,1.5739311230314474
15,70,235355,0,42150301,0.0008136274519200731,920,918,2,0,4.952275028999793,6.694142818450928,0.09633118706331274,1.3323691374336193
15,71,323052,1,42150302,0.0008136274519200731,1262,1259,3,0,6.879787750000105,6.698727130889893,0.09181031582372542,1.3398703165334591
15,72,98180,0,42150303,0.0008136274519200731,384,383,1,0,2.066566612000315,6.689414024353027,0.1738539215167571,1.6432350098931137
15,73,262450,1,42150304,0.0008136274519200731,1026,1025,1,0,5.583404906001306,6.695997714996338,0.10558669671779726,1.209600204839939
15,74,603827,0,42150305,0.0008136274519200731,2359,2357,2,0,12.745311481000499,6.7105865478515625,0.09300097278179027,1.4156001612550382
15,75,236083,1,42150306,0.0008136274519200731,923,922,1,0,5.047527069998978,6.694809436798096,0.06590436078979757,0.9103450485527386
15,76,441814,0,42150307,0.0008136274519200731,1726,1724,2,0,9.378369490000296,6.703657627105713,0.14626735324372825,1.6483215190418359
15,77,648680,1,42150308,0.0008136274519200731,2534,2532,2,0,13.89847613799975,6.714289665222168,0.035937187230982486,0.6046820907231191
15,78,881094,1,42150309,0.0008136274519200731,3442,3440,2,0,18.962133594999614,6.724201679229736,0.057086665131324946,1.098492289698401
15,79,306166,1,42150310,0.0008136274519200731,1196,1195,1,0,6.3901320550012315,6.698023796081543,0.1259209285720123,1.4896279051712866
15,80,661445,0,42150311,0.0008136274519200731,2584,2582,2,0,14.251287929000682,6.7131829261779785,0.07171644451634815,1.1235081135626452
15,81,548725,0,42150312,0.0008136274519200731,2144,2141,3,0,11.685143229999994,6.708104133605957,0.0920613986874562,1.50782253473844
15,82,313463,1,42150313,0.0008136274519200731,1225,1224,1,0,6.798055838999062,6.6982951164245605,0.08610241709191815,1.0984175937627656
15,83,449860,1,42150314,0.0008136274519200731,1758,1758,0,0,9.653497733999757,6.704637050628662,0.042844032400432844,0.6811243606237557
15,84,381590,1,42150315,0.0008136274519200731,1491,1487,4,0,8.199105898000198,6.701448440551758,0.11342516695803737,1.445629866394166
15,85,323967,1,42150316,0.0008136274519200731,1266,1265,1,0,6.6284869940000135,6.698768138885498,0.10438062343672802,1.2199750455471838
15,86,360767,1,42150317,0.0008136274519200731,1410,1407,3,0,7.921855712999786,6.701137542724609,0.07218870204987896,1.1815192487617714
15,87,461848,0,42150318,0.0008136274519200731,1805,1802,3,0,9.976404811000066,6.704411506652832,0.12419641560375624,1.6977652868340734
15,88,432222,0,42150319,0.0008136274519200731,1689,1688,1,0,9.280205469000066,6.703297138214111,0.09916189835534842,1.4558937108912173
15,89,296592,1,42150320,0.0008136274519200731,1159,1157,2,0,6.348585290999836,6.697807312011719,0.11736606871556288,1.527728846491465
15,90,479627,1,42150321,0.0008136274519200731,1874,1872,2,0,10.360513249000178,6.706655979156494,0.08226355528220153,1.1628931811732104
15,91,587269,1,42150322,0.0008136274519200731,2295,2292,3,0,12.31124970699966,6.710631370544434,0.1189603822185523,1.5392187627822316
15,92,206676,0,42150323,0.0008136274519200731,808,807,1,0,4.543752036999649,6.693434715270996,0.13596041465485112,1.7533623034773853
15,93,217421,1,42150324,0.0008136274519200731,850,848,2,0,4.548574129001281,6.694046497344971,0.10736397077452461,1.3879296644678656
15,94,885169,1,42150325,0.0008136274519200731,3458,3457,1,0,18.873942281999916,6.724354267120361,0.024688950224973784,0.5063642524452199
15,95,295224,0,42150326,0.0008136274519200731,1154,1152,2,0,6.201413762999437,6.696683883666992,0.09252355496088664,1.322036001417372
15,96,547304,1,42150327,0.0008136274519200731,2138,2137,1,0,12.24929567900017,6.7088303565979,0.06848147387364004,0.9944210953951217
15,97,428994,1,42150328,0.0008136274519200731,1676,1674,2,0,9.48679141699995,6.70400857925415,0.08792780576498563,1.1953102394386574
15,98,276358,1,42150329,0.0008136274519200731,1080,1079,1,0,6.004614887000571,6.697348594665527,0.11006498292599484,1.3869269143883225
15,99,491272,1,42150330,0.0008136274519200731,1920,1917,3,0,10.52885793600035,6.7069220542907715,0.09793301752972988,1.4325987209425535
16,0,926214,1,42160238,0.000788197746760474,3619,3616,3,0,19.935493109000163,6.725897789001465,0.05384602166910087,0.975438750950636
16,1,209678,1,42160239,0.000788197746760474,820,816,4,0,4.917690996999227,6.693755149841309,0.10700013590793983,1.503184898226869
16,2,509018,1,42160240,0.000788197746760474,1989,1986,3,0,11.193547648001186,6.707324028015137,0.12951793843525775,1.6232302877958207
16,3,411880,0,42160241,0.000788197746760474,1609,1608,1,0,8.678445134999492,6.702532768249512,0.09941974089513371,1.376342621608753
16,4,457865,1,42160242,0.000788197746760474,1789,1787,2,0,9.938113545000306,6.704878330230713,0.13371255508533855,1.7363878281075127
16,5,276084,0,42160243,0.000788197746760474,1079,1077,2,0,6.788197923999178,6.695822715759277,0.11401287139070843,1.532645024518338
16,6,155981,0,42160244,0.000788197746760474,610,608,2,0,3.692456124999808,6.69120979309082,0.11621531687284771,1.359352011429636
16,7,438907,1,42160245,0.000788197746760474,1715,1714,1,0,9.465282089000539,6.704305648803711,0.0991290347300722,1.494903528843349
16,8,563122,1,42160246,0.000788197746760474,2200,2199,1,0,12.119120679999469,6.7095417976379395,0.07285427147282855,1.1575672935496248
16,9,671047,0,42160247,0.000788197746760474,2622,2620,2,0,14.065890361998754,6.713615894317627,0.05475178492888239,1.0158849818105915
16,10,559874,1,42160248,0.000788197746760474,2188,2185,3,0,11.994741424001404,6.709397315979004,0.06335347959051416,1.100154529283467
16,11,277765,0,42160249,0.000788197746760474,1086,1085,1,0,6.697138359000746,6.695899486541748,0.08727857879779306,1.205293688796083
16,12,344014,0,42160250,0.000788197746760474,1344,1341,3,0,7.73900456299998,6.698883533477783,0.10056826643406856,1.3783176544439784
16,13,872271,0,42160251,0.000788197746760474,3408,3405,3,0,18.500188834001165,6.72271203994751,0.06474857190281984,1.0817533383810574
16,14,353613,1,42160252,0.000788197746760474,1382,1380,2,0,7.564154784000493,6.701031684875488,0.09967698912689651,1.3399987262228261
16,15,392479,0,42160253,0.000788197746760474,1534,1532,2,0,8.36091151599976,6.701803207397461,0.08293570675364362,1.1175932323963773
16,16,509253,0,42160254,0.000788197746760474,1990,1988,2,0,11.219225099999676,6.70632791519165,0.0760201851366991,1.2076637068504779
16,17,384412,0,42160255,0.000788197746760474,1502,1501,1,0,8.224730108000585,6.701499938964844,0.05603850769408936,0.9692460885451366
16,18,629973,0,42160256,0.000788197746760474,2461,2460,1,0,13.441913089000082,6.712520122528076,0.0560764529840733,0.9388330475101626
16,19,621908,1,42160257,0.000788197746760474,2430,2429,1,0,13.190889855000933,6.712190628051758,0.057750722320544075,0.8921814090482194
16,20,801121,0,42160258,0.000788197746760474,3130,3127,3,0,17.188505286998407,6.719473838806152,0.03696526800972378,0.7812342288435401
16,21,384660,1,42160259,0.000788197746760474,1503,1501,2,0,8.143659094001123,6.701502799987793,0.06474240155000832,0.9994464953052132
16,22,355766,1,42160260,0.000788197746760474,1390,1388,2,0,7.75817508199907,6.70106315612793,0.1159181402464765,1.5201408979872117
16,23,360226,0,42160261,0.000788197746760474,1408,1405,3,0,7.827217037000082,6.699612617492676,0.06508955768843139,1.0854847538089414
16,24,338512,0,42160262,0.000788197746760474,1323,1321,2,0,7.295560092999949,6.698635578155518,0.09885730497950772,1.4524933947116294
16,25,185941,0,42160263,0.000788197746760474,727,727,0,0,4.440305231000821,6.692964553833008,0.10380778778370013,1.2573571290405776
16,26,561149,0,42160264,0.000788197746760474,2192,2189,3,0,11.932672369001011,6.7086639404296875,0.07665193783414587,1.2131007487722705
16,27,372819,0,42160265,0.000788197746760474,1457,1456,1,0,8.087095849999969,6.701064586639404,0.07369667619139283,1.0804872617616759
16,28,107522,1,42160266,0.000788197746760474,421,419,2,0,2.631767527000193,6.689067363739014,0.13594455764515587,1.5315681402893795
16,29,284527,1,42160267,0.000788197746760474,1112,1111,1,0,6.8438586899992515,6.69753360748291,0.08864873685244501,1.270763489923211
16,30,1333839,0,42160268,0.000788197746760474,5211,5209,2,0,28.555291616999966,6.743468761444092,0.04576865723687368,0.7778557000953877
16,31,427651,1,42160269,0.000788197746760474,1671,1669,2,0,9.025280120000389,6.703967571258545,0.09106971004753502,1.3377532684710156
16,32,648608,0,42160270,0.000788197746760474,2534,2532,2,0,13.904144308999093,6.712804317474365,0.025163462188383227,0.49311233207136157
16,33,428065,0,42160271,0.000788197746760474,1673,1669,4,0,9.061315652001213,6.703141689300537,0.0971850194639614,1.7162487654003145
16,34,375085,0,42160272,0.000788197746760474,1466,1465,1,0,8.204221628999221,6.7011494636535645,0.10497541720549808,1.4962369013971843
16,35,882461,0,42160273,0.000788197746760474,3448,3446,2,0,18.838064219000444,6.723137378692627,0.03686410967029255,0.6891422459917296
16,36,569144,0,42160274,0.000788197746760474,2224,2223,1,0,12.053871497000728,6.709024429321289,0.037159963068101945,0.585358613254892
16,37,314555,0,42160275,0.000788197746760474,1229,1227,2,0,7.050222105999637,6.697554588317871,0.10048353448570892,1.4584377944809495
16,38,436745,0,42160276,0.000788197746760474,1707,1704,3,0,9.55703193699992,6.703468322753906,0.08027500277953528,1.2223449133931192
16,39,261664,0,42160277,0.000788197746760474,1023,1021,2,0,6.416902983000909,6.6951727867126465,0.10679863342225376,1.3184129376836435
16,40,638454,1,42160278,0.000788197746760474,2494,2493,1,0,13.577599215999726,6.712934970855713,0.044025529784176946,0.7801261990604944
16,41,398139,1,42160279,0.000788197746760474,1556,1555,1,0,8.598395050999898,6.70307731628418,0.09778591536248996,1.3574504496583601
16,42,242816,0,42160280,0.000788197746760474,949,947,2,0,5.865800616998968,6.694367408752441,0.10475824954265527,1.505813485843453
16,43,323428,0,42160281,0.000788197746760474,1264,1263,1,0,7.561375068999041,6.697955131530762,0.11967725595216004,1.5232268972993368
16,44,451037,0,42160282,0.000788197746760474,1762,1760,2,0,9.924215869001273,6.704004764556885,0.06029650948264382,0.9567681746049361
16,45,265076,0,42160283,0.000788197746760474,1036,1035,1,0,6.464156735999495,6.695326805114746,0.0815792581309443,1.1800173846995774
16,46,266508,1,42160284,0.000788197746760474,1042,1041,1,0,6.415286872999786,6.697124481201172,0.11019436472545555,1.3306020540646013
16,47,506010,0,42160285,0.000788197746760474,1977,1974,3,0,11.06544458099961,6.706181049346924,0.10779408432671606,1.6493337953948202
16,48,303421,0,42160286,0.000788197746760474,1186,1184,2,0,7.150045337999472,6.697052955627441,0.10302705378145785,1.5658522940970756
16,49,209704,0,42160287,0.000788197746760474,820,818,2,0,5.110236324999278,6.693503379821777,0.19944052474714433,2.209527572967604
16,50,548954,1,42160288,0.000788197746760474,2145,2142,3,0,11.740076289001081,6.708904266357422,0.08850239416241758,1.4352465432787698
16,51,554220,0,42160289,0.000788197746760474,2165,2164,1,0,11.794869814000776,6.708352088928223,0.06775292274912272,1.0107601257437038
16,52,239391,0,42160290,0.000788197746760474,936,934,2,0,6.01889511599984,6.694264888763428,0.08474033853992405,1.4350341535482467
16,53,490494,0,42160291,0.000788197746760474,1916,1914,2,0,10.437939551000454,6.705489158630371,0.07122270988695549,1.221881990024164
16,54,160756,1,42160292,0.000788197746760474,628,626,2,0,3.808365164000861,6.694826126098633,0.08852727725482977,1.2841967500436802
16,55,166616,1,42160293,0.000788197746760474,651,649,2,0,3.955666862999351,6.694218158721924,0.08592038970147883,1.37258304543047
16,56,349089,1,42160294,0.000788197746760474,1364,1363,1,0,7.755864134000149,6.699900150299072,0.06186783497419238,0.9680955849057685
16,57,813153,1,42160295,0.000788197746760474,3177,3176,1,0,17.395113926000704,6.721647262573242,0.03894643759547313,0.711709663909989
16,58,309917,0,42160296,0.000788197746760474,1211,1209,2,0,7.136167692000527,6.697347164154053,0.13427315357798283,1.7490704885881927
16,59,355009,0,42160297,0.000788197746760474,1387,1385,2,0,7.759850758999164,6.6993794441223145,0.06873817306132954,1.0268636655291066
16,60,340859,1,42160298,0.000788197746760474,1332,1330,2,0,7.419968317000894,6.69952917098999,0.12146833606232378,1.7410431596569549
16,61,436143,1,42160299,0.000788197746760474,1704,1703,1,0,9.312671411998963,6.704222679138184,0.11083446778203905,1.5220754447574134
16,62,352452,0,42160300,0.000788197746760474,1377,1376,1,0,7.51602351800102,6.699264049530029,0.0843274759691815,1.1704541583393895
16,63,241000,1,42160301,0.000788197746760474,942,941,1,0,6.018387563999568,6.695031642913818,0.11406972076383584,1.3152924394759564
16,64,757931,1,42160302,0.000788197746760474,2961,2959,2,0,16.287238835999233,6.7186198234558105,0.06838067232978308,1.0755233635729977
16,65,667452,1,42160303,0.000788197746760474,2608,2606,2,0,14.119315973000994,6.7147088050842285,0.04115192650467821,0.7689065179363728
16,66,373491,1,42160304,0.000788197746760474,1459,1458,1,0,8.123477346000072,6.701327323913574,0.10390191935053905,1.4090279787165638
16,67,255796,1,42160305,0.000788197746760474,1000,999,1,0,6.167869250999502,6.69569730758667,0.06606045284786739,0.8613423604268331
16,68,187780,1,42160306,0.000788197746760474,734,733,1,0,4.447171919999164,6.69293212890625,0.12811903803930763,1.5099741270890177
16,69,162407,0,42160307,0.000788197746760474,635,633,2,0,3.876374403000227,6.691255569458008,0.1236819588177577,1.5809492982017674
16,70,235355,0,42160308,0.000788197746760474,920,918,2,0,5.731854284998917,6.694142818450928,0.0952121344007438,1.3385023063044663
16,71,323052,1,42160309,0.000788197746760474,1262,1260,2,0,7.182733567000469,6.698727130889893,0.09155844431074839,1.3152783590649801
16,72,98180,0,42160310,0.000788197746760474,384,382,2,0,2.417418175000421,6.689414024353027,0.16796501519168236,1.6164512434554974
16,73,262450,1,42160311,0.000788197746760474,1026,1024,2,0,6.3621064010003465,6.695997714996338,0.10393084585666656,1.224811315536499
16,74,603827,0,42160312,0.000788197746760474,2359,2357,2,0,12.728119138999318,6.7105865478515625,0.09038014466549109,1.4068813267328701
16,75,236083,1,42160313,0.000788197746760474,923,922,1,0,5.740630603999307,6.694809436798096,0.06495320202213048,0.9299798332429501
16,76,441814,0,42160314,0.000788197746760474,1726,1724,2,0,9.396494234000784,6.703657627105713,0.1414160142088711,1.6538612737456497
16,77,648680,1,42160315,0.000788197746760474,2534,2532,2,0,14.24154394099969,6.714289665222168,0.035217414723376715,0.5911123748827508
16,78,881094,1,42160316,0.000788197746760474,3442,3439,3,0,18.675627093000003,6.724201679229736,0.05550325731442189,1.0807969874509304
16,79,306166,1,42160317,0.000788197746760474,1196,1195,1,0,7.2975339259992325,6.698023796081543,0.12248918222084205,1.5002841837735357
16,80,661445,0,42160318,0.000788197746760474,2584,2582,2,0,14.33139466800094,6.7131829261779785,0.07037635407274218,1.1171912821940357
16,81,548725,0,42160319,0.000788197746760474,2144,2142,2,0,11.675842839000325,6.708104133605957,0.09136698604409212,1.5445410748934991
16,82,313463,1,42160320,0.000788197746760474,1225,1225,0,0,7.116737717000433,6.6982951164245605,0.08381196313974809,1.1062995256696428
16,83,449860,1,42160321,0.000788197746760474,1758,1757,1,0,9.958117374000722,6.704637050628662,0.041832057060541314,0.6941015930696856
16,84,381590,1,42160322,0.000788197746760474,1491,1488,3,0,8.377566209001088,6.701448440551758,0.11109607450423702,1.451123309391801
16,85,323967,1,42160323,0.000788197746760474,1266,1264,2,0,7.610333548000199,6.698768138885498,0.10316818575315838,1.1971663462964794
16,86,360767,1,42160324,0.000788197746760474,1410,1406,4,0,7.831682747999366,6.701137542724609,0.06977611449500745,1.1775708042540896
16,87,461848,0,42160325,0.000788197746760474,1805,1803,2,0,10.025381972000105,6.704411506652832,0.12128438753878085,1.7112523236012895
16,88,432222,0,42160326,0.000788197746760474,1689,1688,1,0,9.097054967998702,6.703297138214111,0.0951084390070766,1.4139336319331308
16,89,296592,1,42160327,0.000788197746760474,1159,1156,3,0,7.007982791999893,6.697807312011719,0.11441978533787711,1.5412978861983673
16,90,479627,1,42160328,0.000788197746760474,1874,1873,1,0,10.328328490000786,6.706655979156494,0.07924670429708355,1.1375637920031367
16,91,587269,1,42160329,0.000788197746760474,2295,2293,2,0,12.46699831999831,6.710631370544434,0.11736589407640101,1.5005240558902093
16,92,206676,0,42160330,0.000788197746760474,808,807,1,0,4.819251083001291,6.693434715270996,0.1294708819194354,1.7610283796081165
16,93,217421,1,42160331,0.000788197746760474,850,848,2,0,5.305589878000319,6.694046497344971,0.10283748158868754,1.3627938324550413
16,94,885169,1,42160332,0.000788197746760474,3458,3457,1,0,19.072661732001507,6.724354267120361,0.024033998594761307,0.503433717479932
16,95,295224,0,42160333,0.000788197746760474,1154,1152,2,0,7.023311675999139,6.696683883666992,0.09050900406307644,1.3340692520141602
16,96,547304,1,42160334,0.000788197746760474,2138,2137,1,0,11.997856056999808,6.7088303565979,0.06736514743488974,0.984684488513395
16,97,428994,1,42160335,0.000788197746760474,1676,1674,2,0,9.145722843999465,6.70400857925415,0.0870393231208464,1.1565465710638814
16,98,276358,1,42160336,0.000788197746760474,1080,1079,1,0,6.779421474000628,6.697348594665527,0.1064821937992354,1.3607729822535333
16,99,491272,1,42160337,0.000788197746760474,1920,1917,3,0,10.456760876000772,6.7069220542907715,0.09562929856882907,1.4535250238409625
17,0,926214,1,42170245,0.00076160432131371,3619,3615,4,0,21.824180179000905,6.725897789001465,0.053295856227848375,0.969838738870159
17,1,209678,1,42170246,0.00076160432131371,820,816,4,0,5.08093230600025,6.693755149841309,0.10380886115279853,1.5067274804208792
17,2,509018,1,42170247,0.00076160432131371,1989,1987,2,0,12.15442393199919,6.707324028015137,0.12754787988379546,1.6023043827849774
17,3,411880,0,42170248,0.00076160432131371,1609,1608,1,0,9.406696829999419,6.702532768249512,0.09733335770184721,1.3678235106207246
17,4,457865,1,42170249,0.00076160432131371,1789,1787,2,0,10.859728318000634,6.704878330230713,0.12992744467147715,1.7418204010300085
17,5,276084,0,42170250,0.00076160432131371,1079,1077,2,0,6.536988256999393,6.695822715759277,0.11272206567677504,1.5288830600409122
17,6,155981,0,42170251,0.00076160432131371,610,608,2,0,3.876484881999204,6.69120979309082,0.11412206449006733,1.368693602712531
17,7,438907,1,42170252,0.00076160432131371,1715,1713,2,0,10.19807153200054,6.704305648803711,0.09603185258409953,1.4831947731957822
17,8,563122,1,42170253,0.00076160432131371,2200,2198,2,0,13.095858058000886,6.7095417976379395,0.07069176907318088,1.1588084782330528
17,9,671047,0,42170254,0.00076160432131371,2622,2620,2,0,14.999815117000253,6.713615894317627,0.05397101249403626,0.9994974616829676
17,10,559874,1,42170255,0.00076160432131371,2188,2185,3,0,13.03947899099876,6.709397315979004,0.06195797429204806,1.0961309577016591
17,11,277765,0,42170256,0.00076160432131371,1086,1084,2,0,6.356237227999372,6.695899486541748,0.08578786814784652,1.2220059215362662
17,12,344014,0,42170257,0.00076160432131371,1344,1341,3,0,8.4711562149987,6.698883533477783,0.10002805295939947,1.377046612107336
17,13,872271,0,42170258,0.00076160432131371,3408,3404,4,0,20.42410184899927,6.72271203994751,0.06317273598300024,1.0738653772446018
17,14,353613,1,42170259,0.00076160432131371,1382,1380,2,0,8.295444679000866,6.701031684875488,0.09734937142634738,1.3445460222769474
17,15,392479,0,42170260,0.00076160432131371,1534,1533,1,0,9.797022761000335,6.701803207397461,0.08257805313538354,1.1361958304030089
17,16,509253,0,42170261,0.00076160432131371,1990,1988,2,0,12.076485904999572,6.70632791519165,0.07501907655650701,1.2075196540571553
17,17,384412,0,42170262,0.00076160432131371,1502,1501,1,0,9.125960594999924,6.701499938964844,0.05556228302225599,0.9640787164026066
17,18,629973,0,42170263,0.00076160432131371,2461,2460,1,0,14.303039768999952,6.712520122528076,0.054642511383304754,0.956492751206809
17,19,621908,1,42170264,0.00076160432131371,2430,2429,1,0,14.369772926000223,6.712190628051758,0.05652156372824143,0.896571417314224
17,20,801121,0,42170265,0.00076160432131371,3130,3126,4,0,18.07289663800111,6.719473838806152,0.03580872919493887,0.7800352324756078
17,21,384660,1,42170266,0.00076160432131371,1503,1502,1,0,9.088253980000445,6.701502799987793,0.06425834178289624,1.0001324731087717
17,22,355766,1,42170267,0.00076160432131371,1390,1389,1,0,8.500164237000718,6.70106315612793,0.11367207932935677,1.5157424124820014
17,23,360226,0,42170268,0.00076160432131371,1408,1405,3,0,8.192384796000624,6.699612617492676,0.06267848982081295,1.0828798341581405
17,24,338512,0,42170269,0.00076160432131371,1323,1320,3,0,8.038998415000606,6.698635578155518,0.09475013848507043,1.4771342884410512
17,25,185941,0,42170270,0.00076160432131371,727,727,0,0,4.675108082999941,6.692964553833008,0.10111939693907432,1.243696252122378
17,26,561149,0,42170271,0.00076160432131371,2192,2189,3,0,13.327703569999358,6.7086639404296875,0.07525638948024926,1.2111511927535403
17,27,372819,0,42170272,0.00076160432131371,1457,1456,1,0,8.879594213998644,6.701064586639404,0.07189469809060568,1.06977290897579
17,28,107522,1,42170273,0.00076160432131371,421,419,2,0,2.458413885999107,6.689067363739014,0.13060246105694828,1.490539113775358
17,29,284527,1,42170274,0.00076160432131371,1112,1111,1,0,6.5902739810007915,6.69753360748291,0.08469135411465951,1.2732490656292192
17,30,1333839,0,42170275,0.00076160432131371,5211,5208,3,0,31.478072437001174,6.743468761444092,0.04507619151688208,0.7841122300577237
17,31,427651,1,42170276,0.00076160432131371,1671,1669,2,0,9.892696234999676,6.703967571258545,0.0883223966183671,1.331033623239964
17,32,648608,0,42170277,0.00076160432131371,2534,2532,2,0,15.383646696000142,6.712804317474365,0.025134238774930883,0.4900702164636404
17,33,428065,0,42170278,0.00076160432131371,1673,1670,3,0,10.356952059000832,6.703141689300537,0.09420388958411302,1.6542101831493263
17,34,375085,0,42170279,0.00076160432131371,1466,1464,2,0,8.616346347000217,6.7011494636535645,0.1026587668663817,1.5310173660028177
17,35,882461,0,42170280,0.00076160432131371,3448,3446,2,0,21.475313696999365,6.723137378692627,0.036044379271398225,0.6900221724463146
17,36,569144,0,42170281,0.00076160432131371,2224,2223,1,0,13.043560160000197,6.709024429321289,0.03681503412587333,0.5737804390533626
17,37,314555,0,42170282,0.00076160432131371,1229,1227,2,0,7.605763907999062,6.697554588317871,0.09866461097076838,1.4738960545919926
17,38,436745,0,42170283,0.00076160432131371,1707,1703,4,0,9.98678416599978,6.703468322753906,0.07859957253169958,1.2612734764936877
17,39,261664,0,42170284,0.00076160432131371,1023,1021,2,0,6.235060128999976,6.6951727867126465,0.10633909130189842,1.3268293330298115
17,40,638454,1,42170285,0.00076160432131371,2494,2492,2,0,14.945167961001061,6.712934970855713,0.04293587808624317,0.7732300490475772
17,41,398139,1,42170286,0.00076160432131371,1556,1555,1,0,9.897450476999438,6.70307731628418,0.0949097955341891,1.3390632850180868
17,42,242816,0,42170287,0.00076160432131371,949,947,2,0,5.5972285230000125,6.694367408752441,0.10248202330962909,1.494103501187962
17,43,323428,0,42170288,0.00076160432131371,1264,1263,1,0,7.828650171000845,6.697955131530762,0.11682335497930894,1.531682320275386
17,44,451037,0,42170289,0.00076160432131371,1762,1760,2,0,10.450794236001457,6.704004764556885,0.059129589254205875,0.959452958540483
17,45,265076,0,42170290,0.00076160432131371,1036,1035,1,0,6.1038132710000355,6.695326805114746,0.07994094332635114,1.2041457908740942
17,46,266508,1,42170291,0.00076160432131371,1042,1041,1,0,6.288801044998763,6.697124481201172,0.10903122285372013,1.3442412128137007
17,47,506010,0,42170292,0.00076160432131371,1977,1975,2,0,12.09860220200062,6.706181049346924,0.1038130361822587,1.6678717118275317
17,48,303421,0,42170293,0.00076160432131371,1186,1185,1,0,7.011178995999217,6.697052955627441,0.10328561002192115,1.5769121258570675
17,49,209704,0,42170294,0.00076160432131371,820,817,3,0,4.9579558210007235,6.693503379821777,0.1966703828136953,2.1804060264783507
17,50,548954,1,42170295,0.00076160432131371,2145,2142,3,0,13.333724827998594,6.708904266357422,0.08601327392122214,1.3717651937076913
17,51,554220,0,42170296,0.00076160432131371,2165,2164,1,0,13.102436266999575,6.708352088928223,0.06529421286309713,1.0019593300528535
17,52,239391,0,42170297,0.00076160432131371,936,934,2,0,5.658750591999706,6.694264888763428,0.08337377021348451,1.4225699120466408
17,53,490494,0,42170298,0.00076160432131371,1916,1914,2,0,11.291221989000405,6.705489158630371,0.06942508263024916,1.2289748236677116
17,54,160756,1,42170299,0.00076160432131371,628,627,1,0,3.985907787000542,6.694826126098633,0.08470838872249427,1.2457850698078647
17,55,166616,1,42170300,0.00076160432131371,651,649,2,0,4.114133940000102,6.694218158721924,0.08711582413072395,1.36391605324297
17,56,349089,1,42170301,0.00076160432131371,1364,1363,1,0,8.467040424000515,6.699900150299072,0.059209699063990276,0.9435396593279989
17,57,813153,1,42170302,0.00076160432131371,3177,3175,2,0,18.620853787999295,6.721647262573242,0.03796706552580586,0.7097910771407481
17,58,309917,0,42170303,0.00076160432131371,1211,1210,1,0,7.2402101879997645,6.697347164154053,0.1339472368729016,1.740458742252066
17,59,355009,0,42170304,0.00076160432131371,1387,1386,1,0,8.596892658999423,6.6993794441223145,0.06854094468153916,1.0496701987790855
17,60,340859,1,42170305,0.00076160432131371,1332,1330,2,0,8.144625802999144,6.69952917098999,0.12062213869023143,1.7288152020676693
17,61,436143,1,42170306,0.00076160432131371,1704,1702,2,0,10.361763192999206,6.704222679138184,0.10815461962259475,1.4948291532021152
17,62,352452,0,42170307,0.00076160432131371,1377,1376,1,0,8.33584497800075,6.699264049530029,0.08293762872385424,1.1421443140783976
17,63,241000,1,42170308,0.00076160432131371,942,941,1,0,5.703121607999492,6.695031642913818,0.11107110115724213,1.365495250024907
17,64,757931,1,42170309,0.00076160432131371,2961,2959,2,0,16.994049050001195,6.7186198234558105,0.06674846147677108,1.0928874633005239
17,65,667452,1,42170310,0.00076160432131371,2608,2607,1,0,15.159927722999782,6.7147088050842285,0.040344059764538684,0.7709019773985903
17,66,373491,1,42170311,0.00076160432131371,1459,1457,2,0,8.91430868000134,6.701327323913574,0.09984333611712852,1.4023169397735071
17,67,255796,1,42170312,0.00076160432131371,1000,999,1,0,6.049298010000712,6.69569730758667,0.06519409271331879,0.860534301391235
17,68,187780,1,42170313,0.00076160432131371,734,733,1,0,4.672948149000149,6.69293212890625,0.12675553096755626,1.5346711329190825
17,69,162407,0,42170314,0.00076160432131371,635,633,2,0,4.014913441998942,6.691255569458008,0.12174651521077089,1.5639436308994865
17,70,235355,0,42170315,0.00076160432131371,920,918,2,0,5.580609006001396,6.694142818450928,0.09353490592607486,1.3320984019692947
17,71,323052,1,42170316,0.00076160432131371,1262,1259,3,0,7.887563272000989,6.698727130889893,0.08901964813305141,1.314408815124851
17,72,98180,0,42170317,0.00076160432131371,384,383,1,0,2.148883213998488,6.689414024353027,0.16678406239800914,1.6331882725807767
17,73,262450,1,42170318,0.00076160432131371,1026,1024,2,0,6.132077962000039,6.695997714996338,0.10023199021816254,1.198936104774475
17,74,603827,0,42170319,0.00076160432131371,2359,2357,2,0,14.166827978999208,6.7105865478515625,0.0883432484603707,1.4002370142461285
17,75,236083,1,42170320,0.00076160432131371,923,922,1,0,5.582207273000677,6.694809436798096,0.06372417027934772,0.9206505235518913
17,76,441814,0,42170321,0.00076160432131371,1726,1724,2,0,10.499385498000265,6.703657627105713,0.138667564657614,1.656871255755148
17,77,648680,1,42170322,0.00076160432131371,2534,2533,1,0,15.408483840999907,6.714289665222168,0.03437166029504293,0.6011186999574368
17,78,881094,1,42170323,0.00076160432131371,3442,3440,2,0,20.92627331299991,6.724201679229736,0.05440417001413744,1.0754689061364462
17,79,306166,1,42170324,0.00076160432131371,1196,1195,1,0,6.950242974999128,6.698023796081543,0.11951998786447438,1.4990425397162657
17,80,661445,0,42170325,0.00076160432131371,2584,2582,2,0,15.476921946001312,6.7131829261779785,0.06828199367390225,1.113453623493174
17,81,548725,0,42170326,0.00076160432131371,2144,2142,2,0,12.64396602999841,6.708104133605957,0.0878795905162195,1.5284569719815009
17,82,313463,1,42170327,0.00076160432131371,1225,1224,1,0,7.494434071999422,6.6982951164245605,0.0822398927476671,1.1025444479549633
17,83,449860,1,42170328,0.00076160432131371,1758,1758,0,0,10.698570059999838,6.704637050628662,0.04072250088462786,0.6835260488881186
17,84,381590,1,42170329,0.00076160432131371,1491,1488,3,0,8.660253223000836,6.701448440551758,0.10748141299011887,1.4480333225701445
17,85,323967,1,42170330,0.00076160432131371,1266,1265,1,0,7.823308707000251,6.698768138885498,0.10109423611003891,1.2080480522789032
17,86,360767,1,42170331,0.00076160432131371,1410,1406,4,0,8.524771911999778,6.701137542724609,0.0680693983183816,1.1884474774682166
17,87,461848,0,42170332,0.00076160432131371,1805,1803,2,0,11.143371820000539,6.704411506652832,0.1180022922543374,1.6942490055636439
17,88,432222,0,42170333,0.00076160432131371,1689,1687,2,0,10.375058337000155,6.703297138214111,0.09418614630029268,1.4449483874851807
17,89,296592,1,42170334,0.00076160432131371,1159,1156,3,0,6.8119531810007174,6.697807312011719,0.11222669080054472,1.5402527911440311
17,90,479627,1,42170335,0.00076160432131371,1874,1873,1,0,11.175127500000599,6.706655979156494,0.07805127226854477,1.165006475657368
17,91,587269,1,42170336,0.00076160432131371,2295,2291,4,0,13.85511563,6.710631370544434,0.11472771127168813,1.5317998758729812
17,92,206676,0,42170337,0.00076160432131371,808,807,1,0,5.03387805300008,6.693434715270996,0.1292595656535587,1.749395245217627
17,93,217421,1,42170338,0.00076160432131371,850,847,3,0,5.185018991000106,6.694046497344971,0.10289895914521381,1.362148172317739
17,94,885169,1,42170339,0.00076160432131371,3458,3457,1,0,21.171970710000096,6.724354267120361,0.024534462158273748,0.5099084935231053
17,95,295224,0,42170340,0.00076160432131371,1154,1151,3,0,6.82903065499886,6.696683883666992,0.0880065440717311,1.3321120645769982
17,96,547304,1,42170341,0.00076160432131371,2138,2137,1,0,12.484767949999878,6.7088303565979,0.06665539596479074,0.9750565282083529
17,97,428994,1,42170342,0.00076160432131371,1676,1674,2,0,10.311677814999712,6.70400857925415,0.08557054161883028,1.1728088305984916
17,98,276358,1,42170343,0.00076160432131371,1080,1079,1,0,6.483865312000489,6.697348594665527,0.10399799506016856,1.3523704945985866
17,99,491272,1,42170344,0.00076160432131371,1920,1918,2,0,11.693796425999608,6.7069220542907715,0.09306734818984619,1.4532284860939129
18,0,926214,1,42180252,0.0007339564536692134,3619,3616,3,0,22.858423108000352,6.725897789001465,0.051896183891633973,0.9711014064012375
18,1,209678,1,42180253,0.0007339564536692134,820,816,4,0,4.825678905999666,6.693755149841309,0.10345042920580097,1.524769801719516
18,2,509018,1,42180254,0.0007339564536692134,1989,1987,2,0,12.000200471000426,6.707324028015137,0.12470978351472069,1.6107051793690237
18,3,411880,0,42180255,0.0007339564536692134,1609,1607,2,0,9.528049556000042,6.702532768249512,0.0957997101912531,1.3702826318936683
18,4,457865,1,42180256,0.0007339564536692134,1789,1786,3,0,11.43481041099949,6.704878330230713,0.12863353118383872,1.7388510025895856
18,5,276084,0,42180257,0.0007339564536692134,1079,1077,2,0,6.393592402999275,6.695822715759277,0.1092216187090152,1.5269326552707172
18,6,155981,0,42180258,0.0007339564536692134,610,608,2,0,3.6282853400007298,6.69120979309082,0.11145482565227308,1.3745448463841488
18,7,438907,1,42180259,0.0007339564536692134,1715,1713,2,0,10.751752648999172,6.704305648803711,0.09372167370156524,1.4924810958479275
18,8,563122,1,42180260,0.0007339564536692134,2200,2198,2,0,13.223509943998579,6.7095417976379395,0.06972230836627047,1.1611779085390128
18,9,671047,0,42180261,0.0007339564536692134,2622,2620,2,0,15.760072928000227,6.713615894317627,0.052292184611313214,0.9944621078840649
18,10,559874,1,42180262,0.0007339564536692134,2188,2184,4,0,13.231190735999917,6.709397315979004,0.06063079135321872,1.0814238048735119
18,11,277765,0,42180263,0.0007339564536692134,1086,1084,2,0,6.184299421000105,6.695899486541748,0.08345871393970898,1.1989475827375462
18,12,344014,0,42180264,0.0007339564536692134,1344,1341,3,0,7.733972390000417,6.698883533477783,0.09911249147965603,1.398461804827321
18,13,872271,0,42180265,0.0007339564536692134,3408,3404,4,0,20.949149100000795,6.72271203994751,0.06214186223497402,1.0620536759373165
18,14,353613,1,42180266,0.0007339564536692134,1382,1380,2,0,8.097617430001264,6.701031684875488,0.09671551248301631,1.3464774753736413
18,15,392479,0,42180267,0.0007339564536692134,1534,1533,1,0,9.132648811999388,6.701803207397461,0.0804070798073885,1.1541183481633235
18,16,509253,0,42180268,0.0007339564536692134,1990,1987,3,0,12.291625736999777,6.70632791519165,0.07220134917491035,1.1980997823744968
18,17,384412,0,42180269,0.0007339564536692134,1502,1501,1,0,8.888508934000129,6.701499938964844,0.055722073345959466,0.9615998188707529
18,18,629973,0,42180270,0.0007339564536692134,2461,2460,1,0,14.625792484999693,6.712520122528076,0.05322510013735391,0.9376445987360265
18,19,621908,1,42180271,0.0007339564536692134,2430,2429,1,0,14.318391155000427,6.712190628051758,0.054249926426127006,0.8939246675908296
18,20,801121,0,42180272,0.0007339564536692134,3130,3127,3,0,18.874971662999087,6.719473838806152,0.034620394217232224,0.7567581747681484
18,21,384660,1,42180273,0.0007339564536692134,1503,1502,1,0,8.987489568000456,6.701502799987793,0.06351026999807548,0.9946290687936917
18,22,355766,1,42180274,0.0007339564536692134,1390,1388,2,0,8.149359989000004,6.70106315612793,0.11116776480111333,1.4930470931083393
18,23,360226,0,42180275,0.0007339564536692134,1408,1405,3,0,8.452061448000677,6.699612617492676,0.06192933757958463,1.084415226729315
18,24,338512,0,42180276,0.0007339564536692134,1323,1321,2,0,7.723273242998403,6.698635578155518,0.0933105907685643,1.4344223680864403
18,25,185941,1,42180277,0.0007339564536692134,727,726,1,0,4.288840281000375,6.6928629875183105,0.0995614128007705,1.2423994416376118
18,26,561149,0,42180278,0.0007339564536692134,2192,2189,3,0,13.067414051000014,6.7086639404296875,0.0722871016236188,1.1857064753811672
18,27,372819,0,42180279,0.0007339564536692134,1457,1456,1,0,9.16690171799928,6.701064586639404,0.06989677135760967,1.0745494129893545
18,28,107522,0,42180280,0.0007339564536692134,421,419,2,0,2.4158286319998297,6.6882781982421875,0.13031257137762903,1.5178442615882308
18,29,284527,1,42180281,0.0007339564536692134,1112,1111,1,0,6.373414107998542,6.69753360748291,0.08404374144079448,1.271356591225529
18,30,1333839,0,42180282,0.0007339564536692134,5211,5208,3,0,32.62986443799855,6.743468761444092,0.04390299631520167,0.7862124582223262
18,31,427651,1,42180283,0.0007339564536692134,1671,1668,3,0,10.289910515000884,6.703967571258545,0.0864134132147407,1.3233528411645683
18,32,648608,0,42180284,0.0007339564536692134,2534,2532,2,0,14.73132383399934,6.712804317474365,0.024466945473428398,0.4972378458080322
18,33,428065,0,42180285,0.0007339564536692134,1673,1670,3,0,10.345111523000014,6.703141689300537,0.09408634208633514,1.6633436739801646
18,34,375085,0,42180286,0.0007339564536692134,1466,1464,2,0,8.74671944199872,6.7011494636535645,0.10065121468299074,1.5016049244364753
18,35,882461,0,42180287,0.0007339564536692134,3448,3445,3,0,21.08100242600085,6.723137378692627,0.03493549806459203,0.6912888924165457
18,36,569144,0,42180288,0.0007339564536692134,2224,2223,1,0,13.191361372999381,6.709024429321289,0.035890847779693126,0.5688429886941914
18,37,314555,0,42180289,0.0007339564536692134,1229,1227,2,0,7.262730251000903,6.697554588317871,0.09824588343488946,1.4813366729064792
18,38,436745,0,42180290,0.0007339564536692134,1707,1703,4,0,10.782088713000121,6.703468322753906,0.07695664984299307,1.247676434967704
18,39,261664,0,42180291,0.0007339564536692134,1023,1021,2,0,6.648382831999697,6.6951727867126465,0.1052095822325883,1.3316016724947968
18,40,638454,1,42180292,0.0007339564536692134,2494,2493,1,0,14.813092983000388,6.712934970855713,0.041831511165834646,0.7787353417694545
18,41,398139,1,42180293,0.0007339564536692134,1556,1555,1,0,9.323852785000781,6.70307731628418,0.0928627333073754,1.3135629144895498
18,42,242816,0,42180294,0.0007339564536692134,949,947,2,0,5.838298414999372,6.694367408752441,0.09992365449383744,1.4835364916760163
18,43,323428,0,42180295,0.0007339564536692134,1264,1262,2,0,7.111494896000295,6.697955131530762,0.11403302949884236,1.514218676486975
18,44,451037,0,42180296,0.0007339564536692134,1762,1760,2,0,11.15528116799942,6.704004764556885,0.05788673487576571,0.952533652565696
18,45,265076,0,42180297,0.0007339564536692134,1036,1035,1,0,5.897241237000344,6.695326805114746,0.07674772105931084,1.1671893870772947
18,46,266508,1,42180298,0.0007339564536692134,1042,1041,1,0,5.967178900000363,6.697124481201172,0.10658156425190246,1.3543865339442243
18,47,506010,0,42180299,0.0007339564536692134,1977,1974,3,0,12.021236013999442,6.706181049346924,0.10236265883982,1.6613274818737336
18,48,303421,0,42180300,0.0007339564536692134,1186,1185,1,0,7.087916268999834,6.697052955627441,0.09847217028654075,1.5266288403217299
18,49,209704,0,42180301,0.0007339564536692134,820,818,2,0,4.5896332140000595,6.693503379821777,0.1935948789265453,2.2060243937671915
18,50,548954,1,42180302,0.0007339564536692134,2145,2142,3,0,13.578806203000568,6.708904266357422,0.08459387172837886,1.4243059202847805
18,51,554220,0,42180303,0.0007339564536692134,2165,2164,1,0,13.220135831999869,6.708352088928223,0.06399506517787518,1.0074053357136667
18,52,239391,0,42180304,0.0007339564536692134,936,934,2,0,5.6943760459998884,6.694264888763428,0.08253755916619965,1.4614787132377542
18,53,490494,0,42180305,0.0007339564536692134,1916,1913,3,0,11.671919794998757,6.705489158630371,0.06881859834693953,1.2130745281053972
18,54,160756,1,42180306,0.0007339564536692134,628,626,2,0,3.7396560830002272,6.694826126098633,0.08237586463221346,1.2476575565033448
18,55,166616,0,42180307,0.0007339564536692134,651,649,2,0,3.9491342050005187,6.693428993225098,0.08349659924147125,1.3719152324188655
18,56,349089,1,42180308,0.0007339564536692134,1364,1363,1,0,7.784859542000049,6.699900150299072,0.05842246085689598,0.9469659571602165
18,57,813153,1,42180309,0.0007339564536692134,3177,3175,2,0,19.87904351600082,6.721647262573242,0.03742841104822835,0.714332092765748
18,58,309917,0,42180310,0.0007339564536692134,1211,1209,2,0,7.225906997999118,6.697347164154053,0.12916209029204792,1.7384288652166047
18,59,355009,0,42180311,0.0007339564536692134,1387,1386,1,0,8.014848589000394,6.6993794441223145,0.06614144505532445,1.0538452500732773
18,60,340859,1,42180312,0.0007339564536692134,1332,1330,2,0,7.99525565499971,6.69952917098999,0.11690774788533835,1.7434618039238723
18,61,436143,1,42180313,0.0007339564536692134,1704,1702,2,0,10.534022177000224,6.704222679138184,0.1060412773374385,1.4885031569018068
18,62,352452,0,42180314,0.0007339564536692134,1377,1376,1,0,8.052770963000512,6.699264049530029,0.08081566455752351,1.1453069642532703
18,63,241000,1,42180315,0.0007339564536692134,942,942,0,0,5.656823702000111,6.695031642913818,0.10922259029056362,1.3365269881651407
18,64,757931,1,42180316,0.0007339564536692134,2961,2959,2,0,17.69018681200032,6.7186198234558105,0.06532691370276593,1.09625320460354
18,65,667452,1,42180317,0.0007339564536692134,2608,2607,1,0,15.739998444998491,6.7147088050842285,0.04059250820263803,0.7564908442114979
18,66,373491,1,42180318,0.0007339564536692134,1459,1457,2,0,9.247706902999198,6.701327323913574,0.09886510845071744,1.3640133367471687
18,67,255796,1,42180319,0.0007339564536692134,1000,999,1,0,6.212152991000039,6.69569730758667,0.06440360648734672,0.864927855101195
18,68,187780,0,42180320,0.0007339564536692134,734,733,1,0,4.346750777000125,6.6930060386657715,0.12433110090102213,1.4906858519675137
18,69,162407,1,42180321,0.0007339564536692134,635,633,2,0,3.8715459769991867,6.692044734954834,0.12071631794668863,1.5580620788284953
18,70,235355,0,42180322,0.0007339564536692134,920,919,1,0,5.487608809000449,6.694142818450928,0.09258146566197974,1.3000950527917574
18,71,323052,1,42180323,0.0007339564536692134,1262,1260,2,0,7.496710904999418,6.698727130889893,0.08684726896740141,1.2981789240761408
18,72,98180,1,42180324,0.0007339564536692134,384,382,2,0,2.199304423000285,6.6902031898498535,0.16247601534059536,1.6827330264745581
18,73,262450,1,42180325,0.0007339564536692134,1026,1024,2,0,6.649651616000483,6.695997714996338,0.09869769215583801,1.2178823947906494
18,74,603827,0,42180326,0.0007339564536692134,2359,2357,2,0,13.712167118001162,6.7105865478515625,0.08744709725394105,1.4044036671019835
18,75,236083,1,42180327,0.0007339564536692134,923,922,1,0,5.577052194999851,6.694809436798096,0.06162289683575744,0.9241275414986103
18,76,441814,0,42180328,0.0007339564536692134,1726,1724,2,0,10.801242560999526,6.703657627105713,0.13272464690241625,1.6452983670334251
18,77,648680,1,42180329,0.0007339564536692134,2534,2533,1,0,14.547993435000535,6.714289665222168,0.03389172529543618,0.5943273400488551
18,78,881094,1,42180330,0.0007339564536692134,3442,3439,3,0,21.041957001998526,6.724201679229736,0.05310504510673751,1.079016301409385
18,79,306166,1,42180331,0.0007339564536692134,1196,1194,2,0,7.188481209999736,6.698023796081543,0.11554559551092049,1.4908661962154524
18,80,661445,0,42180332,0.0007339564536692134,2584,2581,3,0,15.217156311999133,6.7131829261779785,0.06732773660735906,1.1247169822743124
18,81,548725,0,42180333,0.0007339564536692134,2144,2141,3,0,12.929932675999225,6.708104133605957,0.08528276182457088,1.5215973798385685
18,82,313463,1,42180334,0.0007339564536692134,1225,1224,1,0,7.2676364130002185,6.6982951164245605,0.08084786483664917,1.1042625078188828
18,83,449860,1,42180335,0.0007339564536692134,1758,1758,0,0,11.183128873999522,6.704637050628662,0.04046581819467034,0.6843229083342222
18,84,381590,1,42180336,0.0007339564536692134,1491,1488,3,0,8.833481679001125,6.701448440551758,0.1059821036554152,1.433113016108031
18,85,323967,1,42180337,0.0007339564536692134,1266,1265,1,0,7.094254927000293,6.698768138885498,0.09890277847470973,1.1963691560647234
18,86,360767,1,42180338,0.0007339564536692134,1410,1406,4,0,8.5088394659997,6.701137542724609,0.0664674805034784,1.180879204914207
18,87,461848,0,42180339,0.0007339564536692134,1805,1803,2,0,11.05302951000158,6.704411506652832,0.1152818862821946,1.697008349798946
18,88,432222,0,42180340,0.0007339564536692134,1689,1687,2,0,10.42761179899935,6.703297138214111,0.09186548075876648,1.4513521946317427
18,89,296592,1,42180341,0.0007339564536692134,1159,1156,3,0,6.895511220000117,6.697807312011719,0.10911313225241269,1.534785498384786
18,90,479627,1,42180342,0.0007339564536692134,1874,1872,2,0,11.354982187998758,6.706655979156494,0.07649735507802066,1.1872282109708867
18,91,587269,1,42180343,0.0007339564536692134,2295,2292,3,0,13.432487100000799,6.710631370544434,0.11200873889224068,1.5199656328397688
18,92,206676,0,42180344,0.0007339564536692134,808,806,2,0,4.691566527999385,6.693434715270996,0.12581649666684436,1.7693116445991004
18,93,217421,1,42180345,0.0007339564536692134,850,848,2,0,4.753440858999966,6.694046497344971,0.10063885742763304,1.3846033924030807
18,94,885169,1,42180346,0.0007339564536692134,3458,3457,1,0,21.01307426599851,6.724354267120361,0.02342612101295831,0.5124841523991177
18,95,295224,0,42180347,0.0007339564536692134,1154,1152,2,0,6.939283742000043,6.696683883666992,0.08566620614793566,1.323879877726237
18,96,547304,1,42180348,0.0007339564536692134,2138,2136,2,0,12.817810946000463,6.7088303565979,0.06408179208133997,0.9704372677463717
18,97,428994,1,42180349,0.0007339564536692134,1676,1674,2,0,10.292600812001183,6.70400857925415,0.08305382586152181,1.1955937575838187
18,98,276358,1,42180350,0.0007339564536692134,1080,1079,1,0,6.451401128000725,6.697348594665527,0.10137371667785927,1.353115361083758
18,99,491272,1,42180351,0.0007339564536692134,1920,1917,3,0,11.738763069000925,6.7069220542907715,0.09050628550673252,1.4493166864322509
19,0,926214,1,42190259,0.000705367754845585,3619,3616,3,0,21.07057630700001,6.725897789001465,0.050877512028786986,0.9563510861017007
19,1,209678,0,42190260,0.000705367754845585,820,817,3,0,4.908029162001185,6.693502902984619,0.10240617843123662,1.5325809698209913
19,2,509018,1,42190261,0.000705367754845585,1989,1987,2,0,11.437068223998722,6.707324028015137,0.12272657097795829,1.6319676530259184
19,3,411880,0,42190262,0.000705367754845585,1609,1608,1,0,9.158313763000479,6.702532768249512,0.09402098584530959,1.3606778424770678
19,4,457865,1,42190263,0.000705367754845585,1789,1786,3,0,10.110703553000349,6.704878330230713,0.12855536620000174,1.750133279456537
19,5,276084,0,42190264,0.000705367754845585,1079,1076,3,0,6.271348489999582,6.695822715759277,0.1080328292563059,1.5612221189591078
19,6,155981,0,42190265,0.000705367754845585,610,608,2,0,3.3298853369997232,6.69120979309082,0.1123110244148656,1.4101720107229132
19,7,438907,1,42190266,0.000705367754845585,1715,1713,2,0,9.617526923000696,6.704305648803711,0.09181829787664642,1.4832553451546993
19,8,563122,1,42190267,0.000705367754845585,2200,2197,3,0,12.985713291000138,6.7095417976379395,0.06789743026712562,1.1589792188211196
19,9,671047,0,42190268,0.000705367754845585,2622,2620,2,0,14.976495729999442,6.713615894317627,0.0519024797978292,1.000636629293893
19,10,559874,1,42190269,0.000705367754845585,2188,2185,3,0,12.521821988999363,6.709397315979004,0.05991434407179634,1.1179090835955379
19,11,277765,0,42190270,0.000705367754845585,1086,1084,2,0,6.233089467001264,6.695899486541748,0.08347572523729388,1.2250083557354128
19,12,344014,0,42190271,0.000705367754845585,1344,1341,3,0,7.513226856000983,6.698883533477783,0.09817286412454558,1.3937011536691368
19,13,872271,0,42190272,0.000705367754845585,3408,3405,3,0,19.827148987998953,6.72271203994751,0.06112177060389134,1.0662620600449706
19,14,353613,1,42190273,0.000705367754845585,1382,1380,2,0,8.100207289000537,6.701031684875488,0.09519864510798799,1.3393571494282155
19,15,392479,0,42190274,0.000705367754845585,1534,1533,1,0,9.194958400999894,6.701803207397461,0.07907173669346003,1.1478074802266798
19,16,509253,0,42190275,0.000705367754845585,1990,1988,2,0,11.276035188000606,6.70632791519165,0.07080998411121023,1.2117303429954729
19,17,384412,0,42190276,0.000705367754845585,1502,1501,1,0,8.614364003000446,6.701499938964844,0.05290801615654668,0.9402163694255913
19,18,629973,0,42190277,0.000705367754845585,2461,2459,2,0,14.172324979999757,6.712520122528076,0.05222064588747649,0.9535861765771146
19,19,621908,1,42190278,0.000705367754845585,2430,2429,1,0,13.959678627999892,6.712190628051758,0.053657264756587074,0.8920149632371861
19,20,801121,0,42190279,0.000705367754845585,3130,3127,3,0,17.851411343999644,6.719473838806152,0.033814462259778744,0.7696162737098257
19,21,384660,1,42190280,0.000705367754845585,1503,1502,1,0,8.59672856799989,6.701502799987793,0.062406156415469476,0.9922551181757656
19,22,355766,1,42190281,0.000705367754845585,1390,1389,1,0,7.936523718999524,6.70106315612793,0.10976875145886766,1.486713230910277
19,23,360226,0,42190282,0.000705367754845585,1408,1404,4,0,7.944599712000127,6.699612617492676,0.05985901770089087,1.054661155765892
19,24,338512,0,42190283,0.000705367754845585,1323,1320,3,0,7.665854172000763,6.698635578155518,0.09094664255777994,1.471514522668087
19,25,185941,1,42190284,0.000705367754845585,727,726,1,0,4.245016113998645,6.6928629875183105,0.09715920440421617,1.2459082905582817
19,26,561149,0,42190285,0.000705367754845585,2192,2188,4,0,12.634111432000282,6.7086639404296875,0.07051103163027023,1.1928471036977262
19,27,372819,0,42190286,0.000705367754845585,1457,1456,1,0,8.397146142000565,6.701064586639404,0.06885211546342451,1.0734242030552454
19,28,107522,0,42190287,0.000705367754845585,421,419,2,0,2.2921771410001384,6.6882781982421875,0.12814034254852513,1.4803541087876642
19,29,284527,1,42190288,0.000705367754845585,1112,1111,1,0,6.315104426999824,6.69753360748291,0.08127458711447316,1.267497477286791
19,30,1333839,0,42190289,0.000705367754845585,5211,5208,3,0,30.983515076000913,6.743468761444092,0.04284290307860953,0.7843457293766801
19,31,427651,1,42190290,0.000705367754845585,1671,1669,2,0,9.671107529000437,6.703967571258545,0.08437855276538628,1.3313798670143049
19,32,648608,0,42190291,0.000705367754845585,2534,2533,1,0,14.370892638999067,6.712804317474365,0.024258866217877147,0.49100506131563365
19,33,428065,0,42190292,0.000705367754845585,1673,1670,3,0,9.642676948000371,6.703141689300537,0.09160813200259638,1.6911530454715569
19,34,375085,0,42190293,0.000705367754845585,1466,1463,3,0,8.58242308700028,6.7011494636535645,0.09954110156650504,1.5137464688888413
19,35,882461,0,42190294,0.000705367754845585,3448,3446,2,0,20.846175977998428,6.723137378692627,0.034678693296462386,0.6833348730865496
19,36,569144,0,42190295,0.000705367754845585,2224,2223,1,0,13.048937162000584,6.709024429321289,0.0352220453767695,0.5758633770172628
19,37,314555,0,42190296,0.000705367754845585,1229,1227,2,0,7.030598532001022,6.697554588317871,0.0960303433269821,1.449667833447942
19,38,436745,0,42190297,0.000705367754845585,1707,1703,4,0,9.581054746000518,6.703468322753906,0.07461128974058875,1.2411553141514973
19,39,261664,0,42190298,0.000705367754845585,1023,1021,2,0,5.782028194998929,6.6951727867126465,0.10205415133514553,1.3202480573962414
19,40,638454,1,42190299,0.000705367754845585,2494,2492,2,0,14.429445641000711,6.712934970855713,0.04125381702404726,0.7827177828425963
19,41,398139,1,42190300,0.000705367754845585,1556,1555,1,0,9.257459338999979,6.70307731628418,0.0907989501953125,1.3339901841338424
19,42,242816,0,42190301,0.000705367754845585,949,947,2,0,5.601829511999313,6.694367408752441,0.09637662249104903,1.4895176791842661
19,43,323428,0,42190302,0.000705367754845585,1264,1262,2,0,7.5408488959983515,6.697955131530762,0.11366479937134756,1.5304844005361034
19,44,451037,0,42190303,0.000705367754845585,1762,1760,2,0,9.980189703999713,6.704004764556885,0.057472033934159714,0.9626752679998224
19,45,265076,0,42190304,0.000705367754845585,1036,1035,1,0,5.875594143000853,6.695326805114746,0.07632869407174668,1.1551533722071257
19,46,266508,1,42190305,0.000705367754845585,1042,1041,1,0,5.950890644000538,6.697124481201172,0.10688223275396254,1.3569538801708094
19,47,506010,0,42190306,0.000705367754845585,1977,1974,3,0,11.342498911000803,6.706181049346924,0.10014017060655711,1.658559689043503
19,48,303421,0,42190307,0.000705367754845585,1186,1184,2,0,6.802631152000686,6.697052955627441,0.09733374698742016,1.5735565391746726
19,49,209704,0,42190308,0.000705367754845585,820,818,2,0,4.783969694999541,6.693503379821777,0.1918965831653996,2.2178610356337867
19,50,548954,1,42190309,0.000705367754845585,2145,2142,3,0,12.494996080999044,6.708904266357422,0.08184892100557671,1.4126708300507702
19,51,554220,0,42190310,0.000705367754845585,2165,2164,1,0,12.545338624999204,6.708352088928223,0.06197685058368112,1.007407930553951
19,52,239391,0,42190311,0.000705367754845585,936,934,2,0,5.384825892000663,6.694264888763428,0.08157935132306444,1.4495015767197537
19,53,490494,0,42190312,0.000705367754845585,1916,1913,3,0,11.090973659000156,6.705489158630371,0.06672445118770011,1.217064498047896
19,54,160756,1,42190313,0.000705367754845585,628,626,2,0,3.4255655529996147,6.694826126098633,0.08326119736741526,1.241241455078125
19,55,166616,0,42190314,0.000705367754845585,651,649,2,0,3.8082951529995626,6.693428993225098,0.08474712636327524,1.376525972951175
19,56,349089,1,42190315,0.000705367754845585,1364,1363,1,0,7.737351267998747,6.699900150299072,0.0569603095051128,0.9379761010867571
19,57,813153,1,42190316,0.000705367754845585,3177,3175,2,0,18.366642109000168,6.721647262573242,0.036167499211829476,0.7047561669537401
19,58,309917,0,42190317,0.000705367754845585,1211,1209,2,0,7.041338230001202,6.697347164154053,0.12686952349565755,1.7397042929978288
19,59,355009,0,42190318,0.000705367754845585,1387,1386,1,0,7.852386800999739,6.6993794441223145,0.06555729545384087,1.0573778028612013
19,60,340859,1,42190319,0.000705367754845585,1332,1330,2,0,7.549611023001489,6.69952917098999,0.11394606281940202,1.7267295435855263
19,61,436143,1,42190320,0.000705367754845585,1704,1702,2,0,9.827468404999308,6.704222679138184,0.1028723711132583,1.4822934931789806
19,62,352452,0,42190321,0.000705367754845585,1377,1376,1,0,8.133173195999916,6.699264049530029,0.08035909297854402,1.1628549265307049
19,63,241000,1,42190322,0.000705367754845585,942,941,1,0,5.48650834900036,6.695031642913818,0.10831488711674332,1.3581350977185176
19,64,757931,1,42190323,0.000705367754845585,2961,2959,2,0,16.841520357000263,6.7186198234558105,0.06342987854684595,1.102829655024924
19,65,667452,1,42190324,0.000705367754845585,2608,2606,2,0,15.214188534000641,6.7147088050842285,0.03916976237791095,0.7616035186228894
19,66,373491,1,42190325,0.000705367754845585,1459,1457,2,0,8.517686598999717,6.701327323913574,0.09578248745951656,1.3762632643595574
19,67,255796,1,42190326,0.000705367754845585,1000,1000,0,0,5.954532598998412,6.69569730758667,0.06350885772705078,0.8719510498046875
19,68,187780,0,42190327,0.000705367754845585,734,733,1,0,4.313435408999794,6.6930060386657715,0.12359758613867454,1.5361759451206514
19,69,162407,1,42190328,0.000705367754845585,635,633,2,0,3.706821020001371,6.692044734954834,0.11660828070617965,1.554801856548677
19,70,235355,1,42190329,0.000705367754845585,920,918,2,0,5.284399599000608,6.694777488708496,0.08944985549694053,1.3247084939661629
19,71,323052,1,42190330,0.000705367754845585,1262,1260,2,0,7.286484020998614,6.698727130889893,0.0852711934891958,1.2840465727306547
19,72,98180,1,42190331,0.000705367754845585,384,382,2,0,2.1020695839997643,6.6902031898498535,0.16252147215199095,1.6710585349517344
19,73,262450,1,42190332,0.000705367754845585,1026,1023,3,0,5.789020004000122,6.695997714996338,0.09544968441900736,1.201955368325391
19,74,603827,0,42190333,0.000705367754845585,2359,2357,2,0,13.83541336900089,6.7105865478515625,0.08536558996887596,1.4171961386627598
19,75,236083,0,42190334,0.000705367754845585,923,922,1,0,5.322701615999904,6.694164276123047,0.06059094261450778,0.9352128366069008
19,76,441814,0,42190335,0.000705367754845585,1726,1723,3,0,9.750814729000922,6.703657627105713,0.13196351620878374,1.6501172951882617
19,77,648680,1,42190336,0.000705367754845585,2534,2532,2,0,14.457580152000446,6.714289665222168,0.03304605951053083,0.5881636440283126
19,78,881094,1,42190337,0.000705367754845585,3442,3439,3,0,20.658835901998827,6.724201679229736,0.05216953802261286,1.1056504178858317
19,79,306166,1,42190338,0.000705367754845585,1196,1195,1,0,6.905688941000335,6.698023796081543,0.11333121455364148,1.4851510403046548
19,80,661445,0,42190339,0.000705367754845585,2584,2582,2,0,14.865378701999362,6.7131829261779785,0.06683125041604135,1.129148594082833
19,81,548725,0,42190340,0.000705367754845585,2144,2141,3,0,12.301694615000088,6.708104133605957,0.0835438514078738,1.5223739317564806
19,82,313463,1,42190341,0.000705367754845585,1225,1224,1,0,7.022282370000539,6.6982951164245605,0.0801605212143044,1.125026229160284
19,83,449860,1,42190342,0.000705367754845585,1758,1757,1,0,10.005735665001339,6.704637050628662,0.03964068825840611,0.6902017349130265
19,84,381590,1,42190343,0.000705367754845585,1491,1488,3,0,8.684119202000147,6.701448440551758,0.10475961623653289,1.4691209690545195
19,85,323967,1,42190344,0.000705367754845585,1266,1265,1,0,7.594883346999268,6.698768138885498,0.09668834218865797,1.2033960636425396
19,86,360767,1,42190345,0.000705367754845585,1410,1406,4,0,7.957127281999419,6.701137542724609,0.06644043576496933,1.2070093711104197
19,87,461848,0,42190346,0.000705367754845585,1805,1803,2,0,10.436971491000804,6.704411506652832,0.11433130519230103,1.7135738937707987
19,88,432222,0,42190347,0.000705367754845585,1689,1687,2,0,9.729111881999415,6.703297138214111,0.09184580804613404,1.4606359060091878
19,89,296592,1,42190348,0.000705367754845585,1159,1156,3,0,6.6258283509996545,6.697807312011719,0.1092801737537846,1.5368364063513733
19,90,479627,1,42190349,0.000705367754845585,1874,1872,2,0,10.981917709999834,6.706655979156494,0.07586133581960303,1.1670639168502939
19,91,587269,1,42190350,0.000705367754845585,2295,2292,3,0,13.578820900998835,6.710631370544434,0.10995442122481049,1.5170654509912194
19,92,206676,1,42190351,0.000705367754845585,808,807,1,0,4.875720848998753,6.6936421394348145,0.12403488631880712,1.733421429677819
19,93,217421,1,42190352,0.000705367754845585,850,848,2,0,4.973839353000585,6.694046497344971,0.09892354821259121,1.3706856493679982
19,94,885169,1,42190353,0.000705367754845585,3458,3457,1,0,21.22855673400045,6.724354267120361,0.023626372205200724,0.5168692555977907
19,95,295224,0,42190354,0.000705367754845585,1154,1151,3,0,6.577624023000681,6.696683883666992,0.08461720377957686,1.3233202446242398
19,96,547304,1,42190355,0.000705367754845585,2138,2137,1,0,12.39629396700002,6.7088303565979,0.06289667853362994,0.9790340668138746
19,97,428994,1,42190356,0.000705367754845585,1676,1674,2,0,9.639169998999932,6.70400857925415,0.08126764513970561,1.1869612571871266
19,98,276358,1,42190357,0.000705367754845585,1080,1078,2,0,6.393563779000033,6.697348594665527,0.1001669860726606,1.3361623902046613
19,99,491272,1,42190358,0.000705367754845585,1920,1917,3,0,11.166678129999127,6.7069220542907715,0.08901714072229966,1.4281703131113068
20,0,926214,1,42200266,0.0006759557019385474,3619,3617,2,0,21.162677673999497,6.725897789001465,0.04997655453522429,0.974246235226016
20,1,209678,1,42200267,0.0006759557019385474,820,817,3,0,4.565118422999149,6.693755149841309,0.10078164967941976,1.5099281861995104
20,2,509018,1,42200268,0.0006759557019385474,1989,1987,2,0,11.463784736000889,6.707324028015137,0.12011353214841784,1.6268660109068318
20,3,411880,0,42200269,0.0006759557019385474,1609,1607,2,0,9.432818704000965,6.702532768249512,0.09249255044458814,1.3666173321309116
20,4,457865,1,42200270,0.0006759557019385474,1789,1787,2,0,10.262963024000783,6.704878330230713,0.12662375033335374,1.7782468107337717
20,5,276084,0,42200271,0.0006759557019385474,1079,1078,1,0,6.010106440000527,6.695822715759277,0.10681959870573762,1.5636564973112825
20,6,155981,0,42200272,0.0006759557019385474,610,608,2,0,3.400162629000988,6.69120979309082,0.11141670377630937,1.4006692986739309
20,7,438907,1,42200273,0.0006759557019385474,1715,1713,2,0,9.647163546998854,6.704305648803711,0.09087822998189397,1.487561227561296
20,8,563122,1,42200274,0.0006759557019385474,2200,2197,3,0,12.856009892000657,6.7095417976379395,0.06662913805580052,1.1895692501493513
20,9,671047,0,42200275,0.0006759557019385474,2622,2620,2,0,15.553128596000533,6.713615894317627,0.05051169359046994,1.0030230573115457
20,10,559874,1,42200276,0.0006759557019385474,2188,2185,3,0,12.864981844000795,6.709397315979004,0.058659010129880576,1.1031625429061784
20,11,277765,0,42200277,0.0006759557019385474,1086,1084,2,0,6.1108287689985445,6.695899486541748,0.08088570063404492,1.1933835863627191
20,12,344014,0,42200278,0.0006759557019385474,1344,1341,3,0,7.602691824999056,6.698883533477783,0.09630707037439994,1.416186760113721
20,13,872271,0,42200279,0.0006759557019385474,3408,3404,4,0,19.329273795001427,6.72271203994751,0.06008697760791532,1.059747249903606
20,14,353613,1,42200280,0.0006759557019385474,1382,1380,2,0,7.720043002000239,6.701031684875488,0.09429163172625113,1.353140037647192
20,15,392479,0,42200281,0.0006759557019385474,1534,1533,1,0,8.614009286999135,6.701803207397461,0.07826926174773473,1.1517522703644814
20,16,509253,0,42200282,0.0006759557019385474,1990,1987,3,0,11.640408986999319,6.70632791519165,0.06907362762742986,1.2064169051962759
20,17,384412,0,42200283,0.0006759557019385474,1502,1501,1,0,8.540172381000957,6.701499938964844,0.0534671323447129,0.9381164510118255
20,18,629973,0,42200284,0.0006759557019385474,2461,2460,1,0,15.263604505998956,6.712520122528076,0.0518645899082587,0.9625489273691565
20,19,621908,1,42200285,0.0006759557019385474,2430,2429,1,0,14.73168726699987,6.712190628051758,0.05290482867740711,0.8782581566488267
20,20,801121,0,42200286,0.0006759557019385474,3130,3126,4,0,18.52679042300042,6.719473838806152,0.03401179932968325,0.7776528698316538
20,21,384660,1,42200287,0.0006759557019385474,1503,1501,2,0,8.580523829999947,6.701502799987793,0.061410892494196574,1.0075383500843187
20,22,355766,1,42200288,0.0006759557019385474,1390,1388,2,0,8.013897009001084,6.70106315612793,0.10870565804693129,1.4950886927008284
20,23,360226,0,42200289,0.0006759557019385474,1408,1404,4,0,7.782333281000319,6.699612617492676,0.05902930474349236,1.0825899564302885
20,24,338512,0,42200290,0.0006759557019385474,1323,1320,3,0,7.571187744000781,6.698635578155518,0.08945202682957505,1.4746502500591856
20,25,185941,0,42200291,0.0006759557019385474,727,726,1,0,4.022928125999897,6.692964553833008,0.09549993719936402,1.230134149556646
20,26,561149,0,42200292,0.0006759557019385474,2192,2189,3,0,12.857254721999197,6.7086639404296875,0.06907444688597461,1.1854004352372658
20,27,372819,0,42200293,0.0006759557019385474,1457,1456,1,0,8.573776176999672,6.701064586639404,0.06810653602683937,1.0759972373207847
20,28,107522,1,42200294,0.0006759557019385474,421,419,2,0,2.291904842000804,6.689067363739014,0.12736551289342185,1.5209041768440483
20,29,284527,1,42200295,0.0006759557019385474,1112,1111,1,0,6.3060528409987455,6.69753360748291,0.08021342829473377,1.261153556761926
20,30,1333839,0,42200296,0.0006759557019385474,5211,5208,3,0,30.20249794299889,6.743468761444092,0.04210507558421239,0.7941203549527169
20,31,427651,1,42200297,0.0006759557019385474,1671,1668,3,0,9.967794766000225,6.703967571258545,0.08274586995442708,1.3194869885341727
20,32,648608,0,42200298,0.0006759557019385474,2534,2532,2,0,14.741986017999807,6.712804317474365,0.02338305167488954,0.4899978517167753
20,33,428065,0,42200299,0.0006759557019385474,1673,1670,3,0,9.574551584000801,6.703141689300537,0.09007349985088417,1.6737010841598055
20,34,375085,0,42200300,0.0006759557019385474,1466,1463,3,0,8.307547259000785,6.7011494636535645,0.09730584020086616,1.534208056540499
20,35,882461,0,42200301,0.0006759557019385474,3448,3446,2,0,19.629655951999666,6.723137378692627,0.033635246290139385,0.682429441517339
20,36,569144,0,42200302,0.0006759557019385474,2224,2223,1,0,13.233874485000342,6.709024429321289,0.03501841639056701,0.5716127163110098
20,37,314555,0,42200303,0.0006759557019385474,1229,1227,2,0,6.913083252000433,6.697554588317871,0.09285573174337497,1.4715816929948553
20,38,436745,0,42200304,0.0006759557019385474,1707,1703,4,0,9.668015795999963,6.703468322753906,0.07412293681101595,1.25265572817271
20,39,261664,0,42200305,0.0006759557019385474,1023,1021,2,0,5.687151083000572,6.6951727867126465,0.10098230733693989,1.3499342183291503
20,40,638454,1,42200306,0.0006759557019385474,2494,2492,2,0,15.164582223000252,6.712934970855713,0.040649193630555275,0.7861165495209671
20,41,398139,1,42200307,0.0006759557019385474,1556,1555,1,0,8.789424175998647,6.70307731628418,0.08823490449469956,1.3517386580586817
20,42,242816,0,42200308,0.0006759557019385474,949,947,2,0,5.454199839001376,6.694367408752441,0.09643556298776564,1.5011945359935983
20,43,323428,0,42200309,0.0006759557019385474,1264,1263,1,0,7.069310097000198,6.697955131530762,0.1100120876671677,1.5370218091226246
20,44,451037,0,42200310,0.0006759557019385474,1762,1760,2,0,10.084580292999817,6.704004764556885,0.05674318833784624,0.9754144148393111
20,45,265076,0,42200311,0.0006759557019385474,1036,1034,2,0,5.856979247000709,6.695326805114746,0.07508839029869212,1.1617685461874396
20,46,266508,1,42200312,0.0006759557019385474,1042,1039,3,0,5.849138159001086,6.697124481201172,0.1039410647115992,1.3736791968689845
20,47,506010,0,42200313,0.0006759557019385474,1977,1974,3,0,11.442941215000246,6.706181049346924,0.0979385066781242,1.6538863872926166
20,48,303421,0,42200314,0.0006759557019385474,1186,1184,2,0,6.556541027001003,6.697052955627441,0.09716544924555598,1.571782704946157
20,49,209704,0,42200315,0.0006759557019385474,820,817,3,0,4.789968670000235,6.693503379821777,0.1896676258474698,2.2632916192529833
20,50,548954,1,42200316,0.0006759557019385474,2145,2143,2,0,12.729379080001308,6.708904266357422,0.08062439392061363,1.418159004243467
20,51,554220,0,42200317,0.0006759557019385474,2165,2164,1,0,12.84928432200104,6.708352088928223,0.06098898501581273,1.0093158150776917
20,52,239391,0,42200318,0.0006759557019385474,936,934,2,0,5.227083596999364,6.694264888763428,0.08351982329080651,1.4868464663911938
20,53,490494,0,42200319,0.0006759557019385474,1916,1913,3,0,10.915408584998659,6.705489158630371,0.06575950626546777,1.2192408336872713
20,54,160756,1,42200320,0.0006759557019385474,628,626,2,0,3.501229584999237,6.694826126098633,0.08135539045729957,1.277009031643121
20,55,166616,1,42200321,0.0006759557019385474,651,649,2,0,3.6312648250004713,6.694218158721924,0.07977682857190148,1.324102322382993
20,56,349089,1,42200322,0.0006759557019385474,1364,1364,0,0,7.737138780999885,6.699900150299072,0.05664028939613499,0.9282584539956011
20,57,813153,1,42200323,0.0006759557019385474,3177,3175,2,0,18.80166519999875,6.721647262573242,0.035671999473271404,0.7231180794783465
20,58,309917,0,42200324,0.0006759557019385474,1211,1209,2,0,6.7696464260006906,6.697347164154053,0.12538670744158395,1.7672552293346775
20,59,355009,0,42200325,0.0006759557019385474,1387,1385,2,0,7.8652514839996,6.6993794441223145,0.06539848685694946,1.0489561886563628
20,60,340859,1,42200326,0.0006759557019385474,1332,1330,2,0,7.60265309100032,6.69952917098999,0.11338141878744713,1.7927183681860903
20,61,436143,1,42200327,0.0006759557019385474,1704,1702,2,0,9.552602030998969,6.704222679138184,0.10129391124469833,1.526438478857594
20,62,352452,0,42200328,0.0006759557019385474,1377,1376,1,0,7.770235703999788,6.699264049530029,0.07874129539312319,1.1501711468363918
20,63,241000,1,42200329,0.0006759557019385474,942,941,1,0,5.176769413001239,6.695031642913818,0.10617513788367179,1.3427293313297024
20,64,757931,1,42200330,0.0006759557019385474,2961,2959,2,0,17.170325663999392,6.7186198234558105,0.06307209371996715,1.1115223483968402
20,65,667452,1,42200331,0.0006759557019385474,2608,2607,1,0,15.975176627998735,6.7147088050842285,0.03864633950137251,0.7701056875119869
20,66,373491,1,42200332,0.0006759557019385474,1459,1457,2,0,8.322634860000107,6.701327323913574,0.09267330758769625,1.4008608931290751
20,67,255796,1,42200333,0.0006759557019385474,1000,999,1,0,5.870104481000453,6.69569730758667,0.0618971441839789,0.8693458473121559
20,68,187780,1,42200334,0.0006759557019385474,734,732,2,0,4.171817524000289,6.69293212890625,0.12482511801797835,1.5357124036778518
20,69,162407,0,42200335,0.0006759557019385474,635,632,3,0,3.5330725140011054,6.691255569458008,0.11509885667245599,1.5836736944657337
20,70,235355,0,42200336,0.0006759557019385474,920,918,2,0,5.355380945999059,6.694142818450928,0.08878649709531165,1.3177584646054603
20,71,323052,1,42200337,0.0006759557019385474,1262,1259,3,0,7.077580338000189,6.698727130889893,0.0837061596446988,1.2824427791774227
20,72,98180,0,42200338,0.0006759557019385474,384,382,2,0,2.106615648001025,6.689414024353027,0.16385398984579516,1.727098235285095
20,73,262450,1,42200339,0.0006759557019385474,1026,1025,1,0,5.663211588000195,6.695997714996338,0.09403711830697409,1.204614972370427
20,74,603827,0,42200340,0.0006759557019385474,2359,2357,2,0,13.89992471000005,6.7105865478515625,0.08481594987172518,1.4363542895828914
20,75,236083,1,42200341,0.0006759557019385474,923,922,1,0,5.3914444530000765,6.694809436798096,0.05992009789721309,0.9612951713115171
20,76,441814,0,42200342,0.0006759557019385474,1726,1723,3,0,9.59992178399989,6.703657627105713,0.1296964657562663,1.677480740804556
20,77,648680,1,42200343,0.0006759557019385474,2534,2533,1,0,14.888114362000124,6.714289665222168,0.03265749829303969,0.5939224791347957
20,78,881094,1,42200344,0.0006759557019385474,3442,3439,3,0,19.41764593300104,6.724201679229736,0.05175041604714534,1.092462209672143
20,79,306166,1,42200345,0.0006759557019385474,1196,1195,1,0,6.615639138999541,6.698023796081543,0.11011504488510068,1.4650770626307532
20,80,661445,0,42200346,0.0006759557019385474,2584,2581,3,0,15.540349781000259,6.7131829261779785,0.06556177268606524,1.1265660566398683
20,81,548725,0,42200347,0.0006759557019385474,2144,2141,3,0,12.650769501999093,6.708104133605957,0.08116368699552633,1.5098676828511794
20,82,313463,1,42200348,0.0006759557019385474,1225,1224,1,0,6.969760107000184,6.6982951164245605,0.07909681906107983,1.1010980543747446
20,83,449860,1,42200349,0.0006759557019385474,1758,1757,1,0,9.74519081300059,6.704637050628662,0.03911927971706922,0.6865567862478656
20,84,381590,1,42200350,0.0006759557019385474,1491,1488,3,0,8.466229401999954,6.701448440551758,0.10320575262910577,1.4627562492124495
20,85,323967,1,42200351,0.0006759557019385474,1266,1265,1,0,7.098058678999223,6.698768138885498,0.09446888799252717,1.2106878589735672
20,86,360767,1,42200352,0.0006759557019385474,1410,1406,4,0,7.881106467000791,6.701137542724609,0.06484315202042863,1.230503217933188
20,87,461848,0,42200353,0.0006759557019385474,1805,1802,3,0,10.195085957999254,6.704411506652832,0.11152534611878728,1.713404377081021
20,88,432222,0,42200354,0.0006759557019385474,1689,1687,2,0,9.449901527999828,6.703297138214111,0.08956609792658472,1.4956781175903973
20,89,296592,1,42200355,0.0006759557019385474,1159,1156,3,0,6.574445514001127,6.697807312011719,0.1065708015204301,1.5578816027789792
20,90,479627,1,42200356,0.0006759557019385474,1874,1872,2,0,10.495663147999949,6.706655979156494,0.0735320800389999,1.155412853273571
20,91,587269,1,42200357,0.0006759557019385474,2295,2292,3,0,13.830156227999396,6.710631370544434,0.10757163349038436,1.526356003047284
20,92,206676,0,42200358,0.0006759557019385474,808,807,1,0,4.464836144999936,6.693434715270996,0.12114417774526604,1.736102136094331
20,93,217421,1,42200359,0.0006759557019385474,850,848,2,0,4.975453979999656,6.694046497344971,0.0960844507757223,1.3758398092017983
20,94,885169,1,42200360,0.0006759557019385474,3458,3457,1,0,19.793272525001157,6.724354267120361,0.02327741513129497,0.5260808148548235
20,95,295224,0,42200361,0.0006759557019385474,1154,1152,2,0,6.669265295000514,6.696683883666992,0.08264211813608806,1.3218478096856012
20,96,547304,1,42200362,0.0006759557019385474,2138,2137,1,0,12.626138937001087,6.7088303565979,0.06174942038022418,0.9910127231881727
20,97,428994,1,42200363,0.0006759557019385474,1676,1674,2,0,9.607880638999632,6.70400857925415,0.08066330958723025,1.181140822179286
20,98,276358,1,42200364,0.0006759557019385474,1080,1079,1,0,6.005693438999515,6.697348594665527,0.09721931690855971,1.3491628397604842
20,99,491272,1,42200365,0.0006759557019385474,1920,1918,2,0,11.151192155999524,6.7069220542907715,0.08645626700583289,1.409439866560219
21,0,926214,1,42210273,0.000645841155382361,3619,3615,4,0,20.566199049000716,6.725897789001465,0.04918671709538166,0.9765141446230982
21,1,209678,1,42210274,0.000645841155382361,820,817,3,0,4.568577478999941,6.693755149841309,0.09979060346960583,1.531570789425872
21,2,509018,1,42210275,0.000645841155382361,1989,1987,2,0,11.555125834000137,6.707324028015137,0.11919987087700916,1.6329389321606065
21,3,411880,0,42210276,0.000645841155382361,1609,1608,1,0,8.829147341999487,6.702532768249512,0.09085474915765411,1.3815790432602613
21,4,457865,1,42210277,0.000645841155382361,1789,1787,2,0,10.030552071000784,6.704878330230713,0.12501424267496153,1.7669252161880946
21,5,276084,0,42210278,0.000645841155382361,1079,1078,1,0,5.944977213001039,6.695822715759277,0.10527498602645959,1.5931896995303803
21,6,155981,0,42210279,0.000645841155382361,610,608,2,0,3.5124580040010187,6.69120979309082,0.11035822567186858,1.4263506437602795
21,7,438907,1,42210280,0.000645841155382361,1715,1713,2,0,9.733612287000142,6.704305648803711,0.08934663237011092,1.476052555367046
21,8,563122,1,42210281,0.000645841155382361,2200,2198,2,0,12.495640942001046,6.7095417976379395,0.0652998906032295,1.176814127011772
21,9,671047,0,42210282,0.000645841155382361,2622,2620,2,0,15.095763610999711,6.713615894317627,0.05042403708887464,1.0116507260854009
21,10,559874,1,42210283,0.000645841155382361,2188,2184,4,0,12.754094044999874,6.709397315979004,0.057639261741777914,1.1023572984632555
21,11,277765,0,42210284,0.000645841155382361,1086,1084,2,0,6.01336777600045,6.695899486541748,0.07999018285547235,1.2049218209467252
21,12,344014,0,42210285,0.000645841155382361,1344,1341,3,0,7.563176276000377,6.698883533477783,0.09718706214899096,1.4288513047049776
21,13,872271,0,42210286,0.000645841155382361,3408,3405,3,0,18.951253193999946,6.72271203994751,0.05993318039590217,1.0756139724440161
21,14,353613,1,42210287,0.000645841155382361,1382,1380,2,0,7.900383544998476,6.701031684875488,0.0919502590013587,1.3568929921025816
21,15,392479,0,42210288,0.000645841155382361,1534,1533,1,0,8.57921218699994,6.701803207397461,0.07665465691473775,1.1344917829878098
21,16,509253,0,42210289,0.000645841155382361,1990,1988,2,0,11.579021101999388,6.70632791519165,0.06849836967360805,1.2266191140986544
21,17,384412,0,42210290,0.000645841155382361,1502,1501,1,0,8.50339326500034,6.701499938964844,0.052420842973174134,0.9478821573378164
21,18,629973,0,42210291,0.000645841155382361,2461,2459,2,0,14.452598850000868,6.712520122528076,0.050966499393768745,0.9768230225701505
21,19,621908,1,42210292,0.000645841155382361,2430,2429,1,0,13.969552626000223,6.712190628051758,0.05293446050449967,0.888969688368413
21,20,801121,0,42210293,0.000645841155382361,3130,3127,3,0,17.63539780499923,6.719473838806152,0.03321814956396656,0.7692384686300767
21,21,384660,1,42210294,0.000645841155382361,1503,1502,1,0,8.610925289000079,6.701502799987793,0.060150989679775925,0.989011721350699
21,22,355766,1,42210295,0.000645841155382361,1390,1388,2,0,7.8236381480001,6.70106315612793,0.10776550556809483,1.483466860196776
21,23,360226,0,42210296,0.000645841155382361,1408,1405,3,0,7.99171616500098,6.699612617492676,0.05737781999798432,1.0743993793093862
21,24,338512,0,42210297,0.000645841155382361,1323,1320,3,0,7.468061399000362,6.698635578155518,0.08770722475918856,1.4995023785215436
21,25,185941,0,42210298,0.000645841155382361,727,727,0,0,4.026862798000366,6.692964553833008,0.09460696885477562,1.2474018500956414
21,26,561149,0,42210299,0.000645841155382361,2192,2189,3,0,12.598603730999457,6.7086639404296875,0.06882447181307817,1.2037860422496003
21,27,372819,0,42210300,0.000645841155382361,1457,1456,1,0,8.24756723200153,6.701064586639404,0.06747575382609944,1.1039286183786916
21,28,107522,1,42210301,0.000645841155382361,421,419,2,0,2.358875961999729,6.689067363739014,0.1244560096030588,1.5309225369182577
21,29,284527,1,42210302,0.000645841155382361,1112,1111,1,0,6.177735118999408,6.69753360748291,0.0790818400687725,1.2631166803203757
21,30,1333839,0,42210303,0.000645841155382361,5211,5208,3,0,29.27983973099981,6.743468761444092,0.041584984681207096,0.7963672175019201
21,31,427651,1,42210304,0.000645841155382361,1671,1668,3,0,9.326208132999454,6.703967571258545,0.08221255332160053,1.3283823136803057
21,32,648608,0,42210305,0.000645841155382361,2534,2532,2,0,14.549184329000127,6.712804317474365,0.02342105250787961,0.5009513963455272
21,33,428065,0,42210306,0.000645841155382361,1673,1670,3,0,9.538193256999875,6.703141689300537,0.09003248386040419,1.7113978585797156
21,34,375085,0,42210307,0.000645841155382361,1466,1463,3,0,8.218365387998347,6.7011494636535645,0.09670180909371262,1.5564460467575187
21,35,882461,0,42210308,0.000645841155382361,3448,3445,3,0,19.011256523001066,6.723137378692627,0.03225964461770909,0.683257693441582
21,36,569144,0,42210309,0.000645841155382361,2224,2223,1,0,12.305902411999341,6.709024429321289,0.034152001343597124,0.5792420284736279
21,37,314555,0,42210310,0.000645841155382361,1229,1227,2,0,7.064095707999513,6.697554588317871,0.09279010154021496,1.481359355898533
21,38,436745,0,42210311,0.000645841155382361,1707,1703,4,0,9.636716789000275,6.703468322753906,0.07206266876955418,1.2690552976365237
21,39,261664,0,42210312,0.000645841155382361,1023,1021,2,0,5.6346185309994326,6.6951727867126465,0.10023432777397313,1.3658538130891895
21,40,638454,1,42210313,0.000645841155382361,2494,2492,2,0,14.501390143999743,6.712934970855713,0.03990350297710486,0.7977485473044994
21,41,398139,1,42210314,0.000645841155382361,1556,1554,2,0,8.638750133999565,6.70307731628418,0.08737763904389881,1.3542274661659428
21,42,242816,0,42210315,0.000645841155382361,949,947,2,0,5.5857655630006775,6.694367408752441,0.09318872792164401,1.4849085258959214
21,43,323428,0,42210316,0.000645841155382361,1264,1263,1,0,7.366239944998597,6.697955131530762,0.10924307127746437,1.5292070861478126
21,44,451037,0,42210317,0.000645841155382361,1762,1760,2,0,10.07295922099911,6.704004764556885,0.05608629313382235,0.9758295926180753
21,45,265076,0,42210318,0.000645841155382361,1036,1034,2,0,6.167211058998873,6.695326805114746,0.07330633639366992,1.1442476785390474
21,46,266508,1,42210319,0.000645841155382361,1042,1040,2,0,6.068635522000477,6.697124481201172,0.10420896823589619,1.379757103553185
21,47,506010,0,42210320,0.000645841155382361,1977,1975,2,0,11.131629771000007,6.706181049346924,0.09640098861501187,1.6442637460443037
21,48,303421,0,42210321,0.000645841155382361,1186,1184,2,0,6.651312050000342,6.697052955627441,0.09756937542477169,1.5808582821407833
21,49,209704,0,42210322,0.000645841155382361,820,818,2,0,4.665971348000312,6.693503379821777,0.1889779573547811,2.267485900729676
21,50,548954,1,42210323,0.000645841155382361,2145,2142,3,0,12.025328511001135,6.708904266357422,0.07951805193105888,1.4169918455663515
21,51,554220,0,42210324,0.000645841155382361,2165,2163,2,0,12.357815607001612,6.708352088928223,0.06042888921772061,1.0068350345295884
21,52,239391,0,42210325,0.000645841155382361,936,934,2,0,5.322655953999856,6.694264888763428,0.08279306219783024,1.516520661511309
21,53,490494,0,42210326,0.000645841155382361,1916,1913,3,0,10.681219758000225,6.705489158630371,0.06566250966097507,1.2116214255668454
21,54,160756,1,42210327,0.000645841155382361,628,626,2,0,3.595054377999986,6.694826126098633,0.07996601190049046,1.2507805869983026
21,55,166616,1,42210328,0.000645841155382361,651,648,3,0,3.7499482389994228,6.694218158721924,0.08311629001005197,1.3827939445589796
21,56,349089,1,42210329,0.000645841155382361,1364,1363,1,0,7.802252384000894,6.699900150299072,0.056040360135185485,0.9424395039950936
21,57,813153,1,42210330,0.000645841155382361,3177,3175,2,0,17.874119787999007,6.721647262573242,0.03513589934101255,0.7105830923966535
21,58,309917,0,42210331,0.000645841155382361,1211,1209,2,0,6.915743803998339,6.697347164154053,0.12103780110677083,1.7440053278794458
21,59,355009,0,42210332,0.000645841155382361,1387,1386,1,0,7.848349073001373,6.6993794441223145,0.06366713772948514,1.0588008115473935
21,60,340859,1,42210333,0.000645841155382361,1332,1330,2,0,7.475055352000709,6.69952917098999,0.11090461903048637,1.786884141506109
21,61,436143,1,42210334,0.000645841155382361,1704,1701,3,0,9.576203010999961,6.704222679138184,0.09841398657384443,1.4940006854883157
21,62,352452,0,42210335,0.000645841155382361,1377,1376,1,0,7.697055313999954,6.699264049530029,0.07796915741853935,1.1491949391919514
21,63,241000,1,42210336,0.000645841155382361,942,941,1,0,5.387698101998467,6.695031642913818,0.1057730014975342,1.3537067084966126
21,64,757931,1,42210337,0.000645841155382361,2961,2959,2,0,16.441293347999817,6.7186198234558105,0.061832496305300036,1.1380650300196435
21,65,667452,1,42210338,0.000645841155382361,2608,2607,1,0,14.799243020001086,6.7147088050842285,0.03864053624500294,0.770670619740722
21,66,373491,1,42210339,0.000645841155382361,1459,1457,2,0,8.324144715999864,6.701327323913574,0.09203151684553557,1.3768196603412406
21,67,255796,1,42210340,0.000645841155382361,1000,999,1,0,5.895736709999255,6.69569730758667,0.06174246756522147,0.8779367746652903
21,68,187780,1,42210341,0.000645841155382361,734,732,2,0,4.023967428000105,6.69293212890625,0.12387770772631702,1.548402213008026
21,69,162407,0,42210342,0.000645841155382361,635,633,2,0,3.6276952129992424,6.691255569458008,0.11649668423862065,1.5696769822830272
21,70,235355,0,42210343,0.000645841155382361,920,919,1,0,5.163320621999446,6.694142818450928,0.08721536132015523,1.3032683495987487
21,71,323052,1,42210344,0.000645841155382361,1262,1259,3,0,7.353882731998965,6.698727130889893,0.08194344833410383,1.2775201168772339
21,72,98180,0,42210345,0.000645841155382361,384,382,2,0,2.154459510000379,6.689414024353027,0.1584206825775626,1.698328787119601
21,73,262450,1,42210346,0.000645841155382361,1026,1024,2,0,5.711938162001388,6.695997714996338,0.09382990747690201,1.2209579944610596
21,74,603827,0,42210347,0.000645841155382361,2359,2357,2,0,13.192032799999652,6.7105865478515625,0.08244725754567511,1.4349202094161009
21,75,236083,1,42210348,0.000645841155382361,923,921,2,0,5.123727162999785,6.694809436798096,0.059835133671631124,0.9582863475290105
21,76,441814,0,42210349,0.000645841155382361,1726,1723,3,0,9.788217683999392,6.703657627105713,0.12897630936173735,1.6811687803794255
21,77,648680,1,42210350,0.000645841155382361,2534,2533,1,0,14.129222556999594,6.714289665222168,0.0320149574927365,0.5947276227237959
21,78,881094,1,42210351,0.000645841155382361,3442,3439,3,0,19.177057568998862,6.724201679229736,0.05028005268865631,1.081880179558011
21,79,306166,1,42210352,0.000645841155382361,1196,1195,1,0,6.7833375459995295,6.698023796081543,0.11022117965889774,1.4978117236532427
21,80,661445,0,42210353,0.000645841155382361,2584,2582,2,0,14.147229222999158,6.7131829261779785,0.0649659609628407,1.1439656228819712
21,81,548725,0,42210354,0.000645841155382361,2144,2142,2,0,12.40499294700021,6.708104133605957,0.0794063179878071,1.4790980519812091
21,82,313463,1,42210355,0.000645841155382361,1225,1224,1,0,7.13566173000072,6.6982951164245605,0.07827417211594924,1.1268420250587214
21,83,449860,1,42210356,0.000645841155382361,1758,1757,1,0,10.10168235600031,6.704637050628662,0.03765691541173476,0.690995851971578
21,84,381590,1,42210357,0.000645841155382361,1491,1488,3,0,8.463149577000877,6.701448440551758,0.10285951757943758,1.487925539734543
21,85,323967,1,42210358,0.000645841155382361,1266,1265,1,0,7.165067330999591,6.698768138885498,0.0937449398719275,1.2235961431571147
21,86,360767,1,42210359,0.000645841155382361,1410,1406,4,0,7.905661156999486,6.701137542724609,0.06544691604028216,1.2137085655505424
21,87,461848,0,42210360,0.000645841155382361,1805,1802,3,0,10.296750094001254,6.704411506652832,0.11074225354803256,1.7365348722773308
21,88,432222,0,42210361,0.000645841155382361,1689,1686,3,0,9.351823261999016,6.703297138214111,0.08787267827478593,1.495184956072064
21,89,296592,1,42210362,0.000645841155382361,1159,1156,3,0,6.687604229000499,6.697807312011719,0.10595037202934081,1.5764444212600022
21,90,479627,1,42210363,0.000645841155382361,1874,1872,2,0,10.710597979999875,6.706655979156494,0.07306416829427083,1.2007210234291532
21,91,587269,1,42210364,0.000645841155382361,2295,2292,3,0,12.611625519999507,6.710631370544434,0.10710610061831916,1.5358517099217386
21,92,206676,0,42210365,0.000645841155382361,808,807,1,0,4.4375026899997465,6.693434715270996,0.12277562024424954,1.7410710179968247
21,93,217421,1,42210366,0.000645841155382361,850,848,2,0,4.844710082999882,6.694046497344971,0.09511220680092866,1.3744416146908167
21,94,885169,1,42210367,0.000645841155382361,3458,3456,2,0,19.189566913999442,6.724354267120361,0.02290176683002048,0.5291252842655888
21,95,295224,0,42210368,0.000645841155382361,1154,1151,3,0,6.611286035000376,6.696683883666992,0.08240501079012476,1.3149691928893354
21,96,547304,1,42210369,0.000645841155382361,2138,2137,1,0,12.408895465001478,6.7088303565979,0.06044008489741753,1.0042257920346864
21,97,428994,1,42210370,0.000645841155382361,1676,1674,2,0,9.568409998999414,6.70400857925415,0.07891445547306694,1.2120364244978346
21,98,276358,1,42210371,0.000645841155382361,1080,1079,1,0,6.043301286001224,6.697348594665527,0.09532664018830732,1.344849537875058
21,99,491272,1,42210372,0.000645841155382361,1920,1917,3,0,10.69963927400022,6.7069220542907715,0.08561767832836137,1.4221102257351983
22,0,926214,1,42220280,0.0006151478623083757,3619,3616,3,0,20.241205949998403,6.725897789001465,0.048160101460144586,0.9686592574668141
22,1,209678,0,42220281,0.0006151478623083757,820,817,3,0,4.565834648999953,6.693502902984619,0.09839016600367197,1.5846558364251837
22,2,509018,1,42220282,0.0006151478623083757,1989,1987,2,0,11.34658330899947,6.707324028015137,0.11895441708999119,1.6544084400163563
22,3,411880,0,42220283,0.0006151478623083757,1609,1608,1,0,9.171233694998591,6.702532768249512,0.0895183145703368,1.3841393314190764
22,4,457865,1,42220284,0.0006151478623083757,1789,1787,2,0,10.059495760000573,6.704878330230713,0.12341229183152193,1.8344538026371013
22,5,276084,0,42220285,0.0006151478623083757,1079,1077,2,0,6.00467167700117,6.695822715759277,0.10600323973702631,1.5653649686992224
22,6,155981,1,42220286,0.0006151478623083757,610,608,2,0,3.4539695199982816,6.691887378692627,0.1116337776184082,1.4472939340691817
22,7,438907,1,42220287,0.0006151478623083757,1715,1714,1,0,9.579355730000316,6.704305648803711,0.08852357096544085,1.484749757283766
22,8,563122,1,42220288,0.0006151478623083757,2200,2197,3,0,12.477946933999192,6.7095417976379395,0.06493250239584519,1.1919312023497952
22,9,671047,0,42220289,0.0006151478623083757,2622,2620,2,0,14.917239008998877,6.713615894317627,0.04949635512956226,1.0195655415076337
22,10,559874,1,42220290,0.0006151478623083757,2188,2184,4,0,12.453988115999891,6.709397315979004,0.05762946300017528,1.1332586379278273
22,11,277765,0,42220291,0.0006151478623083757,1086,1084,2,0,6.193834392001008,6.695899486541748,0.07954046383115199,1.2511355692170203
22,12,344014,0,42220292,0.0006151478623083757,1344,1341,3,0,7.69553418599935,6.698883533477783,0.09605290514599646,1.408884570458147
22,13,872271,0,42220293,0.0006151478623083757,3408,3405,3,0,19.59005259800142,6.72271203994751,0.058794332495870044,1.0980850197320118
22,14,353613,1,42220294,0.0006151478623083757,1382,1380,2,0,7.824561261000781,6.701031684875488,0.09086706189141758,1.3699316052423007
22,15,392479,0,42220295,0.0006151478623083757,1534,1533,1,0,8.689285345999451,6.701803207397461,0.07621169914549189,1.1430674414189905
22,16,509253,0,42220296,0.0006151478623083757,1990,1987,3,0,11.895142619998296,6.70632791519165,0.06781624811764753,1.248379112669854
22,17,384412,0,42220297,0.0006151478623083757,1502,1501,1,0,8.502751871999862,6.701499938964844,0.05096754243102255,0.9413106919605679
22,18,629973,0,42220298,0.0006151478623083757,2461,2459,2,0,13.609020993999366,6.712520122528076,0.050108969720605426,0.9981587686496035
22,19,621908,1,42220299,0.0006151478623083757,2430,2429,1,0,13.675374865999402,6.712190628051758,0.051648315454815186,0.8846021945116302
22,20,801121,0,42220300,0.0006151478623083757,3130,3126,4,0,17.566779586000848,6.719473838806152,0.032329334788648884,0.7776077280270314
22,21,384660,1,42220301,0.0006151478623083757,1503,1502,1,0,8.555059496999093,6.701502799987793,0.060575172840834614,1.0036964873658039
22,22,355766,1,42220302,0.0006151478623083757,1390,1388,2,0,8.050872407000497,6.70106315612793,0.10766002424168655,1.4967964458190741
22,23,360226,0,42220303,0.0006151478623083757,1408,1404,4,0,7.743133111998759,6.699612617492676,0.05783843450736456,1.0940922142094016
22,24,338512,0,42220304,0.0006151478623083757,1323,1320,3,0,7.36163660999955,6.698635578155518,0.08729134183941466,1.5074589584812974
22,25,185941,0,42220305,0.0006151478623083757,727,727,0,0,4.493961922000381,6.692964553833008,0.09409831806586894,1.2448890822461744
22,26,561149,0,42220306,0.0006151478623083757,2192,2189,3,0,12.287952325999868,6.7086639404296875,0.06692571801211313,1.2098259853957287
22,27,372819,0,42220307,0.0006151478623083757,1457,1456,1,0,8.269694987999173,6.701064586639404,0.06589235578264509,1.098054403787131
22,28,107522,1,42220308,0.0006151478623083757,421,418,3,0,2.360380324000289,6.689067363739014,0.12525101255572013,1.571182616019363
22,29,284527,1,42220309,0.0006151478623083757,1112,1111,1,0,6.3510186780004005,6.69753360748291,0.07722380438117053,1.2615639371554344
22,30,1333839,0,42220310,0.0006151478623083757,5211,5208,3,0,29.146604751000268,6.743468761444092,0.040810076688658076,0.8044115760908698
22,31,427651,1,42220311,0.0006151478623083757,1671,1668,3,0,9.553001239000878,6.703967571258545,0.08069133072448291,1.3297271362597423
22,32,648608,0,42220312,0.0006151478623083757,2534,2532,2,0,13.962504634999277,6.712804317474365,0.023599775293238732,0.509674554375864
22,33,428065,0,42220313,0.0006151478623083757,1673,1670,3,0,9.679519654000615,6.703141689300537,0.08891960646577939,1.742113380660554
22,34,375085,0,42220314,0.0006151478623083757,1466,1464,2,0,8.242814754001301,6.7011494636535645,0.09601169857171064,1.5626732664681524
22,35,882461,0,42220315,0.0006151478623083757,3448,3446,2,0,19.346592163001333,6.723137378692627,0.032248602727091874,0.6992945568684706
22,36,569144,0,42220316,0.0006151478623083757,2224,2223,1,0,12.259175857001537,6.709024429321289,0.033881746430253316,0.5905324066752418
22,37,314555,0,42220317,0.0006151478623083757,1229,1227,2,0,7.114332439001373,6.697554588317871,0.09189930910391834,1.5217699021368174
22,38,436745,0,42220318,0.0006151478623083757,1707,1703,4,0,9.575269749000654,6.703468322753906,0.07097405317735477,1.2714840882817087
22,39,261664,0,42220319,0.0006151478623083757,1023,1021,2,0,5.841920573000607,6.6951727867126465,0.09802354444602794,1.3634762516451395
22,40,638454,1,42220320,0.0006151478623083757,2494,2493,1,0,13.809616991999064,6.712934970855713,0.03916637054945253,0.8036463523647462
22,41,398139,1,42220321,0.0006151478623083757,1556,1555,1,0,8.865130762998888,6.70307731628418,0.08511690096839832,1.3505069646804662
22,42,242816,0,42220322,0.0006151478623083757,949,946,3,0,5.662680264000301,6.694367408752441,0.09380413966753517,1.554235478536271
22,43,323428,0,42220323,0.0006151478623083757,1264,1263,1,0,7.181808818999343,6.697955131530762,0.10648811684651499,1.5504998987096694
22,44,451037,0,42220324,0.0006151478623083757,1762,1760,2,0,9.849258788999578,6.704004764556885,0.05565865690057928,0.9929765874689276
22,45,265076,0,42220325,0.0006151478623083757,1036,1034,2,0,5.783473691000836,6.695326805114746,0.07278592166863743,1.1925909459245043
22,46,266508,1,42220326,0.0006151478623083757,1042,1041,1,0,5.904981666000822,6.697124481201172,0.10137916733506319,1.3880255238352546
22,47,506010,0,42220327,0.0006151478623083757,1977,1975,2,0,11.062821306999467,6.706181049346924,0.09513340430923654,1.6518992286392404
22,48,303421,0,42220328,0.0006151478623083757,1186,1183,3,0,6.627780335000352,6.697052955627441,0.09486734836865358,1.573522443602071
22,49,209704,0,42220329,0.0006151478623083757,820,817,3,0,4.774373193000429,6.693503379821777,0.18907899518053856,2.296811350118574
22,50,548954,1,42220330,0.0006151478623083757,2145,2142,3,0,11.94033891899926,6.708904266357422,0.07880296181786517,1.4102826514720472
22,51,554220,0,42220331,0.0006151478623083757,2165,2164,1,0,12.31414188800045,6.708352088928223,0.059288751175575465,1.0225929358970656
22,52,239391,0,42220332,0.0006151478623083757,936,933,3,0,5.4222942529995635,6.694264888763428,0.0797198133069986,1.505954231352157
22,53,490494,0,42220333,0.0006151478623083757,1916,1913,3,0,10.976242659999116,6.705489158630371,0.06465815750018378,1.2388893681798876
22,54,160756,0,42220334,0.0006151478623083757,628,626,2,0,3.6040644310014613,6.694036960601807,0.07981966402583991,1.269814683225589
22,55,166616,1,42220335,0.0006151478623083757,651,649,2,0,3.8089356259988563,6.694218158721924,0.08003351243875795,1.3427361957097457
22,56,349089,1,42220336,0.0006151478623083757,1364,1363,1,0,8.048105512998518,6.699900150299072,0.05426425052231406,0.9333729845412234
22,57,813153,1,42220337,0.0006151478623083757,3177,3175,2,0,18.188056185999812,6.721647262573242,0.034988477812038635,0.7274072650098425
22,58,309917,0,42220338,0.0006151478623083757,1211,1210,1,0,6.960050329000296,6.697347164154053,0.12036074803880424,1.7646042500645662
22,59,355009,0,42220339,0.0006151478623083757,1387,1386,1,0,7.922631436000302,6.6993794441223145,0.06291690842929856,1.0576211508218345
22,60,340859,1,42220340,0.0006151478623083757,1332,1329,3,0,7.385860069000046,6.69952917098999,0.1089439994863678,1.761841095866253
22,61,436143,1,42220341,0.0006151478623083757,1704,1701,3,0,9.674588817999393,6.704222679138184,0.0995483936666391,1.5306018288874192
22,62,352452,0,42220342,0.0006151478623083757,1377,1376,1,0,7.984649329000604,6.699264049530029,0.07774467246476995,1.1657608387082121
22,63,241000,1,42220343,0.0006151478623083757,942,941,1,0,5.5121667189996515,6.695031642913818,0.10333474105526866,1.352675143007771
22,64,757931,1,42220344,0.0006151478623083757,2961,2959,2,0,16.676193106999563,6.7186198234558105,0.060945599173403704,1.156245957117058
22,65,667452,1,42220345,0.0006151478623083757,2608,2607,1,0,14.730022525000095,6.7147088050842285,0.03707236351068787,0.7912931980005754
22,66,373491,1,42220346,0.0006151478623083757,1459,1458,1,0,8.480427500999212,6.701327323913574,0.08998086979032707,1.3918976123113855
22,67,255796,1,42220347,0.0006151478623083757,1000,998,2,0,5.949104310000621,6.69569730758667,0.06094899684011578,0.8900598438087112
22,68,187780,1,42220348,0.0006151478623083757,734,732,2,0,4.5070741809995525,6.69293212890625,0.12401806982488581,1.6006009461449795
22,69,162407,0,42220349,0.0006151478623083757,635,633,2,0,3.729187382999953,6.691255569458008,0.1135556309897376,1.5852927257664395
22,70,235355,0,42220350,0.0006151478623083757,920,919,1,0,5.086311327999283,6.694142818450928,0.08542393133352319,1.32900818335997
22,71,323052,1,42220351,0.0006151478623083757,1262,1259,3,0,7.258363856000869,6.698727130889893,0.08058794913924432,1.2862532345239277
22,72,98180,0,42220352,0.0006151478623083757,384,382,2,0,2.169614239999646,6.689414024353027,0.1553320160710999,1.709936171926129
22,73,262450,1,42220353,0.0006151478623083757,1026,1025,1,0,5.956388725999204,6.695997714996338,0.09121866365758384,1.2229776819740854
22,74,603827,0,42220354,0.0006151478623083757,2359,2357,2,0,13.065629960001388,6.7105865478515625,0.08201487771423883,1.4548363667400297
22,75,236083,1,42220355,0.0006151478623083757,923,922,1,0,5.1058784519991605,6.694809436798096,0.05894002686870848,0.9998110028513083
22,76,441814,0,42220356,0.0006151478623083757,1726,1723,3,0,9.680402797999704,6.703657627105713,0.12732316170469385,1.692846438805862
22,77,648680,1,42220357,0.0006151478623083757,2534,2532,2,0,13.785910258000513,6.714289665222168,0.031619410944210974,0.5958881106986819
22,78,881094,1,42220358,0.0006151478623083757,3442,3439,3,0,19.36666712400074,6.724201679229736,0.050153452215169744,1.0923968262712636
22,79,306166,1,42220359,0.0006151478623083757,1196,1195,1,0,6.777770695000072,6.698023796081543,0.10855689906674948,1.5382717499673118
22,80,661445,0,42220360,0.0006151478623083757,2584,2582,2,0,14.15292186500119,6.7131829261779785,0.06410466082607656,1.1579403570693745
22,81,548725,0,42220361,0.0006151478623083757,2144,2142,2,0,12.292998766000892,6.708104133605957,0.07812719407424427,1.5127248327716503
22,82,313463,1,42220362,0.0006151478623083757,1225,1224,1,0,7.097866808000617,6.6982951164245605,0.07742245368708194,1.1261073093788296
22,83,449860,1,42220363,0.0006151478623083757,1758,1757,1,0,9.873536180999508,6.704637050628662,0.038870284417575236,0.7041345638650754
22,84,381590,1,42220364,0.0006151478623083757,1491,1487,4,0,8.27110976699987,6.701448440551758,0.10195086542679788,1.4782406179072798
22,85,323967,1,42220365,0.0006151478623083757,1266,1265,1,0,7.230534719001298,6.698768138885498,0.09298301365064537,1.2233117627532115
22,86,360767,1,42220366,0.0006151478623083757,1410,1406,4,0,7.748612089000744,6.701137542724609,0.06422544237899237,1.2572847151993687
22,87,461848,0,42220367,0.0006151478623083757,1805,1802,3,0,10.138076896000712,6.704411506652832,0.10811693739811667,1.7162573811216704
22,88,432222,0,42220368,0.0006151478623083757,1689,1687,2,0,9.533131457999843,6.703297138214111,0.08682422830144117,1.5075997633558091
22,89,296592,1,42220369,0.0006151478623083757,1159,1156,3,0,6.421902711001167,6.697807312011719,0.10369911325844101,1.6066089880920198
22,90,479627,1,42220370,0.0006151478623083757,1874,1872,2,0,10.753049675999137,6.706655979156494,0.07114522069947332,1.1916318714109242
22,91,587269,1,42220371,0.0006151478623083757,2295,2292,3,0,12.630914278001,6.710631370544434,0.10598588447504227,1.5593127505317408
22,92,206676,1,42220372,0.0006151478623083757,808,807,1,0,4.4974742280010105,6.6936421394348145,0.11827394658009506,1.7370302940094486
22,93,217421,1,42220373,0.0006151478623083757,850,848,2,0,4.96238353300032,6.694046497344971,0.09382530428328605,1.3808903244306456
22,94,885169,1,42220374,0.0006151478623083757,3458,3457,1,0,19.639146648998576,6.724354267120361,0.022287942027300812,0.5420548999312989
22,95,295224,0,42220375,0.0006151478623083757,1154,1151,3,0,6.408928470000319,6.696683883666992,0.0807029797034508,1.3547055719211556
22,96,547304,1,42220376,0.0006151478623083757,2138,2136,2,0,12.918719489000068,6.7088303565979,0.059536941042553616,1.0085659527153559
22,97,428994,1,42220377,0.0006151478623083757,1676,1674,2,0,9.645088073000807,6.70400857925415,0.07775010230863108,1.2491805100526434
22,98,276358,1,42220378,0.0006151478623083757,1080,1079,1,0,6.066646440998738,6.697348594665527,0.09451567585320247,1.3607706064643188
22,99,491272,1,42220379,0.0006151478623083757,1920,1918,2,0,10.736363788000745,6.7069220542907715,0.08379091137517107,1.441641862250717
23,0,926214,1,42230287,0.0005840019480415229,3619,3616,3,0,20.881517730998894,6.725897789001465,0.04721160061591494,0.9728541416404521
23,1,209678,1,42230288,0.0005840019480415229,820,817,3,0,4.840921581000657,6.693755149841309,0.09910386457875134,1.582841814804544
23,2,509018,1,42230289,0.0005840019480415229,1989,1987,2,0,11.15671940500033,6.707324028015137,0.1172167965678276,1.6581990703242955
23,3,411880,0,42230290,0.0005840019480415229,1609,1607,2,0,8.802291220999905,6.702532768249512,0.0896223218973631,1.3880243782086186
23,4,457865,1,42230291,0.0005840019480415229,1789,1787,2,0,9.92701444100021,6.704878330230713,0.12269617047600727,1.8592121485030777
23,5,276084,0,42230292,0.0005840019480415229,1079,1076,3,0,6.124311309000404,6.695822715759277,0.10314692529160738,1.5820279600008713
23,6,155981,0,42230293,0.0005840019480415229,610,608,2,0,3.514331095999296,6.69120979309082,0.10982207248085424,1.4531560195119757
23,7,438907,1,42230294,0.0005840019480415229,1715,1713,2,0,9.952859942999567,6.704305648803711,0.08666868371289861,1.4765801727597783
23,8,563122,1,42230295,0.0005840019480415229,2200,2197,3,0,12.525764485000764,6.7095417976379395,0.06346453326802173,1.1927002953245904
23,9,671047,0,42230296,0.0005840019480415229,2622,2620,2,0,15.072549063999759,6.713615894317627,0.049141052479052365,1.0225275636629294
23,10,559874,1,42230297,0.0005840019480415229,2188,2184,4,0,12.08412721500099,6.709397315979004,0.05710488972646413,1.147109594100561
23,11,277765,0,42230298,0.0005840019480415229,1086,1084,2,0,6.318261911001173,6.695899486541748,0.07716774324649374,1.2471816847685078
23,12,344014,0,42230299,0.0005840019480415229,1344,1341,3,0,7.533130032999907,6.698883533477783,0.09624287194942557,1.4492034570749441
23,13,872271,0,42230300,0.0005840019480415229,3408,3405,3,0,19.347014467000918,6.72271203994751,0.05788710001806856,1.0875641720585536
23,14,353613,1,42230301,0.0005840019480415229,1382,1379,3,0,7.712964718999501,6.701031684875488,0.0918737664613454,1.397547068329632
23,15,392479,0,42230302,0.0005840019480415229,1534,1532,2,0,8.55316373200003,6.701803207397461,0.0755816775887193,1.1682481093444028
23,16,509253,0,42230303,0.0005840019480415229,1990,1987,3,0,11.099436218000847,6.70632791519165,0.06645373885332788,1.2541951149267112
23,17,384412,0,42230304,0.0005840019480415229,1502,1501,1,0,8.499605469000016,6.701499938964844,0.050611304093169655,0.9512595444183045
23,18,629973,0,42230305,0.0005840019480415229,2461,2459,2,0,13.836110235999513,6.712520122528076,0.04981237894735379,0.9723204697666734
23,19,621908,1,42230306,0.0005840019480415229,2430,2429,1,0,13.652518554999915,6.712190628051758,0.051031446398016156,0.8942830889447818
23,20,801121,0,42230307,0.0005840019480415229,3130,3126,4,0,17.788898976999917,6.719473838806152,0.032429095345739366,0.7780935881767834
23,21,384660,1,42230308,0.0005840019480415229,1503,1501,2,0,8.389064344999497,6.701502799987793,0.05913865447123792,1.0173648882515822
23,22,355766,1,42230309,0.0005840019480415229,1390,1388,2,0,7.909226481999212,6.70106315612793,0.10604318624271096,1.521678561779539
23,23,360226,0,42230310,0.0005840019480415229,1408,1405,3,0,7.98136704999888,6.699612617492676,0.05563959956593361,1.10481382756895
23,24,338512,0,42230311,0.0005840019480415229,1323,1321,2,0,7.440331237999999,6.698635578155518,0.08516829416302459,1.4946703972191995
23,25,185941,0,42230312,0.0005840019480415229,727,726,1,0,4.061128866000217,6.692964553833008,0.09327019935797069,1.256109484627884
23,26,561149,0,42230313,0.0005840019480415229,2192,2188,4,0,12.3588891039999,6.7086639404296875,0.06707548877220922,1.221056392467436
23,27,372819,0,42230314,0.0005840019480415229,1457,1456,1,0,8.153047148000041,6.701064586639404,0.0655565523839259,1.113555405166123
23,28,107522,1,42230315,0.0005840019480415229,421,419,2,0,2.3124063539999042,6.689067363739014,0.1228725642748266,1.5715381558584427
23,29,284527,1,42230316,0.0005840019480415229,1112,1110,2,0,6.700197426000159,6.69753360748291,0.07607471362964527,1.308239086254223
23,30,1333839,0,42230317,0.0005840019480415229,5211,5208,3,0,29.9795002080009,6.743468761444092,0.03963006073794973,0.8061169977378552
23,31,427651,1,42230318,0.0005840019480415229,1671,1668,3,0,9.296133014000588,6.703967571258545,0.08083069067207171,1.3425631077169515
23,32,648608,0,42230319,0.0005840019480415229,2534,2532,2,0,14.210154561000309,6.712804317474365,0.02329685639054478,0.5165115043073657
23,33,428065,0,42230320,0.0005840019480415229,1673,1670,3,0,9.382247573999848,6.703141689300537,0.08743871814476516,1.7124482480351797
23,34,375085,0,42230321,0.0005840019480415229,1466,1464,2,0,8.119759749000877,6.7011494636535645,0.09429683581076033,1.5598236250747097
23,35,882461,0,42230322,0.0005840019480415229,3448,3445,3,0,19.555963427999814,6.723137378692627,0.03188256428445891,0.7052825086175617
23,36,569144,0,42230323,0.0005840019480415229,2224,2223,1,0,12.112826361999396,6.709024429321289,0.03347800628483644,0.5840725643485718
23,37,314555,0,42230324,0.0005840019480415229,1229,1226,3,0,7.100744407000093,6.697554588317871,0.08989629698810919,1.4809780400884482
23,38,436745,0,42230325,0.0005840019480415229,1707,1703,4,0,9.88214152799992,6.703468322753906,0.07104405724015295,1.297116130082942
23,39,261664,0,42230326,0.0005840019480415229,1023,1021,2,0,5.753479294000499,6.6951727867126465,0.09860588170872613,1.3585010196039422
23,40,638454,1,42230327,0.0005840019480415229,2494,2493,1,0,14.102760199999466,6.712934970855713,0.03897092278301118,0.8078904624354443
23,41,398139,1,42230328,0.0005840019480415229,1556,1554,2,0,8.747788918999504,6.70307731628418,0.08514084196152068,1.3712272889518984
23,42,242816,0,42230329,0.0005840019480415229,949,947,2,0,5.356315307999466,6.694367408752441,0.0919022122053813,1.540194260658659
23,43,323428,0,42230330,0.0005840019480415229,1264,1262,2,0,6.955969978000212,6.697955131530762,0.10498502704118587,1.5439443452233559
23,44,451037,0,42230331,0.0005840019480415229,1762,1760,2,0,9.766320974998962,6.704004764556885,0.05505927259271795,0.999947773326527
23,45,265076,0,42230332,0.0005840019480415229,1036,1034,2,0,5.962756924000132,6.695326805114746,0.07248202237215909,1.180274948621857
23,46,266508,1,42230333,0.0005840019480415229,1042,1040,2,0,5.968581072000234,6.697124481201172,0.1020899039048415,1.435086176945613
23,47,506010,0,42230334,0.0005840019480415229,1977,1975,2,0,10.981388685000638,6.706181049346924,0.09438220832921282,1.6602886422072785
23,48,303421,0,42230335,0.0005840019480415229,1186,1184,2,0,6.772381468999811,6.697052955627441,0.09334153742403598,1.5913019953547298
23,49,209704,0,42230336,0.0005840019480415229,820,817,3,0,4.820713226999942,6.693503379821777,0.18703846365322827,2.3353002541214045
23,50,548954,1,42230337,0.0005840019480415229,2145,2142,3,0,11.979138945000159,6.708904266357422,0.07776333393057744,1.4126105357507586
23,51,554220,0,42230338,0.0005840019480415229,2165,2164,1,0,12.009133945999565,6.708352088928223,0.05833554928932966,1.0227170369541358
23,52,239391,0,42230339,0.0005840019480415229,936,933,3,0,5.339912968000135,6.694264888763428,0.08078349646009178,1.5051396442507368
23,53,490494,0,42230340,0.0005840019480415229,1916,1913,3,0,10.640267151999069,6.705489158630371,0.06294441522258273,1.244582579513526
23,54,160756,1,42230341,0.0005840019480415229,628,626,2,0,3.665834900999471,6.694826126098633,0.08244695450170353,1.3094213321186101
23,55,166616,1,42230342,0.0005840019480415229,651,648,3,0,3.819046092999997,6.694218158721924,0.08159892353010767,1.3708614773220487
23,56,349089,1,42230343,0.0005840019480415229,1364,1363,1,0,7.759535515000607,6.699900150299072,0.05367354619004494,0.9307002447496332
23,57,813153,1,42230344,0.0005840019480415229,3177,3176,1,0,18.161806545000218,6.721647262573242,0.03435868520280276,0.7276718178083674
23,58,309917,0,42230345,0.0005840019480415229,1211,1209,2,0,6.734678310000163,6.697347164154053,0.11969854892828526,1.7791593565834367
23,59,355009,0,42230346,0.0005840019480415229,1387,1386,1,0,7.775538932999552,6.6993794441223145,0.062134025760887335,1.0788900091878608
23,60,340859,1,42230347,0.0005840019480415229,1332,1330,2,0,7.504522258999714,6.69952917098999,0.10989405122914708,1.7986673226033834
23,61,436143,1,42230348,0.0005840019480415229,1704,1702,2,0,9.56100402499942,6.704222679138184,0.0972747802734375,1.534125322460708
23,62,352452,0,42230349,0.0005840019480415229,1377,1376,1,0,7.734002937000696,6.699264049530029,0.07556949105373649,1.173726991165516
23,63,241000,1,42230350,0.0005840019480415229,942,941,1,0,5.336975315998643,6.695031642913818,0.10371753234538972,1.3590863640326116
23,64,757931,1,42230351,0.0005840019480415229,2961,2959,2,0,16.812363508999624,6.7186198234558105,0.06032264454214103,1.1675688346200153
23,65,667452,1,42230352,0.0005840019480415229,2608,2606,2,0,15.440908632001083,6.7147088050842285,0.03731064931850477,0.7895791675160687
23,66,373491,1,42230353,0.0005840019480415229,1459,1457,2,0,8.124531604998992,6.701327323913574,0.08954129713237817,1.3884325937285518
23,67,255796,1,42230354,0.0005840019480415229,1000,999,1,0,5.786258314999941,6.69569730758667,0.0606741614050574,0.8965286697830643
23,68,187780,1,42230355,0.0005840019480415229,734,732,2,0,4.127947798000605,6.69293212890625,0.1232469277303727,1.5973068820974214
23,69,162407,0,42230356,0.0005840019480415229,635,633,2,0,3.721836173999691,6.691255569458008,0.11508680105585999,1.6079641525967614
23,70,235355,0,42230357,0.0005840019480415229,920,918,2,0,5.089727743001276,6.694142818450928,0.08603030767835564,1.3539481900616148
23,71,323052,1,42230358,0.0005840019480415229,1262,1259,3,0,7.283272433000093,6.698727130889893,0.08124653738202132,1.28167836111249
23,72,98180,0,42230359,0.0005840019480415229,384,382,2,0,2.081621098001051,6.689414024353027,0.15594488413546098,1.7891414302805955
23,73,262450,1,42230360,0.0005840019480415229,1026,1025,1,0,5.762789423999493,6.695997714996338,0.09126138826695884,1.2447135813643293
23,74,603827,0,42230361,0.0005840019480415229,2359,2357,2,0,13.122317260000273,6.7105865478515625,0.08142752115332984,1.4774083431666314
23,75,236083,1,42230362,0.0005840019480415229,923,922,1,0,5.14803263199974,6.694809436798096,0.0577785963608748,0.956259506126288
23,76,441814,0,42230363,0.0005840019480415229,1726,1724,2,0,9.637172058999568,6.703657627105713,0.12494100052906576,1.7042628595834541
23,77,648680,1,42230364,0.0005840019480415229,2534,2532,2,0,14.353766948999692,6.714289665222168,0.03128579668524141,0.6070822765476895
23,78,881094,1,42230365,0.0005840019480415229,3442,3439,3,0,19.436587066000357,6.724201679229736,0.04886601684605808,1.073270655191371
23,79,306166,1,42230366,0.0005840019480415229,1196,1195,1,0,6.848585990999709,6.698023796081543,0.1077734655914945,1.5406531936453975
23,80,661445,0,42230367,0.0005840019480415229,2584,2581,3,0,15.164477392998378,6.7131829261779785,0.062416067792204454,1.162726300670767
23,81,548725,0,42230368,0.0005840019480415229,2144,2141,3,0,11.99110246500095,6.708104133605957,0.07733730866718604,1.5126663485958665
23,82,313463,1,42230369,0.0005840019480415229,1225,1224,1,0,6.84269706500163,6.6982951164245605,0.07646079468571283,1.1518796035666872
23,83,449860,1,42230370,0.0005840019480415229,1758,1757,1,0,9.730260234000525,6.704637050628662,0.0372110930232752,0.698000617507648
23,84,381590,1,42230371,0.0005840019480415229,1491,1487,4,0,8.323621203000585,6.701448440551758,0.09961249448343981,1.5429817204837761
23,85,323967,1,42230372,0.0005840019480415229,1266,1264,2,0,7.041464845999144,6.698768138885498,0.09137862241720851,1.2223801431776602
23,86,360767,1,42230373,0.0005840019480415229,1410,1406,4,0,7.899765595000645,6.701137542724609,0.0625813946784984,1.2308244555976617
23,87,461848,0,42230374,0.0005840019480415229,1805,1802,3,0,10.22295305300031,6.704411506652832,0.10720395883100808,1.8038316529810627
23,88,432222,0,42230375,0.0005840019480415229,1689,1687,2,0,9.259581218000676,6.703297138214111,0.08575093032484161,1.5364426554627297
23,89,296592,1,42230376,0.0005840019480415229,1159,1155,4,0,6.518243418999191,6.697807312011719,0.10378193380512717,1.6408381738704005
23,90,479627,1,42230377,0.0005840019480415229,1874,1872,2,0,10.644417865998548,6.706655979156494,0.07157813178168403,1.211813250158587
23,91,587269,1,42230378,0.0005840019480415229,2295,2291,4,0,12.457317045000309,6.710631370544434,0.10501706719866802,1.5774110138858577
23,92,206676,0,42230379,0.0005840019480415229,808,807,1,0,4.74162410000099,6.693434715270996,0.1180754405119753,1.7253656966387856
23,93,217421,1,42230380,0.0005840019480415229,850,848,2,0,4.9786822109999775,6.694046497344971,0.09352314247275298,1.4049943168208283
23,94,885169,1,42230381,0.0005840019480415229,3458,3456,2,0,19.685969827000008,6.724354267120361,0.02182879712846544,0.5387692274870696
23,95,295224,0,42230382,0.0005840019480415229,1154,1151,3,0,6.669448333999753,6.696683883666992,0.08145929729286015,1.408210654967148
23,96,547304,1,42230383,0.0005840019480415229,2138,2137,1,0,11.765825022999707,6.7088303565979,0.05967295766713522,1.0105221524771877
23,97,428994,1,42230384,0.0005840019480415229,1676,1674,2,0,9.375606055999015,6.70400857925415,0.07772451603569296,1.2717697890998356
23,98,276358,1,42230385,0.0005840019480415229,1080,1078,2,0,6.059788694001327,6.697348594665527,0.09385390980566588,1.3473871970663265
23,99,491272,1,42230386,0.0005840019480415229,1920,1917,3,0,10.724262916999578,6.7069220542907715,0.08303823456144856,1.442378100343962
24,0,926214,1,42240294,0.0005525313978243026,3619,3614,5,0,20.887702822999927,6.725897789001465,0.04691546070160098,0.9852750912250968
24,1,209678,1,42240295,0.0005525313978243026,820,817,3,0,4.762228488998517,6.693755149841309,0.0977375492763636,1.6032810467985006
24,2,509018,1,42240296,0.0005525313978243026,1989,1987,2,0,11.528075602000172,6.707324028015137,0.1173689236998498,1.7070097479318695
24,3,411880,0,42240297,0.0005525313978243026,1609,1607,2,0,9.093232270999579,6.702532768249512,0.08768569955784264,1.4204697101547916
24,4,457865,1,42240298,0.0005525313978243026,1789,1787,2,0,10.35244314999909,6.704878330230713,0.12267665937751382,1.9118223355746362
24,5,276084,0,42240299,0.0005525313978243026,1079,1077,2,0,6.394949387000452,6.695822715759277,0.10417199378336815,1.5786668924457405
24,6,155981,0,42240300,0.0005525313978243026,610,607,3,0,3.517214359000718,6.69120979309082,0.10945287764170614,1.4771138274492894
24,7,438907,1,42240301,0.0005525313978243026,1715,1713,2,0,9.35436429299989,6.704305648803711,0.08473114708467874,1.4892642260015323
24,8,563122,1,42240302,0.0005525313978243026,2200,2198,2,0,12.51507819300059,6.7095417976379395,0.06244249144285999,1.2102349570276956
24,9,671047,0,42240303,0.0005525313978243026,2622,2620,2,0,14.631795208999392,6.713615894317627,0.04836630202431715,1.03086617739146
24,10,559874,1,42240304,0.0005525313978243026,2188,2185,3,0,12.595019473999855,6.709397315979004,0.05682507827025529,1.1409543943077802
24,11,277765,0,42240305,0.0005525313978243026,1086,1084,2,0,6.080113182999412,6.695899486541748,0.07698421548653353,1.2597568413428275
24,12,344014,0,42240306,0.0005525313978243026,1344,1341,3,0,7.864542047998839,6.698883533477783,0.09457908931905702,1.4593244605238629
24,13,872271,0,42240307,0.0005525313978243026,3408,3405,3,0,19.20781119700041,6.72271203994751,0.05759950433358572,1.112968276775881
24,14,353613,1,42240308,0.0005525313978243026,1382,1380,2,0,8.005857071000719,6.701031684875488,0.08985374008399853,1.3930442920629529
24,15,392479,0,42240309,0.0005525313978243026,1534,1533,1,0,8.784257111999977,6.701803207397461,0.07459498913709588,1.2174964103524544
24,16,509253,0,42240310,0.0005525313978243026,1990,1988,2,0,11.239438413998869,6.70632791519165,0.06508109171385737,1.2709053392621352
24,17,384412,0,42240311,0.0005525313978243026,1502,1501,1,0,8.495488560000013,6.701499938964844,0.05043471486944901,0.9596988238309877
24,18,629973,0,42240312,0.0005525313978243026,2461,2460,1,0,14.129968448,6.712520122528076,0.048998369046343054,0.9945944685276931
24,19,621908,1,42240313,0.0005525313978243026,2430,2429,1,0,13.698831777001033,6.712190628051758,0.05090814796972294,0.9052482093003809
24,20,801121,0,42240314,0.0005525313978243026,3130,3126,4,0,18.03495892799947,6.719473838806152,0.031921401362501496,0.7937067169755678
24,21,384660,1,42240315,0.0005525313978243026,1503,1501,2,0,8.656203398000798,6.701502799987793,0.059043157426299134,1.0134796203572618
24,22,355766,1,42240316,0.0005525313978243026,1390,1389,1,0,7.728376790999391,6.70106315612793,0.10730835136704689,1.5521585616900648
24,23,360226,0,42240317,0.0005525313978243026,1408,1404,4,0,7.934676748000129,6.699612617492676,0.05669813346319389,1.128433531845397
24,24,338512,0,42240318,0.0005525313978243026,1323,1321,2,0,7.5691412830001354,6.698635578155518,0.08556197323102467,1.5332987667664175
24,25,185941,0,42240319,0.0005525313978243026,727,726,1,0,4.072630791999472,6.692964553833008,0.09218633142056215,1.2744115403861054
24,26,561149,0,42240320,0.0005525313978243026,2192,2188,4,0,12.61226951700155,6.7086639404296875,0.06537775322113874,1.2304516780093122
24,27,372819,0,42240321,0.0005525313978243026,1457,1456,1,0,8.625140320000355,6.701064586639404,0.06445900424496158,1.1156680767352765
24,28,107522,1,42240322,0.0005525313978243026,421,418,3,0,2.4468962250011828,6.689067363739014,0.12355154667174417,1.5593483664772727
24,29,284527,1,42240323,0.0005525313978243026,1112,1111,1,0,6.3701555489988095,6.69753360748291,0.07548356764387376,1.3116158417599573
24,30,1333839,0,42240324,0.0005525313978243026,5211,5208,3,0,30.200670460000765,6.743468761444092,0.03923653457571285,0.8230296426471294
24,31,427651,1,42240325,0.0005525313978243026,1671,1668,3,0,9.19662073499967,6.703967571258545,0.07875073842293352,1.3495890299479167
24,32,648608,0,42240326,0.0005525313978243026,2534,2532,2,0,14.67039331900014,6.712804317474365,0.022905006227900065,0.5266094478950681
24,33,428065,0,42240327,0.0005525313978243026,1673,1670,3,0,9.435152659998494,6.703141689300537,0.08807578629362368,1.7251679745976796
24,34,375085,0,42240328,0.0005525313978243026,1466,1463,3,0,8.307302043000163,6.7011494636535645,0.09437421275912615,1.5964105153686774
24,35,882461,0,42240329,0.0005525313978243026,3448,3446,2,0,19.408097228999395,6.723137378692627,0.03145344535486683,0.7044288781376958
24,36,569144,0,42240330,0.0005525313978243026,2224,2223,1,0,12.697240796000187,6.709024429321289,0.03298810511840875,0.5835891703040654
24,37,314555,0,42240331,0.0005525313978243026,1229,1226,3,0,6.8302238100004615,6.697554588317871,0.0900941509601537,1.55521092873802
24,38,436745,0,42240332,0.0005525313978243026,1707,1702,5,0,9.514823482000793,6.703468322753906,0.07012038001162466,1.2925850389706963
24,39,261664,0,42240333,0.0005525313978243026,1023,1021,2,0,5.7189393199987535,6.6951727867126465,0.09666934559791258,1.4147927698028893
24,40,638454,1,42240334,0.0005525313978243026,2494,2492,2,0,14.566579037000338,6.712934970855713,0.039034590866554225,0.8225842226374398
24,41,398139,1,42240335,0.0005525313978243026,1556,1554,2,0,8.858789312998852,6.70307731628418,0.08316308098870355,1.3655170062640767
24,42,242816,0,42240336,0.0005525313978243026,949,947,2,0,5.2094730290009466,6.694367408752441,0.09081958742554613,1.5449685375692979
24,43,323428,0,42240337,0.0005525313978243026,1264,1263,1,0,7.028655001999141,6.697955131530762,0.10462328260698114,1.5695130022763262
24,44,451037,0,42240338,0.0005525313978243026,1762,1760,2,0,9.989892382000107,6.704004764556885,0.05529803362759677,1.029629863392223
24,45,265076,0,42240339,0.0005525313978243026,1036,1034,2,0,5.940881098000318,6.695326805114746,0.0705473658194625,1.1920001917235856
24,46,266508,1,42240340,0.0005525313978243026,1042,1039,3,0,6.194607076000466,6.697124481201172,0.10095590806213908,1.458239969321463
24,47,506010,0,42240341,0.0005525313978243026,1977,1975,2,0,11.456566652999754,6.706181049346924,0.09328152813488924,1.7022865160205696
24,48,303421,0,42240342,0.0005525313978243026,1186,1184,2,0,6.677061583999603,6.697052955627441,0.09357372490135399,1.620945183006493
24,49,209704,0,42240343,0.0005525313978243026,820,818,2,0,4.713013833999867,6.693503379821777,0.1894917196632889,2.3792148580761
24,50,548954,1,42240344,0.0005525313978243026,2145,2142,3,0,11.99409404799917,6.708904266357422,0.0769086422817825,1.438452513166725
24,51,554220,0,42240345,0.0005525313978243026,2165,2164,1,0,12.022313282999676,6.708352088928223,0.05727805668236808,1.023471007285409
24,52,239391,0,42240346,0.0005525313978243026,936,934,2,0,5.36457326100026,6.694264888763428,0.07991009861294666,1.5932428984876874
24,53,490494,0,42240347,0.0005525313978243026,1916,1913,3,0,11.024232226000095,6.705489158630371,0.06366142276937402,1.2559419463457266
24,54,160756,1,42240348,0.0005525313978243026,628,625,3,0,3.740967333000299,6.694826126098633,0.0822672119140625,1.32165625
24,55,166616,1,42240349,0.0005525313978243026,651,649,2,0,3.670173203001468,6.694218158721924,0.08178669792845362,1.425742221356173
24,56,349089,1,42240350,0.0005525313978243026,1364,1363,1,0,7.954114201000266,6.699900150299072,0.0536948726707229,0.9357159643250184
24,57,813153,1,42240351,0.0005525313978243026,3177,3174,3,0,18.01273713199953,6.721647262573242,0.03398491679758266,0.7312537074915327
24,58,309917,0,42240352,0.0005525313978243026,1211,1209,2,0,6.746613671999512,6.697347164154053,0.11807782320664677,1.8147338160411497
24,59,355009,0,42240353,0.0005525313978243026,1387,1386,1,0,7.86362354099947,6.6993794441223145,0.06186302262123185,1.0725464924073322
24,60,340859,1,42240354,0.0005525313978243026,1332,1329,3,0,7.613698041999669,6.69952917098999,0.10690963205491089,1.7760361555916102
24,61,436143,1,42240355,0.0005525313978243026,1704,1701,3,0,9.376819209001042,6.704222679138184,0.09769312764952143,1.5582901889054233
24,62,352452,0,42240356,0.0005525313978243026,1377,1376,1,0,8.055716109998684,6.699264049530029,0.07697291152421819,1.1967022917991461
24,63,241000,1,42240357,0.0005525313978243026,942,941,1,0,5.252328828000827,6.695031642913818,0.10273589439270474,1.385625954768863
24,64,757931,1,42240358,0.0005525313978243026,2961,2958,3,0,16.52081540799918,6.7186198234558105,0.059481921914947285,1.1836632450663456
24,65,667452,1,42240359,0.0005525313978243026,2608,2606,2,0,14.672230049000063,6.7147088050842285,0.036517651924607576,0.8143491357084612
24,66,373491,1,42240360,0.0005525313978243026,1459,1457,2,0,8.532808922000186,6.701327323913574,0.08952938962162728,1.4154529453714826
24,67,255796,1,42240361,0.0005525313978243026,1000,999,1,0,5.572721044998616,6.69569730758667,0.060472272657178666,0.9226082161262825
24,68,187780,1,42240362,0.0005525313978243026,734,733,1,0,4.120364745000188,6.69293212890625,0.12153479769968238,1.6001730967023362
24,69,162407,0,42240363,0.0005525313978243026,635,633,2,0,3.8422243049990357,6.691255569458008,0.11177549919622581,1.6446575628826028
24,70,235355,0,42240364,0.0005525313978243026,920,918,2,0,5.297162632999971,6.694142818450928,0.08625519197750715,1.368253953056917
24,71,323052,1,42240365,0.0005525313978243026,1262,1259,3,0,6.929603718999715,6.698727130889893,0.07974035310025628,1.2887352662393268
24,72,98180,0,42240366,0.0005525313978243026,384,381,3,0,2.070675212000424,6.689414024353027,0.16080038315980766,1.8220826797285106
24,73,262450,1,42240367,0.0005525313978243026,1026,1024,2,0,5.9215700599997945,6.695997714996338,0.08904244750738144,1.2541676759719849
24,74,603827,0,42240368,0.0005525313978243026,2359,2356,3,0,13.187108019999869,6.7105865478515625,0.08074071654237187,1.478371068050987
24,75,236083,1,42240369,0.0005525313978243026,923,922,1,0,5.258328416999575,6.694809436798096,0.05792475057010278,0.9797328195964954
24,76,441814,0,42240370,0.0005525313978243026,1726,1723,3,0,9.747657436000736,6.703657627105713,0.12349510082171812,1.731700080256094
24,77,648680,1,42240371,0.0005525313978243026,2534,2532,2,0,14.313110473998677,6.714289665222168,0.031100226427894822,0.6230547816079186
24,78,881094,1,42240372,0.0005525313978243026,3442,3439,3,0,19.384686080000392,6.724201679229736,0.04764104977913047,1.098243848706928
24,79,306166,1,42240373,0.0005525313978243026,1196,1195,1,0,6.689838656000575,6.698023796081543,0.1056764419108754,1.532164250457636
24,80,661445,0,42240374,0.0005525313978243026,2584,2581,3,0,14.421326538998983,6.7131829261779785,0.06204657571253874,1.197409120284047
24,81,548725,0,42240375,0.0005525313978243026,2144,2142,2,0,12.32541497100101,6.708104133605957,0.07594969648829585,1.5273142297283497
24,82,313463,1,42240376,0.0005525313978243026,1225,1223,2,0,6.968650088001596,6.6982951164245605,0.07630168075748671,1.169378796855836
24,83,449860,1,42240377,0.0005525313978243026,1758,1757,1,0,9.89187625500017,6.704637050628662,0.037284573167986536,0.7033316232836511
24,84,381590,1,42240378,0.0005525313978243026,1491,1487,4,0,8.3043155510004,6.701448440551758,0.09940843511605792,1.5353903754413247
24,85,323967,1,42240379,0.0005525313978243026,1266,1265,1,0,7.088360539999485,6.698768138885498,0.09156822837859746,1.231545670701581
24,86,360767,1,42240380,0.0005525313978243026,1410,1406,4,0,7.99375889500152,6.701137542724609,0.06222113640515258,1.269521005123133
24,87,461848,0,42240381,0.0005525313978243026,1805,1802,3,0,10.445195407999563,6.704411506652832,0.10485026098117976,1.7854444226467119
24,88,432222,0,42240382,0.0005525313978243026,1689,1687,2,0,9.310462642999482,6.703297138214111,0.0863163286083608,1.5907051163307646
24,89,296592,1,42240383,0.0005525313978243026,1159,1155,4,0,6.654277973000717,6.697807312011719,0.10358268440543832,1.653668027935606
24,90,479627,1,42240384,0.0005525313978243026,1874,1872,2,0,10.816372899998896,6.706655979156494,0.07015394553160056,1.2056233984792335
24,91,587269,1,42240385,0.0005525313978243026,2295,2293,2,0,12.94422115299858,6.710631370544434,0.10385610295132264,1.6006051024858263
24,92,206676,0,42240386,0.0005525313978243026,808,807,1,0,4.538278923999314,6.693434715270996,0.11844881759700279,1.7483344284870663
24,93,217421,1,42240387,0.0005525313978243026,850,848,2,0,4.836182001999987,6.694046497344971,0.09211664379767652,1.3986560173754423
24,94,885169,1,42240388,0.0005525313978243026,3458,3456,2,0,19.771708244001275,6.724354267120361,0.021626225224247685,0.552679768315068
24,95,295224,0,42240389,0.0005525313978243026,1154,1151,3,0,6.76587232699967,6.696683883666992,0.07949149018261974,1.3871010814305496
24,96,547304,1,42240390,0.0005525313978243026,2138,2137,1,0,12.22520691200043,6.7088303565979,0.057806080169749134,1.048558736327211
24,97,428994,1,42240391,0.0005525313978243026,1676,1674,2,0,9.442111825999746,6.70400857925415,0.07678117831832904,1.275817652329749
24,98,276358,1,42240392,0.0005525313978243026,1080,1079,1,0,5.956290665999404,6.697348594665527,0.09472332407303492,1.375892391682113
24,99,491272,1,42240393,0.0005525313978243026,1920,1917,3,0,11.064727904999017,6.7069220542907715,0.08307954552401213,1.4645577093929316
25,0,926214,1,42250301,0.0005208655308979695,3619,3615,4,0,20.202732109000863,6.725897789001465,0.046461957454021874,1.013226343685166
25,1,209678,1,42250302,0.0005208655308979695,820,817,3,0,4.778900032999445,6.693755149841309,0.0975448066776794,1.6624902283984853
25,2,509018,1,42250303,0.0005208655308979695,1989,1987,2,0,11.151121945000341,6.707324028015137,0.11574751417662069,1.707722265035229
25,3,411880,0,42250304,0.0005208655308979695,1609,1607,2,0,9.160680371998751,6.702532768249512,0.08820764129771605,1.4403426354912103
25,4,457865,1,42250305,0.0005208655308979695,1789,1787,2,0,10.242532004000168,6.704878330230713,0.12155638931180487,1.9348126770600167
25,5,276084,0,42250306,0.0005208655308979695,1079,1076,3,0,5.864162118999957,6.695822715759277,0.10288161238773162,1.614732366512256
25,6,155981,0,42250307,0.0005208655308979695,610,608,2,0,3.44715457699931,6.69120979309082,0.11212251060887386,1.5472958213404606
25,7,438907,1,42250308,0.0005208655308979695,1715,1713,2,0,10.235482112000682,6.704305648803711,0.08529877760086015,1.5248588744618359
25,8,563122,1,42250309,0.0005208655308979695,2200,2197,3,0,12.717260556000838,6.7095417976379395,0.061913422144810396,1.2354236823295972
25,9,671047,0,42250310,0.0005208655308979695,2622,2619,3,0,14.840837199000816,6.713615894317627,0.04849496020666285,1.0450117381395572
25,10,559874,1,42250311,0.0005208655308979695,2188,2185,3,0,12.992069588999584,6.709397315979004,0.05656050762813752,1.1824153943792906
25,11,277765,0,42250312,0.0005208655308979695,1086,1084,2,0,6.195076260999485,6.695899486541748,0.07617892726321061,1.2601596508518795
25,12,344014,0,42250313,0.0005208655308979695,1344,1341,3,0,7.6512056720002874,6.698883533477783,0.09416933223260684,1.5049008363045302
25,13,872271,0,42250314,0.0005208655308979695,3408,3404,4,0,19.075081974000568,6.72271203994751,0.05797806861958128,1.1383945989552733
25,14,353613,1,42250315,0.0005208655308979695,1382,1379,3,0,7.8590095750005275,6.701031684875488,0.08928224537318992,1.4274689893604968
25,15,392479,0,42250316,0.0005208655308979695,1534,1533,1,0,8.638355695000428,6.701803207397461,0.07492295356645975,1.214374659190517
25,16,509253,0,42250317,0.0005208655308979695,1990,1987,3,0,11.365624404999835,6.70632791519165,0.06441995038059889,1.301003765687909
25,17,384412,0,42250318,0.0005208655308979695,1502,1501,1,0,8.509634828000344,6.701499938964844,0.0497491672625151,0.9698486328125
25,18,629973,0,42250319,0.0005208655308979695,2461,2459,2,0,14.747549543999412,6.712520122528076,0.048683954574752504,0.999550836849329
25,19,621908,1,42250320,0.0005208655308979695,2430,2429,1,0,14.640830045000257,6.712190628051758,0.04976823036441984,0.9207119900486311
25,20,801121,0,42250321,0.0005208655308979695,3130,3126,4,0,17.888661249000506,6.719473838806152,0.03131142077503949,0.8028633181132038
25,21,384660,1,42250322,0.0005208655308979695,1503,1501,2,0,8.409149611999965,6.701502799987793,0.058866364887600976,1.0493601596331612
25,22,355766,1,42250323,0.0005208655308979695,1390,1388,2,0,7.887456065000151,6.70106315612793,0.10502381558377048,1.5701190167957493
25,23,360226,0,42250324,0.0005208655308979695,1408,1405,3,0,8.02444647000084,6.699612617492676,0.055847282002404915,1.1248378767237543
25,24,338512,0,42250325,0.0005208655308979695,1323,1321,2,0,7.545328424999752,6.698635578155518,0.08389526528900632,1.5439049304208459
25,25,185941,0,42250326,0.0005208655308979695,727,726,1,0,4.121387011000479,6.692964553833008,0.09207449668695118,1.2873609978962208
25,26,561149,0,42250327,0.0005208655308979695,2192,2188,4,0,12.998485026000708,6.7086639404296875,0.06461711513930744,1.2359380355918648
25,27,372819,0,42250328,0.0005208655308979695,1457,1456,1,0,8.419876309999381,6.701064586639404,0.06397726771595715,1.1300408499581474
25,28,107522,1,42250329,0.0005208655308979695,421,419,2,0,2.329519192000589,6.689067363739014,0.12456903025187854,1.661652703842855
25,29,284527,1,42250330,0.0005208655308979695,1112,1111,1,0,6.31543034599963,6.69753360748291,0.07490488047217808,1.3412588207062894
25,30,1333839,0,42250331,0.0005208655308979695,5211,5208,3,0,29.3846269329988,6.743468761444092,0.03870437551753312,0.8368767476118472
25,31,427651,1,42250332,0.0005208655308979695,1671,1668,3,0,9.58509646299899,6.703967571258545,0.07801895690478867,1.384130976468825
25,32,648608,0,42250333,0.0005208655308979695,2534,2532,2,0,15.48687468800017,6.712804317474365,0.023160093768513034,0.5387705822503209
25,33,428065,0,42250334,0.0005208655308979695,1673,1670,3,0,9.582494831000076,6.703141689300537,0.08676652737006456,1.7788847597773203
25,34,375085,0,42250335,0.0005208655308979695,1466,1463,3,0,8.356668770000397,6.7011494636535645,0.094468185205779,1.622395722082194
25,35,882461,0,42250336,0.0005208655308979695,3448,3446,2,0,19.28456892199938,6.723137378692627,0.030383541220091,0.7064807646093296
25,36,569144,0,42250337,0.0005208655308979695,2224,2223,1,0,12.943484915000226,6.709024429321289,0.03280711377787794,0.5941029221315508
25,37,314555,0,42250338,0.0005208655308979695,1229,1226,3,0,6.852509309999732,6.697554588317871,0.08866878590420448,1.555999208235624
25,38,436745,0,42250339,0.0005208655308979695,1707,1703,4,0,10.0087337570003,6.703468322753906,0.06969243585538389,1.3221307240439666
25,39,261664,0,42250340,0.0005208655308979695,1023,1021,2,0,5.61376467700029,6.6951727867126465,0.09790622662610568,1.4441941398598188
25,40,638454,1,42250341,0.0005208655308979695,2494,2492,2,0,15.155624675000581,6.712934970855713,0.037759640052268825,0.8201542298636888
25,41,398139,1,42250342,0.0005208655308979695,1556,1555,1,0,8.934856240000954,6.70307731628418,0.0830111292014168,1.4014620176848875
25,42,242816,0,42250343,0.0005208655308979695,949,947,2,0,5.321469131000413,6.694367408752441,0.09086478373317054,1.5895376074528116
25,43,323428,0,42250344,0.0005208655308979695,1264,1263,1,0,7.370026841999788,6.697955131530762,0.103463626719616,1.5752223748020586
25,44,451037,0,42250345,0.0005208655308979695,1762,1760,2,0,10.070434026998555,6.704004764556885,0.054807797345248134,1.0465487393465909
25,45,265076,0,42250346,0.0005208655308979695,1036,1034,2,0,5.935493695998957,6.695326805114746,0.07028774504965925,1.205214244023513
25,46,266508,1,42250347,0.0005208655308979695,1042,1040,2,0,5.74156219500037,6.697124481201172,0.10036469973050631,1.4898607694185697
25,47,506010,0,42250348,0.0005208655308979695,1977,1974,3,0,11.1216989379991,6.706181049346924,0.09279580005154904,1.7187222960992907
25,48,303421,0,42250349,0.0005208655308979695,1186,1184,2,0,6.84492404500088,6.697052955627441,0.09253713891312883,1.64386831747519
25,49,209704,0,42250350,0.0005208655308979695,820,818,2,0,4.619841133999216,6.693503379821777,0.18589581254059062,2.4152203772062193
25,50,548954,1,42250351,0.0005208655308979695,2145,2142,3,0,12.417279030001737,6.708904266357422,0.07519379516943496,1.4308903085973972
25,51,554220,0,42250352,0.0005208655308979695,2165,2164,1,0,12.799740806000045,6.708352088928223,0.05569860278568515,1.0307972567799792
25,52,239391,0,42250353,0.0005208655308979695,936,933,3,0,5.308285662000344,6.694264888763428,0.08272408570251792,1.616003300216037
25,53,490494,0,42250354,0.0005208655308979695,1916,1913,3,0,10.864725659999749,6.705489158630371,0.06269273693126592,1.248594755660285
25,54,160756,1,42250355,0.0005208655308979695,628,626,2,0,3.5258249340004113,6.694826126098633,0.08245374905034757,1.3859735555923023
25,55,166616,1,42250356,0.0005208655308979695,651,648,3,0,3.6250404929996876,6.694218158721924,0.08350246335253303,1.4448504035855516
25,56,349089,1,42250357,0.0005208655308979695,1364,1362,2,0,7.738149656001042,6.699900150299072,0.052999874568720746,0.9465029096113252
25,57,813153,1,42250358,0.0005208655308979695,3177,3175,2,0,18.06431983499897,6.721647262573242,0.03345797080693282,0.736886687992126
25,58,309917,0,42250359,0.0005208655308979695,1211,1209,2,0,7.0811706250005955,6.697347164154053,0.11608094119946753,1.8431025931813483
25,59,355009,0,42250360,0.0005208655308979695,1387,1385,2,0,7.933427369000128,6.6993794441223145,0.06130351262832807,1.0841516598037004
25,60,340859,1,42250361,0.0005208655308979695,1332,1329,3,0,7.46808659799899,6.69952917098999,0.1074606017836778,1.846920705182468
25,61,436143,1,42250362,0.0005208655308979695,1704,1702,2,0,9.583443296000041,6.704222679138184,0.09494020347729692,1.555775374559342
25,62,352452,0,42250363,0.0005208655308979695,1377,1375,2,0,7.698390842000663,6.699264049530029,0.07511258212002841,1.183527432528409
25,63,241000,1,42250364,0.0005208655308979695,942,941,1,0,5.334386529999392,6.695031642913818,0.10289465228252026,1.4115860682618224
25,64,757931,1,42250365,0.0005208655308979695,2961,2959,2,0,16.949173173001327,6.7186198234558105,0.058737633316127705,1.1959600213332207
25,65,667452,1,42250366,0.0005208655308979695,2608,2606,2,0,14.726243548000639,6.7147088050842285,0.03546418653299327,0.8047265662473618
25,66,373491,1,42250367,0.0005208655308979695,1459,1457,2,0,8.328791820998958,6.701327323913574,0.08678636308721098,1.4173569741442176
25,67,255796,1,42250368,0.0005208655308979695,1000,999,1,0,5.597473051000634,6.69569730758667,0.06019738534310678,0.9374486791478979
25,68,187780,1,42250369,0.0005208655308979695,734,732,2,0,4.14412165199974,6.69293212890625,0.12203767911983969,1.6564789652172984
25,69,162407,0,42250370,0.0005208655308979695,635,633,2,0,3.478261954000118,6.691255569458008,0.11122754475140081,1.6361577665259677
25,70,235355,0,42250371,0.0005208655308979695,920,918,2,0,5.392714102001264,6.694142818450928,0.08532492943059385,1.3980375136165577
25,71,323052,1,42250372,0.0005208655308979695,1262,1258,4,0,7.220544118001271,6.698727130889893,0.07997074945931973,1.303042849978885
25,72,98180,1,42250373,0.0005208655308979695,384,382,2,0,2.0989054199999373,6.6902031898498535,0.15581981798741207,1.8717050602298757
25,73,262450,1,42250374,0.0005208655308979695,1026,1025,1,0,5.693537581999408,6.695997714996338,0.08936331400057165,1.2570195788871952
25,74,603827,0,42250375,0.0005208655308979695,2359,2357,2,0,14.386715896000169,6.7105865478515625,0.08026649368279659,1.526927354025244
25,75,236083,1,42250376,0.0005208655308979695,923,922,1,0,5.353966140999546,6.694809436798096,0.05773114847774878,0.9917895137100055
25,76,441814,0,42250377,0.0005208655308979695,1726,1723,3,0,9.700227172999803,6.703657627105713,0.1232291657220328,1.7636089623839233
25,77,648680,1,42250378,0.0005208655308979695,2534,2532,2,0,14.90657379699951,6.714289665222168,0.030879877943186588,0.6218718759256516
25,78,881094,1,42250379,0.0005208655308979695,3442,3439,3,0,19.10847749399909,6.724201679229736,0.04779681455052568,1.107017505997383
25,79,306166,1,42250380,0.0005208655308979695,1196,1194,2,0,6.6925620599995455,6.698023796081543,0.10447819388691504,1.565436332868771
25,80,661445,0,42250381,0.0005208655308979695,2584,2582,2,0,14.813550639999448,6.7131829261779785,0.062065697750502274,1.211271751397899
25,81,548725,0,42250382,0.0005208655308979695,2144,2140,4,0,12.29096302400103,6.708104133605957,0.07487984060127044,1.548804851781542
25,82,313463,1,42250383,0.0005208655308979695,1225,1223,2,0,7.254743859000882,6.6982951164245605,0.07613808233427982,1.1738293227463206
25,83,449860,1,42250384,0.0005208655308979695,1758,1757,1,0,9.578343000999666,6.704637050628662,0.037244532959123326,0.7267803090094977
25,84,381590,1,42250385,0.0005208655308979695,1491,1487,4,0,8.528307890999713,6.701448440551758,0.09886556290586121,1.5347766581203766
25,85,323967,1,42250386,0.0005208655308979695,1266,1265,1,0,7.282362664000175,6.698768138885498,0.09035393032631855,1.2436512822690218
25,86,360767,1,42250387,0.0005208655308979695,1410,1406,4,0,7.976178872999299,6.701137542724609,0.0621236798434305,1.2922911989909318
25,87,461848,0,42250388,0.0005208655308979695,1805,1802,3,0,10.124390767001387,6.704411506652832,0.10362259740967068,1.8198435928395533
25,88,432222,0,42250389,0.0005208655308979695,1689,1687,2,0,9.85804880700016,6.703297138214111,0.08572373223431942,1.5993979408250594
25,89,296592,1,42250390,0.0005208655308979695,1159,1155,4,0,6.841413644000568,6.697807312011719,0.10157992540499865,1.6839010923971862
25,90,479627,1,42250391,0.0005208655308979695,1874,1872,2,0,10.656078949999937,6.706655979156494,0.06984867193760017,1.2438651842948718
25,91,587269,1,42250392,0.0005208655308979695,2295,2291,4,0,13.697260560000359,6.710631370544434,0.1038081195353421,1.6278069245144042
25,92,206676,0,42250393,0.0005208655308979695,808,807,1,0,4.705067275999681,6.693434715270996,0.117249159121602,1.7678038113770136
25,93,217421,1,42250394,0.0005208655308979695,850,847,3,0,4.826783045999036,6.694046497344971,0.09162746100667798,1.4437018060064934
25,94,885169,1,42250395,0.0005208655308979695,3458,3457,1,0,19.59840690999954,6.724354267120361,0.02159954862233218,0.5570029517215975
25,95,295224,0,42250396,0.0005208655308979695,1154,1151,3,0,6.606981003998953,6.696683883666992,0.0788143366756489,1.4159841264050281
25,96,547304,1,42250397,0.0005208655308979695,2138,2136,2,0,12.11231611400035,6.7088303565979,0.05732338794608241,1.0585151129447565
25,97,428994,1,42250398,0.0005208655308979695,1676,1674,2,0,9.736207049998484,6.70400857925415,0.0754017573530956,1.3120795355902777
25,98,276358,1,42250399,0.0005208655308979695,1080,1078,2,0,5.893328187999941,6.697348594665527,0.09274245989344779,1.3668004533134277
25,99,491272,1,42250400,0.0005208655308979695,1920,1918,2,0,10.683572982001351,6.7069220542907715,0.08192902088662507,1.478030144111705
26,0,926214,1,42260308,0.0004891344691020307,3619,3616,3,0,20.228080292999948,6.725897789001465,0.04583802265403545,1.032393396428201
26,1,209678,0,42260309,0.0004891344691020307,820,816,4,0,4.889699280000059,6.693502902984619,0.09836554059795305,1.7010679058000153
26,2,509018,1,42260310,0.0004891344691020307,1989,1986,3,0,11.886141910999868,6.707324028015137,0.11664943944771604,1.7449075904377518
26,3,411880,0,42260311,0.0004891344691020307,1609,1607,2,0,9.5093856830008,6.702532768249512,0.08801820252946095,1.4710613599681084
26,4,457865,1,42260312,0.0004891344691020307,1789,1787,2,0,10.5484873660007,6.704878330230713,0.1207916481773748,1.9823108026283576
26,5,276084,0,42260313,0.0004891344691020307,1079,1077,2,0,6.477928498999972,6.695822715759277,0.10352482702738727,1.64030310613974
26,6,155981,1,42260314,0.0004891344691020307,610,608,2,0,3.4881444460006605,6.691887378692627,0.11159196652864155,1.5567255522075452
26,7,438907,1,42260315,0.0004891344691020307,1715,1713,2,0,9.78654266400008,6.704305648803711,0.0848883135027866,1.5576824626933743
26,8,563122,1,42260316,0.0004891344691020307,2200,2197,3,0,13.442789478998748,6.7095417976379395,0.0619311465097114,1.2409992452420915
26,9,671047,0,42260317,0.0004891344691020307,2622,2619,3,0,15.182155718999638,6.713615894317627,0.047217227430369116,1.0548583704717927
26,10,559874,1,42260318,0.0004891344691020307,2188,2185,3,0,12.840012386001035,6.709397315979004,0.05602130671660469,1.19857783895881
26,11,277765,0,42260319,0.0004891344691020307,1086,1084,2,0,6.417981742000848,6.695899486541748,0.07687462387929543,1.2846481492158672
26,12,344014,0,42260320,0.0004891344691020307,1344,1341,3,0,7.787128021000171,6.698883533477783,0.09358935601492589,1.5075831971534768
26,13,872271,0,42260321,0.0004891344691020307,3408,3405,3,0,19.927342242999657,6.72271203994751,0.057606463775410705,1.1499427829019824
26,14,353613,1,42260322,0.0004891344691020307,1382,1380,2,0,8.081033475998993,6.701031684875488,0.08983291404834692,1.4635384822237318
26,15,392479,0,42260323,0.0004891344691020307,1534,1532,2,0,9.128228005998608,6.701803207397461,0.0748480107080843,1.2368827003100522
26,16,509253,0,42260324,0.0004891344691020307,1990,1988,2,0,12.0615022639995,6.70632791519165,0.0641152095986564,1.2942605584679954
26,17,384412,0,42260325,0.0004891344691020307,1502,1501,1,0,8.88813624300019,6.701499938964844,0.04985650740489413,0.9893863075657895
26,18,629973,0,42260326,0.0004891344691020307,2461,2459,2,0,14.478981326001303,6.712520122528076,0.04846332266157165,1.0128366936508744
26,19,621908,1,42260327,0.0004891344691020307,2430,2429,1,0,14.102649730999474,6.712190628051758,0.050292679781578066,0.9343208448049609
26,20,801121,0,42260328,0.0004891344691020307,3130,3126,4,0,18.303339178000897,6.719473838806152,0.03102513299259862,0.8192469815908909
26,21,384660,1,42260329,0.0004891344691020307,1503,1502,1,0,8.771101218000695,6.701502799987793,0.05822961149456974,1.0649370988421687
26,22,355766,1,42260330,0.0004891344691020307,1390,1388,2,0,7.940925853999943,6.70106315612793,0.10540101988514837,1.5907040466836275
26,23,360226,0,42260331,0.0004891344691020307,1408,1404,4,0,8.241137819000869,6.699612617492676,0.055878158308501936,1.162429766097979
26,24,338512,0,42260332,0.0004891344691020307,1323,1321,2,0,7.873579041999619,6.698635578155518,0.08281544317899556,1.5780342558312832
26,25,185941,0,42260333,0.0004891344691020307,727,726,1,0,4.261871049000547,6.692964553833008,0.0929269501657197,1.2788879562672177
26,26,561149,0,42260334,0.0004891344691020307,2192,2188,4,0,13.094975392999913,6.7086639404296875,0.06435099990537876,1.2480579215822099
26,27,372819,0,42260335,0.0004891344691020307,1457,1456,1,0,8.371291475999897,6.701064586639404,0.06424301797217065,1.1653589940333104
26,28,107522,0,42260336,0.0004891344691020307,421,418,3,0,2.4675354219998553,6.6882781982421875,0.1241935200668408,1.6502448999140251
26,29,284527,1,42260337,0.0004891344691020307,1112,1111,1,0,6.6517339879992505,6.69753360748291,0.07463331248285962,1.3311068777776216
26,30,1333839,0,42260338,0.0004891344691020307,5211,5208,3,0,29.57451513199885,6.743468761444092,0.03805629595450359,0.859462661860359
26,31,427651,1,42260339,0.0004891344691020307,1671,1667,4,0,9.625929743999222,6.703967571258545,0.0782522694679814,1.3981744666691662
26,32,648608,0,42260340,0.0004891344691020307,2534,2532,2,0,14.81319406900002,6.712804317474365,0.02252567134573938,0.5532909230598341
26,33,428065,0,42260341,0.0004891344691020307,1673,1670,3,0,9.706168081000214,6.703141689300537,0.0881509015660086,1.819464732644087
26,34,375085,0,42260342,0.0004891344691020307,1466,1463,3,0,8.71288408700093,6.7011494636535645,0.09493891311197027,1.6524348646830143
26,35,882461,0,42260343,0.0004891344691020307,3448,3445,3,0,20.04006209399995,6.723137378692627,0.03056952887591845,0.7330229782746734
26,36,569144,0,42260344,0.0004891344691020307,2224,2223,1,0,13.449998841999331,6.709024429321289,0.03235901469214779,0.5954746893274854
26,37,314555,0,42260345,0.0004891344691020307,1229,1226,3,0,7.487868819998766,6.697554588317871,0.0894280288970101,1.5925950117251224
26,38,436745,0,42260346,0.0004891344691020307,1707,1703,4,0,10.012464254001316,6.703468322753906,0.06906646710595732,1.353136440059821
26,39,261664,0,42260347,0.0004891344691020307,1023,1021,2,0,5.885615836001307,6.6951727867126465,0.09790832639090812,1.476703938961496
26,40,638454,1,42260348,0.0004891344691020307,2494,2493,1,0,14.523159997999755,6.712934970855713,0.037775403086650436,0.8450520833333334
26,41,398139,1,42260349,0.0004891344691020307,1556,1555,1,0,9.191268374999709,6.70307731628418,0.08261448900032657,1.4155733458098874
26,42,242816,0,42260350,0.0004891344691020307,949,947,2,0,5.656113368000661,6.694367408752441,0.08986147404220565,1.598058424630412
26,43,323428,0,42260351,0.0004891344691020307,1264,1262,2,0,7.357263993999368,6.697955131530762,0.10293817293436137,1.6013328685246633
26,44,451037,0,42260352,0.0004891344691020307,1762,1760,2,0,10.57467578700016,6.704004764556885,0.054084699804132635,1.0521838795055043
26,45,265076,0,42260353,0.0004891344691020307,1036,1035,1,0,6.072670792000281,6.695326805114746,0.07039454363394475,1.2320780731053744
26,46,266508,1,42260354,0.0004891344691020307,1042,1040,2,0,6.147693048000292,6.697124481201172,0.10000026409442608,1.5170788104717547
26,47,506010,0,42260355,0.0004891344691020307,1977,1974,3,0,11.80326437199983,6.706181049346924,0.09280881717453854,1.748076681428888
26,48,303421,0,42260356,0.0004891344691020307,1186,1184,2,0,7.055711868999424,6.697052955627441,0.09424392597095387,1.7166657318940033
26,49,209704,1,42260357,0.0004891344691020307,820,817,3,0,4.874562769000477,6.693755626678467,0.18857072995955096,2.4860564924074358
26,50,548954,1,42260358,0.0004891344691020307,2145,2142,3,0,12.813381780000782,6.708904266357422,0.0751570301786079,1.462351167680614
26,51,554220,0,42260359,0.0004891344691020307,2165,2164,1,0,12.935582666999835,6.708352088928223,0.05565713469951298,1.0568175254158965
26,52,239391,0,42260360,0.0004891344691020307,936,933,3,0,5.737109869000051,6.694264888763428,0.08257450704789239,1.629897989516345
26,53,490494,0,42260361,0.0004891344691020307,1916,1913,3,0,11.232598626000254,6.705489158630371,0.062412116394202494,1.2934029195798484
26,54,160756,0,42260362,0.0004891344691020307,628,626,2,0,3.739194526000574,6.694036960601807,0.08293053136466029,1.3957466881115215
26,55,166616,1,42260363,0.0004891344691020307,651,648,3,0,3.7982003100005386,6.694218158721924,0.08335929446750218,1.4404095308280285
26,56,349089,1,42260364,0.0004891344691020307,1364,1363,1,0,7.837546749000467,6.699900150299072,0.053182953171929455,0.9570511323252935
26,57,813153,1,42260365,0.0004891344691020307,3177,3175,2,0,18.357684020000306,6.721647262573242,0.03322401392178272,0.7533296167568898
26,58,309917,0,42260366,0.0004891344691020307,1211,1209,2,0,7.035397179999563,6.697347164154053,0.11551117877313379,1.8710406408317826
26,59,355009,0,42260367,0.0004891344691020307,1387,1386,1,0,8.258764510999754,6.6993794441223145,0.06097013575346095,1.094017039817821
26,60,340859,1,42260368,0.0004891344691020307,1332,1329,3,0,7.823342187999515,6.69952917098999,0.10755261377430751,1.8870755002586532
26,61,436143,1,42260369,0.0004891344691020307,1704,1702,2,0,9.919996709999396,6.704222679138184,0.09413118283981162,1.5755080190584607
26,62,352452,0,42260370,0.0004891344691020307,1377,1375,2,0,8.018684666998524,6.699264049530029,0.07528141091086647,1.2332149325284092
26,63,241000,1,42260371,0.0004891344691020307,942,941,1,0,5.6109377080010745,6.695031642913818,0.10228537905102202,1.4189274105838203
26,64,757931,1,42260372,0.0004891344691020307,2961,2959,2,0,17.041381558001376,6.7186198234558105,0.05902457487023171,1.2519545276328574
26,65,667452,1,42260373,0.0004891344691020307,2608,2605,3,0,15.361362400000871,6.7147088050842285,0.036136083914084995,0.8354580284309021
26,66,373491,1,42260374,0.0004891344691020307,1459,1457,2,0,8.523629306999283,6.701327323913574,0.08623396245763984,1.452922750353895
26,67,255796,1,42260375,0.0004891344691020307,1000,999,1,0,5.787892493000982,6.69569730758667,0.059893805701453404,0.9539000670592468
26,68,187780,0,42260376,0.0004891344691020307,734,732,2,0,4.152909862999877,6.6930060386657715,0.12354915389597741,1.7256086172301912
26,69,162407,1,42260377,0.0004891344691020307,635,633,2,0,3.75455117599995,6.692044734954834,0.11321749092089999,1.690995877764613
26,70,235355,0,42260378,0.0004891344691020307,920,918,2,0,5.450922840998828,6.694142818450928,0.08462373155913841,1.4164402116098176
26,71,323052,1,42260379,0.0004891344691020307,1262,1259,3,0,7.386557514000742,6.698727130889893,0.07992634913389222,1.3549093984250893
26,72,98180,0,42260380,0.0004891344691020307,384,382,2,0,2.1342303579986037,6.689414024353027,0.1572271017503988,1.9611057461244275
26,73,262450,1,42260381,0.0004891344691020307,1026,1024,2,0,5.947981180001079,6.695997714996338,0.08959487080574036,1.2849647998809814
26,74,603827,0,42260382,0.0004891344691020307,2359,2357,2,0,13.968708198000968,6.7105865478515625,0.07948134903387848,1.530237909186731
26,75,236083,1,42260383,0.0004891344691020307,923,922,1,0,5.600663131999681,6.694809436798096,0.05628050847581048,1.025336077311551
26,76,441814,0,42260384,0.0004891344691020307,1726,1723,3,0,9.837374341999748,6.703657627105713,0.12231970469894897,1.79047307453388
26,77,648680,1,42260385,0.0004891344691020307,2534,2532,2,0,14.734970744000748,6.714289665222168,0.030596966615408706,0.6350226861794036
26,78,881094,1,42260386,0.0004891344691020307,3442,3439,3,0,20.026955362998706,6.724201679229736,0.04834434728908067,1.1423349072677378
26,79,306166,1,42260387,0.0004891344691020307,1196,1194,2,0,6.899738170001001,6.698023796081543,0.10350550359217965,1.5701768322406302
26,80,661445,0,42260388,0.0004891344691020307,2584,2581,3,0,15.207893101998707,6.7131829261779785,0.060355942085795235,1.2227564223835239
26,81,548725,0,42260389,0.0004891344691020307,2144,2141,3,0,13.077023378000376,6.708104133605957,0.07452205852168234,1.551149456482076
26,82,313463,1,42260390,0.0004891344691020307,1225,1224,1,0,7.3336644470000465,6.6982951164245605,0.07606808032864838,1.219991447099673
26,83,449860,1,42260391,0.0004891344691020307,1758,1756,2,0,10.123438354999962,6.704637050628662,0.037530112646706824,0.7424863498140305
26,84,381590,1,42260392,0.0004891344691020307,1491,1487,4,0,8.983060481001303,6.701448440551758,0.09892487413705237,1.5974270500588432
26,85,323967,1,42260393,0.0004891344691020307,1266,1265,1,0,7.510871657001189,6.698768138885498,0.09029661035349247,1.2918624938241108
26,86,360767,1,42260394,0.0004891344691020307,1410,1406,4,0,8.2273450520006,6.701137542724609,0.062143051776913115,1.322094066722973
26,87,461848,0,42260395,0.0004891344691020307,1805,1801,4,0,10.643908431000455,6.704411506652832,0.10463984445490353,1.8704392741879512
26,88,432222,0,42260396,0.0004891344691020307,1689,1686,3,0,9.913072399000157,6.703297138214111,0.08648465338692264,1.6160222570525653
26,89,296592,1,42260397,0.0004891344691020307,1159,1155,4,0,6.896437411998704,6.697807312011719,0.10218244940687568,1.714575618066829
26,90,479627,1,42260398,0.0004891344691020307,1874,1872,2,0,10.926552254000853,6.706655979156494,0.06897642673590244,1.275344457381811
26,91,587269,1,42260399,0.0004891344691020307,2295,2291,4,0,13.421345795999514,6.710631370544434,0.10405003561405364,1.63779207360323
26,92,206676,1,42260400,0.0004891344691020307,808,807,1,0,4.559845739000593,6.6936421394348145,0.1170468714452883,1.7991897980076672
26,93,217421,1,42260401,0.0004891344691020307,850,848,2,0,4.95960481200018,6.694046497344971,0.09122705459594727,1.462832900713075
26,94,885169,1,42260402,0.0004891344691020307,3458,3456,2,0,20.03698771299969,6.724354267120361,0.021327733993530273,0.5667353382817021
26,95,295224,0,42260403,0.0004891344691020307,1154,1151,3,0,6.90724591199978,6.696683883666992,0.07745721918101107,1.4192807672336556
26,96,547304,1,42260404,0.0004891344691020307,2138,2137,1,0,12.575596532999043,6.7088303565979,0.0578744983806976,1.066382601376053
26,97,428994,1,42260405,0.0004891344691020307,1676,1674,2,0,9.864954286000284,6.70400857925415,0.07456968391810409,1.3314577966323178
26,98,276358,1,42260406,0.0004891344691020307,1080,1079,1,0,6.294626402999711,6.697348594665527,0.09256050739164591,1.4000419496495597
26,99,491272,1,42260407,0.0004891344691020307,1920,1917,3,0,11.496011196000836,6.7069220542907715,0.0809886377182365,1.4938244011231743
27,0,926214,1,42270315,0.00045746860217569754,3619,3615,4,0,21.39654129200062,6.725897789001465,0.04549006756245678,1.062304349822787
27,1,209678,1,42270316,0.00045746860217569754,820,817,3,0,4.729585168000995,6.693755149841309,0.09744510160373795,1.7530079798424112
27,2,509018,1,42270317,0.00045746860217569754,1989,1986,3,0,11.372381483999561,6.707324028015137,0.11503732456541493,1.762162530290156
27,3,411880,0,42270318,0.00045746860217569754,1609,1607,2,0,9.432223444999181,6.702532768249512,0.08891083694201637,1.4760391244846764
27,4,457865,1,42270319,0.00045746860217569754,1789,1787,2,0,10.420283628000107,6.704878330230713,0.1226242142278653,2.026576353306869
27,5,276084,0,42270320,0.00045746860217569754,1079,1077,2,0,6.84427423499983,6.695822715759277,0.106681717471492,1.6765137852179086
27,6,155981,0,42270321,0.00045746860217569754,610,608,2,0,3.545095945999492,6.69120979309082,0.1112326697299355,1.5868914754767167
27,7,438907,1,42270322,0.00045746860217569754,1715,1713,2,0,10.35305415899893,6.704305648803711,0.08280411256521819,1.553835074385216
27,8,563122,1,42270323,0.00045746860217569754,2200,2198,2,0,12.689097741000296,6.7095417976379395,0.0613717312591525,1.252181270970769
27,9,671047,0,42270324,0.00045746860217569754,2622,2619,3,0,14.69068847699964,6.713615894317627,0.04808223880215791,1.0880606565005728
27,10,559874,1,42270325,0.00045746860217569754,2188,2184,4,0,12.696911589999218,6.709397315979004,0.05598226833692837,1.2151991176954555
27,11,277765,0,42270326,0.00045746860217569754,1086,1085,1,0,6.24733818400091,6.695899486541748,0.07524269912649409,1.3341331095190092
27,12,344014,0,42270327,0.00045746860217569754,1344,1341,3,0,7.902832895000756,6.698883533477783,0.09272219937386396,1.5599387991703952
27,13,872271,0,42270328,0.00045746860217569754,3408,3404,4,0,19.29325333700035,6.72271203994751,0.05685849755687243,1.1724316320183974
27,14,353613,1,42270329,0.00045746860217569754,1382,1379,3,0,8.157697198999813,6.701031684875488,0.09123804813022628,1.4741352570930022
27,15,392479,0,42270330,0.00045746860217569754,1534,1533,1,0,8.914115785999456,6.701803207397461,0.07341768845808871,1.253445042400522
27,16,509253,0,42270331,0.00045746860217569754,1990,1987,3,0,11.658831564000138,6.70632791519165,0.06417036128512087,1.3413362392661676
27,17,384412,0,42270332,0.00045746860217569754,1502,1501,1,0,9.163115051000204,6.701499938964844,0.05002093331008494,1.002928711588108
27,18,629973,0,42270333,0.00045746860217569754,2461,2459,2,0,14.515406889000587,6.712520122528076,0.04843227453181394,1.0487525694832758
27,19,621908,1,42270334,0.00045746860217569754,2430,2428,2,0,14.169754185000784,6.712190628051758,0.049482185326062474,0.9311668232598846
27,20,801121,0,42270335,0.00045746860217569754,3130,3126,4,0,18.44373719699979,6.719473838806152,0.031061034590024943,0.851076093150192
27,21,384660,1,42270336,0.00045746860217569754,1503,1502,1,0,8.717953115001364,6.701502799987793,0.058624018683097016,1.0857851965608356
27,22,355766,1,42270337,0.00045746860217569754,1390,1388,2,0,8.184199631999945,6.70106315612793,0.10518306545290548,1.6269490794420929
27,23,360226,0,42270338,0.00045746860217569754,1408,1404,4,0,8.088748046999171,6.699612617492676,0.055809406813053665,1.199474019542379
27,24,338512,0,42270339,0.00045746860217569754,1323,1320,3,0,7.823034997998548,6.698635578155518,0.08385299335826527,1.6332980069247158
27,25,185941,1,42270340,0.00045746860217569754,727,726,1,0,4.135662983999282,6.6928629875183105,0.0919843941680656,1.325246006989282
27,26,561149,0,42270341,0.00045746860217569754,2192,2188,4,0,12.926069330000246,6.7086639404296875,0.06456407899176617,1.2952854079781764
27,27,372819,0,42270342,0.00045746860217569754,1457,1456,1,0,8.470678351999595,6.701064586639404,0.0637897973532205,1.1973243964897406
27,28,107522,1,42270343,0.00045746860217569754,421,419,2,0,2.411616133998905,6.689067363739014,0.12276224759996364,1.6380862871047137
27,29,284527,1,42270344,0.00045746860217569754,1112,1111,1,0,6.536450495999816,6.69753360748291,0.07499527952673198,1.3695149666333821
27,30,1333839,0,42270345,0.00045746860217569754,5211,5208,3,0,30.934900422000283,6.743468761444092,0.03777115465858565,0.8813215920818932
27,31,427651,1,42270346,0.00045746860217569754,1671,1668,3,0,9.647757921000448,6.703967571258545,0.0767941463479607,1.4326400207958634
27,32,648608,0,42270347,0.00045746860217569754,2534,2533,1,0,14.93870408100156,6.712804317474365,0.023490185893857332,0.5713466037369226
27,33,428065,0,42270348,0.00045746860217569754,1673,1669,4,0,9.80985114500072,6.703141689300537,0.08660926156018293,1.890991576636459
27,34,375085,0,42270349,0.00045746860217569754,1466,1462,4,0,9.13064279900027,6.7011494636535645,0.09358407371510559,1.673790552058396
27,35,882461,0,42270350,0.00045746860217569754,3448,3446,2,0,19.854454473999795,6.723137378692627,0.03007805548085076,0.7484059303358966
27,36,569144,0,42270351,0.00045746860217569754,2224,2223,1,0,13.045378719998553,6.709024429321289,0.03221603647524636,0.60499293386963
27,37,314555,0,42270352,0.00045746860217569754,1229,1226,3,0,7.222341901999243,6.697554588317871,0.0887067461869456,1.6409787649431586
27,38,436745,0,42270353,0.00045746860217569754,1707,1703,4,0,10.008317003999764,6.703468322753906,0.06947973568300884,1.3808286961428362
27,39,261664,0,42270354,0.00045746860217569754,1023,1020,3,0,5.937743548000071,6.6951727867126465,0.09864958220837163,1.5153422037760416
27,40,638454,1,42270355,0.00045746860217569754,2494,2492,2,0,14.836552907998339,6.712934970855713,0.03748767295580232,0.8569604374623796
27,41,398139,1,42270356,0.00045746860217569754,1556,1555,1,0,9.170265056998687,6.70307731628418,0.0813604863893564,1.4199220320036174
27,42,242816,0,42270357,0.00045746860217569754,949,947,2,0,5.718565970999407,6.694367408752441,0.0891860671884281,1.6825251513826558
27,43,323428,0,42270358,0.00045746860217569754,1264,1262,2,0,7.673534274001213,6.697955131530762,0.1024655011112074,1.6289718313564778
27,44,451037,0,42270359,0.00045746860217569754,1762,1760,2,0,10.465141521999612,6.704004764556885,0.0544590256430886,1.0928802490234375
27,45,265076,0,42270360,0.00045746860217569754,1036,1035,1,0,6.015749276999486,6.695326805114746,0.0692521173596958,1.2544872339221014
27,46,266508,1,42270361,0.00045746860217569754,1042,1040,2,0,6.398014190001049,6.697124481201172,0.10045331808236929,1.553353764460637
27,47,506010,0,42270362,0.00045746860217569754,1977,1975,2,0,11.33674031299961,6.706181049346924,0.09105019098595728,1.7787948724287974
27,48,303421,0,42270363,0.00045746860217569754,1186,1184,2,0,6.977110857000298,6.697052955627441,0.09395061312495051,1.7346321312156883
27,49,209704,0,42270364,0.00045746860217569754,820,817,3,0,4.779959941000925,6.693503379821777,0.1893312227769756,2.5287213366355568
27,50,548954,1,42270365,0.00045746860217569754,2145,2142,3,0,12.752713459000006,6.708904266357422,0.07458845863377903,1.5081925022613212
27,51,554220,0,42270366,0.00045746860217569754,2165,2163,2,0,12.833205660999738,6.708352088928223,0.055453631594618656,1.0602150333737863
27,52,239391,0,42270367,0.00045746860217569754,936,933,3,0,5.5792147039992415,6.694264888763428,0.0844967056061805,1.675023576709874
27,53,490494,0,42270368,0.00045746860217569754,1916,1913,3,0,11.71449875199869,6.705489158630371,0.06234909113451753,1.3040532193380816
27,54,160756,1,42270369,0.00045746860217569754,628,626,2,0,3.826925412999117,6.694826126098633,0.0808875172282941,1.424230703530601
27,55,166616,0,42270370,0.00045746860217569754,651,648,3,0,3.762193174001368,6.693428993225098,0.08389886808984073,1.4983382048430267
27,56,349089,1,42270371,0.00045746860217569754,1364,1362,2,0,8.015627857001164,6.699900150299072,0.052775490826622154,0.9755524174582415
27,57,813153,1,42270372,0.00045746860217569754,3177,3175,2,0,18.15356859699932,6.721647262573242,0.032911002091535434,0.7665989480807086
27,58,309917,0,42270373,0.00045746860217569754,1211,1209,2,0,6.979374180000377,6.697347164154053,0.11632758078247778,1.9134383158214434
27,59,355009,0,42270374,0.00045746860217569754,1387,1386,1,0,8.291930530000172,6.6993794441223145,0.06079717528768432,1.1270004206405573
27,60,340859,1,42270375,0.00045746860217569754,1332,1329,3,0,7.862341406000269,6.69952917098999,0.10759402720707534,1.9106584926401429
27,61,436143,1,42270376,0.00045746860217569754,1704,1701,3,0,9.797149003001323,6.704222679138184,0.09489734252714396,1.6093284970238095
27,62,352452,0,42270377,0.00045746860217569754,1377,1375,2,0,8.197752774998662,6.699264049530029,0.07619348699396307,1.2317312677556818
27,63,241000,1,42270378,0.00045746860217569754,942,941,1,0,5.6377275949998875,6.695031642913818,0.10105287103926591,1.433140234790117
27,64,757931,1,42270379,0.00045746860217569754,2961,2959,2,0,17.11037887800012,6.7186198234558105,0.05782595289925862,1.2737398086346738
27,65,667452,1,42270380,0.00045746860217569754,2608,2606,2,0,15.057304752999698,6.7147088050842285,0.035664468386131166,0.8458391542354182
27,66,373491,1,42270381,0.00045746860217569754,1459,1456,3,0,8.709582908999437,6.701327323913574,0.08719040797306941,1.451904799912002
27,67,255796,1,42270382,0.00045746860217569754,1000,999,1,0,5.849317765998421,6.69569730758667,0.05932582057154811,0.9734388929945571
27,68,187780,1,42270383,0.00045746860217569754,734,732,2,0,4.394055920000028,6.69293212890625,0.12239781364065702,1.7155249757193476
27,69,162407,0,42270384,0.00045746860217569754,635,633,2,0,3.844784253000398,6.691255569458008,0.11084432737522215,1.7560882809414495
27,70,235355,0,42270385,0.00045746860217569754,920,918,2,0,5.481979235999461,6.694142818450928,0.0819772790979456,1.4263394756774237
27,71,323052,1,42270386,0.00045746860217569754,1262,1259,3,0,7.559418544000437,6.698727130889893,0.07816444984781448,1.3629704021668982
27,72,98180,1,42270387,0.00045746860217569754,384,381,3,0,2.1677350999998453,6.6902031898498535,0.15954491722927944,1.9999191003834482
27,73,262450,1,42270388,0.00045746860217569754,1026,1025,1,0,5.914928049000082,6.695997714996338,0.08933912323742378,1.3130453267911586
27,74,603827,0,42270389,0.00045746860217569754,2359,2357,2,0,13.731687231000251,6.7105865478515625,0.07848086577631125,1.5740015404579444
27,75,236083,1,42270390,0.00045746860217569754,923,922,1,0,5.384205013999235,6.694809436798096,0.057368946696051804,1.0322370880855138
27,76,441814,0,42270391,0.00045746860217569754,1726,1723,3,0,10.41495783100072,6.703657627105713,0.1219556457554955,1.8422067988700668
27,77,648680,1,42270392,0.00045746860217569754,2534,2533,1,0,14.455797035001524,6.714289665222168,0.0304514165457369,0.6418399682781041
27,78,881094,1,42270393,0.00045746860217569754,3442,3439,3,0,19.261346459999913,6.724201679229736,0.046956542897758254,1.1494533919289764
27,79,306166,1,42270394,0.00045746860217569754,1196,1194,2,0,7.080480176999117,6.698023796081543,0.10403469858856457,1.5947067286301297
27,80,661445,0,42270395,0.00045746860217569754,2584,2581,3,0,14.970110202000797,6.7131829261779785,0.061610544434539664,1.2509059972515497
27,81,548725,0,42270396,0.00045746860217569754,2144,2141,3,0,12.675552561999211,6.708104133605957,0.07281608171743637,1.5687644135333956
27,82,313463,1,42270397,0.00045746860217569754,1225,1223,2,0,6.985520046000602,6.6982951164245605,0.07504471461498045,1.2381844321724245
27,83,449860,1,42270398,0.00045746860217569754,1758,1756,2,0,10.539524997000626,6.704637050628662,0.037001603285109534,0.7487587201025057
27,84,381590,1,42270399,0.00045746860217569754,1491,1487,4,0,9.035189559999708,6.701448440551758,0.09849705340161609,1.6314300762861467
27,85,323967,1,42270400,0.00045746860217569754,1266,1264,2,0,7.365091543000744,6.698768138885498,0.09093592438516737,1.3085054808025118
27,86,360767,1,42270401,0.00045746860217569754,1410,1406,4,0,8.077919090999785,6.701137542724609,0.062126810825396735,1.3354281212493333
27,87,461848,0,42270402,0.00045746860217569754,1805,1801,4,0,10.583118889000616,6.704411506652832,0.10390261873015426,1.9131470743250278
27,88,432222,0,42270403,0.00045746860217569754,1689,1687,2,0,9.837935890998779,6.703297138214111,0.08526858254587007,1.6844409338878186
27,89,296592,1,42270404,0.00045746860217569754,1159,1155,4,0,6.672314715000539,6.697807312011719,0.101733821191829,1.7580606567911254
27,90,479627,1,42270405,0.00045746860217569754,1874,1872,2,0,10.924966716000199,6.706655979156494,0.06906356159438434,1.2980097583216479
27,91,587269,1,42270406,0.00045746860217569754,2295,2291,4,0,13.38870715200028,6.710631370544434,0.10202589830109668,1.6637432309853775
27,92,206676,0,42270407,0.00045746860217569754,808,807,1,0,4.845631269001387,6.693434715270996,0.11715282265286169,1.8074987475313662
27,93,217421,1,42270408,0.00045746860217569754,850,848,2,0,5.023506629999247,6.694046497344971,0.09000831280114516,1.4693674051536705
27,94,885169,1,42270409,0.00045746860217569754,3458,3456,2,0,20.48312014399926,6.724354267120361,0.021049570154260705,0.5757618303652163
27,95,295224,0,42270410,0.00045746860217569754,1154,1151,3,0,6.908517359999678,6.696683883666992,0.07871281468899327,1.4550327330853605
27,96,547304,1,42270411,0.00045746860217569754,2138,2137,1,0,12.51493286999903,6.7088303565979,0.056935740119673464,1.0932574917012752
27,97,428994,1,42270412,0.00045746860217569754,1676,1673,3,0,9.710832448001383,6.70400857925415,0.07388420583812762,1.378277584242379
27,98,276358,1,42270413,0.00045746860217569754,1080,1079,1,0,6.3915269279987115,6.697348594665527,0.09195660439987112,1.4201178210437906
27,99,491272,1,42270414,0.00045746860217569754,1920,1917,3,0,11.569796534000488,6.7069220542907715,0.07979301568052703,1.5232713009829812
28,0,926214,1,42280322,0.0004259980519584773,3619,3616,3,0,21.448179303999495,6.725897789001465,0.04521237432429221,1.0805620851769913
28,1,209678,1,42280323,0.0004259980519584773,820,816,4,0,4.622693981000339,6.693755149841309,0.09635169833314185,1.7172371359432446
28,2,509018,1,42280324,0.0004259980519584773,1989,1986,3,0,11.564608218001013,6.707324028015137,0.11529616310757333,1.796131883142938
28,3,411880,0,42280325,0.0004259980519584773,1609,1607,2,0,9.485995410999749,6.702532768249512,0.08761741956272849,1.511062745507934
28,4,457865,1,42280326,0.0004259980519584773,1789,1786,3,0,10.509776155000509,6.704878330230713,0.122217799888346,2.087140705924552
28,5,276084,1,42280327,0.0004259980519584773,1079,1077,2,0,6.464531827999963,6.6973419189453125,0.10502770440713498,1.7249143807668872
28,6,155981,1,42280328,0.0004259980519584773,610,607,3,0,3.5149262710001494,6.691887378692627,0.11118363155760914,1.6260194982688942
28,7,438907,1,42280329,0.0004259980519584773,1715,1713,2,0,10.18372443899898,6.704305648803711,0.08258461938291284,1.5903488488762405
28,8,563122,1,42280330,0.0004259980519584773,2200,2197,3,0,12.698263636000775,6.7095417976379395,0.06051461415557792,1.2818778536783113
28,9,671047,0,42280331,0.0004259980519584773,2622,2620,2,0,15.583848735999709,6.713615894317627,0.04792490369490995,1.1032921710997137
28,10,559874,1,42280332,0.0004259980519584773,2188,2184,4,0,12.443342295999173,6.709397315979004,0.05627128754779969,1.2350077087625915
28,11,277765,0,42280333,0.0004259980519584773,1086,1083,3,0,6.340595364999899,6.695899486541748,0.0769500168847025,1.3559113816871537
28,12,344014,0,42280334,0.0004259980519584773,1344,1341,3,0,7.8353867450005055,6.698883533477783,0.09474014293605226,1.619810600764355
28,13,872271,0,42280335,0.0004259980519584773,3408,3404,4,0,20.003221495000616,6.72271203994751,0.057078602451275155,1.2037758025943743
28,14,353613,1,42280336,0.0004259980519584773,1382,1380,2,0,8.056380669999271,6.701031684875488,0.0911314038262851,1.5232181272644927
28,15,392479,0,42280337,0.0004259980519584773,1534,1532,2,0,8.987869111000691,6.701803207397461,0.0747632955446567,1.3046245525150946
28,16,509253,0,42280338,0.0004259980519584773,1990,1987,3,0,11.651514838000367,6.70632791519165,0.06417101786612985,1.3863819661785983
28,17,384412,0,42280339,0.0004259980519584773,1502,1501,1,0,8.77216758799841,6.701499938964844,0.049446288940511014,1.022122458725433
28,18,629973,0,42280340,0.0004259980519584773,2461,2459,2,0,14.819671131999712,6.712520122528076,0.04786535063716831,1.0488121401929138
28,19,621908,1,42280341,0.0004259980519584773,2430,2429,1,0,14.146784541999295,6.712190628051758,0.04933865995944994,0.9516622669758645
28,20,801121,0,42280342,0.0004259980519584773,3130,3126,4,0,18.341278410000086,6.719473838806152,0.031293223473176084,0.8545991064109485
28,21,384660,1,42280343,0.0004259980519584773,1503,1501,2,0,8.899700563999431,6.701502799987793,0.05810130079296094,1.0840347971144237
28,22,355766,1,42280344,0.0004259980519584773,1390,1388,2,0,8.148257823999302,6.70106315612793,0.10469446539535303,1.6301515782600864
28,23,360226,0,42280345,0.0004259980519584773,1408,1404,4,0,8.321372434000295,6.699612617492676,0.056307980138012484,1.2189576238648505
28,24,338512,0,42280346,0.0004259980519584773,1323,1320,3,0,8.064277429999493,6.698635578155518,0.08330895394989939,1.6480823863636365
28,25,185941,1,42280347,0.0004259980519584773,727,726,1,0,4.102194414999758,6.6928629875183105,0.0921235518022017,1.3253540375344353
28,26,561149,0,42280348,0.0004259980519584773,2192,2188,4,0,12.687304065000717,6.7086639404296875,0.06432442255386268,1.3269667825925502
28,27,372819,0,42280349,0.0004259980519584773,1457,1456,1,0,8.573090402000162,6.701064586639404,0.06424676454984225,1.2127702314775068
28,28,107522,0,42280350,0.0004259980519584773,421,420,1,0,2.4497268220002297,6.6882781982421875,0.1246211188180106,1.6977799188523066
28,29,284527,1,42280351,0.0004259980519584773,1112,1110,2,0,6.5825846749994525,6.69753360748291,0.07435528866879575,1.4000094576998874
28,30,1333839,0,42280352,0.0004259980519584773,5211,5207,4,0,30.85106170399922,6.743468761444092,0.03732549184935093,0.8906532259758498
28,31,427651,1,42280353,0.0004259980519584773,1671,1668,3,0,9.731689980999363,6.703967571258545,0.07693014899603755,1.4464622149936301
28,32,648608,0,42280354,0.0004259980519584773,2534,2532,2,0,15.145310074000008,6.712804317474365,0.022991909611658274,0.5859666676694559
28,33,428065,0,42280355,0.0004259980519584773,1673,1670,3,0,9.795893381000496,6.703141689300537,0.0865857975211686,1.8823788945546407
28,34,375085,0,42280356,0.0004259980519584773,1466,1463,3,0,8.776700551999966,6.7011494636535645,0.09466052104248547,1.722493545208903
28,35,882461,0,42280357,0.0004259980519584773,3448,3446,2,0,20.284292565000214,6.723137378692627,0.029751964177216338,0.7497885909387696
28,36,569144,0,42280358,0.0004259980519584773,2224,2222,2,0,13.031776129000718,6.709024429321289,0.03213785619589791,0.6181756542353454
28,37,314555,0,42280359,0.0004259980519584773,1229,1226,3,0,7.376535335000881,6.697554588317871,0.08787084831499159,1.6593544292605527
28,38,436745,0,42280360,0.0004259980519584773,1707,1703,4,0,9.981969594000475,6.703468322753906,0.06978757704837282,1.3907094385367733
28,39,261664,0,42280361,0.0004259980519584773,1023,1021,2,0,6.306899167000665,6.6951727867126465,0.09695512284027608,1.5434783128519833
28,40,638454,1,42280362,0.0004259980519584773,2494,2492,2,0,15.111513660998753,6.712934970855713,0.03803663728325172,0.8720461139709571
28,41,398139,1,42280363,0.0004259980519584773,1556,1555,1,0,9.244356186000005,6.70307731628418,0.08105187124761354,1.459577691670016
28,42,242816,1,42280364,0.0004259980519584773,949,947,2,0,5.854621299000428,6.695112705230713,0.09148852500391863,1.6874127332612856
28,43,323428,0,42280365,0.0004259980519584773,1264,1262,2,0,7.764464912999756,6.697955131530762,0.10416760573107543,1.6697976766788827
28,44,451037,0,42280366,0.0004259980519584773,1762,1760,2,0,10.38465882499986,6.704004764556885,0.054033452814275566,1.10683725530451
28,45,265076,0,42280367,0.0004259980519584773,1036,1034,2,0,6.246022569999695,6.695326805114746,0.06899811912551378,1.263987439744016
28,46,266508,0,42280368,0.0004259980519584773,1042,1040,2,0,6.247800480001388,6.69539213180542,0.10199509400587815,1.5990678053635818
28,47,506010,0,42280369,0.0004259980519584773,1977,1974,3,0,11.747537679000743,6.706181049346924,0.09220434032312642,1.8072038551956686
28,48,303421,0,42280370,0.0004259980519584773,1186,1184,2,0,7.017960780000067,6.697052955627441,0.09310270644523003,1.7760799511058911
28,49,209704,0,42280371,0.0004259980519584773,820,817,3,0,4.7083768360007525,6.693503379821777,0.18937935239682144,2.6123339724219705
28,50,548954,1,42280372,0.0004259980519584773,2145,2142,3,0,12.761461899001006,6.708904266357422,0.07527952790816847,1.5303626821822478
28,51,554220,0,42280373,0.0004259980519584773,2165,2163,2,0,12.79805378400124,6.708352088928223,0.055006195646824796,1.102790201145689
28,52,239391,1,42280374,0.0004259980519584773,936,933,3,0,5.339827621999575,6.69495964050293,0.08452831076144661,1.6855666312885182
28,53,490494,0,42280375,0.0004259980519584773,1916,1912,4,0,11.425471755999752,6.705489158630371,0.06367227721912591,1.3593360549735225
28,54,160756,0,42280376,0.0004259980519584773,628,626,2,0,3.9447324439988734,6.694036960601807,0.08106772815838409,1.4701231935153753
28,55,166616,0,42280377,0.0004259980519584773,651,649,2,0,3.704071735999605,6.693428993225098,0.0843974732103627,1.5530577014517526
28,56,349089,1,42280378,0.0004259980519584773,1364,1363,1,0,7.837111519998871,6.699900150299072,0.051855057893390614,0.9897715287967719
28,57,813153,1,42280379,0.0004259980519584773,3177,3175,2,0,18.6488821619987,6.721647262573242,0.03292138047105684,0.7755248831200787
28,58,309917,0,42280380,0.0004259980519584773,1211,1208,3,0,7.1125108519991045,6.697347164154053,0.11499394802068243,1.940636641142384
28,59,355009,0,42280381,0.0004259980519584773,1387,1386,1,0,8.207387940999979,6.6993794441223145,0.06110896761455233,1.1487631969809704
28,60,340859,1,42280382,0.0004259980519584773,1332,1329,3,0,7.8825862940011575,6.69952917098999,0.10793314202554788,1.9594096462918549
28,61,436143,1,42280383,0.0004259980519584773,1704,1701,3,0,10.00572653800009,6.704222679138184,0.09413537188602293,1.637495952518739
28,62,352452,0,42280384,0.0004259980519584773,1377,1376,1,0,7.986382756000239,6.699264049530029,0.0760283581046171,1.2725100849950037
28,63,241000,0,42280385,0.0004259980519584773,942,941,1,0,5.858342061001167,6.694313049316406,0.10153674167223616,1.4750835163306988
28,64,757931,1,42280386,0.0004259980519584773,2961,2958,3,0,16.9561273420004,6.7186198234558105,0.05796133561098874,1.2942162772301808
28,65,667452,1,42280387,0.0004259980519584773,2608,2606,2,0,15.22616278500027,6.7147088050842285,0.03505800763918451,0.8640588275853799
28,66,373491,1,42280388,0.0004259980519584773,1459,1457,2,0,8.573814640001729,6.701327323913574,0.08633340116879182,1.488462386592742
28,67,255796,1,42280389,0.0004259980519584773,1000,999,1,0,6.03879306700037,6.69569730758667,0.05927080339616961,0.979235644335742
28,68,187780,1,42280390,0.0004259980519584773,734,732,2,0,4.321460463001131,6.69293212890625,0.12407849004359844,1.818847155961834
28,69,162407,1,42280391,0.0004259980519584773,635,633,2,0,3.895447779001188,6.692044734954834,0.11508375170859869,1.7808693257553319
28,70,235355,1,42280392,0.0004259980519584773,920,919,1,0,5.443184670000846,6.694777488708496,0.0829973604785475,1.449823124234902
28,71,323052,1,42280393,0.0004259980519584773,1262,1259,3,0,7.636858251000376,6.698727130889893,0.08095211183579788,1.4080908474607823
28,72,98180,0,42280394,0.0004259980519584773,384,381,3,0,2.1429442600001494,6.689414024353027,0.15942789313048517,2.0339132794557906
28,73,262450,1,42280395,0.0004259980519584773,1026,1025,1,0,6.146918598000411,6.695997714996338,0.088248291015625,1.333045684070122
28,74,603827,0,42280396,0.0004259980519584773,2359,2357,2,0,13.879864214000918,6.7105865478515625,0.07974667846524316,1.5958426487258697
28,75,236083,0,42280397,0.0004259980519584773,923,922,1,0,5.41893089900077,6.694164276123047,0.05685629193022556,1.0812090627542028
28,76,441814,0,42280398,0.0004259980519584773,1726,1723,3,0,10.457515828999021,6.703657627105713,0.1214576318246019,1.8160218312445588
28,77,648680,1,42280399,0.0004259980519584773,2534,2532,2,0,14.757660080998903,6.714289665222168,0.030113274452245632,0.6585153878017624
28,78,881094,1,42280400,0.0004259980519584773,3442,3439,3,0,20.390026523000415,6.724201679229736,0.04665627442116167,1.1652102945987206
28,79,306166,1,42280401,0.0004259980519584773,1196,1194,2,0,6.933402353999554,6.698023796081543,0.10405106919894067,1.6405055878350083
28,80,661445,0,42280402,0.0004259980519584773,2584,2581,3,0,14.983815163001054,6.7131829261779785,0.06065888314319184,1.27581884065648
28,81,548725,0,42280403,0.0004259980519584773,2144,2140,4,0,12.833458261999112,6.708104133605957,0.07368198287821262,1.6299412237149533
28,82,313463,1,42280404,0.0004259980519584773,1225,1223,2,0,7.208811202001016,6.6982951164245605,0.07538657137729649,1.278845923510323
28,83,449860,1,42280405,0.0004259980519584773,1758,1757,1,0,10.15711386699877,6.704637050628662,0.03681388251402871,0.759046195241356
28,84,381590,1,42280406,0.0004259980519584773,1491,1487,4,0,8.494683716000509,6.701448440551758,0.09891294006060336,1.6700719385717888
28,85,323967,1,42280407,0.0004259980519584773,1266,1265,1,0,7.587130534999233,6.698768138885498,0.09078604958274147,1.3568419203927866
28,86,360767,1,42280408,0.0004259980519584773,1410,1406,4,0,8.130787443000372,6.701137542724609,0.06042331245172753,1.3402523295808144
28,87,461848,0,42280409,0.0004259980519584773,1805,1802,3,0,10.793993209999826,6.704411506652832,0.10374626811680598,1.9235406297690067
28,88,432222,0,42280410,0.0004259980519584773,1689,1687,2,0,9.762134643999161,6.703297138214111,0.0871300100926895,1.683372619665086
28,89,296592,1,42280411,0.0004259980519584773,1159,1155,4,0,6.8424631979996775,6.697807312011719,0.10258202490868507,1.8044334246482685
28,90,479627,1,42280412,0.0004259980519584773,1874,1871,3,0,11.120704986999044,6.706655979156494,0.06931622585213038,1.3199561408087253
28,91,587269,1,42280413,0.0004259980519584773,2295,2292,3,0,13.423014844000136,6.710631370544434,0.1025563850868851,1.7276130929251199
28,92,206676,0,42280414,0.0004259980519584773,808,806,2,0,4.820903042000282,6.693434715270996,0.11682256693875523,1.823943561714873
28,93,217421,0,42280415,0.0004259980519584773,850,847,3,0,5.064372631999504,6.693678855895996,0.08995830801611386,1.4810355770827184
28,94,885169,1,42280416,0.0004259980519584773,3458,3457,1,0,20.016586360001384,6.724354267120361,0.021329096848474338,0.597876661596941
28,95,295224,0,42280417,0.0004259980519584773,1154,1151,3,0,6.875949735998802,6.696683883666992,0.07837315086278576,1.502249975395037
28,96,547304,1,42280418,0.0004259980519584773,2138,2136,2,0,12.42484518099991,6.7088303565979,0.056651054696643846,1.1236731139908123
28,97,428994,1,42280419,0.0004259980519584773,1676,1674,2,0,9.525704194000355,6.70400857925415,0.07471069554701501,1.395931485448402
28,98,276358,1,42280420,0.0004259980519584773,1080,1079,1,0,6.214909117001298,6.697348594665527,0.09211820049126795,1.453603778093142
28,99,491272,1,42280421,0.0004259980519584773,1920,1916,4,0,11.17302931300037,6.7069220542907715,0.08063515043955506,1.565553159454919
29,0,926214,1,42290329,0.00039485213769162444,3619,3615,4,0,21.264503701999274,6.725897789001465,0.04515695743376124,1.1129676154045642
29,1,209678,1,42290330,0.00039485213769162444,820,816,4,0,4.853581658999246,6.693755149841309,0.09926906286501418,1.7940328261431526
29,2,509018,1,42290331,0.00039485213769162444,1989,1986,3,0,11.693752298999243,6.707324028015137,0.11626454302431473,1.8156402680088746
29,3,411880,0,42290332,0.00039485213769162444,1609,1607,2,0,9.509958403999917,6.702532768249512,0.0878062601332792,1.5560874725322806
29,4,457865,1,42290333,0.00039485213769162444,1789,1787,2,0,10.95792084400091,6.704878330230713,0.12265884749503794,2.153297496895985
29,5,276084,0,42290334,0.00039485213769162444,1079,1077,2,0,6.003623798998888,6.695822715759277,0.10633778549945233,1.750478647102774
29,6,155981,0,42290335,0.00039485213769162444,610,607,3,0,3.6079333369998494,6.69120979309082,0.11464771603830956,1.6893059166495057
29,7,438907,1,42290336,0.00039485213769162444,1715,1712,3,0,9.933765833000507,6.704305648803711,0.08285903039379655,1.6115309100284754
29,8,563122,1,42290337,0.00039485213769162444,2200,2197,3,0,12.674687375998474,6.7095417976379395,0.06064153922163035,1.29968767335429
29,9,671047,0,42290338,0.00039485213769162444,2622,2619,3,0,15.574699006001538,6.713615894317627,0.04752168659036876,1.1390844624021572
29,10,559874,1,42290339,0.00039485213769162444,2188,2185,3,0,12.723492162000184,6.709397315979004,0.05621817652093464,1.2473641751287186
29,11,277765,0,42290340,0.00039485213769162444,1086,1084,2,0,6.399564751000071,6.695899486541748,0.07704380781448196,1.4273573534075183
29,12,344014,0,42290341,0.00039485213769162444,1344,1341,3,0,8.090642639999714,6.698883533477783,0.09607004141469752,1.6722476740189225
29,13,872271,0,42290342,0.00039485213769162444,3408,3404,4,0,19.756055273999664,6.72271203994751,0.05718552155724423,1.2251272055853408
29,14,353613,1,42290343,0.00039485213769162444,1382,1379,3,0,8.008560225998735,6.701031684875488,0.09166947130365075,1.5894032700326324
29,15,392479,0,42290344,0.00039485213769162444,1534,1532,2,0,9.198936135999247,6.701803207397461,0.07424628454462355,1.337098283493799
29,16,509253,0,42290345,0.00039485213769162444,1990,1987,3,0,11.795720731999609,6.70632791519165,0.06419094567570065,1.3868375642850403
29,17,384412,0,42290346,0.00039485213769162444,1502,1501,1,0,8.848339520000081,6.701499938964844,0.049634101150990484,1.0379728943725017
29,18,629973,0,42290347,0.00039485213769162444,2461,2459,2,0,14.32494084299833,6.712520122528076,0.04774305383186604,1.0871540331753253
29,19,621908,1,42290348,0.00039485213769162444,2430,2429,1,0,14.29691609099973,6.712190628051758,0.049531810221823215,0.9858304962497427
29,20,801121,0,42290349,0.00039485213769162444,3130,3126,4,0,18.839897474999816,6.719473838806152,0.03159663956362089,0.8980284121581094
29,21,384660,1,42290350,0.00039485213769162444,1503,1501,2,0,8.913416444000177,6.701502799987793,0.05808377504189915,1.1310565092021985
29,22,355766,1,42290351,0.00039485213769162444,1390,1388,2,0,8.182168622999598,6.70106315612793,0.10557206563372433,1.7066977553134006
29,23,360226,0,42290352,0.00039485213769162444,1408,1404,4,0,8.500688559999617,6.699612617492676,0.055883461933190326,1.2399472837094907
29,24,338512,0,42290353,0.00039485213769162444,1323,1320,3,0,7.6096493160002865,6.698635578155518,0.0827990503022165,1.6534786339962122
29,25,185941,1,42290354,0.00039485213769162444,727,726,1,0,4.172146844999588,6.6928629875183105,0.09308097776302621,1.3752971050167873
29,26,561149,0,42290355,0.00039485213769162444,2192,2188,4,0,13.05470719799996,6.7086639404296875,0.06411422366851863,1.3424059991644768
29,27,372819,0,42290356,0.00039485213769162444,1457,1456,1,0,8.988718717000665,6.701064586639404,0.0636540140424456,1.2427556802938273
29,28,107522,1,42290357,0.00039485213769162444,421,419,2,0,2.472331281998777,6.689067363739014,0.1277786655471547,1.7504119508875298
29,29,284527,1,42290358,0.00039485213769162444,1112,1110,2,0,6.448977264999485,6.69753360748291,0.07319258268889006,1.4032362929335584
29,30,1333839,0,42290359,0.00039485213769162444,5211,5208,3,0,31.144842835999953,6.743468761444092,0.03737967647898215,0.9155346567180299
29,31,427651,1,42290360,0.00039485213769162444,1671,1667,4,0,9.779714301999775,6.703967571258545,0.07690753719373312,1.4708595390296941
29,32,648608,0,42290361,0.00039485213769162444,2534,2532,2,0,14.882184075000623,6.712804317474365,0.023841973917932496,0.6034039682686612
29,33,428065,0,42290362,0.00039485213769162444,1673,1670,3,0,9.864838425999551,6.703141689300537,0.08849971565657747,1.9768013777133233
29,34,375085,0,42290363,0.00039485213769162444,1466,1463,3,0,8.596778879998965,6.7011494636535645,0.09504587065252798,1.738442953530844
29,35,882461,0,42290364,0.00039485213769162444,3448,3445,3,0,20.180655365000348,6.723137378692627,0.029567121663529573,0.778330446639151
29,36,569144,0,42290365,0.00039485213769162444,2224,2223,1,0,12.95297023800049,6.709024429321289,0.03188826080061432,0.6297784788995726
29,37,314555,0,42290366,0.00039485213769162444,1229,1226,3,0,6.939388165999844,6.697554588317871,0.08823241689660226,1.685097425252345
29,38,436745,0,42290367,0.00039485213769162444,1707,1703,4,0,10.215836340999886,6.703468322753906,0.07012026434566299,1.4811952941500293
29,39,261664,0,42290368,0.00039485213769162444,1023,1020,3,0,5.814737407001303,6.6951727867126465,0.09617386612237669,1.5967615464154412
29,40,638454,1,42290369,0.00039485213769162444,2494,2492,2,0,14.400398617999599,6.712934970855713,0.037542903404174606,0.8930531803333166
29,41,398139,1,42290370,0.00039485213769162444,1556,1554,2,0,9.226237520999348,6.70307731628418,0.08153211871015827,1.4951936974642053
29,42,242816,1,42290371,0.00039485213769162444,949,947,2,0,5.454884480999681,6.695112705230713,0.09042852254704412,1.7600686738961853
29,43,323428,0,42290372,0.00039485213769162444,1264,1262,2,0,7.513599619000161,6.697955131530762,0.10146125031726674,1.6826748371879952
29,44,451037,0,42290373,0.00039485213769162444,1762,1759,3,0,10.979645957000685,6.704004764556885,0.05468798578293775,1.1590786446489483
29,45,265076,1,42290374,0.00039485213769162444,1036,1034,2,0,6.101991204999649,6.697092056274414,0.06920858416382072,1.3039857727877175
29,46,266508,1,42290375,0.00039485213769162444,1042,1039,3,0,5.767518366999866,6.697124481201172,0.10136506096231353,1.6474686917258181
29,47,506010,0,42290376,0.00039485213769162444,1977,1975,2,0,11.688940841999283,6.706181049346924,0.09226795051671281,1.8442637460443039
29,48,303421,0,42290377,0.00039485213769162444,1186,1184,2,0,6.673472254000444,6.697052955627441,0.09475903253297548,1.7939950066643793
29,49,209704,0,42290378,0.00039485213769162444,820,817,3,0,4.834003453999685,6.693503379821777,0.19046097081906938,2.6232868320647187
29,50,548954,1,42290379,0.00039485213769162444,2145,2142,3,0,12.460035276999406,6.708904266357422,0.07432715721379697,1.5626759818510738
29,51,554220,0,42290380,0.00039485213769162444,2165,2164,1,0,12.50580848699974,6.708352088928223,0.05472381366158589,1.1037842473789856
29,52,239391,1,42290381,0.00039485213769162444,936,933,3,0,5.280974469000284,6.69495964050293,0.08602754811637527,1.7719785438856512
29,53,490494,0,42290382,0.00039485213769162444,1916,1913,3,0,10.99465302399949,6.705489158630371,0.06384848850407777,1.384986027958377
29,54,160756,1,42290383,0.00039485213769162444,628,625,3,0,3.603531994998775,6.694826126098633,0.08248985595703125,1.52630166015625
29,55,166616,0,42290384,0.00039485213769162444,651,648,3,0,3.7386296349995973,6.693428993225098,0.08469163635630667,1.5915184491946373
29,56,349089,1,42290385,0.00039485213769162444,1364,1363,1,0,8.067260960000567,6.699900150299072,0.05196673364562317,0.9899204671164251
29,57,813153,1,42290386,0.00039485213769162444,3177,3175,2,0,18.45822778600086,6.721647262573242,0.03272940808393824,0.7843631582185039
29,58,309917,0,42290387,0.00039485213769162444,1211,1209,2,0,7.325036202000774,6.697347164154053,0.11713461800978339,2.0140626211616004
29,59,355009,0,42290388,0.00039485213769162444,1387,1386,1,0,8.168318865000401,6.6993794441223145,0.061484949241296896,1.1788004204996392
29,60,340859,1,42290389,0.00039485213769162444,1332,1329,3,0,7.9447134350011765,6.69952917098999,0.1083638095783954,2.0083915302859294
29,61,436143,1,42290390,0.00039485213769162444,1704,1701,3,0,10.141507746999196,6.704222679138184,0.09320313253520447,1.680142769878013
29,62,352452,0,42290391,0.00039485213769162444,1377,1376,1,0,8.210674067999207,6.699264049530029,0.0757225557815197,1.2865222664766534
29,63,241000,0,42290392,0.00039485213769162444,942,940,2,0,5.401545865999651,6.694313049316406,0.10285835266113282,1.5103232525764627
29,64,757931,1,42290393,0.00039485213769162444,2961,2959,2,0,17.42689614200026,6.7186198234558105,0.058101178343612704,1.3098908553618198
29,65,667452,1,42290394,0.00039485213769162444,2608,2606,2,0,15.423510607000935,6.7147088050842285,0.03602081029486492,0.8984304736965176
29,66,373491,1,42290395,0.00039485213769162444,1459,1457,2,0,8.615538930000184,6.701327323913574,0.08869886954679994,1.513137681237131
29,67,255796,1,42290396,0.00039485213769162444,1000,999,1,0,5.643294044000868,6.69569730758667,0.06010187662638224,1.0190755941488363
29,68,187780,1,42290397,0.00039485213769162444,734,732,2,0,4.128236259000914,6.69293212890625,0.12507474096746393,1.8293585438545936
29,69,162407,0,42290398,0.00039485213769162444,635,632,3,0,3.6015452970004844,6.691255569458008,0.11476944066301177,1.8595932586283623
29,70,235355,1,42290399,0.00039485213769162444,920,918,2,0,5.182951119000791,6.694777488708496,0.08455793426447185,1.4901176236553648
29,71,323052,1,42290400,0.00039485213769162444,1262,1259,3,0,7.4664909439998155,6.698727130889893,0.0783048573706811,1.393121963270701
29,72,98180,1,42290401,0.00039485213769162444,384,381,3,0,2.1034979340001883,6.6902031898498535,0.16118563754664944,2.1202381364316767
29,73,262450,0,42290402,0.00039485213769162444,1026,1025,1,0,6.001507754999693,6.695208549499512,0.0880882002667683,1.384664395960366
29,74,603827,0,42290403,0.00039485213769162444,2359,2357,2,0,13.954713037001056,6.7105865478515625,0.07966677860329603,1.6248999406687528
29,75,236083,0,42290404,0.00039485213769162444,923,922,1,0,5.273051603999193,6.694164276123047,0.05670799867708616,1.0872269173247695
29,76,441814,0,42290405,0.00039485213769162444,1726,1722,4,0,10.071545446999153,6.703657627105713,0.12249031022589105,1.8923302981634726
29,77,648680,1,42290406,0.00039485213769162444,2534,2532,2,0,14.974554464999528,6.714289665222168,0.0300648705842559,0.6553463325681279
29,78,881094,1,42290407,0.00039485213769162444,3442,3438,4,0,20.05320156400012,6.724201679229736,0.04656779148885162,1.204081679028505
29,79,306166,1,42290408,0.00039485213769162444,1196,1194,2,0,7.1360680910001975,6.698023796081543,0.10293755459426036,1.6826477561963462
29,80,661445,0,42290409,0.00039485213769162444,2584,2581,3,0,15.5345414479998,6.7131829261779785,0.060687136437624106,1.2911193918599864
29,81,548725,0,42290410,0.00039485213769162444,2144,2141,3,0,12.761236782998822,6.708104133605957,0.07411972110040942,1.636816474668671
29,82,313463,1,42290411,0.00039485213769162444,1225,1223,2,0,7.046197725998354,6.6982951164245605,0.07553620233169268,1.2965708722467804
29,83,449860,1,42290412,0.00039485213769162444,1758,1757,1,0,10.471798190999834,6.704637050628662,0.03638474535521419,0.7759674193849602
29,84,381590,1,42290413,0.00039485213769162444,1491,1487,4,0,8.755198306000239,6.701448440551758,0.10062077515223079,1.7326387611907363
29,85,323967,1,42290414,0.00039485213769162444,1266,1264,2,0,7.248315630999059,6.698768138885498,0.0901468856425225,1.335932091821598
29,86,360767,1,42290415,0.00039485213769162444,1410,1406,4,0,8.606806231999144,6.701137542724609,0.06266873659483908,1.4109370311666518
29,87,461848,0,42290416,0.00039485213769162444,1805,1802,3,0,10.911978119000196,6.704411506652832,0.10431235902978896,1.964978284761723
29,88,432222,0,42290417,0.00039485213769162444,1689,1686,3,0,9.850565513999754,6.703297138214111,0.0868564031019471,1.7654499311888345
29,89,296592,1,42290418,0.00039485213769162444,1159,1155,4,0,6.564911729999949,6.697807312011719,0.10390803349482548,1.8313694280979438
29,90,479627,1,42290419,0.00039485213769162444,1874,1872,2,0,10.806439727000907,6.706655979156494,0.06992083329420823,1.363401364057492
29,91,587269,1,42290420,0.00039485213769162444,2295,2291,4,0,13.155980229999841,6.710631370544434,0.10210387064660288,1.7732180824762658
29,92,206676,0,42290421,0.00039485213769162444,808,807,1,0,4.56626848400083,6.693434715270996,0.11722681927119637,1.89934932136772
29,93,217421,0,42290422,0.00039485213769162444,850,847,3,0,4.827389316998961,6.693678855895996,0.09004548308137175,1.4989918750461186
29,94,885169,1,42290423,0.00039485213769162444,3458,3457,1,0,20.30675898500158,6.724354267120361,0.02132272761717055,0.6107512130053153
29,95,295224,0,42290424,0.00039485213769162444,1154,1151,3,0,6.714316092000445,6.696683883666992,0.07843141530929287,1.5535285213944396
29,96,547304,1,42290425,0.00039485213769162444,2138,2136,2,0,12.557229226000345,6.7088303565979,0.05686963899305251,1.1413584505574088
29,97,428994,1,42290426,0.00039485213769162444,1676,1674,2,0,9.64032580499952,6.70400857925415,0.07425981382600153,1.4440213548667116
29,98,276358,1,42290427,0.00039485213769162444,1080,1078,2,0,6.346178814999803,6.697348594665527,0.09124275306602578,1.4761585808861897
29,99,491272,1,42290428,0.00039485213769162444,1920,1917,3,0,11.173282611000104,6.7069220542907715,0.08058751543549492,1.5851328675176057
30,0,926214,1,42300336,0.00036415884461763896,3619,3615,4,0,20.112562061000062,6.725897789001465,0.04526539824975147,1.130919684150242
30,1,209678,1,42300337,0.00036415884461763896,820,816,4,0,4.6654072149995045,6.693755149841309,0.0997305851356656,1.855197083716299
30,2,509018,1,42300338,0.00036415884461763896,1989,1986,3,0,11.505211571999098,6.707324028015137,0.11770845011762021,1.8770247936728979
30,3,411880,0,42300339,0.00036415884461763896,1609,1607,2,0,9.445769291000033,6.702532768249512,0.08902044005474098,1.5932869380056005
30,4,457865,1,42300340,0.00036415884461763896,1789,1786,3,0,10.290744505000475,6.704878330230713,0.12367129779743054,2.2238779100031496
30,5,276084,0,42300341,0.00036415884461763896,1079,1077,2,0,6.016544361998967,6.695822715759277,0.107010461493787,1.7870037394092386
30,6,155981,0,42300342,0.00036415884461763896,610,608,2,0,3.554135544998644,6.69120979309082,0.1156588353608784,1.758119081196032
30,7,438907,1,42300343,0.00036415884461763896,1715,1713,2,0,9.613096502998815,6.704305648803711,0.08301125084943264,1.6605058570946438
30,8,563122,1,42300344,0.00036415884461763896,2200,2197,3,0,12.451579483000387,6.7095417976379395,0.06113437657796854,1.339403030055189
30,9,671047,0,42300345,0.00036415884461763896,2622,2619,3,0,14.695076677000543,6.713615894317627,0.047975529237028386,1.1612042182727187
30,10,559874,1,42300346,0.00036415884461763896,2188,2184,4,0,12.199157511000521,6.709397315979004,0.057230376498603124,1.2942997859074519
30,11,277765,0,42300347,0.00036415884461763896,1086,1084,2,0,6.368958177001332,6.695899486541748,0.0777812479166967,1.4207287327389875
30,12,344014,0,42300348,0.00036415884461763896,1344,1341,3,0,7.688149939998766,6.698883533477783,0.09832638506565762,1.7382466588599925
30,13,872271,0,42300349,0.00036415884461763896,3408,3404,4,0,19.052020909999555,6.72271203994751,0.057823019778546376,1.2686320034793626
30,14,353613,1,42300350,0.00036415884461763896,1382,1380,2,0,7.702901118000227,6.701031684875488,0.09259692758753679,1.6290348661118659
30,15,392479,0,42300351,0.00036415884461763896,1534,1532,2,0,8.732552884999677,6.701803207397461,0.07426805222314581,1.3997700743513382
30,16,509253,0,42300352,0.00036415884461763896,1990,1987,3,0,11.424975215999439,6.70632791519165,0.06421822258498601,1.4495137583747484
30,17,384412,0,42300353,0.00036415884461763896,1502,1501,1,0,8.761878559998877,6.701499938964844,0.05009722725539744,1.0649871927829364
30,18,629973,0,42300354,0.00036415884461763896,2461,2458,3,0,14.661614262000512,6.712520122528076,0.048414166716660205,1.1096880721114728
30,19,621908,1,42300355,0.00036415884461763896,2430,2428,2,0,14.141347044998838,6.712190628051758,0.0491498730327977,1.0059536929185544
30,20,801121,0,42300356,0.00036415884461763896,3130,3126,4,0,18.115082781998353,6.719473838806152,0.03087097089868742,0.9024323935090771
30,21,384660,1,42300357,0.00036415884461763896,1503,1501,2,0,8.740274588999455,6.701502799987793,0.059566373272310645,1.148858118025483
30,22,355766,1,42300358,0.00036415884461763896,1390,1388,2,0,7.8189249629995174,6.70106315612793,0.10445791019142876,1.7338253318061059
30,23,360226,0,42300359,0.00036415884461763896,1408,1404,4,0,7.933838717999606,6.699612617492676,0.055268817477756076,1.2703763521634615
30,24,338512,0,42300360,0.00036415884461763896,1323,1320,3,0,7.65842264999992,6.698635578155518,0.0838991743145567,1.7391779119318183
30,25,185941,0,42300361,0.00036415884461763896,727,726,1,0,3.9760455489995365,6.692964553833008,0.09232964003381651,1.3937155983664773
30,26,561149,0,42300362,0.00036415884461763896,2192,2188,4,0,12.42410056100016,6.7086639404296875,0.06338091611426316,1.3588558106361404
30,27,372819,0,42300363,0.00036415884461763896,1457,1456,1,0,8.571134644000267,6.701064586639404,0.06442286942031357,1.2678528670426255
30,28,107522,1,42300364,0.00036415884461763896,421,418,3,0,2.2827827490000345,6.689067363739014,0.12920385114313884,1.821288478431519
30,29,284527,1,42300365,0.00036415884461763896,1112,1111,1,0,6.522311160999379,6.69753360748291,0.07394688672358447,1.4687797759268115
30,30,1333839,0,42300366,0.00036415884461763896,5211,5208,3,0,28.956635687000016,6.743468761444092,0.03703223139093402,0.9250364523329493
30,31,427651,1,42300367,0.00036415884461763896,1671,1667,4,0,9.480614388001413,6.703967571258545,0.07669743822231648,1.4952013991732904
30,32,648608,0,42300368,0.00036415884461763896,2534,2531,3,0,14.380044621000707,6.712804317474365,0.0242946101761015,0.6418999619561191
30,33,428065,0,42300369,0.00036415884461763896,1673,1669,4,0,9.317821054999513,6.703141689300537,0.08824645922953958,1.9852027961634962
30,34,375085,0,42300370,0.00036415884461763896,1466,1462,4,0,8.056476989000657,6.7011494636535645,0.09503213488452249,1.8046145249978625
30,35,882461,0,42300371,0.00036415884461763896,3448,3445,3,0,19.55744970700107,6.723137378692627,0.02968874240648245,0.7954297158472424
30,36,569144,0,42300372,0.00036415884461763896,2224,2223,1,0,12.417691148999438,6.709024429321289,0.031704935682179206,0.6472817582693714
30,37,314555,0,42300373,0.00036415884461763896,1229,1226,3,0,7.180988959000388,6.697554588317871,0.08896687991467425,1.7000469562474512
30,38,436745,0,42300374,0.00036415884461763896,1707,1703,4,0,9.625854991998494,6.703468322753906,0.06960968178857165,1.4910966802609367
30,39,261664,0,42300375,0.00036415884461763896,1023,1021,2,0,5.753033512000911,6.6951727867126465,0.09726141201994445,1.6133482033545543
30,40,638454,1,42300376,0.00036415884461763896,2494,2491,3,0,14.424403901000915,6.712934970855713,0.03765087518190486,0.9184718306214874
30,41,398139,1,42300377,0.00036415884461763896,1556,1554,2,0,8.842787536999822,6.70307731628418,0.08103373366740066,1.522494872104247
30,42,242816,0,42300378,0.00036415884461763896,949,947,2,0,5.458227039000121,6.694367408752441,0.09241358304854558,1.7941389234919483
30,43,323428,0,42300379,0.00036415884461763896,1264,1262,2,0,7.210846980999122,6.697955131530762,0.10261386925747201,1.7379250987395998
30,44,451037,0,42300380,0.00036415884461763896,1762,1760,2,0,9.993955167999957,6.704004764556885,0.05565423965454101,1.1931730790571733
30,45,265076,0,42300381,0.00036415884461763896,1036,1034,2,0,6.16048531100023,6.695326805114746,0.06874247538051938,1.3276729620632859
30,46,266508,1,42300382,0.00036415884461763896,1042,1039,3,0,6.242671455000163,6.697124481201172,0.1032669904486736,1.7148105008195982
30,47,506010,0,42300383,0.00036415884461763896,1977,1974,3,0,11.214354700001422,6.706181049346924,0.09360950937628625,1.8779253587655143
30,48,303421,0,42300384,0.00036415884461763896,1186,1184,2,0,6.618217332999848,6.697052955627441,0.09539456625242491,1.857662716427365
30,49,209704,0,42300385,0.00036415884461763896,820,817,3,0,4.753645423999842,6.693503379821777,0.19568190463753635,2.7403652606716644
30,50,548954,1,42300386,0.00036415884461763896,2145,2142,3,0,11.906179630999759,6.708904266357422,0.07481335836743551,1.5926659563565009
30,51,554220,0,42300387,0.00036415884461763896,2165,2164,1,0,12.08060652200038,6.708352088928223,0.05489167796926445,1.1247594695875693
30,52,239391,0,42300388,0.00036415884461763896,936,933,3,0,5.279679485000088,6.694264888763428,0.08947680310804361,1.8461656314894828
30,53,490494,0,42300389,0.00036415884461763896,1916,1912,4,0,10.771631614999933,6.705489158630371,0.06333274522087065,1.394243567558512
30,54,160756,1,42300390,0.00036415884461763896,628,625,3,0,3.58645420099856,6.694826126098633,0.0847327880859375,1.57550888671875
30,55,166616,1,42300391,0.00036415884461763896,651,648,3,0,3.655989528999271,6.694218158721924,0.08882493148615331,1.62811279296875
30,56,349089,1,42300392,0.00036415884461763896,1364,1362,2,0,7.8286726059996,6.699900150299072,0.052074695648775926,1.0106234333413637
30,57,813153,1,42300393,0.00036415884461763896,3177,3175,2,0,17.89575434699873,6.721647262573242,0.033099132147360974,0.8089954478346457
30,58,309917,0,42300394,0.00036415884461763896,1211,1210,1,0,7.008281136999358,6.697347164154053,0.11565135609019886,2.043472567471591
30,59,355009,0,42300395,0.00036415884461763896,1387,1386,1,0,7.816816287999245,6.6993794441223145,0.06183730506621742,1.198815988427805
30,60,340859,1,42300396,0.00036415884461763896,1332,1329,3,0,7.477742781999041,6.69952917098999,0.10743929229345961,2.04039158760111
30,61,436143,1,42300397,0.00036415884461763896,1704,1701,3,0,9.834142486000928,6.704222679138184,0.09444285308102311,1.7278229602990887
30,62,352452,0,42300398,0.00036415884461763896,1377,1375,2,0,7.766557519998969,6.699264049530029,0.07666463401100852,1.3268073508522726
30,63,241000,1,42300399,0.00036415884461763896,942,941,1,0,5.329387065999981,6.695031642913818,0.10297084082705815,1.5474491585580499
30,64,757931,1,42300400,0.00036415884461763896,2961,2959,2,0,16.837704857000062,6.7186198234558105,0.05819320549792476,1.3403451499926073
30,65,667452,1,42300401,0.00036415884461763896,2608,2606,2,0,15.107661105999796,6.7147088050842285,0.03678366191919639,0.9325469244651765
30,66,373491,1,42300402,0.00036415884461763896,1459,1456,3,0,8.401178787999015,6.701327323913574,0.08649951809055202,1.530771947169042
30,67,255796,1,42300403,0.00036415884461763896,1000,999,1,0,5.728157316998477,6.69569730758667,0.05955076551771498,1.0292993188501
30,68,187780,1,42300404,0.00036415884461763896,734,732,2,0,4.018663430999368,6.69293212890625,0.12607098146865928,1.9154704776618
30,69,162407,0,42300405,0.00036415884461763896,635,633,2,0,3.5877949059995444,6.691255569458008,0.11404713032558254,1.8721835119841035
30,70,235355,0,42300406,0.00036415884461763896,920,918,2,0,5.300075184000889,6.694142818450928,0.08416984907162735,1.5280943893399375
30,71,323052,1,42300407,0.00036415884461763896,1262,1259,3,0,7.186245541000972,6.698727130889893,0.07909097588185378,1.4679836427720414
30,72,98180,0,42300408,0.00036415884461763896,384,382,2,0,2.0171786570008408,6.689414024353027,0.1623294390933052,2.127533118762271
30,73,262450,1,42300409,0.00036415884461763896,1026,1025,1,0,5.717964237999695,6.695997714996338,0.08820928061880716,1.4034282107469511
30,74,603827,0,42300410,0.00036415884461763896,2359,2357,2,0,13.399948256999778,6.7105865478515625,0.08010006476925448,1.67809141901119
30,75,236083,1,42300411,0.00036415884461763896,923,921,2,0,5.395497708999756,6.694809436798096,0.05731663822998312,1.1044144521707044
30,76,441814,0,42300412,0.00036415884461763896,1726,1722,4,0,9.584800384998744,6.703657627105713,0.12314464821632731,1.9456590038835657
30,77,648680,1,42300413,0.00036415884461763896,2534,2532,2,0,14.228946437999184,6.714289665222168,0.030175126182712838,0.6734052178984005
30,78,881094,1,42300414,0.00036415884461763896,3442,3439,3,0,19.478608785000688,6.724201679229736,0.04667913820134169,1.2340796743239313
30,79,306166,1,42300415,0.00036415884461763896,1196,1194,2,0,6.856709187999513,6.698023796081543,0.10422293504877905,1.7140758520794075
30,80,661445,0,42300416,0.00036415884461763896,2584,2581,3,0,14.829826843000774,6.7131829261779785,0.06142812475406214,1.3372767262567804
30,81,548725,0,42300417,0.00036415884461763896,2144,2141,3,0,11.943640216999484,6.708104133605957,0.07400321693188784,1.6934890283818893
30,82,313463,1,42300418,0.00036415884461763896,1225,1223,2,0,7.085997545000282,6.6982951164245605,0.07658465456397243,1.3608474294766966
30,83,449860,1,42300419,0.00036415884461763896,1758,1757,1,0,9.814880730998993,6.704637050628662,0.03683043096170008,0.8046391443155948
30,84,381590,1,42300420,0.00036415884461763896,1491,1487,4,0,8.488027829000202,6.701448440551758,0.09859612778520616,1.7726197027887525
30,85,323967,1,42300421,0.00036415884461763896,1266,1264,2,0,7.401892099000179,6.698768138885498,0.09143120729470555,1.3840977149673654
30,86,360767,1,42300422,0.00036415884461763896,1410,1406,4,0,8.081161846999748,6.701137542724609,0.06268993719543196,1.4150335059566146
30,87,461848,0,42300423,0.00036415884461763896,1805,1801,4,0,10.277354406000086,6.704411506652832,0.10454273382734418,2.06343779280608
30,88,432222,0,42300424,0.00036415884461763896,1689,1686,3,0,9.566982193000513,6.703297138214111,0.08761011125919799,1.8171362101961002
30,89,296592,1,42300425,0.00036415884461763896,1159,1155,4,0,6.426866116000383,6.697807312011719,0.10361751539882644,1.9218618946158008
30,90,479627,1,42300426,0.00036415884461763896,1874,1872,2,0,10.48305833700033,6.706655979156494,0.0704853269788954,1.4160750951522436
30,91,587269,1,42300427,0.00036415884461763896,2295,2292,3,0,13.030658019999464,6.710631370544434,0.10219022740868373,1.802305318090096
30,92,206676,0,42300428,0.00036415884461763896,808,807,1,0,4.379069583999808,6.693434715270996,0.11748013975008713,1.9205835051696096
30,93,217421,1,42300429,0.00036415884461763896,850,846,4,0,4.759875687001113,6.694046497344971,0.09116599802147976,1.5449132175310283
30,94,885169,1,42300430,0.00036415884461763896,3458,3456,2,0,19.253157809000186,6.724354267120361,0.02111818172313549,0.613236321343316
30,95,295224,0,42300431,0.00036415884461763896,1154,1151,3,0,6.665459644000293,6.696683883666992,0.07789674787082225,1.5595252387529865
30,96,547304,1,42300432,0.00036415884461763896,2138,2136,2,0,12.241096414998538,6.7088303565979,0.05683251355917713,1.1776982568176497
30,97,428994,1,42300433,0.00036415884461763896,1676,1674,2,0,9.33264278200113,6.70400857925415,0.07521673769933776,1.4931302270011948
30,98,276358,1,42300434,0.00036415884461763896,1080,1079,1,0,6.178179584998361,6.697348594665527,0.0931140097122263,1.4926672962885195
30,99,491272,1,42300435,0.00036415884461763896,1920,1917,3,0,10.744862296000065,6.7069220542907715,0.08032220990693874,1.622068784233177
31,0,926214,1,42310343,0.00033404429806145283,3619,3615,4,0,20.58129036399987,6.725897789001465,0.044893227309441994,1.1841540240318118
31,1,209678,1,42310344,0.00033404429806145283,820,816,4,0,4.586341818001529,6.693755149841309,0.10103272456748813,1.9065690882065718
31,2,509018,1,42310345,0.00033404429806145283,1989,1986,3,0,11.257396131999485,6.707324028015137,0.11709484088817032,1.932995322727845
31,3,411880,0,42310346,0.00033404429806145283,1609,1607,2,0,8.885092124999574,6.702532768249512,0.08968089779638398,1.63322679463869
31,4,457865,1,42310347,0.00033404429806145283,1789,1786,3,0,9.929023850001613,6.704878330230713,0.12652619501778153,2.2771432156792413
31,5,276084,0,42310348,0.00033404429806145283,1079,1077,2,0,6.084261464999145,6.695822715759277,0.10757140971602615,1.8444791349306522
31,6,155981,0,42310349,0.00033404429806145283,610,607,3,0,3.338144958999692,6.69120979309082,0.11979601135756666,1.848144933458608
31,7,438907,1,42310350,0.00033404429806145283,1715,1713,2,0,9.289065490998837,6.704305648803711,0.08339961509014247,1.6767049367429219
31,8,563122,1,42310351,0.00033404429806145283,2200,2197,3,0,12.179987921999782,6.7095417976379395,0.06071720809137816,1.3778170072115385
31,9,671047,0,42310352,0.00033404429806145283,2622,2619,3,0,14.846445635999771,6.713615894317627,0.04860150955159412,1.215782092699981
31,10,559874,1,42310353,0.00033404429806145283,2188,2183,5,0,12.251352278999548,6.709397315979004,0.057247212541469236,1.3277960867713583
31,11,277765,0,42310354,0.00033404429806145283,1086,1083,3,0,5.943321856999319,6.695899486541748,0.07857628256110052,1.5026081116906163
31,12,344014,0,42310355,0.00033404429806145283,1344,1340,4,0,7.348367197999323,6.698883533477783,0.09775955427938433,1.797955959946362
31,13,872271,0,42310356,0.00033404429806145283,3408,3404,4,0,19.059620960000757,6.72271203994751,0.05722229685262283,1.2942875683938013
31,14,353613,1,42310357,0.00033404429806145283,1382,1379,3,0,7.507738476999293,6.701031684875488,0.09272220603273432,1.6692896587767403
31,15,392479,0,42310358,0.00033404429806145283,1534,1532,2,0,8.422218267000062,6.701803207397461,0.07545936325511485,1.410757996083551
31,16,509253,0,42310359,0.00033404429806145283,1990,1987,3,0,11.428434759998709,6.70632791519165,0.06461452105924839,1.4693535323351787
31,17,384412,0,42310360,0.00033404429806145283,1502,1501,1,0,8.650518719001411,6.701499938964844,0.05097557337263439,1.090521114179089
31,18,629973,0,42310361,0.00033404429806145283,2461,2459,2,0,13.787317266000173,6.712520122528076,0.048201357363297136,1.1382097055777247
31,19,621908,1,42310362,0.00033404429806145283,2430,2428,2,0,13.775243435000448,6.712190628051758,0.049574551904417535,1.027867023398888
31,20,801121,0,42310363,0.00033404429806145283,3130,3125,5,0,17.430012780998368,6.719473838806152,0.03210607177734375,0.93526359375
31,21,384660,1,42310364,0.00033404429806145283,1503,1501,2,0,8.405663280000226,6.701502799987793,0.059372451446756846,1.191675683008203
31,22,355766,1,42310365,0.00033404429806145283,1390,1388,2,0,7.438595952000469,6.70106315612793,0.10684041399777107,1.7703206614733429
31,23,360226,0,42310366,0.00033404429806145283,1408,1404,4,0,7.718103495999458,6.699612617492676,0.05514311179136618,1.293049260761663
31,24,338512,0,42310367,0.00033404429806145283,1323,1320,3,0,7.393388491000223,6.698635578155518,0.08379640290231416,1.7906388716264205
31,25,185941,0,42310368,0.00033404429806145283,727,726,1,0,4.0497686580001755,6.692964553833008,0.09135092322819817,1.3820090385836346
31,26,561149,0,42310369,0.00033404429806145283,2192,2188,4,0,11.915239964000648,6.7086639404296875,0.0638556053259255,1.4256735737188642
31,27,372819,0,42310370,0.00033404429806145283,1457,1456,1,0,8.071060702999603,6.701064586639404,0.06366922567178915,1.3035617031893887
31,28,107522,1,42310371,0.00033404429806145283,421,419,2,0,2.315674367999236,6.689067363739014,0.12800672799704468,1.846952379176611
31,29,284527,1,42310372,0.00033404429806145283,1112,1110,2,0,6.12775963599961,6.69753360748291,0.07492698463233742,1.5014979456996058
31,30,1333839,0,42310373,0.00033404429806145283,5211,5208,3,0,29.536938084000212,6.743468761444092,0.03686993389451925,0.9506545293898809
31,31,427651,1,42310374,0.00033404429806145283,1671,1667,4,0,9.382543028001237,6.703967571258545,0.07653206297217119,1.5339165077140822
31,32,648608,0,42310375,0.00033404429806145283,2534,2532,2,0,14.180905523999172,6.712804317474365,0.023301320430038477,0.6457047063215837
31,33,428065,0,42310376,0.00033404429806145283,1673,1669,4,0,9.31401976899906,6.703141689300537,0.08881724216468039,2.0780114870431396
31,34,375085,0,42310377,0.00033404429806145283,1466,1463,3,0,8.313734109000507,6.7011494636535645,0.09596608097391918,1.8316180632689678
31,35,882461,0,42310378,0.00033404429806145283,3448,3446,2,0,19.852570335000564,6.723137378692627,0.02935380321287929,0.8029053301155326
31,36,569144,0,42310379,0.00033404429806145283,2224,2223,1,0,12.599162263000835,6.709024429321289,0.03168507454580838,0.6409267437549202
31,37,314555,0,42310380,0.00033404429806145283,1229,1226,3,0,7.1153664410012425,6.697554588317871,0.08995183101486032,1.7703325728996737
31,38,436745,0,42310381,0.00033404429806145283,1707,1703,4,0,9.420051876999423,6.703468322753906,0.06967624523187482,1.5190471261652232
31,39,261664,0,42310382,0.00033404429806145283,1023,1021,2,0,5.800969812000403,6.6951727867126465,0.09860437974173222,1.6583723017798115
31,40,638454,1,42310383,0.00033404429806145283,2494,2492,2,0,13.975643894998939,6.712934970855713,0.038116981665548506,0.9446484610127408
31,41,398139,1,42310384,0.00033404429806145283,1556,1555,1,0,8.56564840900137,6.70307731628418,0.08320503848158661,1.5523322887359325
31,42,242816,0,42310385,0.00033404429806145283,949,947,2,0,5.684857154999918,6.694367408752441,0.09399692813345598,1.875780244563424
31,43,323428,0,42310386,0.00033404429806145283,1264,1262,2,0,7.004069708000316,6.697955131530762,0.10312191922388818,1.7725468316660062
31,44,451037,0,42310387,0.00033404429806145283,1762,1760,2,0,9.889789806999033,6.704004764556885,0.05572864792563698,1.203409784490412
31,45,265076,0,42310388,0.00033404429806145283,1036,1035,1,0,6.001673860000665,6.695326805114746,0.06853828614460673,1.33988998339372
31,46,266508,1,42310389,0.00033404429806145283,1042,1040,2,0,5.9101492169993435,6.697124481201172,0.10409146088820237,1.7569073016826924
31,47,506010,0,42310390,0.00033404429806145283,1977,1974,3,0,10.891443743999844,6.706181049346924,0.0945270078402039,1.9158024039070416
31,48,303421,0,42310391,0.00033404429806145283,1186,1183,3,0,6.81546058099957,6.697052955627441,0.09723836813351913,1.8873279665046492
31,49,209704,0,42310392,0.00033404429806145283,820,817,3,0,4.533120946000054,6.693503379821777,0.20033516294369644,2.8725110804582314
31,50,548954,1,42310393,0.00033404429806145283,2145,2141,4,0,11.8515992620014,6.708904266357422,0.07468083260049334,1.6560938913985872
31,51,554220,0,42310394,0.00033404429806145283,2165,2163,2,0,12.088331726999968,6.708352088928223,0.055028247877342305,1.1566059960847204
31,52,239391,0,42310395,0.00033404429806145283,936,933,3,0,5.1321075549985835,6.694264888763428,0.08996826531674956,1.875521513682342
31,53,490494,0,42310396,0.00033404429806145283,1916,1912,4,0,10.637703463000435,6.705489158630371,0.06512490276512242,1.4572705384577667
31,54,160756,1,42310397,0.00033404429806145283,628,625,3,0,3.4321753260010155,6.694826126098633,0.08496671752929688,1.60214111328125
31,55,166616,1,42310398,0.00033404429806145283,651,649,2,0,3.552139711999189,6.694218158721924,0.08876692973226538,1.6229942098420647
31,56,349089,1,42310399,0.00033404429806145283,1364,1362,2,0,7.546205205999286,6.699900150299072,0.0534623491956624,1.021854977600725
31,57,813153,1,42310400,0.00033404429806145283,3177,3176,1,0,17.74287554900002,6.721647262573242,0.033071774979982926,0.8351304368948756
31,58,309917,0,42310401,0.00033404429806145283,1211,1209,2,0,6.858844911999768,6.697347164154053,0.11728036531838038,2.0922445671138337
31,59,355009,0,42310402,0.00033404429806145283,1387,1386,1,0,7.5349744180002745,6.6993794441223145,0.062302593544964154,1.241004932838429
31,60,340859,1,42310403,0.00033404429806145283,1332,1328,4,0,7.484410712000681,6.69952917098999,0.10757993215537932,2.1079232089490776
31,61,436143,1,42310404,0.00033404429806145283,1704,1701,3,0,9.420196785000371,6.704222679138184,0.09440552690742578,1.7718386013741916
31,62,352452,0,42310405,0.00033404429806145283,1377,1374,3,0,7.554280556001686,6.699264049530029,0.07681188347384746,1.3522151408410663
31,63,241000,1,42310406,0.00033404429806145283,942,941,1,0,5.135035588000392,6.695031642913818,0.10423379344717222,1.5759256587905155
31,64,757931,1,42310407,0.00033404429806145283,2961,2959,2,0,16.685395470000003,6.7186198234558105,0.058315456296270385,1.4052306984517573
31,65,667452,1,42310408,0.00033404429806145283,2608,2606,2,0,14.522227866000321,6.7147088050842285,0.03772353833213917,0.977606608697477
31,66,373491,1,42310409,0.00033404429806145283,1459,1457,2,0,8.189915053999357,6.701327323913574,0.08709255472469919,1.576098482004976
31,67,255796,1,42310410,0.00033404429806145283,1000,999,1,0,6.006974294999964,6.69569730758667,0.060053018716959145,1.0748421761605356
31,68,187780,1,42310411,0.00033404429806145283,734,732,2,0,4.079821359000562,6.69293212890625,0.12880208583477418,1.9551916904136784
31,69,162407,0,42310412,0.00033404429806145283,635,633,2,0,3.476723869000125,6.691255569458008,0.11629554784693424,1.9556817270191549
31,70,235355,0,42310413,0.00033404429806145283,920,918,2,0,5.126295776000916,6.694142818450928,0.08633259127082908,1.5991429015182461
31,71,323052,1,42310414,0.00033404429806145283,1262,1259,3,0,7.023110520000046,6.698727130889893,0.07979497689875087,1.5110433395179705
31,72,98180,0,42310415,0.00033404429806145283,384,381,3,0,2.0454420219994063,6.689414024353027,0.16612890448783013,2.2470132822752626
31,73,262450,1,42310416,0.00033404429806145283,1026,1025,1,0,5.825507495999773,6.695997714996338,0.08969236048256479,1.4460262242759145
31,74,603827,0,42310417,0.00033404429806145283,2359,2357,2,0,13.284709203999228,6.7105865478515625,0.07961779769619087,1.725853901775297
31,75,236083,1,42310418,0.00033404429806145283,923,922,1,0,5.126059829000951,6.694809436798096,0.05777457065540901,1.1538722768522913
31,76,441814,0,42310419,0.00033404429806145283,1726,1723,3,0,9.527162999000211,6.703657627105713,0.1236786667994822,1.9983070271691816
31,77,648680,1,42310420,0.00033404429806145283,2534,2532,2,0,13.968852475998574,6.714289665222168,0.030170684742136588,0.6947106335777053
31,78,881094,1,42310421,0.00033404429806145283,3442,3438,4,0,19.01033787599954,6.724201679229736,0.04678528914970322,1.2520475714896016
31,79,306166,1,42310422,0.00033404429806145283,1196,1194,2,0,7.147489950000818,6.698023796081543,0.10477927382068218,1.7274533883610763
31,80,661445,0,42310423,0.00033404429806145283,2584,2581,3,0,14.084721733999686,6.7131829261779785,0.061809624040463966,1.3715671803867202
31,81,548725,0,42310424,0.00033404429806145283,2144,2141,3,0,11.860317165999732,6.708104133605957,0.07513116999576716,1.7216606443031877
31,82,313463,1,42310425,0.00033404429806145283,1225,1223,2,0,6.966612328000338,6.6982951164245605,0.07703895600038967,1.4071617843864983
31,83,449860,1,42310426,0.00033404429806145283,1758,1757,1,0,9.951648373998978,6.704637050628662,0.036888344015122546,0.820512523010636
31,84,381590,1,42310427,0.00033404429806145283,1491,1487,4,0,8.59067903200048,6.701448440551758,0.1007864977099708,1.8332972677265467
31,85,323967,1,42310428,0.00033404429806145283,1266,1265,1,0,6.998780867001187,6.698768138885498,0.09035564920176631,1.4325298565649704
31,86,360767,1,42310429,0.00033404429806145283,1410,1406,4,0,7.755468051000207,6.701137542724609,0.0632833044016853,1.4693096481041075
31,87,461848,0,42310430,0.00033404429806145283,1805,1801,4,0,9.773698486000285,6.704411506652832,0.10703943094765062,2.063915500503193
31,88,432222,0,42310431,0.00033404429806145283,1689,1686,3,0,9.329523164999046,6.703297138214111,0.08874957898050582,1.881428022825845
31,89,296592,1,42310432,0.00033404429806145283,1159,1155,4,0,6.234026812000593,6.697807312011719,0.10554406632592668,1.9795993557224025
31,90,479627,1,42310433,0.00033404429806145283,1874,1871,3,0,10.153894385999592,6.706655979156494,0.07029043143602184,1.4327051355391502
31,91,587269,1,42310434,0.00033404429806145283,2295,2292,3,0,12.810398206998798,6.710631370544434,0.10308968375906687,1.8495130821880454
31,92,206676,0,42310435,0.00033404429806145283,808,807,1,0,4.513310041000295,6.693434715270996,0.120453504824727,1.9725863658805762
31,93,217421,1,42310436,0.00033404429806145283,850,847,3,0,4.816766986999937,6.694046497344971,0.09277239262424365,1.5788028000940821
31,94,885169,1,42310437,0.00033404429806145283,3458,3456,2,0,20.04384463400129,6.724354267120361,0.020821776654985216,0.6331036179154007
31,95,295224,0,42310438,0.00033404429806145283,1154,1151,3,0,6.222667391999494,6.696683883666992,0.07965856132871892,1.6133461561956994
31,96,547304,1,42310439,0.00033404429806145283,2138,2136,2,0,11.9773520810013,6.7088303565979,0.05669356642590927,1.1984859852308638
31,97,428994,1,42310440,0.00033404429806145283,1676,1674,2,0,9.384786257000087,6.70400857925415,0.07539250545889103,1.5428574720448776
31,98,276358,1,42310441,0.00033404429806145283,1080,1078,2,0,6.131460704000347,6.697348594665527,0.09237900912651105,1.5576101667584648
31,99,491272,1,42310442,0.00033404429806145283,1920,1917,3,0,10.678547487999822,6.7069220542907715,0.08059956645617339,1.6275508046834246
32,0,926214,1,42320350,0.00030463224515441515,3619,3614,5,0,20.04601167799956,6.725897789001465,0.04501689832779209,1.2052399846949364
32,1,209678,1,42320351,0.00030463224515441515,820,815,5,0,4.882502405998821,6.693755149841309,0.10322917165931748,2.0368024767542177
32,2,509018,1,42320352,0.00030463224515441515,1989,1986,3,0,11.05796102000022,6.707324028015137,0.11892508115893284,1.9683686685706194
32,3,411880,0,42320353,0.00030463224515441515,1609,1607,2,0,9.484402279998903,6.702532768249512,0.09149816545107829,1.6711804070084006
32,4,457865,1,42320354,0.00030463224515441515,1789,1786,3,0,10.62200238800142,6.704878330230713,0.12781280312532808,2.3648155357642775
32,5,276084,0,42320355,0.00030463224515441515,1079,1077,2,0,5.949777286001336,6.695822715759277,0.1093714792859034,1.9048291332985143
32,6,155981,0,42320356,0.00030463224515441515,610,607,3,0,3.510582135997538,6.69120979309082,0.11847176465406842,1.9069653280091639
32,7,438907,1,42320357,0.00030463224515441515,1715,1712,3,0,10.416990179001004,6.704305648803711,0.08288516285263489,1.7417584000346817
32,8,563122,1,42320358,0.00030463224515441515,2200,2197,3,0,12.156793272999494,6.7095417976379395,0.061488474940081646,1.4028365873563382
32,9,671047,0,42320359,0.00030463224515441515,2622,2620,2,0,15.02301239100052,6.713615894317627,0.04849439140494543,1.239909630695372
32,10,559874,1,42320360,0.00030463224515441515,2188,2183,5,0,12.712170740998772,6.709397315979004,0.057837747948681933,1.360412066429512
32,11,277765,0,42320361,0.00030463224515441515,1086,1084,2,0,6.111168962001102,6.695899486541748,0.0793440843420275,1.510781601346287
32,12,344014,0,42320362,0.00030463224515441515,1344,1340,4,0,7.788205739998375,6.698883533477783,0.10121694536351446,1.8945219580806902
32,13,872271,0,42320363,0.00030463224515441515,3408,3404,4,0,19.018338749998293,6.72271203994751,0.05873725164931193,1.3485577916146445
32,14,353613,1,42320364,0.00030463224515441515,1382,1379,3,0,7.962332042003254,6.701031684875488,0.09256555724610792,1.7152468741501994
32,15,392479,0,42320365,0.00030463224515441515,1534,1532,2,0,8.848963119999098,6.701803207397461,0.0756948535809629,1.4350479165816743
32,16,509253,0,42320366,0.00030463224515441515,1990,1987,3,0,11.14218664299915,6.70632791519165,0.06496688620073446,1.529044993630473
32,17,384412,0,42320367,0.00030463224515441515,1502,1501,1,0,8.549335444000462,6.701499938964844,0.05126141389952271,1.115639785065165
32,18,629973,0,42320368,0.00030463224515441515,2461,2459,2,0,14.217581023000093,6.712520122528076,0.04870734848884995,1.1586896191287108
32,19,621908,1,42320369,0.00030463224515441515,2430,2428,2,0,13.791429120999965,6.712190628051758,0.050210503416359915,1.0427779020155479
32,20,801121,0,42320370,0.00030463224515441515,3130,3126,4,0,17.763130190000084,6.719473838806152,0.03175452361103822,0.9437102002359246
32,21,384660,1,42320371,0.00030463224515441515,1503,1501,2,0,8.658802541998739,6.701502799987793,0.06005525430149432,1.2102505393539724
32,22,355766,1,42320372,0.00030463224515441515,1390,1388,2,0,7.707348780000757,6.70106315612793,0.10684764763120272,1.8264031753759906
32,23,360226,0,42320373,0.00030463224515441515,1408,1404,4,0,8.04184579199864,6.699612617492676,0.05597117280009126,1.3225673229945691
32,24,338512,0,42320374,0.00030463224515441515,1323,1320,3,0,7.481834820999211,6.698635578155518,0.08564165866736209,1.8214980616714016
32,25,185941,0,42320375,0.00030463224515441515,727,726,1,0,4.335099746000196,6.692964553833008,0.09341145875368564,1.4511126893939394
32,26,561149,0,42320376,0.00030463224515441515,2192,2188,4,0,12.130902627999603,6.7086639404296875,0.06408859476092965,1.478496209794904
32,27,372819,0,42320377,0.00030463224515441515,1457,1456,1,0,8.50725163899915,6.701064586639404,0.06469452512133253,1.3191929073124142
32,28,107522,1,42320378,0.00030463224515441515,421,418,3,0,2.506628303002799,6.689067363739014,0.12970283727326462,1.9460017008074162
32,29,284527,1,42320379,0.00030463224515441515,1112,1111,1,0,6.301987842001836,6.69753360748291,0.07448945272945263,1.5372917662860035
32,30,1333839,0,42320380,0.00030463224515441515,5211,5208,3,0,28.971670955999798,6.743468761444092,0.03702772231329055,0.9931155906478014
32,31,427651,1,42320381,0.00030463224515441515,1671,1667,4,0,9.664398681998136,6.703967571258545,0.0771143500792029,1.5811230820242201
32,32,648608,0,42320382,0.00030463224515441515,2534,2532,2,0,14.965924095000446,6.712804317474365,0.02363192903298714,0.6592141583820843
32,33,428065,0,42320383,0.00030463224515441515,1673,1669,4,0,9.483435014000861,6.703141689300537,0.09165180222298158,2.2016101286324146
32,34,375085,0,42320384,0.00030463224515441515,1466,1463,3,0,8.551533331999963,6.7011494636535645,0.09808934720835291,1.9167385349025974
32,35,882461,0,42320385,0.00030463224515441515,3448,3445,3,0,19.14580219799973,6.723137378692627,0.02958089443699542,0.8431781652530842
32,36,569144,0,42320386,0.00030463224515441515,2224,2223,1,0,12.415243696999823,6.709024429321289,0.032023849864827585,0.6658410035003374
32,37,314555,0,42320387,0.00030463224515441515,1229,1226,3,0,6.959354548002011,6.697554588317871,0.09129593617375484,1.8720057924653344
32,38,436745,0,42320388,0.00030463224515441515,1707,1703,4,0,10.355704028999753,6.703468322753906,0.07033360067424674,1.5698603452546975
32,39,261664,0,42320389,0.00030463224515441515,1023,1021,2,0,5.821197135002876,6.6951727867126465,0.10011884818231206,1.754234919235125
32,40,638454,1,42320390,0.00030463224515441515,2494,2492,2,0,14.450532795999607,6.712934970855713,0.03859061337588878,0.9579914515512139
32,41,398139,1,42320391,0.00030463224515441515,1556,1554,2,0,9.061966738998308,6.70307731628418,0.08281717582712456,1.5950945015886422
32,42,242816,0,42320392,0.00030463224515441515,949,946,3,0,5.545359512001596,6.694367408752441,0.09425770152698863,1.9353321551268499
32,43,323428,0,42320393,0.00030463224515441515,1264,1262,2,0,7.219432010999299,6.697955131530762,0.1039220383730252,1.8264713438490492
32,44,451037,0,42320394,0.00030463224515441515,1762,1760,2,0,10.171343646998139,6.704004764556885,0.05725164846940474,1.2671277132901277
32,45,265076,0,42320395,0.00030463224515441515,1036,1034,2,0,5.918373890999646,6.695326805114746,0.06939871398807725,1.401145949815643
32,46,266508,1,42320396,0.00030463224515441515,1042,1040,2,0,6.01415617100065,6.697124481201172,0.10531377792358398,1.7986582829402042
32,47,506010,0,42320397,0.00030463224515441515,1977,1974,3,0,10.99682283400034,6.706181049346924,0.09446475909232127,1.977824264263551
32,48,303421,0,42320398,0.00030463224515441515,1186,1183,3,0,6.805180667000968,6.697052955627441,0.0997907585343968,2.0074067684118764
32,49,209704,0,42320399,0.00030463224515441515,820,816,4,0,4.717531250997126,6.693503379821777,0.20156136681051814,2.9856555415134802
32,50,548954,1,42320400,0.00030463224515441515,2145,2141,4,0,11.79284755899971,6.708904266357422,0.07505722081533162,1.6892404569637436
32,51,554220,0,42320401,0.00030463224515441515,2165,2163,2,0,12.269673869999679,6.708352088928223,0.05509166743983508,1.179603862365638
32,52,239391,0,42320402,0.00030463224515441515,936,933,3,0,5.301044689000264,6.694264888763428,0.09372335844867866,1.9573640976688103
32,53,490494,0,42320403,0.00030463224515441515,1916,1912,4,0,10.696838698000647,6.705489158630371,0.0644786387806657,1.5039866938251831
32,54,160756,1,42320404,0.00030463224515441515,628,625,3,0,3.534063482999045,6.694826126098633,0.08634634399414062,1.6704091796875
32,55,166616,1,42320405,0.00030463224515441515,651,648,3,0,3.730668734999199,6.694218158721924,0.09535428624094268,1.7459132818528165
32,56,349089,1,42320406,0.00030463224515441515,1364,1362,2,0,7.945611775001453,6.699900150299072,0.053553941141316196,1.03593240925569
32,57,813153,1,42320407,0.00030463224515441515,3177,3174,3,0,17.87939095299953,6.721647262573242,0.03319816132649432,0.855837422342667
32,58,309917,0,42320408,0.00030463224515441515,1211,1209,2,0,6.988389543999801,6.697347164154053,0.11965783358211848,2.1405438217276673
32,59,355009,0,42320409,0.00030463224515441515,1387,1385,2,0,7.777827695001179,6.6993794441223145,0.06296322819127934,1.2562230299526174
32,60,340859,1,42320410,0.00030463224515441515,1332,1328,4,0,7.614305866001814,6.69952917098999,0.11063563105571701,2.1789028673286897
32,61,436143,1,42320411,0.00030463224515441515,1704,1701,3,0,10.291765960999328,6.704222679138184,0.09452738192836935,1.7879193018353174
32,62,352452,0,42320412,0.00030463224515441515,1377,1376,1,0,7.975905937000789,6.699264049530029,0.07729343480842057,1.3902250777843386
32,63,241000,1,42320413,0.00030463224515441515,942,941,1,0,5.367284080999525,6.695031642913818,0.10466350429749767,1.6232732434328507
32,64,757931,1,42320414,0.00030463224515441515,2961,2959,2,0,16.79564858899903,6.7186198234558105,0.058641795332103855,1.434468002809226
32,65,667452,1,42320415,0.00030463224515441515,2608,2606,2,0,15.144255242999861,6.7147088050842285,0.038072288905485537,1.0179414317320605
32,66,373491,1,42320416,0.00030463224515441515,1459,1457,2,0,8.464782192000712,6.701327323913574,0.08729336436840468,1.6018180349712594
32,67,255796,1,42320417,0.00030463224515441515,1000,998,2,0,5.8100955910013,6.69569730758667,0.060987984728000925,1.1116763556409694
32,68,187780,1,42320418,0.00030463224515441515,734,732,2,0,4.391817269999592,6.69293212890625,0.12956845434637018,2.006317472197319
32,69,162407,0,42320419,0.00030463224515441515,635,632,3,0,3.5097763699995994,6.691255569458008,0.1174370488034019,2.0021690658376188
32,70,235355,0,42320420,0.00030463224515441515,920,918,2,0,5.261844130996906,6.694142818450928,0.08621160137367664,1.588131574244281
32,71,323052,1,42320421,0.00030463224515441515,1262,1259,3,0,7.0214687420011614,6.698727130889893,0.08066636404411673,1.5441739398207903
32,72,98180,0,42320422,0.00030463224515441515,384,381,3,0,2.1501658270026383,6.689414024353027,0.17028816603613026,2.4013957026123687
32,73,262450,1,42320423,0.00030463224515441515,1026,1024,2,0,5.797898984001222,6.695997714996338,0.08987275511026382,1.458412766456604
32,74,603827,0,42320424,0.00030463224515441515,2359,2357,2,0,13.497219478000261,6.7105865478515625,0.0814679307253825,1.7758956863862962
32,75,236083,1,42320425,0.00030463224515441515,923,920,3,0,5.25041359700117,6.694809436798096,0.05715470521346382,1.1718264372452445
32,76,441814,0,42320426,0.00030463224515441515,1726,1723,3,0,10.163125343999127,6.703657627105713,0.1232767398455637,2.0328660324016976
32,77,648680,1,42320427,0.00030463224515441515,2534,2532,2,0,14.760434710000482,6.714289665222168,0.030056249850545825,0.7099470527251185
32,78,881094,1,42320428,0.00030463224515441515,3442,3438,4,0,19.466526026999418,6.724201679229736,0.04694873749897742,1.2746545104802938
32,79,306166,1,42320429,0.00030463224515441515,1196,1194,2,0,6.938563946001523,6.698023796081543,0.10579263505025126,1.8083205742252932
32,80,661445,0,42320430,0.00030463224515441515,2584,2581,3,0,15.032876258001124,6.7131829261779785,0.06146464889153913,1.3984822417728109
32,81,548725,0,42320431,0.00030463224515441515,2144,2141,3,0,11.821009945000696,6.708104133605957,0.07498642887149332,1.7616276391362098
32,82,313463,1,42320432,0.00030463224515441515,1225,1224,1,0,6.973417146000429,6.6982951164245605,0.07757051006641263,1.4226920931946998
32,83,449860,1,42320433,0.00030463224515441515,1758,1757,1,0,10.011064621001424,6.704637050628662,0.037414120895047046,0.8377885639362194
32,84,381590,1,42320434,0.00030463224515441515,1491,1487,4,0,8.477932039000734,6.701448440551758,0.10248287075224866,1.9435284838391056
32,85,323967,1,42320435,0.00030463224515441515,1266,1265,1,0,7.2408789889996115,6.698768138885498,0.09212993275035511,1.4714064043972332
32,86,360767,1,42320436,0.00030463224515441515,1410,1406,4,0,8.144221024998842,6.701137542724609,0.06311946234017993,1.5242423305809922
32,87,461848,0,42320437,0.00030463224515441515,1805,1801,4,0,10.273562369000501,6.704411506652832,0.10603432493829383,2.118349235233898
32,88,432222,0,42320438,0.00030463224515441515,1689,1687,2,0,9.826477429000079,6.703297138214111,0.08921966824082135,1.9223066961970214
32,89,296592,1,42320439,0.00030463224515441515,1159,1155,4,0,6.67044856800203,6.697807312011719,0.10831613912210836,2.0668569061147184
32,90,479627,1,42320440,0.00030463224515441515,1874,1872,2,0,10.500678649999827,6.706655979156494,0.07039669232490735,1.5118307782034588
32,91,587269,1,42320441,0.00030463224515441515,2295,2292,3,0,13.16353256199909,6.710631370544434,0.10394331714037618,1.8922391828234075
32,92,206676,0,42320442,0.00030463224515441515,808,807,1,0,4.797823779997998,6.693434715270996,0.12130763775944857,2.030652657169687
32,93,217421,1,42320443,0.00030463224515441515,850,847,3,0,4.674130448998767,6.694046497344971,0.09451997434938109,1.650465279571281
32,94,885169,1,42320444,0.00030463224515441515,3458,3456,2,0,19.037711078999564,6.724354267120361,0.02154769500096639,0.6555218166775174
32,95,295224,0,42320445,0.00030463224515441515,1154,1151,3,0,6.714573052999185,6.696683883666992,0.0809930624079435,1.6764012526471546
32,96,547304,1,42320446,0.00030463224515441515,2138,2136,2,0,11.903243511000255,6.7088303565979,0.05658704421939921,1.2516478349207045
32,97,428994,1,42320447,0.00030463224515441515,1676,1674,2,0,9.43542288000026,6.70400857925415,0.07531859968725499,1.6095759711954898
32,98,276358,1,42320448,0.00030463224515441515,1080,1078,2,0,5.938101673997153,6.697348594665527,0.0938601237281134,1.5605091668236897
32,99,491272,1,42320449,0.00030463224515441515,1920,1917,3,0,10.569690596999862,6.7069220542907715,0.08290542658257123,1.7356960593130542
33,0,926214,1,42330357,0.00027604354633078667,3619,3614,5,0,20.578877391999413,6.725897789001465,0.04560452636988967,1.237462764163669
33,1,209678,1,42330358,0.00027604354633078667,820,816,4,0,4.617310412999359,6.693755149841309,0.10628413219077915,2.146141201842065
33,2,509018,1,42330359,0.00027604354633078667,1989,1986,3,0,11.79215339700022,6.707324028015137,0.12050985929829117,2.0306502204887336
33,3,411880,0,42330360,0.00027604354633078667,1609,1607,2,0,9.340115602000878,6.702532768249512,0.09153066752634957,1.7255060258828563
33,4,457865,1,42330361,0.00027604354633078667,1789,1786,3,0,9.991951068997878,6.704878330230713,0.1313673064262843,2.4858975298327266
33,5,276084,0,42330362,0.00027604354633078667,1079,1076,3,0,6.231495510000968,6.695822715759277,0.1087220486211954,1.9393233402067844
33,6,155981,0,42330363,0.00027604354633078667,610,607,3,0,3.3978490700028487,6.69120979309082,0.1262451750049874,2.0220524946586695
33,7,438907,1,42330364,0.00027604354633078667,1715,1712,3,0,10.106826385999739,6.704305648803711,0.08398618430734794,1.7726749883633908
33,8,563122,1,42330365,0.00027604354633078667,2200,2197,3,0,12.329111118000583,6.7095417976379395,0.06215258994642908,1.4425032715066
33,9,671047,0,42330366,0.00027604354633078667,2622,2619,3,0,15.064970221999829,6.713615894317627,0.04928091310644569,1.2703342386764986
33,10,559874,1,42330367,0.00027604354633078667,2188,2185,3,0,12.928865258996666,6.709397315979004,0.0581816125516215,1.4167356443077803
33,11,277765,0,42330368,0.00027604354633078667,1086,1083,3,0,6.241467939998984,6.695899486541748,0.08123714485767256,1.5652264624091066
33,12,344014,0,42330369,0.00027604354633078667,1344,1340,4,0,7.638961974000267,6.698883533477783,0.10083844768467234,1.955705420650653
33,13,872271,0,42330370,0.00027604354633078667,3408,3404,4,0,19.34326612499717,6.72271203994751,0.058804858305199305,1.3809838838498825
33,14,353613,1,42330371,0.00027604354633078667,1382,1379,3,0,7.937553162002587,6.701031684875488,0.0944816141218444,1.8051725944978245
33,15,392479,0,42330372,0.00027604354633078667,1534,1531,3,0,8.742513733999658,6.701803207397461,0.07749407249365968,1.5147929126183868
33,16,509253,0,42330373,0.00027604354633078667,1990,1987,3,0,11.617560752001737,6.70632791519165,0.06671447446733848,1.5757326184653373
33,17,384412,0,42330374,0.00027604354633078667,1502,1500,2,0,8.642546820999996,6.701499938964844,0.051702448527018226,1.135864990234375
33,18,629973,0,42330375,0.00027604354633078667,2461,2459,2,0,13.765317319001042,6.712520122528076,0.04973549239758603,1.2121181914650265
33,19,621908,1,42330376,0.00027604354633078667,2430,2429,1,0,13.573487724999723,6.712190628051758,0.05017699190204945,1.076990233570914
33,20,801121,0,42330377,0.00027604354633078667,3130,3125,5,0,17.82106398399992,6.719473838806152,0.0329999462890625,0.989781171875
33,21,384660,1,42330378,0.00027604354633078667,1503,1500,3,0,8.609300153999357,6.701502799987793,0.06135794576009115,1.2951686197916668
33,22,355766,1,42330379,0.00027604354633078667,1390,1388,2,0,8.221166050003376,6.70106315612793,0.10935623432786046,1.8872541707943085
33,23,360226,0,42330380,0.00027604354633078667,1408,1404,4,0,8.2116276630004,6.699612617492676,0.05757419879619892,1.4198835324018428
33,24,338512,0,42330381,0.00027604354633078667,1323,1319,4,0,7.545914395999716,6.698635578155518,0.08689112225836927,1.893246318825815
33,25,185941,0,42330382,0.00027604354633078667,727,725,2,0,4.240069440002117,6.692964553833008,0.09617455844221444,1.5175729054418103
33,26,561149,0,42330383,0.00027604354633078667,2192,2188,4,0,12.517550215001393,6.7086639404296875,0.0649158958979019,1.490331004698926
33,27,372819,0,42330384,0.00027604354633078667,1457,1456,1,0,8.630544782998186,6.701064586639404,0.06469837649837955,1.3731544410789407
33,28,107522,1,42330385,0.00027604354633078667,421,418,3,0,2.4045600190002006,6.689067363739014,0.13249592575730318,2.000552966834255
33,29,284527,1,42330386,0.00027604354633078667,1112,1110,2,0,6.466404897000757,6.69753360748291,0.07595810073990006,1.5748024880349099
33,30,1333839,0,42330387,0.00027604354633078667,5211,5207,4,0,29.886807700000645,6.743468761444092,0.036851827622558876,1.0049619577611868
33,31,427651,1,42330388,0.00027604354633078667,1671,1667,4,0,9.616217779999715,6.703967571258545,0.0780992513655472,1.6494587313006148
33,32,648608,0,42330389,0.00027604354633078667,2534,2532,2,0,14.628104633000476,6.712804317474365,0.023669212726996784,0.6882339646277646
33,33,428065,0,42330390,0.00027604354633078667,1673,1669,4,0,9.362184786998114,6.703141689300537,0.0921024713350528,2.265918583124251
33,34,375085,0,42330391,0.00027604354633078667,1466,1462,4,0,8.53554849899956,6.7011494636535645,0.0996826317991995,1.9940297430745555
33,35,882461,0,42330392,0.00027604354633078667,3448,3445,3,0,20.003476111000055,6.723137378692627,0.029433754532015376,0.86910037191582
33,36,569144,0,42330393,0.00027604354633078667,2224,2223,1,0,12.304961743000604,6.709024429321289,0.031653091492440534,0.6769315554009222
33,37,314555,0,42330394,0.00027604354633078667,1229,1226,3,0,7.189115528999537,6.697554588317871,0.0932716070925042,1.9111670638764273
33,38,436745,0,42330395,0.00027604354633078667,1707,1703,4,0,9.829253227999288,6.703468322753906,0.07104870297246586,1.6287350791801234
33,39,261664,0,42330396,0.00027604354633078667,1023,1020,3,0,5.862750463998964,6.6951727867126465,0.1020044438979205,1.7961310891544118
33,40,638454,1,42330397,0.00027604354633078667,2494,2491,3,0,14.319742502000736,6.712934970855713,0.038661379452356606,1.0050766744655761
33,41,398139,1,42330398,0.00027604354633078667,1556,1554,2,0,8.762513548001152,6.70307731628418,0.08325166837282316,1.642151114563224
33,42,242816,0,42330399,0.00027604354633078667,949,947,2,0,5.400704936000693,6.694367408752441,0.09625364986367312,1.9848380164334742
33,43,323428,0,42330400,0.00027604354633078667,1264,1261,3,0,7.475439069999993,6.697955131530762,0.10475297847690325,1.8623248228092784
33,44,451037,0,42330401,0.00027604354633078667,1762,1760,2,0,9.902360356998543,6.704004764556885,0.05809936089949174,1.2979314630681817
33,45,265076,0,42330402,0.00027604354633078667,1036,1035,1,0,5.897847276999528,6.695326805114746,0.07056614972543025,1.4507674507472825
33,46,266508,1,42330403,0.00027604354633078667,1042,1039,3,0,5.871396492002532,6.697124481201172,0.10635019105942463,1.8853046611826276
33,47,506010,0,42330404,0.00027604354633078667,1977,1974,3,0,11.48886876799952,6.706181049346924,0.09816495360091344,2.041379486053065
33,48,303421,0,42330405,0.00027604354633078667,1186,1183,3,0,6.967719958000089,6.697052955627441,0.1027412446796743,2.0997173086829037
33,49,209704,0,42330406,0.00027604354633078667,820,817,3,0,4.6360009540003375,6.693503379821777,0.20656668804266753,3.0923831710908813
33,50,548954,1,42330407,0.00027604354633078667,2145,2141,4,0,12.423035122999863,6.708904266357422,0.07577566675135378,1.7318830779644443
33,51,554220,0,42330408,0.00027604354633078667,2165,2163,2,0,12.876750184997945,6.708352088928223,0.054669842695782046,1.216348211576803
33,52,239391,0,42330409,0.00027604354633078667,936,933,3,0,5.523966157001269,6.694264888763428,0.0957273706107022,2.064835167135584
33,53,490494,0,42330410,0.00027604354633078667,1916,1912,4,0,10.941454757998144,6.705489158630371,0.06666869398939061,1.5728229857887683
33,54,160756,1,42330411,0.00027604354633078667,628,625,3,0,3.4731457359994238,6.694826126098633,0.088470556640625,1.71308203125
33,55,166616,1,42330412,0.00027604354633078667,651,649,2,0,3.6878915689994756,6.694218158721924,0.09302865191490514,1.8019901034644645
33,56,349089,1,42330413,0.00027604354633078667,1364,1363,1,0,7.987323918001493,6.699900150299072,0.05340119975503542,1.0699075991321991
33,57,813153,1,42330414,0.00027604354633078667,3177,3174,3,0,17.88005117499779,6.721647262573242,0.03301241417387858,0.8747863192639413
33,58,309917,0,42330415,0.00027604354633078667,1211,1209,2,0,7.285569407998992,6.697347164154053,0.11972246572338321,2.216752045207816
33,59,355009,0,42330416,0.00027604354633078667,1387,1385,2,0,8.127252125999803,6.6993794441223145,0.06533772162151681,1.3118512205268502
33,60,340859,1,42330417,0.00027604354633078667,1332,1329,3,0,7.511218910000025,6.69952917098999,0.11158166889681503,2.2564769828113245
33,61,436143,1,42330418,0.00027604354633078667,1704,1701,3,0,9.472327840001526,6.704222679138184,0.09572478871286651,1.8766588932062023
33,62,352452,0,42330419,0.00027604354633078667,1377,1375,2,0,8.005654989003233,6.699264049530029,0.07881656716086648,1.4178629261363636
33,63,241000,1,42330420,0.00027604354633078667,942,941,1,0,5.575089682999533,6.695031642913818,0.1048844405365801,1.6604530585812964
33,64,757931,1,42330421,0.00027604354633078667,2961,2959,2,0,17.141857890997926,6.7186198234558105,0.05907828745788801,1.48975203431269
33,65,667452,1,42330422,0.00027604354633078667,2608,2606,2,0,14.663703748999978,6.7147088050842285,0.03964664637813729,1.0597961847359458
33,66,373491,1,42330423,0.00027604354633078667,1459,1456,3,0,8.629243560997566,6.701327323913574,0.08861051286969866,1.6675074650691106
33,67,255796,1,42330424,0.00027604354633078667,1000,999,1,0,5.701699668999936,6.69569730758667,0.06125084893242852,1.1444446155139514
33,68,187780,1,42330425,0.00027604354633078667,734,732,2,0,4.2848124989977805,6.69293212890625,0.13421097218664618,2.1274033843493854
33,69,162407,0,42330426,0.00027604354633078667,635,633,2,0,3.6262134769967815,6.691255569458008,0.12212303125462826,2.076597674763033
33,70,235355,0,42330427,0.00027604354633078667,920,918,2,0,5.421702939001989,6.694142818450928,0.08598438171519693,1.6460228215635213
33,71,323052,1,42330428,0.00027604354633078667,1262,1258,4,0,7.325198726000963,6.698727130889893,0.0821645460750416,1.6159981392525338
33,72,98180,0,42330429,0.00027604354633078667,384,381,3,0,2.127920605998952,6.689414024353027,0.17383074823014066,2.4044330426714238
33,73,262450,1,42330430,0.00027604354633078667,1026,1025,1,0,5.908217798998521,6.695997714996338,0.090631103515625,1.4995073123094511
33,74,603827,0,42330431,0.00027604354633078667,2359,2357,2,0,13.506003349000821,6.7105865478515625,0.08249894450871076,1.8417666293222317
33,75,236083,1,42330432,0.00027604354633078667,923,921,2,0,5.397006299001077,6.694809436798096,0.05868009221411424,1.2058993493824648
33,76,441814,0,42330433,0.00027604354633078667,1726,1722,4,0,10.080130721999012,6.703657627105713,0.1260396091226363,2.1258096905397066
33,77,648680,1,42330434,0.00027604354633078667,2534,2532,2,0,14.357019571998535,6.714289665222168,0.03052038340395284,0.7436847415580569
33,78,881094,1,42330435,0.00027604354633078667,3442,3438,4,0,19.506221147999895,6.724201679229736,0.04715030619125855,1.3223420343404595
33,79,306166,1,42330436,0.00027604354633078667,1196,1194,2,0,7.201654587999656,6.698023796081543,0.10605657120645545,1.8471295278475712
33,80,661445,0,42330437,0.00027604354633078667,2584,2581,3,0,14.589467074998538,6.7131829261779785,0.0632283899129153,1.4747779370277994
33,81,548725,0,42330438,0.00027604354633078667,2144,2141,3,0,12.356616027002019,6.708104133605957,0.07631027314329972,1.8152033357295072
33,82,313463,1,42330439,0.00027604354633078667,1225,1223,2,0,7.386217451999983,6.6982951164245605,0.07902753304382473,1.5211366293182746
33,83,449860,1,42330440,0.00027604354633078667,1758,1757,1,0,10.07993544800047,6.704637050628662,0.03766592565285732,0.865936852478479
33,84,381590,1,42330441,0.00027604354633078667,1491,1487,4,0,8.551457378998748,6.701448440551758,0.10318990577846546,1.9707541860184095
33,85,323967,1,42330442,0.00027604354633078667,1266,1264,2,0,7.364881391997187,6.698768138885498,0.09280982802185832,1.5192137126681171
33,86,360767,1,42330443,0.00027604354633078667,1410,1406,4,0,8.369031186997745,6.701137542724609,0.06583723065524148,1.583398854240754
33,87,461848,0,42330444,0.00027604354633078667,1805,1801,4,0,10.209896642998501,6.704411506652832,0.10873475781683786,2.2240411143114938
33,88,432222,0,42330445,0.00027604354633078667,1689,1686,3,0,9.56625775700013,6.703297138214111,0.09130348033610895,2.0150243503484577
33,89,296592,1,42330446,0.00027604354633078667,1159,1155,4,0,6.742747807002161,6.697807312011719,0.11146232307731331,2.171268347537879
33,90,479627,1,42330447,0.00027604354633078667,1874,1872,2,0,10.805630884002312,6.706655979156494,0.07184898343860593,1.5424706874749599
33,91,587269,1,42330448,0.00027604354633078667,2295,2291,4,0,13.143017943999439,6.710631370544434,0.10564657383639445,1.965847806293649
33,92,206676,0,42330449,0.00027604354633078667,808,807,1,0,4.624079139997775,6.693434715270996,0.12245951561531908,2.094676191478857
33,93,217421,1,42330450,0.00027604354633078667,850,847,3,0,4.822748859998683,6.694046497344971,0.09532924863777026,1.7044614321225648
33,94,885169,1,42330451,0.00027604354633078667,3458,3456,2,0,20.21222064700123,6.724354267120361,0.021216705993369774,0.6722378200954862
33,95,295224,0,42330452,0.00027604354633078667,1154,1151,3,0,6.744124147000548,6.696683883666992,0.08226676695663757,1.7566192653467094
33,96,547304,1,42330453,0.00027604354633078667,2138,2135,3,0,12.17518958599976,6.7088303565979,0.057476574363976504,1.287084675058548
33,97,428994,1,42330454,0.00027604354633078667,1676,1674,2,0,9.571319036000205,6.70400857925415,0.07733944581828237,1.652149341724537
33,98,276358,1,42330455,0.00027604354633078667,1080,1078,2,0,6.184972001999995,6.697348594665527,0.0954644268651619,1.6260139309630102
33,99,491272,1,42330456,0.00027604354633078667,1920,1917,3,0,10.713293089000217,6.7069220542907715,0.08359962586754613,1.7652405135384064
34,0,926214,1,42340364,0.0002483956786862901,3619,3614,5,0,21.53137424200031,6.725897789001465,0.046367056276102915,1.3152247282702685
34,1,209678,1,42340365,0.0002483956786862901,820,815,5,0,4.678832024001167,6.693755149841309,0.10941985896759969,2.2459346841449386
34,2,509018,1,42340366,0.0002483956786862901,1989,1986,3,0,11.235686046999035,6.707324028015137,0.1218925468391042,2.11793221495783
34,3,411880,0,42340367,0.0002483956786862901,1609,1607,2,0,9.248266480000893,6.702532768249512,0.09370188781320492,1.7896129178496423
34,4,457865,1,42340368,0.0002483956786862901,1789,1787,2,0,10.213119143001677,6.704878330230713,0.13292528866520792,2.575320456771125
34,5,276084,0,42340369,0.0002483956786862901,1079,1076,3,0,6.044927376999112,6.695822715759277,0.11462488848037436,2.04574029064533
34,6,155981,0,42340370,0.0002483956786862901,610,606,4,0,3.597921499997028,6.69120979309082,0.12987616510674505,2.159431482699051
34,7,438907,1,42340371,0.0002483956786862901,1715,1713,2,0,10.002326949001144,6.704305648803711,0.08600325620598913,1.8402408170059836
34,8,563122,1,42340372,0.0002483956786862901,2200,2197,3,0,12.418290773999615,6.7095417976379395,0.06247394823952051,1.46660285154472
34,9,671047,0,42340373,0.0002483956786862901,2622,2619,3,0,15.373616156000935,6.713615894317627,0.05011854430290068,1.3363928749343739
34,10,559874,1,42340374,0.0002483956786862901,2188,2183,5,0,12.226553661999787,6.709397315979004,0.06003610748137239,1.4869940037362575
34,11,277765,0,42340375,0.0002483956786862901,1086,1084,2,0,6.208356808001554,6.695899486541748,0.08328813644352874,1.6394852641763722
34,12,344014,0,42340376,0.0002483956786862901,1344,1340,4,0,7.713273057001061,6.698883533477783,0.10476850822790346,2.0770219945195896
34,13,872271,0,42340377,0.0002483956786862901,3408,3404,4,0,19.487461067998083,6.72271203994751,0.05979444277412603,1.4492736888127937
34,14,353613,1,42340378,0.0002483956786862901,1382,1379,3,0,7.9071808389999205,6.701031684875488,0.09721055836501201,1.8660160144919327
34,15,392479,0,42340379,0.0002483956786862901,1534,1532,2,0,9.083840944000258,6.701803207397461,0.07840975270881353,1.571895430044468
34,16,509253,0,42340380,0.0002483956786862901,1990,1987,3,0,11.396389493998868,6.70632791519165,0.06700108935620597,1.6573037242073478
34,17,384412,0,42340381,0.0002483956786862901,1502,1501,1,0,8.92235034300029,6.701499938964844,0.052685543825275336,1.1846832743015074
34,18,629973,0,42340382,0.0002483956786862901,2461,2458,3,0,14.305512864000775,6.712520122528076,0.050876055625127134,1.2689923130466843
34,19,621908,1,42340383,0.0002483956786862901,2430,2429,1,0,14.099410570997861,6.712190628051758,0.050570880988832854,1.1027785796302492
34,20,801121,0,42340384,0.0002483956786862901,3130,3126,4,0,18.282297345998813,6.719473838806152,0.033385771631203015,1.0302185331943778
34,21,384660,1,42340385,0.0002483956786862901,1503,1501,2,0,8.888427783000225,6.701502799987793,0.062401809031609135,1.3113438697118587
34,22,355766,1,42340386,0.0002483956786862901,1390,1388,2,0,7.916951151000831,6.70106315612793,0.1102317788071866,1.9570824351022154
34,23,360226,0,42340387,0.0002483956786862901,1408,1404,4,0,7.9623132000015175,6.699612617492676,0.057653389085731616,1.4820179300770122
34,24,338512,0,42340388,0.0002483956786862901,1323,1319,4,0,7.703775158999633,6.698635578155518,0.08830428973032363,1.998179033003222
34,25,185941,0,42340389,0.0002483956786862901,727,726,1,0,4.208526856997196,6.692964553833008,0.09778324894340241,1.5436044908423725
34,26,561149,0,42340390,0.0002483956786862901,2192,2188,4,0,12.299719881000783,6.7086639404296875,0.06553815182645753,1.5357345776322555
34,27,372819,0,42340391,0.0002483956786862901,1457,1456,1,0,8.350843824002368,6.701064586639404,0.06643522702730618,1.4557208386096325
34,28,107522,1,42340392,0.0002483956786862901,421,417,4,0,2.420253240998136,6.689067363739014,0.1338110450360415,2.0454122053919366
34,29,284527,1,42340393,0.0002483956786862901,1112,1110,2,0,6.316703669999697,6.69753360748291,0.0774358388539907,1.6471978814752253
34,30,1333839,0,42340394,0.0002483956786862901,5211,5208,3,0,30.83095965499888,6.743468761444092,0.03715966044483097,1.0429523426999328
34,31,427651,1,42340395,0.0002483956786862901,1671,1667,4,0,9.590692531000968,6.703967571258545,0.0788138331806295,1.6762165145095982
34,32,648608,0,42340396,0.0002483956786862901,2534,2533,1,0,14.20231014300225,6.712804317474365,0.024891648140059033,0.7366938058256021
34,33,428065,0,42340397,0.0002483956786862901,1673,1670,3,0,9.512588980996952,6.703141689300537,0.09240823163243825,2.3279751532092066
34,34,375085,0,42340398,0.0002483956786862901,1466,1463,3,0,8.37747557900002,6.7011494636535645,0.10163700002069272,2.0392949592553826
34,35,882461,0,42340399,0.0002483956786862901,3448,3445,3,0,20.376031536001392,6.723137378692627,0.02992416846907883,0.895784906794267
34,36,569144,0,42340400,0.0002483956786862901,2224,2222,2,0,12.66914299400014,6.709024429321289,0.032097158080065816,0.7004418154217765
34,37,314555,0,42340401,0.0002483956786862901,1229,1226,3,0,7.073483492000378,6.697554588317871,0.09428291880870526,1.9630216564284257
34,38,436745,0,42340402,0.0002483956786862901,1707,1703,4,0,9.98268069400001,6.703468322753906,0.07179446620795563,1.7201219470236349
34,39,261664,0,42340403,0.0002483956786862901,1023,1020,3,0,5.91043862999868,6.6951727867126465,0.10430454927332261,1.8700934914981617
34,40,638454,1,42340404,0.0002483956786862901,2494,2492,2,0,14.169370940002409,6.712934970855713,0.039220742582318106,1.0373929974355438
34,41,398139,1,42340405,0.0002483956786862901,1556,1554,2,0,9.056858052997995,6.70307731628418,0.08472384694613698,1.7066372315395753
34,42,242816,0,42340406,0.0002483956786862901,949,946,3,0,5.469007995998254,6.694367408752441,0.09867073365548196,2.0660911382630816
34,43,323428,0,42340407,0.0002483956786862901,1264,1262,2,0,7.57903705300123,6.697955131530762,0.10742033944832731,1.929437168804477
34,44,451037,0,42340408,0.0002483956786862901,1762,1759,3,0,9.997551304000808,6.704004764556885,0.0590672842679612,1.3487327449900512
34,45,265076,0,42340409,0.0002483956786862901,1036,1034,2,0,5.936525631001132,6.695326805114746,0.07073274387381755,1.472277879253808
34,46,266508,1,42340410,0.0002483956786862901,1042,1039,3,0,5.875058409001213,6.697124481201172,0.10925579346408054,1.977111640173845
34,47,506010,0,42340411,0.0002483956786862901,1977,1974,3,0,11.063231743999495,6.706181049346924,0.09884556979997784,2.0935852607332825
34,48,303421,0,42340412,0.0002483956786862901,1186,1184,2,0,6.75982264599952,6.697052955627441,0.10543541650514344,2.2079861615155196
34,49,209704,0,42340413,0.0002483956786862901,820,817,3,0,4.770436132002942,6.693503379821777,0.21036158810338892,3.176640971637852
34,50,548954,1,42340414,0.0002483956786862901,2145,2141,4,0,12.333991404000699,6.708904266357422,0.07645439422336597,1.7891030950782345
34,51,554220,0,42340415,0.0002483956786862901,2165,2164,1,0,12.175402791002853,6.708352088928223,0.055460254718547826,1.2593239380559726
34,52,239391,0,42340416,0.0002483956786862901,936,933,3,0,5.273268684999493,6.694264888763428,0.09738904129142802,2.1214259434870715
34,53,490494,0,42340417,0.0002483956786862901,1916,1912,4,0,10.808435611997993,6.705489158630371,0.06837252692697438,1.6421336409437108
34,54,160756,1,42340418,0.0002483956786862901,628,625,3,0,3.770162282999081,6.694826126098633,0.09307233276367187,1.7999494140625
34,55,166616,1,42340419,0.0002483956786862901,651,648,3,0,3.741378203001659,6.694218158721924,0.09970549595208815,1.9080019350405093
34,56,349089,1,42340420,0.0002483956786862901,1364,1364,0,0,7.866820007002389,6.699900150299072,0.05511046714447111,1.1124102908495235
34,57,813153,1,42340421,0.0002483956786862901,3177,3173,4,0,18.27076010899691,6.721647262573242,0.03457592069407649,0.9080051502669004
34,58,309917,0,42340422,0.0002483956786862901,1211,1209,2,0,6.817797663999954,6.697347164154053,0.12358081902818703,2.2986619316713193
34,59,355009,0,42340423,0.0002483956786862901,1387,1386,1,0,7.88285682499918,6.6993794441223145,0.06664856309326524,1.36087428061305
34,60,340859,1,42340424,0.0002483956786862901,1332,1329,3,0,7.65763738899841,6.69952917098999,0.11517402872813205,2.3267310654157263
34,61,436143,1,42340425,0.0002483956786862901,1704,1701,3,0,10.00446380500216,6.704222679138184,0.09582073698318544,1.9099807156176514
34,62,352452,0,42340426,0.0002483956786862901,1377,1375,2,0,8.09969957100111,6.699264049530029,0.08165457430752841,1.49771875
34,63,241000,1,42340427,0.0002483956786862901,942,940,2,0,5.3277760810015025,6.695031642913818,0.10755627408940742,1.728362387799202
34,64,757931,1,42340428,0.0002483956786862901,2961,2958,3,0,17.51538000200162,6.7186198234558105,0.05999436549353712,1.5432846966911764
34,65,667452,1,42340429,0.0002483956786862901,2608,2606,2,0,14.861732108998694,6.7147088050842285,0.039897848438137054,1.0704036545771776
34,66,373491,1,42340430,0.0002483956786862901,1459,1456,3,0,8.465739634000784,6.701327323913574,0.0907224613231617,1.7180608393071772
34,67,255796,1,42340431,0.0002483956786862901,1000,999,1,0,5.8104334410018055,6.69569730758667,0.06232639499851414,1.1815636437218469
34,68,187780,1,42340432,0.0002483956786862901,734,732,2,0,4.162339604001318,6.69293212890625,0.13635399823631744,2.20282065803236
34,69,162407,0,42340433,0.0002483956786862901,635,632,3,0,3.672399963001226,6.691255569458008,0.12366052217121366,2.146620158907733
34,70,235355,0,42340434,0.0002483956786862901,920,918,2,0,5.419710688998748,6.694142818450928,0.08904273837220435,1.6930583214188453
34,71,323052,1,42340435,0.0002483956786862901,1262,1259,3,0,7.129585540002154,6.698727130889893,0.08337716851753314,1.6630803139272239
34,72,98180,0,42340436,0.0002483956786862901,384,381,3,0,2.152265491000435,6.689414024353027,0.1801914605568713,2.596858627839977
34,73,262450,1,42340437,0.0002483956786862901,1026,1024,2,0,5.944068868000613,6.695997714996338,0.09298684448003769,1.5829582214355469
34,74,603827,0,42340438,0.0002483956786862901,2359,2356,3,0,13.510558268997556,6.7105865478515625,0.08348509654124443,1.895907390704584
34,75,236083,1,42340439,0.0002483956786862901,923,921,2,0,5.360469292001653,6.694809436798096,0.05947247649119291,1.283738060701683
34,76,441814,0,42340440,0.0002483956786862901,1726,1722,4,0,10.09696445499867,6.703657627105713,0.12650000453687574,2.1824113267639373
34,77,648680,1,42340441,0.0002483956786862901,2534,2532,2,0,14.402924238002015,6.714289665222168,0.030941524776802242,0.7678323899400178
34,78,881094,1,42340442,0.0002483956786862901,3442,3438,4,0,19.931255964998854,6.724201679229736,0.04780888848695872,1.376549348503854
34,79,306166,1,42340443,0.0002483956786862901,1196,1194,2,0,6.839572397002485,6.698023796081543,0.10744506989292164,1.9051194694173994
34,80,661445,0,42340444,0.0002483956786862901,2584,2580,4,0,14.81179955799962,6.7131829261779785,0.06439887941345689,1.5489517093628875
34,81,548725,0,42340445,0.0002483956786862901,2144,2141,3,0,12.328990482998051,6.708104133605957,0.07862216855030871,1.9110230005327533
34,82,313463,1,42340446,0.0002483956786862901,1225,1223,2,0,7.02806157699888,6.6982951164245605,0.08025428728304822,1.5845807528554272
34,83,449860,1,42340447,0.0002483956786862901,1758,1756,2,0,10.12279036399923,6.704637050628662,0.03786870395947155,0.892458904848555
34,84,381590,1,42340448,0.0002483956786862901,1491,1487,4,0,8.696208162997209,6.701448440551758,0.10621347536396163,2.0691929338117854
34,85,323967,1,42340449,0.0002483956786862901,1266,1264,2,0,7.694014436001453,6.698768138885498,0.09394419344165657,1.553221787078471
34,86,360767,1,42340450,0.0002483956786862901,1410,1406,4,0,7.948831734000123,6.701137542724609,0.0670263472186722,1.691793645259157
34,87,461848,0,42340451,0.0002483956786862901,1805,1801,4,0,10.41524885599938,6.704411506652832,0.11113116716027988,2.287278822962937
34,88,432222,0,42340452,0.0002483956786862901,1689,1686,3,0,9.56028622499798,6.703297138214111,0.09371691213949436,2.0636962311406437
34,89,296592,1,42340453,0.0002483956786862901,1159,1155,4,0,6.541670546001114,6.697807312011719,0.11278790890912473,2.2279096066693724
34,90,479627,1,42340454,0.0002483956786862901,1874,1871,3,0,10.8347284090014,6.706655979156494,0.0736690421336351,1.5945372262910877
34,91,587269,1,42340455,0.0002483956786862901,2295,2292,3,0,12.999813156999153,6.710631370544434,0.10634690928833647,2.0705257502317846
34,92,206676,0,42340456,0.0002483956786862901,808,806,2,0,4.619587892997515,6.693434715270996,0.1262440929933458,2.1677344537550405
34,93,217421,1,42340457,0.0002483956786862901,850,847,3,0,5.07472014400264,6.694046497344971,0.09725980071841334,1.7942349952958974
34,94,885169,1,42340458,0.0002483956786862901,3458,3455,3,0,20.295703715000855,6.724354267120361,0.021682531685284008,0.6950053986523155
34,95,295224,0,42340459,0.0002483956786862901,1154,1150,4,0,6.503379784997378,6.696683883666992,0.08426287443741508,1.8308113960597827
34,96,547304,1,42340460,0.0002483956786862901,2138,2136,2,0,12.284058707999066,6.7088303565979,0.05769349573256818,1.3420364437031835
34,97,428994,1,42340461,0.0002483956786862901,1676,1674,2,0,9.369610893001663,6.70400857925415,0.07787092384329264,1.736992000821386
34,98,276358,1,42340462,0.0002483956786862901,1080,1079,1,0,6.195210472000326,6.697348594665527,0.09514387411801653,1.6696837304144463
34,99,491272,1,42340463,0.0002483956786862901,1920,1917,3,0,10.893521284997405,6.7069220542907715,0.0841410621479892,1.7946950547323293
35,0,926214,1,42350371,0.00022180225323952595,3619,3614,5,0,21.4485774379973,6.725897789001465,0.04672242899790744,1.345865390019715
35,1,209678,1,42350372,0.00022180225323952595,820,815,5,0,4.8824400789999345,6.693755149841309,0.11286622965994057,2.3477399767542177
35,2,509018,1,42350373,0.00022180225323952595,1989,1986,3,0,11.359830327000964,6.707324028015137,0.1248762624381412,2.20610017190647
35,3,411880,0,42350374,0.00022180225323952595,1609,1607,2,0,9.143079394001688,6.702532768249512,0.09449542080606818,1.8617357350167236
35,4,457865,1,42350375,0.00022180225323952595,1789,1786,3,0,10.110526558000856,6.704878330230713,0.13643201975379252,2.653837026700728
35,5,276084,0,42350376,0.00022180225323952595,1079,1076,3,0,6.271804687999975,6.695822715759277,0.1163488125712455,2.124836180733039
35,6,155981,0,42350377,0.00022180225323952595,610,607,3,0,3.5366629870004545,6.69120979309082,0.13322478896114343,2.220359839953151
35,7,438907,1,42350378,0.00022180225323952595,1715,1712,3,0,9.951037744998757,6.704305648803711,0.08602591541325935,1.9347200482805198
35,8,563122,1,42350379,0.00022180225323952595,2200,2197,3,0,12.615219153001817,6.7095417976379395,0.06408503189052188,1.5428052857945493
35,9,671047,0,42350380,0.00022180225323952595,2622,2619,3,0,15.071303325999907,6.713615894317627,0.05077467223258818,1.3874669258901298
35,10,559874,1,42350381,0.00022180225323952595,2188,2183,5,0,12.881402394999895,6.709397315979004,0.06124476713703905,1.5415792845281722
35,11,277765,0,42350382,0.00022180225323952595,1086,1083,3,0,6.322267622999789,6.695899486541748,0.08427153752010835,1.680491495880944
35,12,344014,0,42350383,0.00022180225323952595,1344,1340,4,0,7.7241603399997985,6.698883533477783,0.1074540892643715,2.169003614738806
35,13,872271,0,42350384,0.00022180225323952595,3408,3404,4,0,19.78348477400141,6.72271203994751,0.06174633057501285,1.5132604793992361
35,14,353613,1,42350385,0.00022180225323952595,1382,1379,3,0,7.8236712210018595,6.701031684875488,0.09891557036490436,1.985755571859137
35,15,392479,0,42350386,0.00022180225323952595,1534,1533,1,0,8.85297258099672,6.701803207397461,0.0802611558171401,1.6389848145486792
35,16,509253,0,42350387,0.00022180225323952595,1990,1987,3,0,11.37210940300065,6.70632791519165,0.06879024572809198,1.7051861268164947
35,17,384412,0,42350388,0.00022180225323952595,1502,1501,1,0,8.654640708999068,6.701499938964844,0.054770355936211795,1.235200865438666
35,18,629973,0,42350389,0.00022180225323952595,2461,2458,3,0,14.755089762002171,6.712520122528076,0.051508091056705785,1.3060374248309092
35,19,621908,1,42350390,0.00022180225323952595,2430,2429,1,0,14.540944108000986,6.712190628051758,0.051612766056995225,1.1380504169990222
35,20,801121,0,42350391,0.00022180225323952595,3130,3126,4,0,18.47543150600177,6.719473838806152,0.03407214867023802,1.0615940399072297
35,21,384660,1,42350392,0.00022180225323952595,1503,1501,2,0,8.65826218499933,6.701502799987793,0.0636112078438593,1.3776510646548135
35,22,355766,1,42350393,0.00022180225323952595,1390,1388,2,0,7.986264095001388,6.70106315612793,0.11432085944183966,2.043822890399856
35,23,360226,0,42350394,0.00022180225323952595,1408,1404,4,0,8.09359837699958,6.699612617492676,0.06017918600316061,1.5609501243656516
35,24,338512,0,42350395,0.00022180225323952595,1323,1320,3,0,7.497497113999998,6.698635578155518,0.0899368632923473,2.0448647238991478
35,25,185941,0,42350396,0.00022180225323952595,727,726,1,0,4.242550695002137,6.692964553833008,0.10024927733029873,1.584695611118285
35,26,561149,0,42350397,0.00022180225323952595,2192,2188,4,0,12.871974337998836,6.7086639404296875,0.06679417751388968,1.619628459923446
35,27,372819,0,42350398,0.00022180225323952595,1457,1456,1,0,8.569942506997904,6.701064586639404,0.06662351482517116,1.4697520497081045
35,28,107522,1,42350399,0.00022180225323952595,421,418,3,0,2.418225238998275,6.689067363739014,0.1387969295373944,2.1542241584741326
35,29,284527,1,42350400,0.00022180225323952595,1112,1110,2,0,6.293703998999263,6.69753360748291,0.0790797877956081,1.6902444925394144
35,30,1333839,0,42350401,0.00022180225323952595,5211,5207,4,0,30.38017599399973,6.743468761444092,0.03762158327375558,1.0785664880209334
35,31,427651,1,42350402,0.00022180225323952595,1671,1667,4,0,9.619417089001217,6.703967571258545,0.08021507881040979,1.7503718494582334
35,32,648608,0,42350403,0.00022180225323952595,2534,2532,2,0,14.573965704003058,6.712804317474365,0.0257716397350245,0.762063989142106
35,33,428065,0,42350404,0.00022180225323952595,1673,1669,4,0,9.609580008000194,6.703141689300537,0.09658738508275913,2.4129090854834483
35,34,375085,0,42350405,0.00022180225323952595,1466,1463,3,0,8.863161090001086,6.7011494636535645,0.10425440904952367,2.1358112744574504
35,35,882461,0,42350406,0.00022180225323952595,3448,3445,3,0,19.543441077999887,6.723137378692627,0.030133765321684505,0.9355897502041002
35,36,569144,0,42350407,0.00022180225323952595,2224,2222,2,0,12.520332397998573,6.709024429321289,0.032457875304131974,0.7181925528978679
35,37,314555,0,42350408,0.00022180225323952595,1229,1226,3,0,7.054596698999376,6.697554588317871,0.09858042730981724,2.0909304346579325
35,38,436745,0,42350409,0.00022180225323952595,1707,1703,4,0,9.936716045001958,6.703468322753906,0.073840102656617,1.801718388734953
35,39,261664,0,42350410,0.00022180225323952595,1023,1020,3,0,6.14249380900219,6.6951727867126465,0.10827334534888174,1.9641316731770833
35,40,638454,1,42350411,0.00022180225323952595,2494,2492,2,0,14.44953304700175,6.712934970855713,0.040465221741800325,1.0734472381934692
35,41,398139,1,42350412,0.00022180225323952595,1556,1555,1,0,8.76942290399893,6.70307731628418,0.08528928112753718,1.7509101499698554
35,42,242816,0,42350413,0.00022180225323952595,949,946,3,0,5.597244420001516,6.694367408752441,0.10176634838918802,2.1246414023272333
35,43,323428,0,42350414,0.00022180225323952595,1264,1262,2,0,7.4512267659993086,6.697955131530762,0.1081706559412453,1.984976839528031
35,44,451037,0,42350415,0.00022180225323952595,1762,1759,3,0,10.255603212001006,6.704004764556885,0.06143587078812313,1.4030629863381183
35,45,265076,0,42350416,0.00022180225323952595,1036,1034,2,0,6.13519416499912,6.695326805114746,0.07195239924831132,1.5232241720941126
35,46,266508,1,42350417,0.00022180225323952595,1042,1039,3,0,6.174394828001823,6.697124481201172,0.11109093821197892,2.082555482660611
35,47,506010,0,42350418,0.00022180225323952595,1977,1974,3,0,11.144989902000816,6.706181049346924,0.10039773030846315,2.2020007658149696
35,48,303421,0,42350419,0.00022180225323952595,1186,1184,2,0,7.006605647002289,6.697052955627441,0.10744648366361051,2.273347803064295
35,49,209704,0,42350420,0.00022180225323952595,820,817,3,0,4.994675244000973,6.693503379821777,0.2204229571973971,3.3608834723072216
35,50,548954,1,42350421,0.00022180225323952595,2145,2142,3,0,12.360412162997818,6.708904266357422,0.07850094179924574,1.8885101403842788
35,51,554220,0,42350422,0.00022180225323952595,2165,2163,2,0,12.419371357002092,6.708352088928223,0.056774038878294034,1.2976069703897943
35,52,239391,0,42350423,0.00022180225323952595,936,933,3,0,5.468481149000581,6.694264888763428,0.1036209400827095,2.230229842828912
35,53,490494,0,42350424,0.00022180225323952595,1916,1912,4,0,11.08246373899965,6.705489158630371,0.06999664625862154,1.7105972098506146
35,54,160756,1,42350425,0.00022180225323952595,628,625,3,0,3.62473652600238,6.694826126098633,0.09541723022460938,1.900046484375
35,55,166616,1,42350426,0.00022180225323952595,651,648,3,0,3.8045062400015013,6.694218158721924,0.1035575513486509,2.0196457851080245
35,56,349089,1,42350427,0.00022180225323952595,1364,1363,1,0,7.662492167000892,6.699900150299072,0.0558855724264748,1.123297374386693
35,57,813153,1,42350428,0.00022180225323952595,3177,3175,2,0,18.4839148760002,6.721647262573242,0.03529630165400467,0.9425930425688976
35,58,309917,0,42350429,0.00022180225323952595,1211,1209,2,0,6.869087520000903,6.697347164154053,0.1270804204065214,2.4113694814929696
35,59,355009,0,42350430,0.00022180225323952595,1387,1386,1,0,8.008387246998609,6.6993794441223145,0.06757695471913612,1.414413121871618
35,60,340859,1,42350431,0.00022180225323952595,1332,1329,3,0,7.731047686000238,6.69952917098999,0.11867919875949375,2.424625210155662
35,61,436143,1,42350432,0.00022180225323952595,1704,1701,3,0,10.312810865001666,6.704222679138184,0.09857530274298666,1.978745412854571
35,62,352452,0,42350433,0.00022180225323952595,1377,1375,2,0,7.745952237000893,6.699264049530029,0.0825126786665483,1.526919744318182
35,63,241000,1,42350434,0.00022180225323952595,942,941,1,0,5.495431694998842,6.695031642913818,0.11018273478233345,1.7940021316252657
35,64,757931,1,42350435,0.00022180225323952595,2961,2958,3,0,17.225602607999463,6.7186198234558105,0.06168195764465539,1.5879229789976335
35,65,667452,1,42350436,0.00022180225323952595,2608,2606,2,0,14.935280493999016,6.7147088050842285,0.041005161663064206,1.120331536598235
35,66,373491,1,42350437,0.00022180225323952595,1459,1457,2,0,8.293491552001797,6.701327323913574,0.09229013080374378,1.7771932776038093
35,67,255796,1,42350438,0.00022180225323952595,1000,998,2,0,5.911268255997129,6.69569730758667,0.0632797577577029,1.2246581786620114
35,68,187780,1,42350439,0.00022180225323952595,734,732,2,0,4.371878399997513,6.69293212890625,0.13927743213424265,2.314172296576161
35,69,162407,0,42350440,0.00022180225323952595,635,633,2,0,3.7045582969985844,6.691255569458008,0.12693074303215715,2.1985407101599526
35,70,235355,0,42350441,0.00022180225323952595,920,917,3,0,5.304727267000999,6.694142818450928,0.09161592439840768,1.8050181681093238
35,71,323052,1,42350442,0.00022180225323952595,1262,1259,3,0,7.2757362550000835,6.698727130889893,0.08443724834511827,1.721282934744837
35,72,98180,0,42350443,0.00022180225323952595,384,381,3,0,2.142589851999219,6.689414024353027,0.1873595871011729,2.699874597584482
35,73,262450,1,42350444,0.00022180225323952595,1026,1024,2,0,6.147792059000494,6.695997714996338,0.094370037317276,1.6123409271240234
35,74,603827,0,42350445,0.00022180225323952595,2359,2357,2,0,13.747694677000254,6.7105865478515625,0.08606005584885117,1.9902190449989394
35,75,236083,1,42350446,0.00022180225323952595,923,921,2,0,5.411953180999262,6.694809436798096,0.06062471801890353,1.3226811412103012
35,76,441814,0,42350447,0.00022180225323952595,1726,1722,4,0,10.213345886000752,6.703657627105713,0.1282666302724167,2.2941654927500728
35,77,648680,1,42350448,0.00022180225323952595,2534,2532,2,0,14.420882329999586,6.714289665222168,0.031227714454204927,0.792557461755159
35,78,881094,1,42350449,0.00022180225323952595,3442,3438,4,0,19.787634251999407,6.724201679229736,0.0485948093274501,1.4381643919975275
35,79,306166,1,42350450,0.00022180225323952595,1196,1194,2,0,7.0475395579996984,6.698023796081543,0.10876836728810066,1.9561677610055486
35,80,661445,0,42350451,0.00022180225323952595,2584,2581,3,0,14.662214780997601,6.7131829261779785,0.06542369276458374,1.6083952213894808
35,81,548725,0,42350452,0.00022180225323952595,2144,2141,3,0,12.320750816998043,6.708104133605957,0.07994757362305144,1.9509718644179121
35,82,313463,1,42350453,0.00022180225323952595,1225,1223,2,0,6.924606169999606,6.6982951164245605,0.0822466634280937,1.6352071941434996
35,83,449860,1,42350454,0.00022180225323952595,1758,1757,1,0,10.595132327998726,6.704637050628662,0.0381494390740609,0.9287321973267644
35,84,381590,1,42350455,0.00022180225323952595,1491,1486,5,0,9.134565472002578,6.701448440551758,0.10893641763227624,2.162040535887029
35,85,323967,1,42350456,0.00022180225323952595,1266,1264,2,0,7.439271896997525,6.698768138885498,0.09453380560573144,1.616575023795985
35,86,360767,1,42350457,0.00022180225323952595,1410,1406,4,0,8.397606106998865,6.701137542724609,0.06708154908962982,1.691296160984175
35,87,461848,0,42350458,0.00022180225323952595,1805,1801,4,0,10.204686748002132,6.704411506652832,0.11265989279230723,2.400517778751388
35,88,432222,0,42350459,0.00022180225323952595,1689,1686,3,0,10.098676025001623,6.703297138214111,0.09681313402712133,2.1615537595918592
35,89,296592,1,42350460,0.00022180225323952595,1159,1155,4,0,6.802552621000359,6.697807312011719,0.11604221888950893,2.323837002840909
35,90,479627,1,42350461,0.00022180225323952595,1874,1872,2,0,10.622290699000587,6.706655979156494,0.0745791981362889,1.658041538336338
35,91,587269,1,42350462,0.00022180225323952595,2295,2291,4,0,13.177545802001987,6.710631370544434,0.10834066589968218,2.1456727752618945
35,92,206676,0,42350463,0.00022180225323952595,808,806,2,0,4.802309843998955,6.693434715270996,0.127466802857354,2.240447770868874
35,93,217421,1,42350464,0.00022180225323952595,850,847,3,0,5.027313332000631,6.694046497344971,0.10104649351225833,1.8858027182334711
35,94,885169,1,42350465,0.00022180225323952595,3458,3456,2,0,19.69464974099901,6.724354267120361,0.022330778616446036,0.7081743169713903
35,95,295224,0,42350466,0.00022180225323952595,1154,1151,3,0,6.611786363999272,6.696683883666992,0.08679103768462207,1.906986027774761
35,96,547304,1,42350467,0.00022180225323952595,2138,2136,2,0,12.127026973998,6.7088303565979,0.058794735969229135,1.3993501698926147
35,97,428994,1,42350468,0.00022180225323952595,1676,1673,3,0,9.50702249099777,6.70400857925415,0.07852284123066722,1.807097385404214
35,98,276358,1,42350469,0.00022180225323952595,1080,1078,2,0,6.335568788999808,6.697348594665527,0.09638584257278018,1.7431197865332213
35,99,491272,1,42350470,0.00022180225323952595,1920,1917,3,0,11.124335556000005,6.7069220542907715,0.08626842548527566,1.9149485126907277
36,0,926214,1,42360378,0.00019637254807992693,3619,3614,5,0,20.93908609400023,6.725897789001465,0.046614781492114,1.4102550141377284
36,1,209678,1,42360379,0.00019637254807992693,820,815,5,0,4.690768618998845,6.693755149841309,0.1171829504469421,2.548261359279141
36,2,509018,1,42360380,0.00019637254807992693,1989,1986,3,0,12.03121156600173,6.707324028015137,0.1264240383981818,2.261963382348313
36,3,411880,0,42360381,0.00019637254807992693,1609,1607,2,0,9.789290143999096,6.702532768249512,0.09836319624895477,1.9835050876050093
36,4,457865,1,42360382,0.00019637254807992693,1789,1786,3,0,11.367484079997666,6.704878330230713,0.14323775578719905,2.7816311108972562
36,5,276084,0,42360383,0.00019637254807992693,1079,1076,3,0,6.1568681959979585,6.695822715759277,0.12031192141394632,2.1906665674372676
36,6,155981,0,42360384,0.00019637254807992693,610,607,3,0,3.6125187590005226,6.69120979309082,0.13880818601102374,2.3540018952069603
36,7,438907,1,42360385,0.00019637254807992693,1715,1713,2,0,9.842675908999809,6.704305648803711,0.08842069199401179,2.008716091104787
36,8,563122,1,42360386,0.00019637254807992693,2200,2196,4,0,13.81373496499873,6.7095417976379395,0.0649597779432064,1.62305132200592
36,9,671047,0,42360387,0.00019637254807992693,2622,2619,3,0,16.036999774001742,6.713615894317627,0.052007750183082166,1.4349671458870275
36,10,559874,1,42360388,0.00019637254807992693,2188,2184,4,0,13.182528019002348,6.709397315979004,0.0631002698625837,1.6125164101848672
36,11,277765,0,42360389,0.00019637254807992693,1086,1084,2,0,6.1154337500011025,6.695899486541748,0.089493769121346,1.7922120041512914
36,12,344014,0,42360390,0.00019637254807992693,1344,1340,4,0,7.654008741003054,6.698883533477783,0.11001252131675607,2.2750424513176304
36,13,872271,0,42360391,0.00019637254807992693,3408,3403,5,0,20.47960681800032,6.72271203994751,0.06316957073004288,1.594042280019468
36,14,353613,1,42360392,0.00019637254807992693,1382,1379,3,0,7.816230939002708,6.701031684875488,0.10245785564508363,2.0453851933579585
36,15,392479,0,42360393,0.00019637254807992693,1534,1532,2,0,8.784714518998953,6.701803207397461,0.08214912713352134,1.711105147478786
36,16,509253,0,42360394,0.00019637254807992693,1990,1986,4,0,11.84058973900028,6.70632791519165,0.07039651553796497,1.7696422565379533
36,17,384412,0,42360395,0.00019637254807992693,1502,1500,2,0,8.660061391001364,6.701499938964844,0.054993845621744794,1.285808837890625
36,18,629973,0,42360396,0.00019637254807992693,2461,2459,2,0,15.311834131000069,6.712520122528076,0.05240050599360767,1.3856054727213807
36,19,621908,1,42360397,0.00019637254807992693,2430,2428,2,0,15.736511166000128,6.712190628051758,0.05268979897412673,1.1726744901603685
36,20,801121,0,42360398,0.00019637254807992693,3130,3125,5,0,19.518573372999526,6.719473838806152,0.03573630859375,1.133864140625
36,21,384660,1,42360399,0.00019637254807992693,1503,1501,2,0,8.580496329999733,6.701502799987793,0.06481338389153325,1.409331441799217
36,22,355766,1,42360400,0.00019637254807992693,1390,1388,2,0,8.131735320999724,6.70106315612793,0.11664051418689211,2.1202732053201547
36,23,360226,0,42360401,0.00019637254807992693,1408,1404,4,0,8.392172677999042,6.699612617492676,0.06098772793413907,1.6264907532607729
36,24,338512,0,42360402,0.00019637254807992693,1323,1320,3,0,7.890249282998411,6.698635578155518,0.09290559364087654,2.107860958214962
36,25,185941,0,42360403,0.00019637254807992693,727,726,1,0,4.08656499800054,6.692964553833008,0.10240587386874785,1.647965023997073
36,26,561149,0,42360404,0.00019637254807992693,2192,2188,4,0,13.14424107800005,6.7086639404296875,0.06800321338381585,1.6712354140482175
36,27,372819,0,42360405,0.00019637254807992693,1457,1455,2,0,8.628488206999464,6.701064586639404,0.06821795067017021,1.523265510899914
36,28,107522,1,42360406,0.00019637254807992693,421,418,3,0,2.468061421001039,6.689067363739014,0.14276559273021644,2.2826431493439743
36,29,284527,1,42360407,0.00019637254807992693,1112,1110,2,0,6.407939777000138,6.69753360748291,0.08058607084257109,1.7282247457418356
36,30,1333839,0,42360408,0.00019637254807992693,5211,5208,3,0,30.114459307002107,6.743468761444092,0.03848245213474912,1.1242467642929148
36,31,427651,1,42360409,0.00019637254807992693,1671,1667,4,0,9.808957913002814,6.703967571258545,0.08204598704282581,1.7841345793341332
36,32,648608,0,42360410,0.00019637254807992693,2534,2532,2,0,15.47354829699907,6.712804317474365,0.026708645089919346,0.8044313548300503
36,33,428065,0,42360411,0.00019637254807992693,1673,1669,4,0,9.677142543001537,6.703141689300537,0.10005634141011178,2.574442557762882
36,34,375085,0,42360412,0.00019637254807992693,1466,1462,4,0,8.401016402000096,6.7011494636535645,0.10674560379884149,2.2198968931686047
36,35,882461,0,42360413,0.00019637254807992693,3448,3446,2,0,19.752629848997458,6.723137378692627,0.030349848786551663,0.9570768758161636
36,36,569144,0,42360414,0.00019637254807992693,2224,2223,1,0,14.626004507998005,6.709024429321289,0.03286787780404788,0.7510989622870277
36,37,314555,0,42360415,0.00019637254807992693,1229,1226,3,0,7.091432981000253,6.697554588317871,0.1008060760249127,2.1886476202462277
36,38,436745,0,42360416,0.00019637254807992693,1707,1703,4,0,9.760038751999673,6.703468322753906,0.07574144812520643,1.8623719229392983
36,39,261664,0,42360417,0.00019637254807992693,1023,1020,3,0,5.850565331998951,6.6951727867126465,0.10995607563093597,2.0687768075980393
36,40,638454,1,42360418,0.00019637254807992693,2494,2492,2,0,15.512208980999276,6.712934970855713,0.04078653191678214,1.0890172771619182
36,41,398139,1,42360419,0.00019637254807992693,1556,1554,2,0,9.107063461000507,6.70307731628418,0.08850350987496984,1.8143475506756757
36,42,242816,0,42360420,0.00019637254807992693,949,946,3,0,5.710436678000406,6.694367408752441,0.10670479256305332,2.262920097367204
36,43,323428,0,42360421,0.00019637254807992693,1264,1261,3,0,7.465358319001098,6.697955131530762,0.11077974033582598,2.054427870675555
36,44,451037,0,42360422,0.00019637254807992693,1762,1760,2,0,10.708986112000275,6.704004764556885,0.06239367831837047,1.4747275612571022
36,45,265076,0,42360423,0.00019637254807992693,1036,1034,2,0,6.071104029997514,6.695326805114746,0.07401634231065643,1.5869402710197051
36,46,266508,1,42360424,0.00019637254807992693,1042,1039,3,0,6.026505553003517,6.697124481201172,0.11422068620668913,2.181672346832892
36,47,506010,0,42360425,0.00019637254807992693,1977,1974,3,0,12.034707500999502,6.706181049346924,0.10336983940642414,2.2810738823454915
36,48,303421,0,42360426,0.00019637254807992693,1186,1184,2,0,6.864934442000958,6.697052955627441,0.11215265377147778,2.3398130262220227
36,49,209704,0,42360427,0.00019637254807992693,820,817,3,0,4.849056507002388,6.693503379821777,0.2246455702670785,3.550864024728427
36,50,548954,1,42360428,0.00019637254807992693,2145,2141,4,0,13.01442769699861,6.708904266357422,0.07985425340633757,1.941018544196637
36,51,554220,0,42360429,0.00019637254807992693,2165,2163,2,0,13.208510036001826,6.708352088928223,0.05745524540026872,1.338976898404993
36,52,239391,0,42360430,0.00019637254807992693,936,933,3,0,5.338719911000226,6.694264888763428,0.10559499072108622,2.356357128801581
36,53,490494,0,42360431,0.00019637254807992693,1916,1912,4,0,11.820457104000525,6.705489158630371,0.0719453739820664,1.8099038351529813
36,54,160756,1,42360432,0.00019637254807992693,628,625,3,0,3.746538502000476,6.694826126098633,0.09752680053710938,1.9804490234375
36,55,166616,1,42360433,0.00019637254807992693,651,648,3,0,3.649624579000374,6.694218158721924,0.1063772013157974,2.0572664237316745
36,56,349089,1,42360434,0.00019637254807992693,1364,1362,2,0,7.76322970199908,6.699900150299072,0.057585359144840996,1.1804119451805708
36,57,813153,1,42360435,0.00019637254807992693,3177,3175,2,0,19.52770143899761,6.721647262573242,0.036168409933255416,0.9911790262057086
36,58,309917,0,42360436,0.00019637254807992693,1211,1209,2,0,6.8786950610010535,6.697347164154053,0.128578129240656,2.5022433070331886
36,59,355009,0,42360437,0.00019637254807992693,1387,1386,1,0,8.104255928999919,6.6993794441223145,0.06990679896411098,1.4543789069545905
36,60,340859,1,42360438,0.00019637254807992693,1332,1329,3,0,7.63041340899872,6.69952917098999,0.12249407972762062,2.52445998812547
36,61,436143,1,42360439,0.00019637254807992693,1704,1701,3,0,9.789652576997469,6.704222679138184,0.10027846527548133,2.0480572377002497
36,62,352452,0,42360440,0.00019637254807992693,1377,1374,3,0,7.843145047001599,6.699264049530029,0.08453999370813717,1.5835079987149745
36,63,241000,1,42360441,0.00019637254807992693,942,941,1,0,5.498606760997063,6.695031642913818,0.11139690305930774,1.8583087981950717
36,64,757931,1,42360442,0.00019637254807992693,2961,2957,4,0,18.46396127999833,6.7186198234558105,0.06281192019697698,1.666020413689973
36,65,667452,1,42360443,0.00019637254807992693,2608,2606,2,0,15.563048329000594,6.7147088050842285,0.04251024856625935,1.167599260120875
36,66,373491,1,42360444,0.00019637254807992693,1459,1457,2,0,8.50634634800008,6.701327323913574,0.09383979331326141,1.8579605929885896
36,67,255796,1,42360445,0.00019637254807992693,1000,998,2,0,5.842567752002651,6.69569730758667,0.06616100854051854,1.3129007037512526
36,68,187780,1,42360446,0.00019637254807992693,734,731,3,0,4.341402710000693,6.69293212890625,0.1450151059924333,2.4213967382010946
36,69,162407,0,42360447,0.00019637254807992693,635,633,2,0,3.746292680996703,6.691255569458008,0.13239020758895512,2.3500390316449447
36,70,235355,0,42360448,0.00019637254807992693,920,918,2,0,5.114328132000082,6.694142818450928,0.09572038671289913,1.8877172532424429
36,71,323052,1,42360449,0.00019637254807992693,1262,1259,3,0,7.28663121900172,6.698727130889893,0.08618068922314026,1.7709070861670968
36,72,98180,0,42360450,0.00019637254807992693,384,381,3,0,2.183750849999342,6.689414024353027,0.19333150067667323,2.8219586870488844
36,73,262450,1,42360451,0.00019637254807992693,1026,1025,1,0,5.936503924000135,6.695997714996338,0.0963433465725038,1.6779330221036586
36,74,603827,0,42360452,0.00019637254807992693,2359,2356,3,0,15.872723406999285,6.7105865478515625,0.08808540771691625,2.0566039417312183
36,75,236083,1,42360453,0.00019637254807992693,923,920,3,0,5.06297336300122,6.694809436798096,0.06100386743960173,1.3809996231742527
36,76,441814,0,42360454,0.00019637254807992693,1726,1722,4,0,10.003554622999218,6.703657627105713,0.13228058676547982,2.391435682981272
36,77,648680,1,42360455,0.00019637254807992693,2534,2532,2,0,15.816069432999939,6.714289665222168,0.03246205225939999,0.828638833092664
36,78,881094,1,42360456,0.00019637254807992693,3442,3438,4,0,19.981852060001984,6.724201679229736,0.05034767492626072,1.5074077293302792
36,79,306166,1,42360457,0.00019637254807992693,1196,1194,2,0,6.738525851000304,6.698023796081543,0.11236049581812055,2.101060928012458
36,80,661445,0,42360458,0.00019637254807992693,2584,2581,3,0,15.766192376002437,6.7131829261779785,0.06709066669592696,1.652124297752809
36,81,548725,0,42360459,0.00019637254807992693,2144,2140,4,0,13.086200795998593,6.708104133605957,0.08078567647488318,2.02606851452979
36,82,313463,1,42360460,0.00019637254807992693,1225,1223,2,0,7.082068071002141,6.6982951164245605,0.08319322612572184,1.729544888338103
36,83,449860,1,42360461,0.00019637254807992693,1758,1756,2,0,10.218347539997922,6.704637050628662,0.039064668034095154,0.9719393302204941
36,84,381590,1,42360462,0.00019637254807992693,1491,1487,4,0,8.662033716998849,6.701448440551758,0.11239759474692124,2.2779325114534297
36,85,323967,1,42360463,0.00019637254807992693,1266,1265,1,0,7.6220314300007885,6.698768138885498,0.09734240143666625,1.6963376976284585
36,86,360767,1,42360464,0.00019637254807992693,1410,1406,4,0,8.467551511999773,6.701137542724609,0.07126017281544497,1.8322943176009068
36,87,461848,0,42360465,0.00019637254807992693,1805,1801,4,0,11.666478273000394,6.704411506652832,0.11655248528649448,2.486647771637285
36,88,432222,0,42360466,0.00019637254807992693,1689,1686,3,0,9.882077065998601,6.703297138214111,0.09936832052391478,2.286161194209668
36,89,296592,1,42360467,0.00019637254807992693,1159,1155,4,0,6.656484052000451,6.697807312011719,0.12069501340131222,2.479873089150433
36,90,479627,1,42360468,0.00019637254807992693,1874,1871,3,0,11.593841631998657,6.706655979156494,0.07639516221846189,1.7410843653961785
36,91,587269,1,42360469,0.00019637254807992693,2295,2292,3,0,15.035837357001583,6.710631370544434,0.11091675017724695,2.2074230254008507
36,92,206676,0,42360470,0.00019637254807992693,808,806,2,0,4.728396688999055,6.693434715270996,0.13062445401553777,2.335339113145549
36,93,217421,1,42360471,0.00019637254807992693,850,847,3,0,4.927220218000002,6.694046497344971,0.10197174000205228,1.9322394468989816
36,94,885169,1,42360472,0.00019637254807992693,3458,3456,2,0,19.94285488600144,6.724354267120361,0.02294080787234836,0.741419827496564
36,95,295224,0,42360473,0.00019637254807992693,1154,1150,4,0,6.717726417999074,6.696683883666992,0.08863771521526834,1.9955099354619565
36,96,547304,1,42360474,0.00019637254807992693,2138,2136,2,0,13.010361378997914,6.7088303565979,0.059032593773545396,1.4383996399154377
36,97,428994,1,42360475,0.00019637254807992693,1676,1673,3,0,9.868946704002155,6.70400857925415,0.08045360248244172,1.901074598167588
36,98,276358,1,42360476,0.00019637254807992693,1080,1079,1,0,6.190536163001525,6.697348594665527,0.09876299302151514,1.805688951720343
36,99,491272,1,42360477,0.00019637254807992693,1920,1916,4,0,11.92717554599949,6.7069220542907715,0.0876891548300088,1.9442852235288361
37,0,926214,1,42370385,0.00017221105932064813,3619,3614,5,0,21.05430510500082,6.725897789001465,0.04813056950022914,1.4461343635428197
37,1,209678,1,42370386,0.00017221105932064813,820,815,5,0,4.491503284996725,6.693755149841309,0.12029066963429831,2.675491875958589
37,2,509018,1,42370387,0.00017221105932064813,1989,1986,3,0,11.220170392,6.707324028015137,0.1304101089216311,2.391672124795443
37,3,411880,0,42370388,0.00017221105932064813,1609,1607,2,0,9.101315069998236,6.702532768249512,0.10089893732741521,2.043263025289748
37,4,457865,1,42370389,0.00017221105932064813,1789,1786,3,0,9.982040143000631,6.704878330230713,0.14737312684267392,2.9168232301581747
37,5,276084,0,42370390,0.00017221105932064813,1079,1076,3,0,6.207156665001094,6.695822715759277,0.12499476719966165,2.2923549949901254
37,6,155981,0,42370391,0.00017221105932064813,610,607,3,0,3.5719535910029663,6.69120979309082,0.14388493847414924,2.5045278634035215
37,7,438907,1,42370392,0.00017221105932064813,1715,1713,2,0,10.05560811399846,6.704305648803711,0.09093919387701584,2.0471882639192938
37,8,563122,1,42370393,0.00017221105932064813,2200,2196,4,0,12.522760806998122,6.7095417976379395,0.06784655183607981,1.7010983882271744
37,9,671047,0,42370394,0.00017221105932064813,2622,2619,3,0,14.878692443002365,6.713615894317627,0.053595590609637506,1.502797782580422
37,10,559874,1,42370395,0.00017221105932064813,2188,2184,4,0,12.508800736999547,6.709397315979004,0.0647763192871988,1.6753292992001487
37,11,277765,0,42370396,0.00017221105932064813,1086,1084,2,0,6.084906719999708,6.695899486541748,0.09044227740861394,1.8517846814820687
37,12,344014,0,42370397,0.00017221105932064813,1344,1340,4,0,7.629059538998263,6.698883533477783,0.11381804053463153,2.3695239622201494
37,13,872271,0,42370398,0.00017221105932064813,3408,3403,5,0,19.711436139001307,6.72271203994751,0.06469963762012608,1.6633813742010726
37,14,353613,1,42370399,0.00017221105932064813,1382,1379,3,0,8.000957442996878,6.701031684875488,0.10617045512486403,2.1619096718636692
37,15,392479,0,42370400,0.00017221105932064813,1534,1532,2,0,8.552818512998783,6.701803207397461,0.08468311200253957,1.794547058583551
37,16,509253,0,42370401,0.00017221105932064813,1990,1986,4,0,11.14421963100176,6.70632791519165,0.07275148604931789,1.8784171082342018
37,17,384412,0,42370402,0.00017221105932064813,1502,1501,1,0,8.941776758998458,6.701499938964844,0.05730590718655011,1.3200572990402233
37,18,629973,0,42370403,0.00017221105932064813,2461,2459,2,0,14.011662905002595,6.712520122528076,0.05394787379230315,1.433845734101769
37,19,621908,1,42370404,0.00017221105932064813,2430,2428,2,0,14.086260267999023,6.712190628051758,0.05328956113812165,1.2118511168528625
37,20,801121,0,42370405,0.00017221105932064813,3130,3125,5,0,18.634019131997775,6.719473838806152,0.0365599951171875,1.16924046875
37,21,384660,1,42370406,0.00017221105932064813,1503,1501,2,0,8.893104736001987,6.701502799987793,0.0669600495015042,1.5097555405771153
37,22,355766,1,42370407,0.00017221105932064813,1390,1388,2,0,7.864830799000629,6.70106315612793,0.12003599051439796,2.192801088008826
37,23,360226,0,42370408,0.00017221105932064813,1408,1404,4,0,7.916091236998909,6.699612617492676,0.06148401352754685,1.675761948283921
37,24,338512,0,42370409,0.00017221105932064813,1323,1319,4,0,7.845485522997478,6.698635578155518,0.09669275985150919,2.249790842375853
37,25,185941,0,42370410,0.00017221105932064813,727,726,1,0,4.092838259999553,6.692964553833008,0.10454362811464252,1.6879356531400653
37,26,561149,0,42370411,0.00017221105932064813,2192,2188,4,0,12.647101451999333,6.7086639404296875,0.07011881519715137,1.7572033758355232
37,27,372819,0,42370412,0.00017221105932064813,1457,1455,2,0,8.521910153001954,6.701064586639404,0.07006402294250698,1.5898533142719071
37,28,107522,1,42370413,0.00017221105932064813,421,417,4,0,2.419977036999626,6.689067363739014,0.1450541837038182,2.3443341518191696
37,29,284527,1,42370414,0.00017221105932064813,1112,1110,2,0,6.390586575998896,6.69753360748291,0.08340493966867257,1.8260510143932995
37,30,1333839,0,42370415,0.00017221105932064813,5211,5207,4,0,30.572504980002122,6.743468761444092,0.039212245366063714,1.1622168400110429
37,31,427651,1,42370416,0.00017221105932064813,1671,1667,4,0,9.403989772999921,6.703967571258545,0.08418956772610321,1.865906018015147
37,32,648608,0,42370417,0.00017221105932064813,2534,2532,2,0,14.700026873997558,6.712804317474365,0.02750945128912421,0.8457268448237559
37,33,428065,0,42370418,0.00017221105932064813,1673,1669,4,0,9.58327876399926,6.703141689300537,0.10253636547017769,2.714928299599311
37,34,375085,0,42370419,0.00017221105932064813,1466,1463,3,0,8.306886379999924,6.7011494636535645,0.11179381531554383,2.364910967938312
37,35,882461,0,42370420,0.00017221105932064813,3448,3445,3,0,19.96899262399893,6.723137378692627,0.030738662254654617,0.9965465263289187
37,36,569144,0,42370421,0.00017221105932064813,2224,2223,1,0,12.422136788001808,6.709024429321289,0.0328795398295167,0.7582913912259616
37,37,314555,0,42370422,0.00017221105932064813,1229,1226,3,0,6.911934291001671,6.697554588317871,0.10540500161698359,2.320347149648246
37,38,436745,0,42370423,0.00017221105932064813,1707,1703,4,0,9.982698714000435,6.703468322753906,0.07814179989987798,1.948878558747431
37,39,261664,0,42370424,0.00017221105932064813,1023,1020,3,0,5.657309571997757,6.6951727867126465,0.11441336987065334,2.1536755131740195
37,40,638454,1,42370425,0.00017221105932064813,2494,2492,2,0,14.472664010001608,6.712934970855713,0.04247064728224067,1.1522756610215188
37,41,398139,1,42370426,0.00017221105932064813,1556,1554,2,0,8.723830815000838,6.70307731628418,0.09017035092779721,1.861172120083253
37,42,242816,0,42370427,0.00017221105932064813,949,946,3,0,5.421361148997676,6.694367408752441,0.10938594406805381,2.37449907298824
37,43,323428,0,42370428,0.00017221105932064813,1264,1262,2,0,7.2823521430000255,6.697955131530762,0.11456974712680146,2.1521971108607367
37,44,451037,0,42370429,0.00017221105932064813,1762,1759,3,0,9.675265155001398,6.704004764556885,0.0651633439923363,1.5557377627114128
37,45,265076,0,42370430,0.00017221105932064813,1036,1034,2,0,5.679896760000702,6.695326805114746,0.07501205946075616,1.6502428183933753
37,46,266508,1,42370431,0.00017221105932064813,1042,1039,3,0,5.821878791000927,6.697124481201172,0.11811018678520137,2.2678739604637874
37,47,506010,0,42370432,0.00017221105932064813,1977,1974,3,0,11.562188093001168,6.706181049346924,0.10663232155967024,2.3663205163215553
37,48,303421,0,42370433,0.00017221105932064813,1186,1183,3,0,6.770570983000653,6.697052955627441,0.11699785505022321,2.5330976678069526
37,49,209704,0,42370434,0.00017221105932064813,820,817,3,0,4.664233453000634,6.693503379821777,0.23632737793566402,3.7738851409501226
37,50,548954,1,42370435,0.00017221105932064813,2145,2141,4,0,12.114775188998465,6.708904266357422,0.08218846327787468,2.0113814459510744
37,51,554220,0,42370436,0.00017221105932064813,2165,2164,1,0,12.209063182002865,6.708352088928223,0.05842360463027813,1.3927728508404575
37,52,239391,0,42370437,0.00017221105932064813,936,933,3,0,5.327926057001605,6.694264888763428,0.11276518238063539,2.47651723062366
37,53,490494,0,42370438,0.00017221105932064813,1916,1912,4,0,10.873314651998953,6.705489158630371,0.074210905130937,1.8855616358034781
37,54,160756,1,42370439,0.00017221105932064813,628,624,4,0,3.6093263149996346,6.694826126098633,0.10056008436740974,2.088294200408153
37,55,166616,1,42370440,0.00017221105932064813,651,647,4,0,3.653657111000939,6.694218158721924,0.11192063533541224,2.23276544538495
37,56,349089,1,42370441,0.00017221105932064813,1364,1362,2,0,7.756940413997654,6.699900150299072,0.058915646590850426,1.1972200951037077
37,57,813153,1,42370442,0.00017221105932064813,3177,3175,2,0,18.80967218799924,6.721647262573242,0.03769423116849163,1.0275745878444882
37,58,309917,0,42370443,0.00017221105932064813,1211,1209,2,0,6.866760082997644,6.697347164154053,0.13338468565834366,2.627702913371071
37,59,355009,0,42370444,0.00017221105932064813,1387,1385,2,0,7.933495727000263,6.6993794441223145,0.07270603111074289,1.5188386662342057
37,60,340859,1,42370445,0.00017221105932064813,1332,1328,4,0,7.70521463499972,6.69952917098999,0.1269486668598221,2.6553453192653427
37,61,436143,1,42370446,0.00017221105932064813,1704,1701,3,0,9.657370573000662,6.704222679138184,0.10216819588259204,2.120492799502131
37,62,352452,0,42370447,0.00017221105932064813,1377,1374,3,0,8.033531778997713,6.699264049530029,0.08718669952437,1.6545541643922852
37,63,241000,1,42370448,0.00017221105932064813,942,940,2,0,5.322477220001019,6.695031642913818,0.11642708474017203,1.926333293508976
37,64,757931,1,42370449,0.00017221105932064813,2961,2958,3,0,16.862473247998423,6.7186198234558105,0.06412542212887984,1.7559790517769607
37,65,667452,1,42370450,0.00017221105932064813,2608,2606,2,0,14.920661414002097,6.7147088050842285,0.04388492142156922,1.2208567668361474
37,66,373491,1,42370451,0.00017221105932064813,1459,1457,2,0,8.535964157003036,6.701327323913574,0.09791619399678814,1.9188737627080474
37,67,255796,1,42370452,0.00017221105932064813,1000,999,1,0,5.700900707997789,6.69569730758667,0.06668160317299722,1.349734255740115
37,68,187780,1,42370453,0.00017221105932064813,734,732,2,0,4.143472075997124,6.69293212890625,0.14945190721522264,2.5560966450008538
37,69,162407,0,42370454,0.00017221105932064813,635,633,2,0,3.528135355001723,6.691255569458008,0.13849689308877616,2.484244251703199
37,70,235355,0,42370455,0.00017221105932064813,920,917,3,0,5.235221193001053,6.694142818450928,0.09975969986411191,1.9232569104842556
37,71,323052,1,42370456,0.00017221105932064813,1262,1258,4,0,7.230623563998961,6.698727130889893,0.08881957959294888,1.8432735570473966
37,72,98180,0,42370457,0.00017221105932064813,384,381,3,0,2.1621067420019244,6.689414024353027,0.1989645569969037,3.0205994453330054
37,73,262450,1,42370458,0.00017221105932064813,1026,1024,2,0,5.717008653999073,6.695997714996338,0.09814206510782242,1.7546634674072266
37,74,603827,0,42370459,0.00017221105932064813,2359,2356,3,0,13.659093952999683,6.7105865478515625,0.09079693209740423,2.1412991845951823
37,75,236083,1,42370460,0.00017221105932064813,923,921,2,0,5.259616346000257,6.694809436798096,0.06386929821631548,1.4389285275006787
37,76,441814,0,42370461,0.00017221105932064813,1726,1722,4,0,9.758340386997588,6.703657627105713,0.13596599193400208,2.5048170278019746
37,77,648680,1,42370462,0.00017221105932064813,2534,2532,2,0,14.455247444002453,6.714289665222168,0.03238198278827878,0.859015635027893
37,78,881094,1,42370463,0.00017221105932064813,3442,3438,4,0,19.972643386001437,6.724201679229736,0.05167376488845941,1.5568596272360384
37,79,306166,1,42370464,0.00017221105932064813,1196,1194,2,0,6.853290000002744,6.698023796081543,0.11571312270172476,2.1435354670487854
37,80,661445,0,42370465,0.00017221105932064813,2584,2581,3,0,14.820457664998685,6.7131829261779785,0.06898403352473605,1.7387123979925416
37,81,548725,0,42370466,0.00017221105932064813,2144,2141,3,0,12.062913699999626,6.708104133605957,0.08295246464579198,2.0761691382531526
37,82,313463,1,42370467,0.00017221105932064813,1225,1222,3,0,6.990551683997182,6.6982951164245605,0.0863010325330369,1.7976136152951105
37,83,449860,1,42370468,0.00017221105932064813,1758,1756,2,0,9.833655349000765,6.704637050628662,0.04024478243260829,1.016076090124039
37,84,381590,1,42370469,0.00017221105932064813,1491,1487,4,0,8.536032043000887,6.701448440551758,0.11522165079123235,2.4005840329732684
37,85,323967,1,42370470,0.00017221105932064813,1266,1264,2,0,7.3786315390025266,6.698768138885498,0.09980882572222359,1.7214090854306765
37,86,360767,1,42370471,0.00017221105932064813,1410,1406,4,0,7.840083956001763,6.701137542724609,0.0733235876048103,1.9411188725217816
37,87,461848,0,42370472,0.00017221105932064813,1805,1801,4,0,9.950185698999121,6.704411506652832,0.12081865970456951,2.5855695945828705
37,88,432222,0,42370473,0.00017221105932064813,1689,1686,3,0,9.549957788996835,6.703297138214111,0.1023192852558756,2.3586422885157177
37,89,296592,1,42370474,0.00017221105932064813,1159,1155,4,0,6.4044031700032065,6.697807312011719,0.12443825197426271,2.6367462290313854
37,90,479627,1,42370475,0.00017221105932064813,1874,1871,3,0,10.34833453399915,6.706655979156494,0.0798671116872244,1.8090458864327232
37,91,587269,1,42370476,0.00017221105932064813,2295,2291,4,0,13.233283810001012,6.710631370544434,0.11361856847702285,2.3039796946611744
37,92,206676,0,42370477,0.00017221105932064813,808,806,2,0,4.479367233998346,6.693434715270996,0.13601888083938335,2.384342013754265
37,93,217421,1,42370478,0.00017221105932064813,850,847,3,0,4.857815063998714,6.694046497344971,0.10686278540240832,2.0319861690156436
37,94,885169,1,42370479,0.00017221105932064813,3458,3456,2,0,20.36052023800221,6.724354267120361,0.023542839067953604,0.7673724139178241
37,95,295224,0,42370480,0.00017221105932064813,1154,1151,3,0,6.446551057997567,6.696683883666992,0.09145003914522358,2.111635474926694
37,96,547304,1,42370481,0.00017221105932064813,2138,2136,2,0,11.830816279998544,6.7088303565979,0.061446443479159354,1.5119777493709035
37,97,428994,1,42370482,0.00017221105932064813,1676,1674,2,0,9.528645824997511,6.70400857925415,0.08321102602649903,1.959171636984767
37,98,276358,1,42370483,0.00017221105932064813,1080,1078,2,0,6.036654523999459,6.697348594665527,0.10028820710191037,1.8685629991520756
37,99,491272,1,42370484,0.00017221105932064813,1920,1917,3,0,11.182839955999953,6.7069220542907715,0.09097875874678045,2.044767774761998
38,0,926214,1,42380392,0.00014941707170162489,3619,3614,5,0,20.48457777600197,6.725897789001465,0.049608468085807794,1.551651212083218
38,1,209678,1,42380393,0.00014941707170162489,820,815,5,0,4.710254989000532,6.693755149841309,0.1248220806472872,2.746157556077454
38,2,509018,1,42380394,0.00014941707170162489,1989,1986,3,0,11.205115532000491,6.707324028015137,0.13600842494138657,2.5097238285183785
38,3,411880,0,42380395,0.00014941707170162489,1609,1607,2,0,9.182253088001744,6.702532768249512,0.1062002698308426,2.1491424237710017
38,4,457865,1,42380396,0.00014941707170162489,1789,1786,3,0,10.503115347000858,6.704878330230713,0.15404499391425497,3.0932264509553473
38,5,276084,0,42380397,0.00014941707170162489,1079,1076,3,0,5.962146903999383,6.695822715759277,0.12931701773604495,2.4138678228101766
38,6,155981,0,42380398,0.00014941707170162489,610,607,3,0,3.533954188998905,6.69120979309082,0.1538456723560415,2.728499134447076
38,7,438907,1,42380399,0.00014941707170162489,1715,1712,3,0,9.668860138001037,6.704305648803711,0.09305569835912401,2.1164624936112735
38,8,563122,1,42380400,0.00014941707170162489,2200,2196,4,0,12.574395610998181,6.7095417976379395,0.06889698327347664,1.7449808867685566
38,9,671047,0,42380401,0.00014941707170162489,2622,2619,3,0,14.651863107999816,6.713615894317627,0.05540544962145619,1.5719773917764415
38,10,559874,1,42380402,0.00014941707170162489,2188,2183,5,0,12.147239246998652,6.709397315979004,0.06680058100547913,1.782184735384219
38,11,277765,0,42380403,0.00014941707170162489,1086,1083,3,0,6.0209049959994445,6.695899486541748,0.0962427197400883,1.934706923043629
38,12,344014,0,42380404,0.00014941707170162489,1344,1339,5,0,7.584083850000752,6.698883533477783,0.12101173543324659,2.6099046702879947
38,13,872271,0,42380405,0.00014941707170162489,3408,3403,5,0,19.48199187499995,6.72271203994751,0.06600441878030415,1.7537956226583162
38,14,353613,1,42380406,0.00014941707170162489,1382,1379,3,0,7.596318043000792,6.701031684875488,0.10893669985964127,2.2984363315242025
38,15,392479,0,42380407,0.00014941707170162489,1534,1532,2,0,8.595509658000083,6.701803207397461,0.08741200499372756,1.88897705078125
38,16,509253,0,42380408,0.00014941707170162489,1990,1986,4,0,11.390244866001012,6.70632791519165,0.07494646977081759,1.9576620080799976
38,17,384412,0,42380409,0.00014941707170162489,1502,1500,2,0,8.349753923997923,6.701499938964844,0.060135116577148436,1.39802099609375
38,18,629973,0,42380410,0.00014941707170162489,2461,2458,3,0,13.844613269000547,6.712520122528076,0.05621830790483243,1.528468604588334
38,19,621908,1,42380411,0.00014941707170162489,2430,2428,2,0,13.638146033001249,6.712190628051758,0.05579368679291727,1.2853408637510297
38,20,801121,0,42380412,0.00014941707170162489,3130,3125,5,0,17.53795467499731,6.719473838806152,0.037560546875,1.238985625
38,21,384660,1,42380413,0.00014941707170162489,1503,1501,2,0,8.257212679000077,6.701502799987793,0.06898983949665068,1.6008606566976182
38,22,355766,1,42380414,0.00014941707170162489,1390,1387,3,0,7.789535951000289,6.70106315612793,0.1263755132761806,2.3504713480646178
38,23,360226,0,42380415,0.00014941707170162489,1408,1404,4,0,7.908473916002549,6.699612617492676,0.06462934010388845,1.8122342970975784
38,24,338512,0,42380416,0.00014941707170162489,1323,1319,4,0,7.546692424999492,6.698635578155518,0.10007859144001137,2.3765662759429493
38,25,185941,0,42380417,0.00014941707170162489,727,726,1,0,4.3002249489982205,6.692964553833008,0.10966451765748751,1.7729191215241908
38,26,561149,0,42380418,0.00014941707170162489,2192,2188,4,0,12.45247903299969,6.7086639404296875,0.0726599126672832,1.8244983735860374
38,27,372819,0,42380419,0.00014941707170162489,1457,1455,2,0,8.34027467299893,6.701064586639404,0.072654692659673,1.6734764282646049
38,28,107522,1,42380420,0.00014941707170162489,421,417,4,0,2.4632900380020146,6.689067363739014,0.15228566963323872,2.4917580583970325
38,29,284527,1,42380421,0.00014941707170162489,1112,1110,2,0,6.13658343499992,6.69753360748291,0.08633069562482404,1.9030321825731982
38,30,1333839,0,42380422,0.00014941707170162489,5211,5208,3,0,29.085250160002033,6.743468761444092,0.040281905190369685,1.2148886591241839
38,31,427651,1,42380423,0.00014941707170162489,1671,1667,4,0,9.426058380999166,6.703967571258545,0.08600071367562424,1.9912339309481855
38,32,648608,0,42380424,0.00014941707170162489,2534,2532,2,0,13.983239891997073,6.712804317474365,0.028826519211321646,0.8911905153102785
38,33,428065,0,42380425,0.00014941707170162489,1673,1669,4,0,9.22889571899941,6.703141689300537,0.10638802575807932,2.8961341816769024
38,34,375085,0,42380426,0.00014941707170162489,1466,1463,3,0,8.354195176001667,6.7011494636535645,0.113921149169755,2.4399055277576043
38,35,882461,0,42380427,0.00014941707170162489,3448,3445,3,0,19.735323304001213,6.723137378692627,0.031659746100836814,1.0352343466527576
38,36,569144,0,42380428,0.00014941707170162489,2224,2222,2,0,12.34867622800084,6.709024429321289,0.03414011559542185,0.7926037476794554
38,37,314555,0,42380429,0.00014941707170162489,1229,1226,3,0,6.897957563000091,6.697554588317871,0.10966760532696523,2.4501023160302813
38,38,436745,0,42380430,0.00014941707170162489,1707,1703,4,0,9.640371043999039,6.703468322753906,0.08050390166250734,2.0915363914323986
38,39,261664,0,42380431,0.00014941707170162489,1023,1020,3,0,5.782325688000128,6.6951727867126465,0.11929188896627987,2.2913950003829657
38,40,638454,1,42380432,0.00014941707170162489,2494,2492,2,0,13.886858253001265,6.712934970855713,0.04397841403036592,1.2073095820688704
38,41,398139,1,42380433,0.00014941707170162489,1556,1554,2,0,8.947535290997621,6.70307731628418,0.09391110099880852,1.9602569226592663
38,42,242816,0,42380434,0.00014941707170162489,949,946,3,0,5.496074840997608,6.694367408752441,0.11500123489734738,2.5264541593716965
38,43,323428,0,42380435,0.00014941707170162489,1264,1261,3,0,7.249775566997414,6.697955131530762,0.11769805835599846,2.2250798442456383
38,44,451037,0,42380436,0.00014941707170162489,1762,1759,3,0,10.455449764998775,6.704004764556885,0.06724554845865238,1.6298798978023734
38,45,265076,0,42380437,0.00014941707170162489,1036,1035,1,0,6.0718470880019595,6.695326805114746,0.07811038989375754,1.731728492036534
38,46,266508,1,42380438,0.00014941707170162489,1042,1039,3,0,6.014860997001961,6.697124481201172,0.12321768825850427,2.42769301912897
38,47,506010,0,42380439,0.00014941707170162489,1977,1974,3,0,11.186050304000673,6.706181049346924,0.11260490069635733,2.474684571301925
38,48,303421,0,42380440,0.00014941707170162489,1186,1183,3,0,6.585422382999241,6.697052955627441,0.12244426246830092,2.6892306536612427
38,49,209704,0,42380441,0.00014941707170162489,820,817,3,0,4.802072589998716,6.693503379821777,0.24649311191740936,3.9616035825619647
38,50,548954,1,42380442,0.00014941707170162489,2145,2141,4,0,11.888199223998527,6.708904266357422,0.08449013151893099,2.1240070170189163
38,51,554220,0,42380443,0.00014941707170162489,2165,2163,2,0,12.12101713499942,6.708352088928223,0.06077141834528866,1.4600587969183425
38,52,239391,0,42380444,0.00014941707170162489,936,933,3,0,5.0542536369976006,6.694264888763428,0.12139565487255494,2.7182847459472135
38,53,490494,0,42380445,0.00014941707170162489,1916,1911,5,0,10.615889781998703,6.705489158630371,0.07827952019149005,2.0012109937123888
38,54,160756,1,42380446,0.00014941707170162489,628,625,3,0,3.5758065699992585,6.694826126098633,0.10715419921875,2.191584765625
38,55,166616,1,42380447,0.00014941707170162489,651,648,3,0,3.8168345170015527,6.694218158721924,0.1207824754126278,2.397483731493538
38,56,349089,1,42380448,0.00014941707170162489,1364,1361,3,0,7.797054764003406,6.699900150299072,0.06080670605504627,1.2470586525877112
38,57,813153,1,42380449,0.00014941707170162489,3177,3174,3,0,18.035172687999875,6.721647262573242,0.03884892502744467,1.0749594791174386
38,58,309917,0,42380450,0.00014941707170162489,1211,1209,2,0,6.724515509002231,6.697347164154053,0.13822752745117994,2.714341131293941
38,59,355009,0,42380451,0.00014941707170162489,1387,1386,1,0,7.755014148002374,6.6993794441223145,0.0756884433146335,1.5792863413713023
38,60,340859,1,42380452,0.00014941707170162489,1332,1329,3,0,7.4978730760012695,6.69952917098999,0.13079828243671815,2.8088432179975547
38,61,436143,1,42380453,0.00014941707170162489,1704,1701,3,0,9.480420029001834,6.704222679138184,0.1053206473501341,2.2752859933035716
38,62,352452,0,42380454,0.00014941707170162489,1377,1375,2,0,7.653370209998684,6.699264049530029,0.09079592618075284,1.7329740767045454
38,63,241000,1,42380455,0.00014941707170162489,942,941,1,0,5.325831098998606,6.695031642913818,0.11899732859304431,2.0004479370765806
38,64,757931,1,42380456,0.00014941707170162489,2961,2958,3,0,16.398036032001983,6.7186198234558105,0.06665111797092894,1.8173162887191514
38,65,667452,1,42380457,0.00014941707170162489,2608,2606,2,0,14.575368248999439,6.7147088050842285,0.04606556105595411,1.2764813883525998
38,66,373491,1,42380458,0.00014941707170162489,1459,1457,2,0,8.615775401001883,6.701327323913574,0.09936969576425232,1.9510902713731126
38,67,255796,1,42380459,0.00014941707170162489,1000,999,1,0,5.713041479997628,6.69569730758667,0.06852898583397851,1.3995011857560686
38,68,187780,1,42380460,0.00014941707170162489,734,731,3,0,4.120753326998965,6.69293212890625,0.15670976756209387,2.701475130386457
38,69,162407,0,42380461,0.00014941707170162489,635,633,2,0,3.5338935060026415,6.691255569458008,0.145973772045937,2.620556679193819
38,70,235355,0,42380462,0.00014941707170162489,920,917,3,0,5.082212642999366,6.694142818450928,0.1020041063281676,2.018120718886314
38,71,323052,1,42380463,0.00014941707170162489,1262,1258,4,0,7.030548744001862,6.698727130889893,0.09080579966922632,1.9120249543546304
38,72,98180,0,42380464,0.00014941707170162489,384,381,3,0,2.1422951059976185,6.689414024353027,0.20921646078114747,3.1839500287073492
38,73,262450,1,42380465,0.00014941707170162489,1026,1024,2,0,5.830196199000056,6.695997714996338,0.10129473358392715,1.8245875835418701
38,74,603827,0,42380466,0.00014941707170162489,2359,2356,3,0,13.247519365999324,6.7105865478515625,0.09448988935538585,2.2765000348180178
38,75,236083,1,42380467,0.00014941707170162489,923,921,2,0,4.969195429002866,6.694809436798096,0.06616462765506244,1.539832033370657
38,76,441814,0,42380468,0.00014941707170162489,1726,1722,4,0,9.612497366997559,6.703657627105713,0.13914277966152638,2.658779591771922
38,77,648680,1,42380469,0.00014941707170162489,2534,2531,3,0,13.979175287000544,6.714289665222168,0.033315160443122466,0.8881511831415448
38,78,881094,1,42380470,0.00014941707170162489,3442,3438,4,0,19.80629149699962,6.724201679229736,0.05280589779980866,1.6428314972367655
38,79,306166,1,42380471,0.00014941707170162489,1196,1194,2,0,6.484686403000524,6.698023796081543,0.11917574321804335,2.273471238026068
38,80,661445,0,42380472,0.00014941707170162489,2584,2580,4,0,14.391672199002642,6.7131829261779785,0.07194178973057473,1.861758304566376
38,81,548725,0,42380473,0.00014941707170162489,2144,2140,4,0,12.124329526999645,6.708104133605957,0.08766634219160704,2.20973117150993
38,82,313463,1,42380474,0.00014941707170162489,1225,1223,2,0,6.917255893000402,6.6982951164245605,0.0904611695134435,1.9598002398686631
38,83,449860,1,42380475,0.00014941707170162489,1758,1757,1,0,10.19751444600115,6.704637050628662,0.042066657685663596,1.0510842372696714
38,84,381590,1,42380476,0.00014941707170162489,1491,1486,5,0,8.261171038997418,6.701448440551758,0.11982707540889448,2.5416728003028264
38,85,323967,1,42380477,0.00014941707170162489,1266,1264,2,0,7.296688283000549,6.698768138885498,0.1020224366006972,1.7964037158821202
38,86,360767,1,42380478,0.00014941707170162489,1410,1406,4,0,7.893805604999216,6.701137542724609,0.07485172385681066,2.0009472170052454
38,87,461848,0,42380479,0.00014941707170162489,1805,1801,4,0,10.224491310000303,6.704411506652832,0.12553023656562326,2.7282851757704054
38,88,432222,0,42380480,0.00014941707170162489,1689,1686,3,0,9.30572076899989,6.703297138214111,0.10805354904591118,2.4515350450400355
38,89,296592,1,42380481,0.00014941707170162489,1159,1155,4,0,6.676284183002281,6.697807312011719,0.12871963038589015,2.780796384604978
38,90,479627,1,42380482,0.00014941707170162489,1874,1871,3,0,10.258603327001765,6.706655979156494,0.08216851385821002,1.9154850660575895
38,91,587269,1,42380483,0.00014941707170162489,2295,2290,5,0,12.912313154000003,6.710631370544434,0.11721986995513783,2.4435969057041484
38,92,206676,0,42380484,0.00014941707170162489,808,806,2,0,4.628031694999663,6.693434715270996,0.1401703600256378,2.551737517931917
38,93,217421,1,42380485,0.00014941707170162489,850,847,3,0,4.96462375000192,6.694046497344971,0.11099678228709324,2.105653512857881
38,94,885169,1,42380486,0.00014941707170162489,3458,3456,2,0,19.102882836999925,6.724354267120361,0.025087692119457102,0.8059378729926215
38,95,295224,0,42380487,0.00014941707170162489,1154,1150,4,0,6.538113816997793,6.696683883666992,0.09533863233483356,2.2180351987092393
38,96,547304,1,42380488,0.00014941707170162489,2138,2135,3,0,12.258315277998918,6.7088303565979,0.06306813438826478,1.5474463004976582
38,97,428994,1,42380489,0.00014941707170162489,1676,1673,3,0,9.305621832001634,6.70400857925415,0.08702756855492098,2.0721609933035716
38,98,276358,1,42380490,0.00014941707170162489,1080,1079,1,0,5.921596661002695,6.697348594665527,0.10524685411568148,1.9506245384180954
38,99,491272,1,42380491,0.00014941707170162489,1920,1916,4,0,10.752116761999787,6.7069220542907715,0.09426609907369275,2.149296579380872
39,0,926214,1,42390399,0.00012808425060727857,3619,3615,4,0,20.114599304000876,6.725897789001465,0.05139712258493257,1.6379410064401798
39,1,209678,1,42390400,0.00012808425060727857,820,815,5,0,4.658940707999136,6.693755149841309,0.13557357320024924,3.091468558282209
39,2,509018,1,42390401,0.00012808425060727857,1989,1986,3,0,11.397002108999004,6.707324028015137,0.14012565497545318,2.6261213750157353
39,3,411880,0,42390402,0.00012808425060727857,1609,1607,2,0,8.819494747000135,6.702532768249512,0.10933810164636162,2.2531912992960486
39,4,457865,1,42390403,0.00012808425060727857,1789,1786,3,0,10.09035457400023,6.704878330230713,0.1637377936522344,3.287160773026316
39,5,276084,0,42390404,0.00012808425060727857,1079,1076,3,0,6.114218598999287,6.695822715759277,0.13549996131414818,2.5431833940810873
39,6,155981,0,42390405,0.00012808425060727857,610,607,3,0,3.3628248989989515,6.69120979309082,0.16225826759903986,2.8765549384781712
39,7,438907,1,42390406,0.00012808425060727857,1715,1712,3,0,9.750992183999188,6.704305648803711,0.0952166352316598,2.2034509961850177
39,8,563122,1,42390407,0.00012808425060727857,2200,2196,4,0,12.24545157999819,6.7095417976379395,0.0717819644670886,1.8469293868823997
39,9,671047,0,42390408,0.00012808425060727857,2622,2618,4,0,14.677297586997156,6.713615894317627,0.05789072664754823,1.6367262103705118
39,10,559874,1,42390409,0.00012808425060727857,2188,2184,4,0,12.093798629000958,6.709397315979004,0.06980388767116673,1.8742202926468063
39,11,277765,0,42390410,0.00012808425060727857,1086,1083,3,0,6.2762924560011015,6.695899486541748,0.10095179620321879,2.037694365694252
39,12,344014,0,42390411,0.00012808425060727857,1344,1340,4,0,7.774754075999226,6.698883533477783,0.12475081486488457,2.7502465091534516
39,13,872271,0,42390412,0.00012808425060727857,3408,3403,5,0,19.382776410999213,6.72271203994751,0.06973437439018651,1.8501246315291655
39,14,353613,1,42390413,0.00012808425060727857,1382,1379,3,0,7.7892445040015446,6.701031684875488,0.11533733586455878,2.453403663773568
39,15,392479,0,42390414,0.00012808425060727857,1534,1532,2,0,8.907439630002045,6.701803207397461,0.09121150323056054,1.965772344922895
39,16,509253,0,42390415,0.00012808425060727857,1990,1987,3,0,11.05137270799969,6.70632791519165,0.07934694717322754,2.0683755937028185
39,17,384412,0,42390416,0.00012808425060727857,1502,1501,1,0,8.569614650998119,6.701499938964844,0.06168400550349246,1.4345641317246836
39,18,629973,0,42390417,0.00012808425060727857,2461,2458,3,0,13.936129736997827,6.712520122528076,0.05837953721148101,1.6040357895456163
39,19,621908,1,42390418,0.00012808425060727857,2430,2429,1,0,13.630451724002342,6.712190628051758,0.057107221054510604,1.3311429359432894
39,20,801121,0,42390419,0.00012808425060727857,3130,3125,5,0,17.657202646998485,6.719473838806152,0.0389830712890625,1.309935
39,21,384660,1,42390420,0.00012808425060727857,1503,1501,2,0,8.717714936999982,6.701502799987793,0.07195630667608313,1.6578719655646237
39,22,355766,1,42390421,0.00012808425060727857,1390,1387,3,0,8.232927946999553,6.70106315612793,0.12978081954152962,2.423433310708814
39,23,360226,0,42390422,0.00012808425060727857,1408,1403,5,0,8.191114630000811,6.699612617492676,0.06824881131531763,1.918580928701889
39,24,338512,0,42390423,0.00012808425060727857,1323,1320,3,0,7.539447839997592,6.698635578155518,0.10568416479862097,2.499725896661932
39,25,185941,0,42390424,0.00012808425060727857,727,726,1,0,4.256178199000715,6.692964553833008,0.11397060678024923,1.8603006157993285
39,26,561149,0,42390425,0.00012808425060727857,2192,2188,4,0,12.046341663997737,6.7086639404296875,0.07472337796003771,1.9178893038734004
39,27,372819,0,42390426,0.00012808425060727857,1457,1455,2,0,8.130497991998709,6.701064586639404,0.07384311636698615,1.7365304848582475
39,28,107522,1,42390427,0.00012808425060727857,421,417,4,0,2.32142250600009,6.689067363739014,0.15708116490206273,2.6194825389688248
39,29,284527,1,42390428,0.00012808425060727857,1112,1110,2,0,6.405142564999551,6.69753360748291,0.09108290113844313,2.00170678490991
39,30,1333839,0,42390429,0.00012808425060727857,5211,5207,4,0,28.850443036000797,6.743468761444092,0.0419261031996066,1.259862868644373
39,31,427651,1,42390430,0.00012808425060727857,1671,1667,4,0,9.149269526002172,6.703967571258545,0.09103686464855466,2.1259321866095533
39,32,648608,0,42390431,0.00012808425060727857,2534,2532,2,0,13.94636403900222,6.712804317474365,0.03019198798831982,0.943094696478821
39,33,428065,0,42390432,0.00012808425060727857,1673,1669,4,0,9.310340651001752,6.703141689300537,0.1116477550326028,3.0183440448996404
39,34,375085,0,42390433,0.00012808425060727857,1466,1463,3,0,8.393662004000362,6.7011494636535645,0.12189783499164282,2.6424759964542037
39,35,882461,0,42390434,0.00012808425060727857,3448,3445,3,0,19.33131417000186,6.723137378692627,0.033045649424692715,1.0881668688769957
39,36,569144,0,42390435,0.00012808425060727857,2224,2222,2,0,12.3566421109972,6.709024429321289,0.03500228181387475,0.833977233172536
39,37,314555,0,42390436,0.00012808425060727857,1229,1226,3,0,6.937198692998209,6.697554588317871,0.11673161567327055,2.6375021506678222
39,38,436745,0,42390437,0.00012808425060727857,1707,1703,4,0,9.474977208999917,6.703468322753906,0.08327446051086318,2.143996520386817
39,39,261664,0,42390438,0.00012808425060727857,1023,1020,3,0,5.808098638000956,6.6951727867126465,0.12409225164675246,2.353875612745098
39,40,638454,1,42390439,0.00012808425060727857,2494,2491,3,0,14.09427670399964,6.712934970855713,0.04596854768475104,1.2438427753976817
39,41,398139,1,42390440,0.00012808425060727857,1556,1554,2,0,8.827147349998995,6.70307731628418,0.09660579921962979,2.0338959565033785
39,42,242816,0,42390441,0.00012808425060727857,949,946,3,0,5.3730652119993465,6.694367408752441,0.11976629987075516,2.6169325201506344
39,43,323428,0,42390442,0.00012808425060727857,1264,1262,2,0,7.2850303829982295,6.697955131530762,0.1228846022519748,2.3215693792714935
39,44,451037,0,42390443,0.00012808425060727857,1762,1759,3,0,9.871662450001168,6.704004764556885,0.0716023317719807,1.7361184055660177
39,45,265076,0,42390444,0.00012808425060727857,1036,1034,2,0,5.9226514879992465,6.695326805114746,0.08063812551000363,1.8238081498579546
39,46,266508,1,42390445,0.00012808425060727857,1042,1039,3,0,5.991288262001035,6.697124481201172,0.12852382568124399,2.5748115958102744
39,47,506010,0,42390446,0.00012808425060727857,1977,1973,4,0,11.223099365997768,6.706181049346924,0.11809575757095793,2.606514359873923
39,48,303421,0,42390447,0.00012808425060727857,1186,1183,3,0,6.958088564999343,6.697052955627441,0.12769168650610208,2.7921752413752112
39,49,209704,0,42390448,0.00012808425060727857,820,817,3,0,4.804576293998252,6.693503379821777,0.2604717688869817,4.245456952360006
39,50,548954,1,42390449,0.00012808425060727857,2145,2141,4,0,12.127349447000597,6.708904266357422,0.08744802746690361,2.2122905932537367
39,51,554220,0,42390450,0.00012808425060727857,2165,2163,2,0,12.455700405000243,6.708352088928223,0.062719273666403,1.525841658720527
39,52,239391,0,42390451,0.00012808425060727857,936,933,3,0,5.723159594999743,6.694264888763428,0.1284906156321175,2.872108778386254
39,53,490494,0,42390452,0.00012808425060727857,1916,1911,5,0,10.688084519999393,6.705489158630371,0.08281344059934671,2.0873221133405284
39,54,160756,1,42390453,0.00012808425060727857,628,625,3,0,3.4825408729993796,6.694826126098633,0.11396453857421875,2.3616751953125
39,55,166616,1,42390454,0.00012808425060727857,651,648,3,0,3.9402432440001576,6.694218158721924,0.1276497193324713,2.54892419885706
39,56,349089,1,42390455,0.00012808425060727857,1364,1362,2,0,7.7480014950015175,6.699900150299072,0.0641147316639994,1.2789679483870227
39,57,813153,1,42390456,0.00012808425060727857,3177,3174,3,0,17.94112277000022,6.721647262573242,0.04066936009773009,1.138524806041273
39,58,309917,0,42390457,0.00012808425060727857,1211,1208,3,0,7.03868825599784,6.697347164154053,0.14440669129226383,2.919719569730443
39,59,355009,0,42390458,0.00012808425060727857,1387,1386,1,0,8.024577067997598,6.6993794441223145,0.07933236544610446,1.6638671522704727
39,60,340859,1,42390459,0.00012808425060727857,1332,1329,3,0,7.598444359999121,6.69952917098999,0.1380537390439828,2.9022065242310946
39,61,436143,1,42390460,0.00012808425060727857,1704,1701,3,0,9.52732435699727,6.704222679138184,0.10908026585923722,2.3151980337852733
39,62,352452,0,42390461,0.00012808425060727857,1377,1375,2,0,7.700424122998811,6.699264049530029,0.09365990101207386,1.7686177201704545
39,63,241000,1,42390462,0.00012808425060727857,942,941,1,0,5.751879056002508,6.695031642913818,0.12265382740373439,2.1159972820221173
39,64,757931,1,42390463,0.00012808425060727857,2961,2958,3,0,16.685546552998858,6.7186198234558105,0.06936669236828621,1.914803835731491
39,65,667452,1,42390464,0.00012808425060727857,2608,2606,2,0,14.478552487998968,6.7147088050842285,0.04817670762127212,1.3382495285818783
39,66,373491,1,42390465,0.00012808425060727857,1459,1456,3,0,8.132978154997545,6.701327323913574,0.10361510056715745,2.098938155960251
39,67,255796,1,42390466,0.00012808425060727857,1000,999,1,0,5.613436294999701,6.69569730758667,0.07124647841200575,1.4813629547516267
39,68,187780,1,42390467,0.00012808425060727857,734,732,2,0,4.241130040001735,6.69293212890625,0.16490873743276127,2.8076992347592213
39,69,162407,0,42390468,0.00012808425060727857,635,633,2,0,3.752948468001705,6.691255569458008,0.1541975361852661,2.7953669591725907
39,70,235355,0,42390469,0.00012808425060727857,920,917,3,0,5.170348381001531,6.694142818450928,0.1082560415486343,2.1409310410560933
39,71,323052,1,42390470,0.00012808425060727857,1262,1258,4,0,7.197306893998757,6.698727130889893,0.09499985008057805,2.034648173564189
39,72,98180,0,42390471,0.00012808425060727857,384,380,4,0,2.119938608000666,6.689414024353027,0.22124776338276111,3.383138556229441
39,73,262450,1,42390472,0.00012808425060727857,1026,1024,2,0,5.847918152998318,6.695997714996338,0.10524144023656845,1.8879637718200684
39,74,603827,0,42390473,0.00012808425060727857,2359,2356,3,0,13.078421264002827,6.7105865478515625,0.09852075495825154,2.3687955535733236
39,75,236083,1,42390474,0.00012808425060727857,923,921,2,0,5.367165482999553,6.694809436798096,0.06775153757565444,1.5604816648004887
39,76,441814,0,42390475,0.00012808425060727857,1726,1722,4,0,9.766991514999972,6.703657627105713,0.14620742177575585,2.816775154707462
39,77,648680,1,42390476,0.00012808425060727857,2534,2532,2,0,14.013238509996881,6.714289665222168,0.03469790478264927,0.9394830158348144
39,78,881094,1,42390477,0.00012808425060727857,3442,3438,4,0,19.303034377997392,6.724201679229736,0.054798234958437865,1.7204714825570826
39,79,306166,1,42390478,0.00012808425060727857,1196,1194,2,0,7.0171752579990425,6.698023796081543,0.12238346272377512,2.341855354245184
39,80,661445,0,42390479,0.00012808425060727857,2584,2580,4,0,14.246167780001997,6.7131829261779785,0.07508222594741704,1.9767583802688953
39,81,548725,0,42390480,0.00012808425060727857,2144,2141,3,0,11.704160531997331,6.708104133605957,0.09063729968153389,2.2910890610404016
39,82,313463,1,42390481,0.00012808425060727857,1225,1223,2,0,7.034748838999803,6.6982951164245605,0.09394750337764463,2.0059150702039044
39,83,449860,1,42390482,0.00012808425060727857,1758,1756,2,0,9.874648111999704,6.704637050628662,0.043015343181636176,1.0914711224462557
39,84,381590,1,42390483,0.00012808425060727857,1491,1486,5,0,8.391372671998397,6.701448440551758,0.125802411044751,2.7015334857103803
39,85,323967,1,42390484,0.00012808425060727857,1266,1264,2,0,7.284642934999283,6.698768138885498,0.10451857651336284,1.8927867261669304
39,86,360767,1,42390485,0.00012808425060727857,1410,1406,4,0,8.103245543999947,6.701137542724609,0.08001963478403105,2.1572361128089437
39,87,461848,0,42390486,0.00012808425060727857,1805,1801,4,0,10.227295413002139,6.704411506652832,0.13038296357980375,2.8482207150541368
39,88,432222,0,42390487,0.00012808425060727857,1689,1686,3,0,9.392783971998142,6.703297138214111,0.11352786135418984,2.5584579232465896
39,89,296592,1,42390488,0.00012808425060727857,1159,1155,4,0,6.655260488998465,6.697807312011719,0.13651105872480385,3.0247989803165583
39,90,479627,1,42390489,0.00012808425060727857,1874,1871,3,0,10.49007043399979,6.706655979156494,0.08606581736350047,2.0095456244154195
39,91,587269,1,42390490,0.00012808425060727857,2295,2290,5,0,12.581882770999073,6.710631370544434,0.12183587353302401,2.573464792576419
39,92,206676,0,42390491,0.00012808425060727857,808,807,1,0,4.686282864000532,6.693434715270996,0.14792593349754588,2.6629007899628254
39,93,217421,1,42390492,0.00012808425060727857,850,846,4,0,4.920800102001522,6.694046497344971,0.11620512076303469,2.229339383172651
39,94,885169,1,42390493,0.00012808425060727857,3458,3456,2,0,19.26954200199907,6.724354267120361,0.02578192949295044,0.8319923966019241
39,95,295224,0,42390494,0.00012808425060727857,1154,1150,4,0,6.666077810001298,6.696683883666992,0.10121631788170855,2.338590140964674
39,96,547304,1,42390495,0.00012808425060727857,2138,2136,2,0,11.816657923001912,6.7088303565979,0.06470731670936841,1.6418980516297987
39,97,428994,1,42390496,0.00012808425060727857,1676,1673,3,0,9.434431226000015,6.70400857925415,0.08985719378665757,2.1572586670651526
39,98,276358,1,42390497,0.00012808425060727857,1080,1078,2,0,6.1379473810011405,6.697348594665527,0.10716716787589503,2.0361950932716835
39,99,491272,1,42390498,0.00012808425060727857,1920,1917,3,0,10.627412506000837,6.7069220542907715,0.09721730311338517,2.2385833374087114
40,0,926214,1,42400406,0.00010830025717536152,3619,3614,5,0,20.1185478970001,6.725897789001465,0.053215812172227366,1.7092375678783895
40,1,209678,1,42400407,0.00010830025717536152,820,815,5,0,4.7413053839991335,6.693755149841309,0.14048130526864455,3.3352491133052147
40,2,509018,1,42400408,0.00010830025717536152,1989,1986,3,0,11.459402269003476,6.707324028015137,0.14479006549262807,2.7490404019543053
40,3,411880,0,42400409,0.00010830025717536152,1609,1607,2,0,9.030480813002214,6.702532768249512,0.11549497080947126,2.3912047390323585
40,4,457865,1,42400410,0.00010830025717536152,1789,1786,3,0,10.601957508999476,6.704878330230713,0.17450369806065405,3.4676309993526035
40,5,276084,0,42400411,0.00010830025717536152,1079,1076,3,0,6.333590292000736,6.695822715759277,0.14358470874204954,2.6869075732603394
40,6,155981,0,42400412,0.00010830025717536152,610,607,3,0,3.638354407998122,6.69120979309082,0.17334338821335718,3.1249440930035006
40,7,438907,1,42400413,0.00010830025717536152,1715,1712,3,0,9.93108962000042,6.704305648803711,0.10035703783837434,2.312192685136171
40,8,563122,1,42400414,0.00010830025717536152,2200,2196,4,0,12.804346552002244,6.7095417976379395,0.0749480867646431,1.9266555313638434
40,9,671047,0,42400415,0.00010830025717536152,2622,2619,3,0,15.224627691000933,6.713615894317627,0.061419119585466184,1.7227257913922298
40,10,559874,1,42400416,0.00010830025717536152,2188,2183,5,0,13.168595924998954,6.709397315979004,0.07356114721713239,1.9844749824639258
40,11,277765,0,42400417,0.00010830025717536152,1086,1082,4,0,6.451599772997724,6.695899486541748,0.10485470361057359,2.116019144957255
40,12,344014,0,42400418,0.00010830025717536152,1344,1340,4,0,7.914775493998604,6.698883533477783,0.13430946691712337,2.990392519822761
40,13,872271,0,42400419,0.00010830025717536152,3408,3403,5,0,19.81986836699798,6.72271203994751,0.07285980753712258,1.978515625
40,14,353613,1,42400420,0.00010830025717536152,1382,1379,3,0,7.810472203997051,6.701031684875488,0.12213452334331378,2.6027145109114396
40,15,392479,0,42400421,0.00010830025717536152,1534,1532,2,0,8.64761087900115,6.701803207397461,0.09577411024128488,2.097134821719974
40,16,509253,0,42400422,0.00010830025717536152,1990,1986,4,0,11.493118713999138,6.70632791519165,0.08177672940318557,2.215829655242951
40,17,384412,0,42400423,0.00010830025717536152,1502,1501,1,0,8.454149880999466,6.701499938964844,0.06543793700521267,1.5232554924321287
40,18,629973,0,42400424,0.00010830025717536152,2461,2458,3,0,14.122856991001754,6.712520122528076,0.0623458539498735,1.6979777845936737
40,19,621908,1,42400425,0.00010830025717536152,2430,2428,2,0,14.528661279000517,6.712190628051758,0.05936130856760644,1.380383863873301
40,20,801121,0,42400426,0.00010830025717536152,3130,3125,5,0,18.14319530099965,6.719473838806152,0.0420325830078125,1.4139853125
40,21,384660,1,42400427,0.00010830025717536152,1503,1500,3,0,8.475137726996763,6.701502799987793,0.07476194254557292,1.7576106770833333
40,22,355766,1,42400428,0.00010830025717536152,1390,1387,3,0,7.927045721997274,6.70106315612793,0.13790115763493038,2.561744871462689
40,23,360226,0,42400429,0.00010830025717536152,1408,1404,4,0,8.307731779997994,6.699612617492676,0.07139850953365663,2.0159011362624644
40,24,338512,0,42400430,0.00010830025717536152,1323,1319,4,0,7.738697768996644,6.698635578155518,0.11208620570300654,2.667569129371209
40,25,185941,0,42400431,0.00010830025717536152,727,726,1,0,4.231939583001804,6.692964553833008,0.12188749076906315,1.935357212035124
40,26,561149,0,42400432,0.00010830025717536152,2192,2188,4,0,13.338083152000763,6.7086639404296875,0.07799950552596907,2.0204201093321528
40,27,372819,0,42400433,0.00010830025717536152,1457,1455,2,0,8.287768936999782,6.701064586639404,0.07743341504913015,1.8150086917418384
40,28,107522,1,42400434,0.00010830025717536152,421,417,4,0,2.6373174829968775,6.689067363739014,0.16822964967869455,2.7770999021095624
40,29,284527,1,42400435,0.00010830025717536152,1112,1110,2,0,6.502073378000205,6.69753360748291,0.09376180150487401,2.0836746903153154
40,30,1333839,0,42400436,0.00010830025717536152,5211,5208,3,0,29.538076586999523,6.743468761444092,0.04345903528450821,1.3125018751200077
40,31,427651,1,42400437,0.00010830025717536152,1671,1667,4,0,9.686096811001335,6.703967571258545,0.09304412310897195,2.1730754923234104
40,32,648608,0,42400438,0.00010830025717536152,2534,2532,2,0,14.717405881001469,6.712804317474365,0.03155584772239552,1.0109807356462284
40,33,428065,0,42400439,0.00010830025717536152,1673,1669,4,0,9.847591377001663,6.703141689300537,0.11990229364924263,3.245194130560965
40,34,375085,0,42400440,0.00010830025717536152,1466,1462,4,0,8.434849534998648,6.7011494636535645,0.12874200406054956,2.7653847001645864
40,35,882461,0,42400441,0.00010830025717536152,3448,3445,3,0,20.412709014999564,6.723137378692627,0.03400649027831323,1.1346628662463716
40,36,569144,0,42400442,0.00010830025717536152,2224,2223,1,0,12.729844737998064,6.709024429321289,0.03596953384735753,0.8763462878324617
40,37,314555,0,42400443,0.00010830025717536152,1229,1225,4,0,7.107442885000637,6.697554588317871,0.12268690459582271,2.803601522640306
40,38,436745,0,42400444,0.00010830025717536152,1707,1703,4,0,9.742749165001442,6.703468322753906,0.08832092643554114,2.350842693729815
40,39,261664,0,42400445,0.00010830025717536152,1023,1020,3,0,6.12332765100291,6.6951727867126465,0.13193935319489125,2.523750813802083
40,40,638454,1,42400446,0.00010830025717536152,2494,2491,3,0,14.226723843999935,6.712934970855713,0.04739415717383361,1.3204012962289242
40,41,398139,1,42400447,0.00010830025717536152,1556,1554,2,0,8.890335462998337,6.70307731628418,0.099811568683639,2.1159267351894306
40,42,242816,0,42400448,0.00010830025717536152,949,946,3,0,5.3068270290023065,6.694367408752441,0.12862922071654498,2.8287637400072674
40,43,323428,0,42400449,0.00010830025717536152,1264,1261,3,0,7.208651109998755,6.697955131530762,0.12761848564662223,2.4282685415221055
40,44,451037,0,42400450,0.00010830025717536152,1762,1759,3,0,10.51039072599815,6.704004764556885,0.07567203905583783,1.8453980533150938
40,45,265076,0,42400451,0.00010830025717536152,1036,1034,2,0,5.973665395998978,6.695326805114746,0.08293819611953351,1.9189077705663684
40,46,266508,1,42400452,0.00010830025717536152,1042,1039,3,0,5.9833786279996275,6.697124481201172,0.1346403531321433,2.7713722911904477
40,47,506010,0,42400453,0.00010830025717536152,1977,1974,3,0,11.54918823800108,6.706181049346924,0.12485369650426244,2.776607123068642
40,48,303421,0,42400454,0.00010830025717536152,1186,1183,3,0,6.8752652520015545,6.697052955627441,0.1371365802729422,3.0291235207100593
40,49,209704,0,42400455,0.00010830025717536152,820,817,3,0,4.649530695001886,6.693503379821777,0.27588344466584114,4.519123054046817
40,50,548954,1,42400456,0.00010830025717536152,2145,2141,4,0,12.38395412599857,6.708904266357422,0.09163845014148982,2.3145331748452826
40,51,554220,0,42400457,0.00010830025717536152,2165,2163,2,0,12.630643630000122,6.708352088928223,0.06494903917175943,1.582371556973821
40,52,239391,0,42400458,0.00010830025717536152,936,933,3,0,5.747923668997828,6.694264888763428,0.14125556577823553,3.109085851671356
40,53,490494,0,42400459,0.00010830025717536152,1916,1911,5,0,10.879709649001597,6.705489158630371,0.08791083431193993,2.218164880134746
40,54,160756,1,42400460,0.00010830025717536152,628,625,3,0,3.457980024999415,6.694826126098633,0.12238621826171875,2.527243359375
40,55,166616,1,42400461,0.00010830025717536152,651,648,3,0,3.750036714998714,6.694218158721924,0.1371966114750615,2.7602145348066167
40,56,349089,1,42400462,0.00010830025717536152,1364,1362,2,0,7.827740734002873,6.699900150299072,0.06746444478083988,1.3480527544511747
40,57,813153,1,42400463,0.00010830025717536152,3177,3174,3,0,18.652578985002037,6.721647262573242,0.04292740127765389,1.1869894891845858
40,58,309917,0,42400464,0.00010830025717536152,1211,1209,2,0,7.261048128999391,6.697347164154053,0.1495686318876331,3.009185866741625
40,59,355009,0,42400465,0.00010830025717536152,1387,1386,1,0,7.788578313000471,6.6993794441223145,0.08279886287012142,1.7378576149328102
40,60,340859,1,42400466,0.00010830025717536152,1332,1328,4,0,7.806489680002414,6.69952917098999,0.14636796928313842,3.062122023249247
40,61,436143,1,42400467,0.00010830025717536152,1704,1701,3,0,9.953500388000975,6.704222679138184,0.11403416942526914,2.460843058770576
40,62,352452,0,42400468,0.00010830025717536152,1377,1374,3,0,7.885241193998809,6.699264049530029,0.0990501192806416,1.879594250363901
40,63,241000,1,42400469,0.00010830025717536152,942,941,1,0,5.536836407001829,6.695031642913818,0.12902882299311735,2.1770447620549946
40,64,757931,1,42400470,0.00010830025717536152,2961,2958,3,0,17.0880222329979,6.7186198234558105,0.07316210207058982,2.0036449419476843
40,65,667452,1,42400471,0.00010830025717536152,2608,2606,2,0,14.97822460200041,6.7147088050842285,0.050978132878828304,1.412044826692009
40,66,373491,1,42400472,0.00010830025717536152,1459,1456,3,0,8.279488213996956,6.701327323913574,0.10678993476616157,2.150807810353709
40,67,255796,1,42400473,0.00010830025717536152,1000,998,2,0,5.548103576998983,6.69569730758667,0.07457496169096005,1.533045094094439
40,68,187780,1,42400474,0.00010830025717536152,734,731,3,0,4.330141176997131,6.69293212890625,0.1714125918950656,3.0102782869143296
40,69,162407,0,42400475,0.00010830025717536152,635,632,3,0,3.6471621849996154,6.691255569458008,0.1635381722752052,2.959511286095728
40,70,235355,0,42400476,0.00010830025717536152,920,917,3,0,5.57819012300024,6.694142818450928,0.11456381195634116,2.24371517601554
40,71,323052,1,42400477,0.00010830025717536152,1262,1259,3,0,7.356356618998689,6.698727130889893,0.0979933068333778,2.1190308683727164
40,72,98180,0,42400478,0.00010830025717536152,384,380,4,0,2.193440301998635,6.689414024353027,0.2361094223825555,3.6663285104851973
40,73,262450,1,42400479,0.00010830025717536152,1026,1023,3,0,6.213731400999677,6.695997714996338,0.1094180244154944,1.9955502208959555
40,74,603827,0,42400480,0.00010830025717536152,2359,2356,3,0,14.251084168001398,6.7105865478515625,0.10335987654525679,2.485255398450764
40,75,236083,1,42400481,0.00010830025717536152,923,921,2,0,5.725052026002231,6.694809436798096,0.07099888042570067,1.6751331242365635
40,76,441814,0,42400482,0.00010830025717536152,1726,1722,4,0,10.194848365001235,6.703657627105713,0.1529157507848795,2.966847064187718
40,77,648680,1,42400483,0.00010830025717536152,2534,2532,2,0,14.602521906999755,6.714289665222168,0.03604593924813173,0.9805489731437599
40,78,881094,1,42400484,0.00010830025717536152,3442,3438,4,0,20.286471387000347,6.724201679229736,0.057638202731591315,1.827354657504363
40,79,306166,1,42400485,0.00010830025717536152,1196,1194,2,0,7.036787323999306,6.698023796081543,0.12743855640916169,2.465745475423995
40,80,661445,0,42400486,0.00010830025717536152,2584,2581,3,0,14.730599128000904,6.7131829261779785,0.07815020863098121,2.0801725273028864
40,81,548725,0,42400487,0.00010830025717536152,2144,2140,4,0,12.10991903300237,6.708104133605957,0.09530974058347327,2.41494140625
40,82,313463,1,42400488,0.00010830025717536152,1225,1223,2,0,7.111399042998528,6.6982951164245605,0.09813720753031097,2.144266747687551
40,83,449860,1,42400489,0.00010830025717536152,1758,1757,1,0,10.423478547996638,6.704637050628662,0.044801967145369416,1.1286549532895205
40,84,381590,1,42400490,0.00010830025717536152,1491,1486,5,0,8.58783163300177,6.701448440551758,0.1348400501030451,2.9495913683967028
40,85,323967,1,42400491,0.00010830025717536152,1266,1264,2,0,7.242776564999076,6.698768138885498,0.10749248311489443,1.945957038975969
40,86,360767,1,42400492,0.00010830025717536152,1410,1406,4,0,8.212225011000555,6.701137542724609,0.08485694765875045,2.298400618443279
40,87,461848,0,42400493,0.00010830025717536152,1805,1801,4,0,10.245296983001026,6.704411506652832,0.13903098606785294,3.0286312834015825
40,88,432222,0,42400494,0.00010830025717536152,1689,1686,3,0,9.971549286998197,6.703297138214111,0.11920336161078365,2.7315000486543592
40,89,296592,1,42400495,0.00010830025717536152,1159,1155,4,0,6.71598987499965,6.697807312011719,0.1425067984180533,3.189715021306818
40,90,479627,1,42400496,0.00010830025717536152,1874,1871,3,0,10.513118619001034,6.706655979156494,0.09114889433395411,2.1013648126419695
40,91,587269,1,42400497,0.00010830025717536152,2295,2291,4,0,13.496374844999082,6.710631370544434,0.12902264572136896,2.7539799930434308
40,92,206676,0,42400498,0.00010830025717536152,808,806,2,0,4.758837268000207,6.693434715270996,0.15515182154350185,2.8005719433351426
40,93,217421,1,42400499,0.00010830025717536152,850,847,3,0,4.91281209799854,6.694046497344971,0.121838043825404,2.345779797262397
40,94,885169,1,42400500,0.00010830025717536152,3458,3456,2,0,20.061414333002176,6.724354267120361,0.02751923931969537,0.8784786506935403
40,95,295224,0,42400501,0.00010830025717536152,1154,1150,4,0,6.637162077000539,6.696683883666992,0.10593590114427649,2.5122246518342393
40,96,547304,1,42400502,0.00010830025717536152,2138,2136,2,0,12.201816416996735,6.7088303565979,0.06827295139041287,1.7223684475216525
40,97,428994,1,42400503,0.00010830025717536152,1676,1673,3,0,9.675678251998761,6.70400857925415,0.09375412251802526,2.3079623115753884
40,98,276358,1,42400504,0.00010830025717536152,1080,1078,2,0,6.357713143999717,6.697348594665527,0.11292740321115129,2.154112976866883
40,99,491272,1,42400505,0.00010830025717536152,1920,1916,4,0,11.057268153999757,6.7069220542907715,0.10138416489380138,2.34980993728797
41,0,926214,1,42410413,9.01463880785389e-05,3619,3614,5,0,20.815585617998295,6.725897789001465,0.05644435069807736,1.824828223358813
41,1,209678,1,42410414,9.01463880785389e-05,820,815,5,0,4.666932525000448,6.693755149841309,0.15296529758195937,3.5694689417177914
41,2,509018,1,42410415,9.01463880785389e-05,1989,1986,3,0,11.346058159000677,6.707324028015137,0.15479111839517246,2.9498882312909114
41,3,411880,0,42410416,9.01463880785389e-05,1609,1607,2,0,9.00579384899902,6.702532768249512,0.12258171456603434,2.5116418768473863
41,4,457865,1,42410417,9.01463880785389e-05,1789,1786,3,0,10.085773488000996,6.704878330230713,0.18449084035226238,3.760916339323208
41,5,276084,0,42410418,9.01463880785389e-05,1079,1076,3,0,6.176318874997378,6.695822715759277,0.15479435973894198,2.825709006157063
41,6,155981,0,42410419,9.01463880785389e-05,610,606,4,0,3.6835767600023246,6.69120979309082,0.1869982602966107,3.3447068217563944
41,7,438907,1,42410420,9.01463880785389e-05,1715,1713,2,0,9.53889458899721,6.704305648803711,0.10574048649687136,2.412520694231611
41,8,563122,1,42410421,9.01463880785389e-05,2200,2196,4,0,12.471125787000346,6.7095417976379395,0.07873401746072405,2.0549369770321038
41,9,671047,0,42410422,9.01463880785389e-05,2622,2619,3,0,14.62065667799834,6.713615894317627,0.06459371094122876,1.7924340456758305
41,10,559874,1,42410423,9.01463880785389e-05,2188,2183,5,0,12.674113155997475,6.709397315979004,0.07738291818616153,2.1259814833371506
41,11,277765,0,42410424,9.01463880785389e-05,1086,1083,3,0,6.161739589999343,6.695899486541748,0.11411647497231721,2.247032440270083
41,12,344014,0,42410425,9.01463880785389e-05,1344,1339,5,0,7.778563335999934,6.698883533477783,0.14173236188824448,3.209990839712472
41,13,872271,0,42410426,9.01463880785389e-05,3408,3403,5,0,19.731844900001306,6.72271203994751,0.0772584101889647,2.126550791580958
41,14,353613,1,42410427,9.01463880785389e-05,1382,1379,3,0,7.924246923997998,6.701031684875488,0.12803429706620514,2.77316113776967
41,15,392479,0,42410428,9.01463880785389e-05,1534,1532,2,0,8.93152045199895,6.701803207397461,0.1002185313570904,2.2072431997593016
41,16,509253,0,42410429,9.01463880785389e-05,1990,1986,4,0,11.384384730998136,6.70632791519165,0.08725261400113293,2.3617748556300353
41,17,384412,0,42410430,9.01463880785389e-05,1502,1500,2,0,8.89138303800064,6.701499938964844,0.06946956380208333,1.5867706705729168
41,18,629973,0,42410431,9.01463880785389e-05,2461,2458,3,0,14.216843136000534,6.712520122528076,0.06589241741729811,1.8159449851251017
41,19,621908,1,42410432,9.01463880785389e-05,2430,2428,2,0,13.889686456001073,6.712190628051758,0.0627258338488307,1.44800669436007
41,20,801121,0,42410433,9.01463880785389e-05,3130,3125,5,0,17.544453740996687,6.719473838806152,0.0456057080078125,1.50371859375
41,21,384660,1,42410434,9.01463880785389e-05,1503,1500,3,0,8.95540820399765,6.701502799987793,0.08068084716796875,1.8723133138020833
41,22,355766,1,42410435,9.01463880785389e-05,1390,1387,3,0,7.924402216998715,6.70106315612793,0.14584248273941622,2.7219790986053534
41,23,360226,0,42410436,9.01463880785389e-05,1408,1404,4,0,8.025902886001859,6.699612617492676,0.07734828525119358,2.18121250945958
41,24,338512,0,42410437,9.01463880785389e-05,1323,1319,4,0,7.401296542000637,6.698635578155518,0.11829153527989363,2.806950844626611
41,25,185941,0,42410438,9.01463880785389e-05,727,726,1,0,4.058338907001598,6.692964553833008,0.12760161302634834,2.0473705113098313
41,26,561149,0,42410439,9.01463880785389e-05,2192,2188,4,0,12.239560242000152,6.7086639404296875,0.08197693763746858,2.115901410034849
41,27,372819,0,42410440,9.01463880785389e-05,1457,1455,2,0,8.200754400000733,6.701064586639404,0.0824059974696628,1.9207816527061856
41,28,107522,1,42410441,9.01463880785389e-05,421,417,4,0,2.576808546000393,6.689067363739014,0.17648891750857126,2.9642427659434953
41,29,284527,1,42410442,9.01463880785389e-05,1112,1110,2,0,6.2881829849975475,6.69753360748291,0.09961837906021255,2.214234718116554
41,30,1333839,0,42410443,9.01463880785389e-05,5211,5207,4,0,29.989812298998004,6.743468761444092,0.04550505261378163,1.4030018559751296
41,31,427651,1,42410444,9.01463880785389e-05,1671,1667,4,0,9.50417087200185,6.703967571258545,0.09843362443234009,2.315673242304664
41,32,648608,0,42410445,9.01463880785389e-05,2534,2531,3,0,14.750799950001237,6.712804317474365,0.03436550892468546,1.0675124549338206
41,33,428065,0,42410446,9.01463880785389e-05,1673,1669,4,0,9.525889859000017,6.703141689300537,0.12837768700967084,3.444648390690533
41,34,375085,0,42410447,9.01463880785389e-05,1466,1462,4,0,8.261885832002008,6.7011494636535645,0.13650312306290613,2.9453228534327973
41,35,882461,0,42410448,9.01463880785389e-05,3448,3445,3,0,19.97720462200232,6.723137378692627,0.036022798624024854,1.2105681354317852
41,36,569144,0,42410449,9.01463880785389e-05,2224,2222,2,0,12.44689887700224,6.709024429321289,0.0366939094879947,0.9055403220986161
41,37,314555,0,42410450,9.01463880785389e-05,1229,1226,3,0,7.00450258100318,6.697554588317871,0.13096521573587888,3.004651615709115
41,38,436745,0,42410451,9.01463880785389e-05,1707,1702,5,0,9.507435162002366,6.703468322753906,0.09444700032647713,2.5056694559709167
41,39,261664,0,42410452,9.01463880785389e-05,1023,1020,3,0,5.702837796001404,6.6951727867126465,0.1395023420745251,2.6680769378063727
41,40,638454,1,42410453,9.01463880785389e-05,2494,2491,3,0,14.343915203997312,6.712934970855713,0.05109120066124768,1.3724877331832095
41,41,398139,1,42410454,9.01463880785389e-05,1556,1555,1,0,8.951834605999466,6.70307731628418,0.10603805492928557,2.221615787027733
41,42,242816,0,42410455,9.01463880785389e-05,949,946,3,0,5.4605499019999115,6.694367408752441,0.13826198456907374,2.9966749388874208
41,43,323428,0,42410456,9.01463880785389e-05,1264,1262,2,0,7.039662699000473,6.697955131530762,0.13466912706378145,2.54182833083647
41,44,451037,0,42410457,9.01463880785389e-05,1762,1760,2,0,9.98341296000217,6.704004764556885,0.08025914972478693,1.9511055686257102
41,45,265076,0,42410458,9.01463880785389e-05,1036,1034,2,0,5.972116009001184,6.695326805114746,0.08703995488829032,1.9906853504291586
41,46,266508,1,42410459,9.01463880785389e-05,1042,1039,3,0,6.0015190730009635,6.697124481201172,0.14162102149471398,2.9459906422942734
41,47,506010,0,42410460,9.01463880785389e-05,1977,1974,3,0,11.340772972002014,6.706181049346924,0.13279870988870948,2.9149166211531155
41,48,303421,0,42410461,9.01463880785389e-05,1186,1183,3,0,6.822981404002348,6.697052955627441,0.14764392688328798,3.236589601053994
41,49,209704,0,42410462,9.01463880785389e-05,820,817,3,0,4.734961092999583,6.693503379821777,0.29551648218161913,4.871724571125306
41,50,548954,1,42410463,9.01463880785389e-05,2145,2141,4,0,12.234577635001187,6.708904266357422,0.0974632452047634,2.4218394222909856
41,51,554220,0,42410464,9.01463880785389e-05,2165,2163,2,0,12.693851805001032,6.708352088928223,0.06921144045451919,1.679171113795943
41,52,239391,0,42410465,9.01463880785389e-05,936,933,3,0,5.123123579000094,6.694264888763428,0.15345899902867097,3.336002656501206
41,53,490494,0,42410466,9.01463880785389e-05,1916,1912,4,0,10.83658675499828,6.705489158630371,0.0943959288018518,2.361908597427432
41,54,160756,1,42410467,9.01463880785389e-05,628,625,3,0,3.653111360999901,6.694826126098633,0.130935791015625,2.7139966796875
41,55,166616,1,42410468,9.01463880785389e-05,651,648,3,0,3.8243556410016026,6.694218158721924,0.14786394142810208,2.975370619032118
41,56,349089,1,42410469,9.01463880785389e-05,1364,1362,2,0,7.748267511000449,6.699900150299072,0.07191686868317501,1.4347967072205396
41,57,813153,1,42410470,9.01463880785389e-05,3177,3174,3,0,17.796857474997523,6.721647262573242,0.04583953684354324,1.267275987515753
41,58,309917,0,42410471,9.01463880785389e-05,1211,1209,2,0,6.762822390999645,6.697347164154053,0.15949435427328887,3.2247493166485732
41,59,355009,0,42410472,9.01463880785389e-05,1387,1386,1,0,7.737631634998252,6.6993794441223145,0.08951881816032817,1.8433489118303572
41,60,340859,1,42410473,9.01463880785389e-05,1332,1328,4,0,7.621415261997754,6.69952917098999,0.15364366554352174,3.2219411091632155
41,61,436143,1,42410474,9.01463880785389e-05,1704,1701,3,0,9.412439073999849,6.704222679138184,0.11883590671330743,2.564592059817754
41,62,352452,0,42410475,9.01463880785389e-05,1377,1374,3,0,8.044450812998548,6.699264049530029,0.10453421024949963,1.995753125852893
41,63,241000,1,42410476,9.01463880785389e-05,942,941,1,0,5.151874974999373,6.695031642913818,0.13741496265504616,2.3345772138184113
41,64,757931,1,42410477,9.01463880785389e-05,2961,2958,3,0,16.639235456001188,6.7186198234558105,0.07702116743788033,2.14110667839334
41,65,667452,1,42410478,9.01463880785389e-05,2608,2606,2,0,14.814357607996499,6.7147088050842285,0.05448234364882123,1.4972157101400614
41,66,373491,1,42410479,9.01463880785389e-05,1459,1456,3,0,8.173081745000673,6.701327323913574,0.11227835141695462,2.2548970652150584
41,67,255796,1,42410480,9.01463880785389e-05,1000,999,1,0,5.7446331229984935,6.69569730758667,0.07859242451680196,1.6276305602477477
41,68,187780,1,42410481,9.01463880785389e-05,734,731,3,0,4.199517132998153,6.69293212890625,0.18246935884864485,3.131765467360636
41,69,162407,0,42410482,9.01463880785389e-05,635,633,2,0,3.8220730460016057,6.691255569458008,0.17800111454245038,3.185527397746347
41,70,235355,0,42410483,9.01463880785389e-05,920,918,2,0,5.267944717998034,6.694142818450928,0.12071885418528305,2.3597829648352397
41,71,323052,1,42410484,9.01463880785389e-05,1262,1258,4,0,7.231857064001815,6.698727130889893,0.10393282794800775,2.2853210158113075
41,72,98180,0,42410485,9.01463880785389e-05,384,381,3,0,2.15757178900094,6.689414024353027,0.25223981802232,3.9872771335711943
41,73,262450,1,42410486,9.01463880785389e-05,1026,1024,2,0,5.841029077000712,6.695997714996338,0.1148255467414856,2.0929460525512695
41,74,603827,0,42410487,9.01463880785389e-05,2359,2356,3,0,13.349519603998488,6.7105865478515625,0.1098641750160826,2.637238326016023
41,75,236083,1,42410488,9.01463880785389e-05,923,921,2,0,5.216053979002027,6.694809436798096,0.07409224784594276,1.765764963355049
41,76,441814,0,42410489,9.01463880785389e-05,1726,1722,4,0,9.795261732000654,6.703657627105713,0.16093230385952018,3.1811469562100756
41,77,648680,1,42410490,9.01463880785389e-05,2534,2532,2,0,14.620358162999764,6.714289665222168,0.03736019285180934,1.026384929156793
41,78,881094,1,42410491,9.01463880785389e-05,3442,3438,4,0,20.342381317997933,6.724201679229736,0.06125157541005399,1.9425560827515997
41,79,306166,1,42410492,9.01463880785389e-05,1196,1193,3,0,6.871109659998183,6.698023796081543,0.134061021956694,2.6063124983628456
41,80,661445,0,42410493,9.01463880785389e-05,2584,2580,4,0,14.774583738999354,6.7131829261779785,0.08280964341274527,2.221662843689438
41,81,548725,0,42410494,9.01463880785389e-05,2144,2139,5,0,12.196018698999978,6.708104133605957,0.10078932381835481,2.571137487581814
41,82,313463,1,42410495,9.01463880785389e-05,1225,1223,2,0,6.836662777001038,6.6982951164245605,0.10332231997273929,2.3852990213614063
41,83,449860,1,42410496,9.01463880785389e-05,1758,1756,2,0,10.126318497998,6.704637050628662,0.0469479571713945,1.1894695308050969
41,84,381590,1,42410497,9.01463880785389e-05,1491,1486,5,0,8.423636158997397,6.701448440551758,0.1420801298775551,3.1382223670928666
41,85,323967,1,42410498,9.01463880785389e-05,1266,1264,2,0,7.03056164300142,6.698768138885498,0.11344689960721173,2.0662695003461233
41,86,360767,1,42410499,9.01463880785389e-05,1410,1405,5,0,8.019342552001035,6.701137542724609,0.09070878758549265,2.5032879921040925
41,87,461848,0,42410500,9.01463880785389e-05,1805,1801,4,0,10.222873068996705,6.704411506652832,0.1484472263130726,3.2099921159251803
41,88,432222,0,42410501,9.01463880785389e-05,1689,1686,3,0,9.433905302998028,6.703297138214111,0.12672744696674823,2.9087058867141162
41,89,296592,1,42410502,9.01463880785389e-05,1159,1155,4,0,6.772279277000052,6.697807312011719,0.152006365623309,3.3984159395292206
41,90,479627,1,42410503,9.01463880785389e-05,1874,1871,3,0,10.566616121999687,6.706655979156494,0.09651732126192127,2.2242549731093
41,91,587269,1,42410504,9.01463880785389e-05,2295,2290,5,0,12.906680288000643,6.710631370544434,0.13500270260473526,2.8996592692412664
41,92,206676,0,42410505,9.01463880785389e-05,808,807,1,0,4.6740982990013435,6.693434715270996,0.1648074389981219,2.9370489297746283
41,93,217421,1,42410506,9.01463880785389e-05,850,847,3,0,4.795173993999924,6.694046497344971,0.12778650349118212,2.4908483295823496
41,94,885169,1,42410507,9.01463880785389e-05,3458,3456,2,0,19.864864044997375,6.724354267120361,0.02937645161593402,0.9155938890245225
41,95,295224,0,42410508,9.01463880785389e-05,1154,1150,4,0,6.6684948340007395,6.696683883666992,0.11361430292544157,2.6796707286005437
41,96,547304,1,42410509,9.01463880785389e-05,2138,2135,3,0,12.118025960000523,6.7088303565979,0.0707826636714176,1.7991072572087237
41,97,428994,1,42410510,9.01463880785389e-05,1676,1673,3,0,9.44615496300321,6.70400857925415,0.09996807967127261,2.4456188067375226
41,98,276358,1,42410511,9.01463880785389e-05,1080,1078,2,0,6.121888016998128,6.697348594665527,0.11838213012921787,2.235904615752551
41,99,491272,1,42410512,9.01463880785389e-05,1920,1917,3,0,10.983212467002886,6.7069220542907715,0.10713027054652859,2.4651792045676837
42,0,926214,1,42420420,7.369724145892235e-05,3619,3614,5,0,20.768659506000404,6.725897789001465,0.05879705837568527,1.921746647153431
42,1,209678,1,42420421,7.369724145892235e-05,820,815,5,0,4.7357813060007174,6.693755149841309,0.16379349597392637,3.9103012365797545
42,2,509018,1,42420422,7.369724145892235e-05,1989,1986,3,0,11.599119921000238,6.707324028015137,0.16446002756600894,3.16033105763784
42,3,411880,0,42420423,7.369724145892235e-05,1609,1607,2,0,9.029413674001262,6.702532768249512,0.1298151401977919,2.696791928379745
42,4,457865,1,42420424,7.369724145892235e-05,1789,1786,3,0,10.053281305998098,6.704878330230713,0.20210079863784294,4.032059792308231
42,5,276084,0,42420425,7.369724145892235e-05,1079,1076,3,0,6.197403939997457,6.695822715759277,0.16716621710908458,3.0594044511646143
42,6,155981,0,42420426,7.369724145892235e-05,610,606,4,0,3.493333485999756,6.69120979309082,0.20527545689749638,3.6595696679042904
42,7,438907,1,42420427,7.369724145892235e-05,1715,1713,2,0,9.89673775999836,6.704305648803711,0.11048176548874872,2.5111717495804147
42,8,563122,1,42420428,7.369724145892235e-05,2200,2196,4,0,12.214457457997923,6.7095417976379395,0.0849075525836215,2.166404515667691
42,9,671047,0,42420429,7.369724145892235e-05,2622,2618,4,0,14.640042077000544,6.713615894317627,0.06918122223809624,1.9203592392212567
42,10,559874,1,42420430,7.369724145892235e-05,2188,2184,4,0,12.370767233998777,6.709397315979004,0.08401984609527029,2.324356023208562
42,11,277765,0,42420431,7.369724145892235e-05,1086,1083,3,0,6.05980753699987,6.695899486541748,0.11963310488263215,2.376645863991805
42,12,344014,0,42420432,7.369724145892235e-05,1344,1339,5,0,7.768965118000779,6.698883533477783,0.15219552664724725,3.4774759761249068
42,13,872271,0,42420433,7.369724145892235e-05,3408,3403,5,0,19.194125803001953,6.72271203994751,0.08263102847269413,2.310623783242727
42,14,353613,1,42420434,7.369724145892235e-05,1382,1379,3,0,7.7352766129988595,6.701031684875488,0.13667748819839445,3.013034170481327
42,15,392479,0,42420435,7.369724145892235e-05,1534,1531,3,0,8.538429633001215,6.701803207397461,0.10673554842180866,2.3316955765737264
42,16,509253,0,42420436,7.369724145892235e-05,1990,1986,4,0,11.765636459000234,6.70632791519165,0.09391297554561619,2.519576242683157
42,17,384412,0,42420437,7.369724145892235e-05,1502,1501,1,0,8.715606375000789,6.701499938964844,0.07580716351045917,1.6673631966709694
42,18,629973,0,42420438,7.369724145892235e-05,2461,2458,3,0,14.040533268002036,6.712520122528076,0.070471910270275,1.9601154870575672
42,19,621908,1,42420439,7.369724145892235e-05,2430,2428,2,0,14.072814004997781,6.712190628051758,0.06608382324017646,1.5165087528637253
42,20,801121,0,42420440,7.369724145892235e-05,3130,3125,5,0,18.000043178999476,6.719473838806152,0.0494353466796875,1.6081528125
42,21,384660,1,42420441,7.369724145892235e-05,1503,1500,3,0,8.68634646299688,6.701502799987793,0.08500348409016927,1.9722394205729166
42,22,355766,1,42420442,7.369724145892235e-05,1390,1387,3,0,7.834229320000304,6.70106315612793,0.1560397763516977,2.8837774451378877
42,23,360226,0,42420443,7.369724145892235e-05,1408,1403,5,0,8.133896531002392,6.699612617492676,0.08080357546816531,2.3177297949705986
42,24,338512,0,42420444,7.369724145892235e-05,1323,1319,4,0,7.480248058000143,6.698635578155518,0.1264434536810261,3.0384742673189917
42,25,185941,0,42420445,7.369724145892235e-05,727,726,1,0,4.121710924999206,6.692964553833008,0.14138947373907756,2.1665615785877237
42,26,561149,0,42420446,7.369724145892235e-05,2192,2188,4,0,12.316010549999191,6.7086639404296875,0.08798871223407864,2.3016788126999543
42,27,372819,0,42420447,7.369724145892235e-05,1457,1455,2,0,8.320644090003043,6.701064586639404,0.08673378855911727,2.0128704896907217
42,28,107522,1,42420448,7.369724145892235e-05,421,418,3,0,2.4235762440002873,6.689067363739014,0.18698156621467554,3.169103887092554
42,29,284527,1,42420449,7.369724145892235e-05,1112,1110,2,0,6.101024488998519,6.69753360748291,0.1068952886907904,2.3291789836711714
42,30,1333839,0,42420450,7.369724145892235e-05,5211,5208,3,0,29.725841777002643,6.743468761444092,0.04846578149751584,1.494181127592166
42,31,427651,1,42420451,7.369724145892235e-05,1671,1666,5,0,9.359167877999425,6.703967571258545,0.1030714165549032,2.4592581173094237
42,32,648608,0,42420452,7.369724145892235e-05,2534,2532,2,0,14.665153731999453,6.712804317474365,0.03803133851543987,1.1531751973180786
42,33,428065,0,42420453,7.369724145892235e-05,1673,1669,4,0,9.594732697001746,6.703141689300537,0.13883717092944878,3.811465218225734
42,34,375085,0,42420454,7.369724145892235e-05,1466,1462,4,0,8.377939441001217,6.7011494636535645,0.14611965654323594,3.1387179644750343
42,35,882461,0,42420455,7.369724145892235e-05,3448,3445,3,0,19.43976713899974,6.723137378692627,0.037837788397757165,1.283520614114659
42,36,569144,0,42420456,7.369724145892235e-05,2224,2223,1,0,12.639672713998152,6.709024429321289,0.03835919200435609,0.9477440220141701
42,37,314555,0,42420457,7.369724145892235e-05,1229,1226,3,0,7.333565401000669,6.697554588317871,0.14175127536593216,3.2776211463218803
42,38,436745,0,42420458,7.369724145892235e-05,1707,1703,4,0,9.901217066002573,6.703468322753906,0.09933543359260312,2.6590334611714623
42,39,261664,0,42420459,7.369724145892235e-05,1023,1020,3,0,5.930345980999846,6.6951727867126465,0.149169173895144,2.9022705078125
42,40,638454,1,42420460,7.369724145892235e-05,2494,2492,2,0,14.19906981800159,6.712934970855713,0.054749710793288525,1.4794067578752006
42,41,398139,1,42420461,7.369724145892235e-05,1556,1555,1,0,8.744966661000944,6.70307731628418,0.11142721390800844,2.3171289376507236
42,42,242816,0,42420462,7.369724145892235e-05,949,946,3,0,5.553799502002221,6.694367408752441,0.14988108467602074,3.296041153954149
42,43,323428,0,42420463,7.369724145892235e-05,1264,1262,2,0,7.427409477000765,6.697955131530762,0.14117710941756018,2.6868372220433834
42,44,451037,0,42420464,7.369724145892235e-05,1762,1760,2,0,10.114352372002031,6.704004764556885,0.08496377251364969,2.0918598521839487
42,45,265076,0,42420465,7.369724145892235e-05,1036,1034,2,0,6.1362613560013415,6.695326805114746,0.09187537512419533,2.1060377818242264
42,46,266508,1,42420466,7.369724145892235e-05,1042,1039,3,0,6.040141476998542,6.697124481201172,0.15012471967298785,3.154870217757459
42,47,506010,0,42420467,7.369724145892235e-05,1977,1974,3,0,11.039343387998088,6.706181049346924,0.14440497463114235,3.1384542014944277
42,48,303421,0,42420468,7.369724145892235e-05,1186,1183,3,0,7.020308940998802,6.697052955627441,0.1611726169150861,3.4848719489644973
42,49,209704,0,42420469,7.369724145892235e-05,820,817,3,0,4.619356163999328,6.693503379821777,0.31927172732032205,5.288106257649939
42,50,548954,1,42420470,7.369724145892235e-05,2145,2141,4,0,12.194450186998438,6.708904266357422,0.10382062260762713,2.6050972366154834
42,51,554220,0,42420471,7.369724145892235e-05,2165,2163,2,0,12.02053024700217,6.708352088928223,0.07270274733262541,1.758301345606507
42,52,239391,0,42420472,7.369724145892235e-05,936,933,3,0,5.512671294000029,6.694264888763428,0.17239962104560222,3.7170054281383975
42,53,490494,0,42420473,7.369724145892235e-05,1916,1911,5,0,10.93703227700098,6.705489158630371,0.10006898314088256,2.560027165914443
42,54,160756,1,42420474,7.369724145892235e-05,628,624,4,0,3.4926379960015765,6.694826126098633,0.14323896016830054,2.962909405048077
42,55,166616,1,42420475,7.369724145892235e-05,651,648,3,0,3.689297450000595,6.694218158721924,0.1636378441327884,3.2743055555555554
42,56,349089,1,42420476,7.369724145892235e-05,1364,1362,2,0,7.738303295998776,6.699900150299072,0.07748235514860671,1.5073681353822503
42,57,813153,1,42420477,7.369724145892235e-05,3177,3174,3,0,17.725314397997863,6.721647262573242,0.049224017022462783,1.35096576308483
42,58,309917,0,42420478,7.369724145892235e-05,1211,1209,2,0,7.012522914003057,6.697347164154053,0.17106102122266595,3.4333724281430933
42,59,355009,0,42420479,7.369724145892235e-05,1387,1385,2,0,7.73178853400168,6.6993794441223145,0.0964803647478565,1.9585990382445848
42,60,340859,1,42420480,7.369724145892235e-05,1332,1328,4,0,7.689680978000979,6.69952917098999,0.1661250217851386,3.4340158485504517
42,61,436143,1,42420481,7.369724145892235e-05,1704,1700,4,0,9.879864246002398,6.704222679138184,0.12628005083869484,2.7393813189338236
42,62,352452,0,42420482,7.369724145892235e-05,1377,1374,3,0,7.713016223999148,6.699264049530029,0.11109652234650769,2.088631042746998
42,63,241000,1,42420483,7.369724145892235e-05,942,941,1,0,5.663620493000053,6.695031642913818,0.14512415368042642,2.4834524026965994
42,64,757931,1,42420484,7.369724145892235e-05,2961,2957,4,0,16.909953112997755,6.7186198234558105,0.08159662994291882,2.291160276462631
42,65,667452,1,42420485,7.369724145892235e-05,2608,2606,2,0,14.73518087499906,6.7147088050842285,0.05962000603137891,1.5809788034223906
42,66,373491,1,42420486,7.369724145892235e-05,1459,1456,3,0,8.280613721999543,6.701327323913574,0.11791783636742896,2.391532143393716
42,67,255796,1,42420487,7.369724145892235e-05,1000,999,1,0,5.603298998001264,6.69569730758667,0.08247211292102649,1.7381964484015264
42,68,187780,1,42420488,7.369724145892235e-05,734,731,3,0,4.184019812997576,6.69293212890625,0.19670050708441988,3.381028369741792
42,69,162407,0,42420489,7.369724145892235e-05,635,632,3,0,3.6137732770002913,6.691255569458008,0.19179033931297593,3.4536808834800237
42,70,235355,0,42420490,7.369724145892235e-05,920,918,2,0,5.240293378999922,6.694142818450928,0.13216934536537053,2.5354062414896514
42,71,323052,1,42420491,7.369724145892235e-05,1262,1258,4,0,7.573299144001794,6.698727130889893,0.11023343424349787,2.377458678519972
42,72,98180,0,42420492,7.369724145892235e-05,384,380,4,0,2.0671393720003834,6.689414024353027,0.27126015111019736,4.341096576891448
42,73,262450,1,42420493,7.369724145892235e-05,1026,1024,2,0,6.06015606100118,6.695997714996338,0.1210196316242218,2.177255153656006
42,74,603827,0,42420494,7.369724145892235e-05,2359,2356,3,0,13.432065652999881,6.7105865478515625,0.11736954331195618,2.77937790979149
42,75,236083,1,42420495,7.369724145892235e-05,923,921,2,0,5.308474146000663,6.694809436798096,0.07814063156078227,1.8363657401516693
42,76,441814,0,42420496,7.369724145892235e-05,1726,1722,4,0,9.732168064001598,6.703657627105713,0.1700294840211237,3.4082147507440474
42,77,648680,1,42420497,7.369724145892235e-05,2534,2531,3,0,14.854789690998587,6.714289665222168,0.040185256891691466,1.1022151493357368
42,78,881094,1,42420498,7.369724145892235e-05,3442,3438,4,0,19.608649141002388,6.724201679229736,0.06540681263123091,2.086824444853476
42,79,306166,1,42420499,7.369724145892235e-05,1196,1194,2,0,7.006502082000225,6.698023796081543,0.1416447957356771,2.7839705117383793
42,80,661445,0,42420500,7.369724145892235e-05,2584,2580,4,0,14.857451263000257,6.7131829261779785,0.08779376126074975,2.3713549236918605
42,81,548725,0,42420501,7.369724145892235e-05,2144,2140,4,0,12.459486807001667,6.708104133605957,0.1088877169885368,2.7604800215391356
42,82,313463,1,42420502,7.369724145892235e-05,1225,1222,3,0,7.228923200997087,6.6982951164245605,0.11013425586656736,2.488618691502148
42,83,449860,1,42420503,7.369724145892235e-05,1758,1757,1,0,9.882909900999948,6.704637050628662,0.05011045383199345,1.2697412081584376
42,84,381590,1,42420504,7.369724145892235e-05,1491,1486,5,0,8.405295182998088,6.701448440551758,0.15172792539943114,3.4164286596778264
42,85,323967,1,42420505,7.369724145892235e-05,1266,1264,2,0,7.198356416000024,6.698768138885498,0.11795998826811585,2.15153889716426
42,86,360767,1,42420506,7.369724145892235e-05,1410,1405,5,0,8.29822594199868,6.701137542724609,0.09968350773604315,2.710132096585854
42,87,461848,0,42420507,7.369724145892235e-05,1805,1801,4,0,10.183376855999086,6.704411506652832,0.15819841434663034,3.4334514137111327
42,88,432222,0,42420508,7.369724145892235e-05,1689,1686,3,0,9.684012255002017,6.703297138214111,0.13843457639429493,3.1105438630634636
42,89,296592,1,42420509,7.369724145892235e-05,1159,1155,4,0,6.724013000999548,6.697807312011719,0.16108464492863908,3.677273150027056
42,90,479627,1,42420510,7.369724145892235e-05,1874,1871,3,0,10.705483144000027,6.706655979156494,0.10269994445180969,2.380398234984634
42,91,587269,1,42420511,7.369724145892235e-05,2295,2290,5,0,12.852476689000468,6.710631370544434,0.14351568097110398,3.108155149768013
42,92,206676,0,42420512,7.369724145892235e-05,808,806,2,0,4.743493044999923,6.693434715270996,0.1757946535020549,3.0828509082273574
42,93,217421,1,42420513,7.369724145892235e-05,850,846,4,0,4.903336344999843,6.694046497344971,0.1383486447886654,2.659885848385786
42,94,885169,1,42420514,7.369724145892235e-05,3458,3456,2,0,19.363417282002047,6.724354267120361,0.03192845759568391,0.9589044782850478
42,95,295224,0,42420515,7.369724145892235e-05,1154,1150,4,0,6.640663381000195,6.696683883666992,0.12269572382387908,2.905673403532609
42,96,547304,1,42420516,7.369724145892235e-05,2138,2136,2,0,12.360257647000253,6.7088303565979,0.07486236943734273,1.9248088022296348
42,97,428994,1,42420517,7.369724145892235e-05,1676,1673,3,0,9.662812691,6.70400857925415,0.10677595303860954,2.601244664804991
42,98,276358,1,42420518,7.369724145892235e-05,1080,1078,2,0,6.196645546999207,6.697348594665527,0.12363755150053629,2.3499375380478895
42,99,491272,1,42420519,7.369724145892235e-05,1920,1916,4,0,10.756279406999965,6.7069220542907715,0.11262972519143886,2.6226003881784967
43,0,926214,1,42430427,5.902041038830258e-05,3619,3615,4,0,20.276987727000233,6.725897789001465,0.06310167325812586,2.0761378371369297
43,1,209678,1,42430428,5.902041038830258e-05,820,815,5,0,4.596214234999934,6.693755149841309,0.1836219085506135,4.420791794478528
43,2,509018,1,42430429,5.902041038830258e-05,1989,1986,3,0,11.248855975998595,6.707324028015137,0.1766437019586323,3.4085770805796827
43,3,411880,0,42430430,5.902041038830258e-05,1609,1607,2,0,9.304502197999682,6.702532768249512,0.14175110243089317,2.891027900396702
43,4,457865,1,42430431,5.902041038830258e-05,1789,1786,3,0,10.147567781001271,6.704878330230713,0.22098374660444953,4.4011594082446805
43,5,276084,0,42430432,5.902041038830258e-05,1079,1076,3,0,6.087532436999027,6.695822715759277,0.18013179169268412,3.2783082869859435
43,6,155981,0,42430433,5.902041038830258e-05,610,607,3,0,3.4621660720004,6.69120979309082,0.22426407891011121,4.031063777414539
43,7,438907,1,42430434,5.902041038830258e-05,1715,1712,3,0,9.993299949001084,6.704305648803711,0.11761650192403347,2.652913601599007
43,8,563122,1,42430435,5.902041038830258e-05,2200,2196,4,0,12.364275350999378,6.7095417976379395,0.08918894227519496,2.2866960257997495
43,9,671047,0,42430436,5.902041038830258e-05,2622,2619,3,0,14.541935933997593,6.713615894317627,0.075006870242101,2.046706460003818
43,10,559874,1,42430437,5.902041038830258e-05,2188,2183,5,0,12.417279732002498,6.709397315979004,0.08923652288949768,2.4677828318254695
43,11,277765,0,42430438,5.902041038830258e-05,1086,1083,3,0,6.049965469999734,6.695899486541748,0.13189680358379502,2.526808128462604
43,12,344014,0,42430439,5.902041038830258e-05,1344,1339,5,0,7.661109311000473,6.698883533477783,0.16701007868657813,3.8317799984830097
43,13,872271,0,42430440,5.902041038830258e-05,3408,3403,5,0,18.975830612002028,6.72271203994751,0.09049618766127773,2.501037687334705
43,14,353613,1,42430441,5.902041038830258e-05,1382,1379,3,0,7.9007336479990045,6.701031684875488,0.14788275062389525,3.269665447674946
43,15,392479,0,42430442,5.902041038830258e-05,1534,1531,3,0,8.728132772001118,6.701803207397461,0.11511500562272922,2.526440062918436
43,16,509253,0,42430443,5.902041038830258e-05,1990,1986,4,0,11.143557794999651,6.70632791519165,0.10310448284475705,2.7341566748489425
43,17,384412,0,42430444,5.902041038830258e-05,1502,1501,1,0,8.450836676001927,6.701499938964844,0.0812118652262424,1.740871645465523
43,18,629973,0,42430445,5.902041038830258e-05,2461,2458,3,0,14.024226948997239,6.712520122528076,0.07641153979631242,2.108227797307262
43,19,621908,1,42430446,5.902041038830258e-05,2430,2428,2,0,13.809135963001609,6.712190628051758,0.07088175715488892,1.6116941348331961
43,20,801121,0,42430447,5.902041038830258e-05,3130,3125,5,0,17.716167198999756,6.719473838806152,0.05378416015625,1.76221640625
43,21,384660,1,42430448,5.902041038830258e-05,1503,1500,3,0,8.679469323000376,6.701502799987793,0.09179512532552084,2.10737158203125
43,22,355766,1,42430449,5.902041038830258e-05,1390,1387,3,0,7.907702954002161,6.70106315612793,0.1677122769290454,3.067692256781723
43,23,360226,0,42430450,5.902041038830258e-05,1408,1403,5,0,8.01289908200124,6.699612617492676,0.08767115075674893,2.548429286573414
43,24,338512,0,42430451,5.902041038830258e-05,1323,1319,4,0,7.517930811001861,6.698635578155518,0.13918347825056862,3.3347991642579604
43,25,185941,0,42430452,5.902041038830258e-05,727,725,2,0,4.091658476998418,6.692964553833008,0.15133997423895473,2.3069733297413793
43,26,561149,0,42430453,5.902041038830258e-05,2192,2187,5,0,12.424354329999915,6.7086639404296875,0.09442408683368698,2.4775910833190444
43,27,372819,0,42430454,5.902041038830258e-05,1457,1455,2,0,7.970136854000884,6.701064586639404,0.09256024442587521,2.1694995368878867
43,28,107522,1,42430455,5.902041038830258e-05,421,418,3,0,2.410620149999886,6.689067363739014,0.205021160070976,3.5033770839563396
43,29,284527,1,42430456,5.902041038830258e-05,1112,1110,2,0,6.2415859549983,6.69753360748291,0.11440312153584248,2.481197652730856
43,30,1333839,0,42430457,5.902041038830258e-05,5211,5208,3,0,29.419851055001345,6.743468761444092,0.05190416561659946,1.549346220658122
43,31,427651,1,42430458,5.902041038830258e-05,1671,1667,4,0,9.500003821001883,6.703967571258545,0.10946118881692411,2.6562830988489803
43,32,648608,0,42430459,5.902041038830258e-05,2534,2532,2,0,14.48613587699947,6.712804317474365,0.041385153458581715,1.245683377764613
43,33,428065,0,42430460,5.902041038830258e-05,1673,1669,4,0,9.361505478998879,6.703141689300537,0.14983080389115394,4.068549245899491
43,34,375085,0,42430461,5.902041038830258e-05,1466,1462,4,0,8.093515062999359,6.7011494636535645,0.15820637088467746,3.4199025040612177
43,35,882461,0,42430462,5.902041038830258e-05,3448,3445,3,0,19.294990073001827,6.723137378692627,0.04032274309886384,1.372327421988389
43,36,569144,0,42430463,5.902041038830258e-05,2224,2222,2,0,12.568283706998045,6.709024429321289,0.04033359077790103,1.0002463381103734
43,37,314555,0,42430464,5.902041038830258e-05,1229,1226,3,0,7.153046917999745,6.697554588317871,0.15389205658805313,3.614968727696778
43,38,436745,0,42430465,5.902041038830258e-05,1707,1703,4,0,9.905188391003321,6.703468322753906,0.10903434283020773,2.9010073560444805
43,39,261664,0,42430466,5.902041038830258e-05,1023,1020,3,0,5.92094080699826,6.6951727867126465,0.16094737333409925,3.0941731770833334
43,40,638454,1,42430467,5.902041038830258e-05,2494,2491,3,0,14.106358662000275,6.712934970855713,0.05831500604324004,1.548873797232537
43,41,398139,1,42430468,5.902041038830258e-05,1556,1554,2,0,8.700210285001958,6.70307731628418,0.11921603523166023,2.4414230601974745
43,42,242816,0,42430469,5.902041038830258e-05,949,946,3,0,5.225819901999785,6.694367408752441,0.16516593949235267,3.537592752791358
43,43,323428,0,42430470,5.902041038830258e-05,1264,1261,3,0,7.052963739999541,6.697955131530762,0.1512418379394144,2.848806866760012
43,44,451037,0,42430471,5.902041038830258e-05,1762,1760,2,0,9.996241910997924,6.704004764556885,0.09319473613392223,2.2575232765891333
43,45,265076,0,42430472,5.902041038830258e-05,1036,1034,2,0,5.716545142997347,6.695326805114746,0.09723287025318847,2.2406112110130563
43,46,266508,1,42430473,5.902041038830258e-05,1042,1039,3,0,5.790378628997132,6.697124481201172,0.1624699465005414,3.390083614051973
43,47,506010,0,42430474,5.902041038830258e-05,1977,1974,3,0,11.13881715000025,6.706181049346924,0.15826762314383866,3.402097877881206
43,48,303421,0,42430475,5.902041038830258e-05,1186,1183,3,0,6.758841711001878,6.697052955627441,0.17785328520825627,3.8187221807639475
43,49,209704,0,42430476,5.902041038830258e-05,820,817,3,0,4.517463365998992,6.693503379821777,0.34789273321555614,5.742704468520502
43,50,548954,1,42430477,5.902041038830258e-05,2145,2141,4,0,11.892036012999597,6.708904266357422,0.11045662792193338,2.7641120351179356
43,51,554220,0,42430478,5.902041038830258e-05,2165,2163,2,0,12.38773148999826,6.708352088928223,0.07752099039374928,1.8651261314219256
43,52,239391,0,42430479,5.902041038830258e-05,936,933,3,0,5.543606333001662,6.694264888763428,0.18724414952187166,3.973970370277331
43,53,490494,0,42430480,5.902041038830258e-05,1916,1911,5,0,10.76230139999825,6.705489158630371,0.10965664482815361,2.7654829359628468
43,54,160756,1,42430481,5.902041038830258e-05,628,625,3,0,3.499193698000454,6.694826126098633,0.157640283203125,3.215837890625
43,55,166616,1,42430482,5.902041038830258e-05,651,648,3,0,3.7806770679999318,6.694218158721924,0.18560377756754556,3.683803982204861
43,56,349089,1,42430483,5.902041038830258e-05,1364,1362,2,0,7.895290824002586,6.699900150299072,0.0832990906837228,1.5793324385095449
43,57,813153,1,42430484,5.902041038830258e-05,3177,3174,3,0,17.663842066998768,6.721647262573242,0.054406923848123914,1.458902687116021
43,58,309917,0,42430485,5.902041038830258e-05,1211,1209,2,0,6.5978785890001745,6.697347164154053,0.18163784837998861,3.640507069375517
43,59,355009,0,42430486,5.902041038830258e-05,1387,1386,1,0,7.931010921001871,6.6993794441223145,0.1047425703568892,2.0723459483225106
43,60,340859,1,42430487,5.902041038830258e-05,1332,1328,4,0,7.538988930999039,6.69952917098999,0.1813145832843091,3.719409620905497
43,61,436143,1,42430488,5.902041038830258e-05,1704,1701,3,0,9.736017089999223,6.704222679138184,0.13394644062775574,2.907210200341711
43,62,352452,0,42430489,5.902041038830258e-05,1377,1375,2,0,7.884969544000342,6.699264049530029,0.11901398259943181,2.205112393465909
43,63,241000,1,42430490,5.902041038830258e-05,942,940,2,0,5.462453366999398,6.695031642913818,0.15624808453499003,2.606687375332447
43,64,757931,1,42430491,5.902041038830258e-05,2961,2958,3,0,16.849564821997774,6.7186198234558105,0.08995569937127598,2.4340470361097024
43,65,667452,1,42430492,5.902041038830258e-05,2608,2605,3,0,14.756849993998912,6.7147088050842285,0.0652679209059351,1.681709228047025
43,66,373491,1,42430493,5.902041038830258e-05,1459,1456,3,0,8.032121423999342,6.701327323913574,0.1258116921225747,2.5705504365019745
43,67,255796,1,42430494,5.902041038830258e-05,1000,998,2,0,5.558445408998523,6.69569730758667,0.08879295761934024,1.834544210491295
43,68,187780,1,42430495,5.902041038830258e-05,734,731,3,0,4.171543209002266,6.69293212890625,0.21030458379868117,3.7063943468921
43,69,162407,0,42430496,5.902041038830258e-05,635,632,3,0,3.67753861300298,6.691255569458008,0.21048050892503956,3.7084543735166138
43,70,235355,0,42430497,5.902041038830258e-05,920,918,2,0,5.172533667999232,6.694142818450928,0.14359833628004154,2.659354681542756
43,71,323052,1,42430498,5.902041038830258e-05,1262,1258,4,0,7.332414094998967,6.698727130889893,0.11810485888361362,2.5396237517388713
43,72,98180,0,42430499,5.902041038830258e-05,384,381,3,0,2.0888168989986298,6.689414024353027,0.29612419548935776,4.819029960732448
43,73,262450,1,42430500,5.902041038830258e-05,1026,1024,2,0,5.844111703998351,6.695997714996338,0.12820026278495789,2.3156933784484863
43,74,603827,0,42430501,5.902041038830258e-05,2359,2356,3,0,13.283309272002953,6.7105865478515625,0.1279948547052406,2.963206474161715
43,75,236083,1,42430502,5.902041038830258e-05,923,921,2,0,5.160104606999084,6.694809436798096,0.08343654968062907,1.966557505853013
43,76,441814,0,42430503,5.902041038830258e-05,1726,1722,4,0,9.820523452999623,6.703657627105713,0.18275102533391405,3.658287340755662
43,77,648680,1,42430504,5.902041038830258e-05,2534,2531,3,0,14.438901187997544,6.714289665222168,0.04244539041568149,1.1697799821278645
43,78,881094,1,42430505,5.902041038830258e-05,3442,3438,4,0,19.269197952002287,6.724201679229736,0.07084473348620883,2.2533502229221205
43,79,306166,1,42430506,5.902041038830258e-05,1196,1194,2,0,6.834244473997387,6.698023796081543,0.1527197500768818,2.976236161275126
43,80,661445,0,42430507,5.902041038830258e-05,2584,2580,4,0,14.827896129001601,6.7131829261779785,0.09446971804596657,2.5443154978197673
43,81,548725,0,42430508,5.902041038830258e-05,2144,2140,4,0,11.668913995999901,6.708104133605957,0.1177657225421656,2.999373448452103
43,82,313463,1,42430509,5.902041038830258e-05,1225,1222,3,0,6.714697825002077,6.6982951164245605,0.11762949292671465,2.7131489505549307
43,83,449860,1,42430510,5.902041038830258e-05,1758,1757,1,0,9.737570576999133,6.704637050628662,0.052678954418097695,1.3213074043113262
43,84,381590,1,42430511,5.902041038830258e-05,1491,1486,5,0,8.214040124999883,6.701448440551758,0.1653090794025488,3.7658218240031966
43,85,323967,1,42430512,5.902041038830258e-05,1266,1264,2,0,7.203482898999937,6.698768138885498,0.12532577031775366,2.2842022859597506
43,86,360767,1,42430513,5.902041038830258e-05,1410,1405,5,0,8.05921077899984,6.701137542724609,0.10834830613322954,3.0038923487544484
43,87,461848,0,42430514,5.902041038830258e-05,1805,1801,4,0,10.280427511999733,6.704411506652832,0.17282446777072633,3.6608400064200444
43,88,432222,0,42430515,5.902041038830258e-05,1689,1686,3,0,9.426002435000555,6.703297138214111,0.15023097788311832,3.2999691855723605
43,89,296592,1,42430516,5.902041038830258e-05,1159,1155,4,0,6.461840276999283,6.697807312011719,0.1784974597749256,4.11350192775974
43,90,479627,1,42430517,5.902041038830258e-05,1874,1871,3,0,10.858784451000247,6.706655979156494,0.11132203290196169,2.571271316308124
43,91,587269,1,42430518,5.902041038830258e-05,2295,2291,4,0,12.998159982998914,6.710631370544434,0.15459313927545967,3.3553979907791356
43,92,206676,0,42430519,5.902041038830258e-05,808,806,2,0,4.612267724998674,6.693434715270996,0.18729332481365346,3.28092771014268
43,93,217421,1,42430520,5.902041038830258e-05,850,846,4,0,4.829500116997224,6.694046497344971,0.14908947054094174,2.881083892028664
43,94,885169,1,42430521,5.902041038830258e-05,3458,3456,2,0,19.533129565999843,6.724354267120361,0.03489571147494846,1.0173382935700592
43,95,295224,0,42430522,5.902041038830258e-05,1154,1150,4,0,6.473953634998907,6.696683883666992,0.13063929018766984,3.132449898097826
43,96,547304,1,42430523,5.902041038830258e-05,2138,2136,2,0,11.835043101000338,6.7088303565979,0.07930672749151452,2.0476551984579823
43,97,428994,1,42430524,5.902041038830258e-05,1676,1673,3,0,9.136850363996928,6.70400857925415,0.11586979913341022,2.8174353472429767
43,98,276358,1,42430525,5.902041038830258e-05,1080,1078,2,0,6.038250756002526,6.697348594665527,0.1320181653760581,2.4970295469039887
43,99,491272,1,42430526,5.902041038830258e-05,1920,1916,4,0,10.84007237500191,6.7069220542907715,0.12150309329739692,2.7998650855460596
44,0,926214,1,42440434,4.617620511371929e-05,3619,3615,4,0,20.05822719000207,6.725897789001465,0.06871508417617565,2.240805454702628
44,1,209678,1,42440435,4.617620511371929e-05,820,815,5,0,4.566566856003192,6.693755149841309,0.19931517056892253,4.928051308473926
44,2,509018,1,42440436,4.617620511371929e-05,1989,1986,3,0,11.25503011299952,6.707324028015137,0.19099947188916164,3.6733993422708964
44,3,411880,0,42440437,4.617620511371929e-05,1609,1606,3,0,9.18876676400032,6.702532768249512,0.1550341899487031,3.1335403613402866
44,4,457865,1,42440438,4.617620511371929e-05,1789,1785,4,0,9.768323739001062,6.704878330230713,0.2434155034083946,4.802426361169468
44,5,276084,0,42440439,4.617620511371929e-05,1079,1076,3,0,6.051425850000669,6.695822715759277,0.19680383391539846,3.547725861843634
44,6,155981,0,42440440,4.617620511371929e-05,610,607,3,0,3.517269366999244,6.69120979309082,0.2483554695544172,4.42375894511944
44,7,438907,1,42440441,4.617620511371929e-05,1715,1713,2,0,9.906141310002567,6.704305648803711,0.12706270679979387,2.8130481405976355
44,8,563122,1,42440442,4.617620511371929e-05,2200,2196,4,0,12.390086734998476,6.7095417976379395,0.09630290102654684,2.447633614739868
44,9,671047,0,42440443,4.617620511371929e-05,2622,2619,3,0,14.731246111998189,6.713615894317627,0.08148672272113044,2.191669873401107
44,10,559874,1,42440444,4.617620511371929e-05,2188,2184,4,0,12.029289879999851,6.709397315979004,0.0972918206518823,2.695259289863782
44,11,277765,0,42440445,4.617620511371929e-05,1086,1084,2,0,6.141178732999833,6.695899486541748,0.1421933754783715,2.6963106838099633
44,12,344014,0,42440446,4.617620511371929e-05,1344,1339,5,0,7.530264391003584,6.698883533477783,0.18253102491291892,4.178438535637603
44,13,872271,0,42440447,4.617620511371929e-05,3408,3403,5,0,19.03806468699986,6.72271203994751,0.10015284437100536,2.723064896782251
44,14,353613,1,42440448,4.617620511371929e-05,1382,1379,3,0,7.767280554999161,6.701031684875488,0.16123558525765955,3.576457620445069
44,15,392479,0,42440449,4.617620511371929e-05,1534,1532,2,0,8.645695115999843,6.701803207397461,0.12463238469614372,2.6807982442273173
44,16,509253,0,42440450,4.617620511371929e-05,1990,1986,4,0,11.289666200998909,6.70632791519165,0.11227917166995138,2.95343921119713
44,17,384412,0,42440451,4.617620511371929e-05,1502,1501,1,0,8.158250455999223,6.701499938964844,0.09028790173413037,1.8937376709797635
44,18,629973,0,42440452,4.617620511371929e-05,2461,2458,3,0,13.71563994799726,6.712520122528076,0.08373176071874683,2.289393450594996
44,19,621908,1,42440453,4.617620511371929e-05,2430,2428,2,0,13.406388968000101,6.712190628051758,0.07712165292051715,1.7307792550453047
44,20,801121,0,42440454,4.617620511371929e-05,3130,3125,5,0,17.752347682999243,6.719473838806152,0.0600086376953125,1.95190328125
44,21,384660,1,42440455,4.617620511371929e-05,1503,1500,3,0,8.444094280999707,6.701502799987793,0.10012553914388021,2.2857815755208333
44,22,355766,1,42440456,4.617620511371929e-05,1390,1387,3,0,7.577105783999286,6.70106315612793,0.18354075678665172,3.3402348678577867
44,23,360226,0,42440457,4.617620511371929e-05,1408,1403,5,0,7.761002601000655,6.699612617492676,0.09773929783555328,2.83452120595376
44,24,338512,0,42440458,4.617620511371929e-05,1323,1319,4,0,7.615971495000849,6.698635578155518,0.15132764652879785,3.5796646222280137
44,25,185941,0,42440459,4.617620511371929e-05,727,725,2,0,4.228720289000194,6.692964553833008,0.16405923777613146,2.44751919450431
44,26,561149,0,42440460,4.617620511371929e-05,2192,2188,4,0,12.23864235200017,6.7086639404296875,0.10180237262732804,2.6650147377028106
44,27,372819,0,42440461,4.617620511371929e-05,1457,1455,2,0,8.175037023000186,6.701064586639404,0.09903409243449313,2.3055159001825603
44,28,107522,1,42440462,4.617620511371929e-05,421,418,3,0,2.372422696000285,6.689067363739014,0.22442982869855524,3.8063474226226077
44,29,284527,1,42440463,4.617620511371929e-05,1112,1110,2,0,6.267759587997716,6.69753360748291,0.12477902249173001,2.621852125563063
44,30,1333839,0,42440464,4.617620511371929e-05,5211,5207,4,0,28.996243210000102,6.743468761444092,0.056597811305319164,1.6642826813664298
44,31,427651,1,42440465,4.617620511371929e-05,1671,1667,4,0,9.408366749001289,6.703967571258545,0.11816039196945767,2.864422135104229
44,32,648608,0,42440466,4.617620511371929e-05,2534,2531,3,0,14.026049074000184,6.712804317474365,0.045939601866542376,1.3455585312438265
44,33,428065,0,42440467,4.617620511371929e-05,1673,1668,5,0,9.53759400600029,6.703141689300537,0.16622758311905164,4.464837895308753
44,34,375085,0,42440468,4.617620511371929e-05,1466,1462,4,0,8.265832181001315,6.7011494636535645,0.17410543418289373,3.658447599606703
44,35,882461,0,42440469,4.617620511371929e-05,3448,3445,3,0,19.13478573300017,6.723137378692627,0.043048702511282205,1.461988474011248
44,36,569144,0,42440470,4.617620511371929e-05,2224,2222,2,0,12.44673694100129,6.709024429321289,0.04361134966035666,1.0676913394464447
44,37,314555,0,42440471,4.617620511371929e-05,1229,1225,4,0,6.912317561000236,6.697554588317871,0.16925993004623724,3.9569435586734696
44,38,436745,0,42440472,4.617620511371929e-05,1707,1703,4,0,10.235368489000393,6.703468322753906,0.11572019226468457,3.1695852677260716
44,39,261664,0,42440473,4.617620511371929e-05,1023,1019,4,0,5.841341965002357,6.6951727867126465,0.1771103369476049,3.3546100650147204
44,40,638454,1,42440474,4.617620511371929e-05,2494,2491,3,0,14.187215320998803,6.712934970855713,0.06377171072697649,1.6430484705878663
44,41,398139,1,42440475,4.617620511371929e-05,1556,1554,2,0,8.848303665999993,6.70307731628418,0.12718159443623311,2.5905350104568856
44,42,242816,0,42440476,4.617620511371929e-05,949,946,3,0,5.140957814997819,6.694367408752441,0.18319390843332947,3.8321788699127906
44,43,323428,0,42440477,4.617620511371929e-05,1264,1262,2,0,7.002045653000096,6.697955131530762,0.16242455000355957,3.0702476924648376
44,44,451037,0,42440478,4.617620511371929e-05,1762,1759,3,0,9.759845151998888,6.704004764556885,0.10400020215509967,2.4561629476975555
44,45,265076,0,42440479,4.617620511371929e-05,1036,1034,2,0,5.6267995849993895,6.695326805114746,0.10485079855706751,2.392192316700919
44,46,266508,1,42440480,4.617620511371929e-05,1042,1039,3,0,5.761595526000747,6.697124481201172,0.17510481128564123,3.723906795145573
44,47,506010,0,42440481,4.617620511371929e-05,1977,1974,3,0,11.28950205000001,6.706181049346924,0.1747911447449658,3.68078007258422
44,48,303421,0,42440482,4.617620511371929e-05,1186,1183,3,0,6.632005462997768,6.697052955627441,0.20113443098930817,4.218003751056636
44,49,209704,0,42440483,4.617620511371929e-05,820,817,3,0,4.507388477999484,6.693503379821777,0.3783245110015682,6.224380474487454
44,50,548954,1,42440484,4.617620511371929e-05,2145,2141,4,0,11.969949114998599,6.708904266357422,0.11919235949313624,2.970017113790285
44,51,554220,0,42440485,4.617620511371929e-05,2165,2163,2,0,11.864529911999853,6.708352088928223,0.08463145206220382,1.984959447598821
44,52,239391,0,42440486,4.617620511371929e-05,936,933,3,0,5.2726513749985315,6.694264888763428,0.2122371465063555,4.414083433815648
44,53,490494,0,42440487,4.617620511371929e-05,1916,1911,5,0,10.587182650000614,6.705489158630371,0.12194444146348443,3.0316782361983257
44,54,160756,1,42440488,4.617620511371929e-05,628,625,3,0,3.5306946090022393,6.694826126098633,0.1748042724609375,3.57702890625
44,55,166616,1,42440489,4.617620511371929e-05,651,648,3,0,3.784891039998911,6.694218158721924,0.2018185603765794,4.066695225091628
44,56,349089,1,42440490,4.617620511371929e-05,1364,1362,2,0,7.6585707220001495,6.699900150299072,0.09184494242619137,1.7039583405033958
44,57,813153,1,42440491,4.617620511371929e-05,3177,3174,3,0,18.11122220499965,6.721647262573242,0.0597703112846812,1.576084802792218
44,58,309917,0,42440492,4.617620511371929e-05,1211,1208,3,0,6.815012914001272,6.697347164154053,0.19703294109824476,3.9204392591059603
44,59,355009,0,42440493,4.617620511371929e-05,1387,1386,1,0,7.616722189999564,6.6993794441223145,0.1148719292182427,2.239617329827291
44,60,340859,1,42440494,4.617620511371929e-05,1332,1329,3,0,7.578078972997901,6.69952917098999,0.19896847830399972,4.004455153075621
44,61,436143,1,42440495,4.617620511371929e-05,1704,1701,3,0,10.367666224999994,6.704222679138184,0.14331277155441652,3.084886590149177
44,62,352452,0,42440496,4.617620511371929e-05,1377,1375,2,0,7.677006633999554,6.699264049530029,0.13004786265980114,2.3459827769886363
44,63,241000,1,42440497,4.617620511371929e-05,942,940,2,0,5.164504443000624,6.695031642913818,0.16730570691697141,2.798423994348404
44,64,757931,1,42440498,4.617620511371929e-05,2961,2958,3,0,16.51471454000057,6.7186198234558105,0.09690056337223736,2.6279686443542936
44,65,667452,1,42440499,4.617620511371929e-05,2608,2605,3,0,14.787996134000423,6.7147088050842285,0.07233571585217731,1.8156184395993282
44,66,373491,1,42440500,4.617620511371929e-05,1459,1456,3,0,8.32828218800205,6.701327323913574,0.1353688502049708,2.708680876008757
44,67,255796,1,42440501,4.617620511371929e-05,1000,998,2,0,5.625539761997061,6.69569730758667,0.09482708244858859,1.954693199876315
44,68,187780,1,42440502,4.617620511371929e-05,734,731,3,0,4.044637596998655,6.69293212890625,0.2302245676272871,3.9945647817629957
44,69,162407,0,42440503,4.617620511371929e-05,635,632,3,0,3.504413899998326,6.691255569458008,0.23736835431449022,4.174440794353243
44,70,235355,0,42440504,4.617620511371929e-05,920,918,2,0,5.067659737000213,6.694142818450928,0.15802601999187263,2.8828018620642704
44,71,323052,1,42440505,4.617620511371929e-05,1262,1258,4,0,7.107506302003458,6.698727130889893,0.12921593791919217,2.781280857201411
44,72,98180,0,42440506,4.617620511371929e-05,384,380,4,0,2.0698216190030507,6.689414024353027,0.3223494278757196,5.356498637952303
44,73,262450,1,42440507,4.617620511371929e-05,1026,1024,2,0,5.511658453000564,6.695997714996338,0.13774098455905914,2.437037706375122
44,74,603827,0,42440508,4.617620511371929e-05,2359,2356,3,0,13.122111091000988,6.7105865478515625,0.1391295220936903,3.1837574775838284
44,75,236083,1,42440509,4.617620511371929e-05,923,921,2,0,5.204806044999714,6.694809436798096,0.09104718965246675,2.1150936163986156
44,76,441814,0,42440510,4.617620511371929e-05,1726,1722,4,0,9.841497220997553,6.703657627105713,0.19727487597315985,4.013145313861063
44,77,648680,1,42440511,4.617620511371929e-05,2534,2532,2,0,14.10988081799951,6.714289665222168,0.04522738223203927,1.2444762701483512
44,78,881094,1,42440512,4.617620511371929e-05,3442,3438,4,0,18.927710865002155,6.724201679229736,0.07732681176772015,2.413978421320535
44,79,306166,1,42440513,4.617620511371929e-05,1196,1194,2,0,6.5623221099995135,6.698023796081543,0.1638385127337534,3.192320448269996
44,80,661445,0,42440514,4.617620511371929e-05,2584,2580,4,0,14.754178883002169,6.7131829261779785,0.10288243256798087,2.765239484920058
44,81,548725,0,42440515,4.617620511371929e-05,2144,2140,4,0,12.420469165997929,6.708104133605957,0.12912590525974738,3.266629170925818
44,82,313463,1,42440516,4.617620511371929e-05,1225,1223,2,0,6.995814571000665,6.6982951164245605,0.12733561780154462,2.9213733439160876
44,83,449860,1,42440517,4.617620511371929e-05,1758,1756,2,0,9.785290910000185,6.704637050628662,0.0568566029055515,1.4058786448693765
44,84,381590,1,42440518,4.617620511371929e-05,1491,1486,5,0,8.08654898199893,6.701448440551758,0.18062114073803415,4.186633842950875
44,85,323967,1,42440519,4.617620511371929e-05,1266,1264,2,0,7.0357476150020375,6.698768138885498,0.1327174826513363,2.450119791151602
44,86,360767,1,42440520,4.617620511371929e-05,1410,1405,5,0,7.827504938999482,6.701137542724609,0.1199102652878948,3.3089704737544485
44,87,461848,0,42440521,4.617620511371929e-05,1805,1801,4,0,9.910165297998901,6.704411506652832,0.188316129168691,3.9587796818607717
44,88,432222,0,42440522,4.617620511371929e-05,1689,1686,3,0,9.881675138996798,6.703297138214111,0.16479582690400726,3.551084181309312
44,89,296592,1,42440523,4.617620511371929e-05,1159,1155,4,0,6.441266630001337,6.697807312011719,0.19636575277749593,4.529981314258658
44,90,479627,1,42440524,4.617620511371929e-05,1874,1871,3,0,10.510473621001438,6.706655979156494,0.12082584448385723,2.7295028874098075
44,91,587269,1,42440525,4.617620511371929e-05,2295,2291,4,0,12.675572149997606,6.710631370544434,0.16830656134057181,3.6378274532136623
44,92,206676,0,42440526,4.617620511371929e-05,808,806,2,0,4.486616000001959,6.693434715270996,0.20279720107615734,3.5048610034119108
44,93,217421,1,42440527,4.617620511371929e-05,850,846,4,0,4.695096894000017,6.694046497344971,0.1649385997871417,3.161733063682033
44,94,885169,1,42440528,4.617620511371929e-05,3458,3455,3,0,19.077780135001376,6.724354267120361,0.03876998614298797,1.0821846593478655
44,95,295224,0,42440529,4.617620511371929e-05,1154,1150,4,0,6.365466218001529,6.696683883666992,0.14216198465098506,3.4238871433423914
44,96,547304,1,42440530,4.617620511371929e-05,2138,2136,2,0,12.428451510000741,6.7088303565979,0.08473557747258675,2.159926282332631
44,97,428994,1,42440531,4.617620511371929e-05,1676,1674,2,0,9.611826483996992,6.70400857925415,0.12594725723904662,3.0021505959714756
44,98,276358,1,42440532,4.617620511371929e-05,1080,1078,2,0,6.050382919002004,6.697348594665527,0.1413990084448197,2.67470798244724
44,99,491272,1,42440533,4.617620511371929e-05,1920,1917,3,0,10.836701143998653,6.7069220542907715,0.13101989077477014,3.016995091206964
45,0,926214,1,42450441,3.521740522971908e-05,3619,3615,4,0,19.989657989997795,6.725897789001465,0.07437705307745505,2.405067859612725
45,1,209678,1,42450442,3.521740522971908e-05,820,815,5,0,4.527632278997771,6.693755149841309,0.22823070689944402,5.594516272047546
45,2,509018,1,42450443,3.521740522971908e-05,1989,1985,4,0,11.128476481000689,6.707324028015137,0.2108764033473709,4.064444023535894
45,3,411880,0,42450444,3.521740522971908e-05,1609,1607,2,0,8.730347001001064,6.702532768249512,0.1717806746667412,3.375940100925638
45,4,457865,1,42450445,3.521740522971908e-05,1789,1786,3,0,10.340110195997113,6.704878330230713,0.2730144915094835,5.328979082096865
45,5,276084,0,42450446,3.521740522971908e-05,1079,1076,3,0,6.047724266001751,6.695822715759277,0.22029476803917866,3.9298118392774164
45,6,155981,0,42450447,3.521740522971908e-05,610,606,4,0,3.388454104999255,6.69120979309082,0.2797921309770137,4.981870745668317
45,7,438907,1,42450448,3.521740522971908e-05,1715,1712,3,0,9.830656205998821,6.704305648803711,0.13993929034081576,2.997886301201081
45,8,563122,1,42450449,3.521740522971908e-05,2200,2196,4,0,12.376006524998957,6.7095417976379395,0.10507733009769182,2.630765765525387
45,9,671047,0,42450450,3.521740522971908e-05,2622,2618,4,0,14.979123275999882,6.713615894317627,0.09075618828408494,2.3938849954044117
45,10,559874,1,42450451,3.521740522971908e-05,2188,2184,4,0,12.423995741999533,6.709397315979004,0.10588369963369963,2.9325047307835392
45,11,277765,0,42450452,3.521740522971908e-05,1086,1083,3,0,6.0678433460016095,6.695899486541748,0.15754055822765178,2.9099434441366574
45,12,344014,0,42450453,3.521740522971908e-05,1344,1339,5,0,7.554575800000748,6.698883533477783,0.20523962429693335,4.725380268623973
45,13,872271,0,42450454,3.521740522971908e-05,3408,3403,5,0,18.916002554000443,6.72271203994751,0.11107564427871547,3.0402669175176316
45,14,353613,1,42450455,3.521740522971908e-05,1382,1379,3,0,8.003590599997551,6.701031684875488,0.17582582027000998,3.9148163439312906
45,15,392479,0,42450456,3.521740522971908e-05,1534,1531,3,0,8.397916849000467,6.701803207397461,0.1358245411081146,2.9025427620836055
45,16,509253,0,42450457,3.521740522971908e-05,1990,1986,4,0,11.280529910000041,6.70632791519165,0.12543827145241299,3.266460437909114
45,17,384412,0,42450458,3.521740522971908e-05,1502,1500,2,0,8.633592586000304,6.701499938964844,0.10002072143554687,2.0105548502604167
45,18,629973,0,42450459,3.521740522971908e-05,2461,2458,3,0,13.832274166998104,6.712520122528076,0.09301048880965851,2.531555126118796
45,19,621908,1,42450460,3.521740522971908e-05,2430,2428,2,0,13.721551178001391,6.712190628051758,0.08464164042590674,1.840428561315898
45,20,801121,0,42450461,3.521740522971908e-05,3130,3125,5,0,17.544592757996725,6.719473838806152,0.066913056640625,2.16935796875
45,21,384660,1,42450462,3.521740522971908e-05,1503,1501,2,0,8.750949831999606,6.701502799987793,0.11076706715379851,2.4796730565039975
45,22,355766,1,42450463,3.521740522971908e-05,1390,1387,3,0,7.914224681000633,6.70106315612793,0.20018017472512617,3.5939622808895098
45,23,360226,0,42450464,3.521740522971908e-05,1408,1403,5,0,8.062160940000467,6.699612617492676,0.10990794828255858,3.11030945128742
45,24,338512,0,42450465,3.521740522971908e-05,1323,1319,4,0,7.353449720998469,6.698635578155518,0.16758441129717708,3.911866159851213
45,25,185941,0,42450466,3.521740522971908e-05,727,726,1,0,3.935695479998685,6.692964553833008,0.18363465028032455,2.6318093712336434
45,26,561149,0,42450467,3.521740522971908e-05,2192,2188,4,0,12.227835090001463,6.7086639404296875,0.11183222992110732,2.9312710666133457
45,27,372819,0,42450468,3.521740522971908e-05,1457,1455,2,0,8.06984721399931,6.701064586639404,0.10827840169270833,2.469163277222938
45,28,107522,1,42450469,3.521740522971908e-05,421,417,4,0,2.2581713479994505,6.689067363739014,0.2476688449045451,4.227360201682404
45,29,284527,1,42450470,3.521740522971908e-05,1112,1110,2,0,6.2346670429978985,6.69753360748291,0.13782678552576014,2.7932727160754505
45,30,1333839,0,42450471,3.521740522971908e-05,5211,5208,3,0,28.756036058999598,6.743468761444092,0.06272686022217921,1.803466796875
45,31,427651,1,42450472,3.521740522971908e-05,1671,1666,5,0,9.139551202999428,6.703967571258545,0.12816531947251558,3.1453088071165967
45,32,648608,0,42450473,3.521740522971908e-05,2534,2532,2,0,14.357242010999471,6.712804317474365,0.05166343339434921,1.4800846045616114
45,33,428065,0,42450474,3.521740522971908e-05,1673,1669,4,0,9.216427526996995,6.703141689300537,0.1909791136159377,4.9809719517675255
45,34,375085,0,42450475,3.521740522971908e-05,1466,1462,4,0,8.110802765997505,6.7011494636535645,0.19303843945713278,3.975070269750342
45,35,882461,0,42450476,3.521740522971908e-05,3448,3445,3,0,19.48602961299912,6.723137378692627,0.04738741626933282,1.5608119217162555
45,36,569144,0,42450477,3.521740522971908e-05,2224,2223,1,0,12.578976619999594,6.709024429321289,0.04676194562066851,1.1296425157444894
45,37,314555,0,42450478,3.521740522971908e-05,1229,1226,3,0,6.90166800100269,6.697554588317871,0.18963295717223821,4.367461511011419
45,38,436745,0,42450479,3.521740522971908e-05,1707,1702,5,0,9.676629251000122,6.703468322753906,0.1290939456567641,3.5054497007197414
45,39,261664,0,42450480,3.521740522971908e-05,1023,1020,3,0,5.565280697999697,6.6951727867126465,0.1950766918705959,3.6568646599264705
45,40,638454,1,42450481,3.521740522971908e-05,2494,2491,3,0,14.147933983000257,6.712934970855713,0.07099690355004579,1.754497636804998
45,41,398139,1,42450482,3.521740522971908e-05,1556,1553,3,0,8.609390522997273,6.70307731628418,0.13909065163066445,2.7640846974605604
45,42,242816,0,42450483,3.521740522971908e-05,949,946,3,0,5.254980036999768,6.694367408752441,0.20478265935724432,4.260901162790698
45,43,323428,0,42450484,3.521740522971908e-05,1264,1262,2,0,7.176467984998453,6.697955131530762,0.17702630431451813,3.2662850695820125
45,44,451037,0,42450485,3.521740522971908e-05,1762,1760,2,0,10.200830015000975,6.704004764556885,0.11597077629782937,2.694488525390625
45,45,265076,0,42450486,3.521740522971908e-05,1036,1034,2,0,5.784529455002485,6.695326805114746,0.11425358460535164,2.5722512221198017
45,46,266508,1,42450487,3.521740522971908e-05,1042,1038,4,0,5.778625890998228,6.697124481201172,0.19276639905279083,4.071732184790463
45,47,506010,0,42450488,3.521740522971908e-05,1977,1974,3,0,11.168303593000019,6.706181049346924,0.19552242816279602,4.022050820827001
45,48,303421,0,42450489,3.521740522971908e-05,1186,1183,3,0,6.6913190340019355,6.697052955627441,0.22449272200906065,4.609819942677515
45,49,209704,0,42450490,3.521740522971908e-05,820,817,3,0,4.482381277997774,6.693503379821777,0.42666416798548423,6.951009911451958
45,50,548954,1,42450491,3.521740522971908e-05,2145,2141,4,0,12.25826775799942,6.708904266357422,0.13061700185733885,3.212851170232952
45,51,554220,0,42450492,3.521740522971908e-05,2165,2163,2,0,12.360896253998362,6.708352088928223,0.092968218093992,2.1314327612112804
45,52,239391,0,42450493,3.521740522971908e-05,936,933,3,0,5.197962754002219,6.694264888763428,0.2471135539129488,4.959759972869775
45,53,490494,0,42450494,3.521740522971908e-05,1916,1911,5,0,10.724068728999555,6.705489158630371,0.13691972525939464,3.353653600863422
45,54,160756,1,42450495,3.521740522971908e-05,628,625,3,0,3.494640637996781,6.694826126098633,0.1994779052734375,4.020809375
45,55,166616,1,42450496,3.521740522971908e-05,651,648,3,0,3.727856415000133,6.694218158721924,0.23346905649444202,4.506444860387732
45,56,349089,1,42450497,3.521740522971908e-05,1364,1363,1,0,7.608580952997727,6.699900150299072,0.10093016145164618,1.8313694014237893
45,57,813153,1,42450498,3.521740522971908e-05,3177,3174,3,0,18.04409637200297,6.721647262573242,0.06685420170323084,1.712994773206128
45,58,309917,0,42450499,3.521740522971908e-05,1211,1208,3,0,6.655828949998977,6.697347164154053,0.2152298680993895,4.237902912872516
45,59,355009,0,42450500,3.521740522971908e-05,1387,1385,2,0,7.798433447002026,6.6993794441223145,0.13005141936484657,2.4433678361913356
45,60,340859,1,42450501,3.521740522971908e-05,1332,1328,4,0,7.273035533999064,6.69952917098999,0.2183417814323701,4.374580107539533
45,61,436143,1,42450502,3.521740522971908e-05,1704,1701,3,0,9.525133241997537,6.704222679138184,0.1540443200633359,3.302038265634186
45,62,352452,0,42450503,3.521740522971908e-05,1377,1374,3,0,7.809082095998747,6.699264049530029,0.14338267630364698,2.5127489736854076
45,63,241000,1,42450504,3.521740522971908e-05,942,940,2,0,5.120645761999185,6.695031642913818,0.1827108829579455,3.0029987741023936
45,64,757931,1,42450505,3.521740522971908e-05,2961,2958,3,0,16.47327190299984,6.7186198234558105,0.10774816960559816,2.827626484322177
45,65,667452,1,42450506,3.521740522971908e-05,2608,2606,2,0,14.827914380999573,6.7147088050842285,0.08137525674112925,1.9465652430688796
45,66,373491,1,42450507,3.521740522971908e-05,1459,1456,3,0,8.113105573000212,6.701327323913574,0.1467914581298828,2.9261192908653846
45,67,255796,1,42450508,3.521740522971908e-05,1000,999,1,0,5.549054086997785,6.69569730758667,0.10259040626319679,2.098736676129254
45,68,187780,1,42450509,3.521740522971908e-05,734,731,3,0,3.9705593700018653,6.69293212890625,0.2511171061754553,4.3662029219391245
45,69,162407,0,42450510,3.521740522971908e-05,635,632,3,0,3.6281020610003907,6.691255569458008,0.26684584798692146,4.632505779024921
45,70,235355,0,42450511,3.521740522971908e-05,920,917,3,0,5.29267326199988,6.694142818450928,0.1777078177182729,3.1459606840410306
45,71,323052,1,42450512,3.521740522971908e-05,1262,1258,4,0,7.341915307999443,6.698727130889893,0.1410049171629695,3.0178445837266494
45,72,98180,0,42450513,3.521740522971908e-05,384,381,3,0,2.0972884920010983,6.689414024353027,0.3489297381223343,5.83108993089731
45,73,262450,1,42450514,3.521740522971908e-05,1026,1024,2,0,5.620657464998658,6.695997714996338,0.14985787868499756,2.612691879272461
45,74,603827,0,42450515,3.521740522971908e-05,2359,2356,3,0,13.461226460000034,6.7105865478515625,0.15475785104851975,3.431587361722729
45,75,236083,1,42450516,3.521740522971908e-05,923,921,2,0,5.2665143410013115,6.694809436798096,0.09818213977461658,2.3118789126119705
45,76,441814,0,42450517,3.521740522971908e-05,1726,1722,4,0,9.750970436998614,6.703657627105713,0.21667269574917428,4.447996345546603
45,77,648680,1,42450518,3.521740522971908e-05,2534,2532,2,0,14.600934146001237,6.714289665222168,0.05017416774755782,1.3592577507898893
45,78,881094,1,42450519,3.521740522971908e-05,3442,3438,4,0,19.281357854000817,6.724201679229736,0.08728152503101821,2.6449360206697206
45,79,306166,1,42450520,3.521740522971908e-05,1196,1194,2,0,6.537298369999917,6.698023796081543,0.1785872569635286,3.3677483691242673
45,80,661445,0,42450521,3.521740522971908e-05,2584,2580,4,0,14.480481217000488,6.7131829261779785,0.11367308150890261,3.0345436273619186
45,81,548725,0,42450522,3.521740522971908e-05,2144,2140,4,0,12.122289939998154,6.708104133605957,0.14220643801109814,3.5622004143545563
45,82,313463,1,42450523,3.521740522971908e-05,1225,1222,3,0,6.735231769998791,6.6982951164245605,0.13947634533072065,3.102620376112418
45,83,449860,1,42450524,3.521740522971908e-05,1758,1756,2,0,9.891024033000576,6.704637050628662,0.06124867936744777,1.4854868408759254
45,84,381590,1,42450525,3.521740522971908e-05,1491,1486,5,0,8.22404371200173,6.701448440551758,0.20339199800350144,4.666542351005216
45,85,323967,1,42450526,3.521740522971908e-05,1266,1264,2,0,7.115354550001939,6.698768138885498,0.14330354521546182,2.632579175731804
45,86,360767,1,42450527,3.521740522971908e-05,1410,1405,5,0,7.838017783000396,6.701137542724609,0.13393941315891905,3.7062579932161923
45,87,461848,0,42450528,3.521740522971908e-05,1805,1801,4,0,10.106671849000122,6.704411506652832,0.21224512992998681,4.335113847341755
45,88,432222,0,42450529,3.521740522971908e-05,1689,1686,3,0,9.379821807000553,6.703297138214111,0.18419742244842638,3.860529092990065
45,89,296592,1,42450530,3.521740522971908e-05,1159,1154,5,0,6.647480659001303,6.697807312011719,0.21710145576781167,5.022801549637132
45,90,479627,1,42450531,3.521740522971908e-05,1874,1871,3,0,10.624607872003253,6.706655979156494,0.13687675308888128,2.990709868552913
45,91,587269,1,42450532,3.521740522971908e-05,2295,2290,5,0,12.945930199999566,6.710631370544434,0.18517498699338156,4.055675576555677
45,92,206676,0,42450533,3.521740522971908e-05,808,806,2,0,4.468336640999041,6.693434715270996,0.22223750414978483,3.7642540564903846
45,93,217421,1,42450534,3.521740522971908e-05,850,846,4,0,4.7797790369986615,6.694046497344971,0.17954329903244126,3.4365909657579787
45,94,885169,1,42450535,3.521740522971908e-05,3458,3456,2,0,19.15229452499989,6.724354267120361,0.04410329571476689,1.1557557141339336
45,95,295224,0,42450536,3.521740522971908e-05,1154,1150,4,0,6.565383993998694,6.696683883666992,0.15905651590098505,3.7941805366847827
45,96,547304,1,42450537,3.521740522971908e-05,2138,2136,2,0,12.024900536998757,6.7088303565979,0.09243151489715004,2.3070788437061096
45,97,428994,1,42450538,3.521740522971908e-05,1676,1673,3,0,9.248677260999102,6.70400857925415,0.13950756047916354,3.3236823119022714
45,98,276358,1,42450539,3.521740522971908e-05,1080,1078,2,0,6.006683269999485,6.697348594665527,0.1509034788453734,2.861004264987245
45,99,491272,1,42450540,3.521740522971908e-05,1920,1915,5,0,10.815952207998635,6.7069220542907715,0.14257262705511586,3.2155026109660576
46,0,926214,1,42460448,2.618904279568042e-05,3619,3613,6,0,20.584040679997997,6.725897789001465,0.08265260748674491,2.676399406224052
46,1,209678,1,42460449,2.618904279568042e-05,820,815,5,0,4.473508859002322,6.693755149841309,0.2608770639618482,6.570788798888037
46,2,509018,1,42460450,2.618904279568042e-05,1989,1986,3,0,11.301550198000768,6.707324028015137,0.23149586780313758,4.439529833836858
46,3,411880,0,42460451,2.618904279568042e-05,1609,1607,2,0,9.52267026499976,6.702532768249512,0.19207997253835757,3.7366386560749842
46,4,457865,1,42460452,2.618904279568042e-05,1789,1785,4,0,9.869469220997416,6.704878330230713,0.3121507831648284,5.965585609243697
46,5,276084,0,42460453,2.618904279568042e-05,1079,1076,3,0,5.984140156000649,6.695822715759277,0.24421240937754124,4.316485663772072
46,6,155981,0,42460454,2.618904279568042e-05,610,606,4,0,3.49083014200005,6.69120979309082,0.31742934425278463,5.6456645298318895
46,7,438907,1,42460455,2.618904279568042e-05,1715,1712,3,0,9.60158949000106,6.704305648803711,0.15506537606783002,3.191109345338055
46,8,563122,1,42460456,2.618904279568042e-05,2200,2196,4,0,12.330188110998279,6.7095417976379395,0.11694466568298896,2.869842807234745
46,9,671047,0,42460457,2.618904279568042e-05,2622,2619,3,0,14.971682962997875,6.713615894317627,0.10198270805740502,2.5928232164590495
46,10,559874,1,42460458,2.618904279568042e-05,2188,2184,4,0,12.261428598001658,6.709397315979004,0.11764730376638335,3.250512203454098
46,11,277765,0,42460459,2.618904279568042e-05,1086,1084,2,0,5.959575667999161,6.695899486541748,0.17352263953852917,3.0987735762367388
46,12,344014,0,42460460,2.618904279568042e-05,1344,1339,5,0,7.31727942300131,6.698883533477783,0.23417222562167428,5.273501680358477
46,13,872271,0,42460461,2.618904279568042e-05,3408,3403,5,0,19.069573250999383,6.72271203994751,0.12704580768290388,3.431256083786365
46,14,353613,1,42460462,2.618904279568042e-05,1382,1379,3,0,7.602863035001064,6.701031684875488,0.1967727406635243,4.405652661008883
46,15,392479,0,42460463,2.618904279568042e-05,1534,1531,3,0,8.546860483998898,6.701803207397461,0.15050312742386512,3.1447465274942847
46,16,509253,0,42460464,2.618904279568042e-05,1990,1986,4,0,11.319403121000505,6.70632791519165,0.14000859409420632,3.5833510353726084
46,17,384412,0,42460465,2.618904279568042e-05,1502,1500,2,0,8.311481273001846,6.701499938964844,0.11392703247070313,2.1873623046875
46,18,629973,0,42460466,2.618904279568042e-05,2461,2457,4,0,13.857778654000867,6.712520122528076,0.10385908748640682,2.7970844621235247
46,19,621908,1,42460467,2.618904279568042e-05,2430,2428,2,0,13.674253998000495,6.712190628051758,0.09405614988022228,1.9962568455905065
46,20,801121,0,42460468,2.618904279568042e-05,3130,3125,5,0,17.295850041999074,6.719473838806152,0.0775654638671875,2.47588515625
46,21,384660,1,42460469,2.618904279568042e-05,1503,1500,3,0,8.320663705999323,6.701502799987793,0.12431836954752604,2.7082742513020834
46,22,355766,1,42460470,2.618904279568042e-05,1390,1387,3,0,7.889115635000053,6.70106315612793,0.2237459717676978,3.9037578998062363
46,23,360226,0,42460471,2.618904279568042e-05,1408,1403,5,0,8.036675654002465,6.699612617492676,0.12516608479527686,3.5733573842881325
46,24,338512,0,42460472,2.618904279568042e-05,1323,1319,4,0,7.535079270997812,6.698635578155518,0.18880355638297242,4.393735340456786
46,25,185941,0,42460473,2.618904279568042e-05,727,725,2,0,4.038819175999379,6.692964553833008,0.20865459573679956,2.883507879849138
46,26,561149,0,42460474,2.618904279568042e-05,2192,2188,4,0,12.350700980998226,6.7086639404296875,0.1232694106302488,3.279597922260626
46,27,372819,0,42460475,2.618904279568042e-05,1457,1455,2,0,8.378440794000198,6.701064586639404,0.11744670015839777,2.675293304338488
46,28,107522,1,42460476,2.618904279568042e-05,421,417,4,0,2.367991172002803,6.689067363739014,0.276226180920498,4.625232431242506
46,29,284527,1,42460477,2.618904279568042e-05,1112,1111,1,0,6.030329756998981,6.69753360748291,0.152690485723377,3.0341447474825607
46,30,1333839,0,42460478,2.618904279568042e-05,5211,5208,3,0,29.374964177000948,6.743468761444092,0.07014190509755125,1.9806258850566436
46,31,427651,1,42460479,2.618904279568042e-05,1671,1666,5,0,9.739614344001893,6.703967571258545,0.14219602330678366,3.475161842080582
46,32,648608,0,42460480,2.618904279568042e-05,2534,2531,3,0,13.902353781002603,6.712804317474365,0.05905410603825069,1.6278475034571316
46,33,428065,0,42460481,2.618904279568042e-05,1673,1669,4,0,9.767456149998907,6.703141689300537,0.21404210131206935,5.509210347700719
46,34,375085,0,42460482,2.618904279568042e-05,1466,1462,4,0,8.206452042999445,6.7011494636535645,0.21455272669342082,4.337841863671341
46,35,882461,0,42460483,2.618904279568042e-05,3448,3445,3,0,19.26176630000191,6.723137378692627,0.05187071425129263,1.7202511282202468
46,36,569144,0,42460484,2.618904279568042e-05,2224,2222,2,0,12.288170599000296,6.709024429321289,0.050485114810919565,1.2103576934841922
46,37,314555,0,42460485,2.618904279568042e-05,1229,1226,3,0,6.93127326800095,6.697554588317871,0.21481153976664458,4.976942451315253
46,38,436745,0,42460486,2.618904279568042e-05,1707,1702,5,0,9.370873956999276,6.703468322753906,0.14469582437768527,3.9248898928650116
46,39,261664,0,42460487,2.618904279568042e-05,1023,1020,3,0,5.656390366999403,6.6951727867126465,0.2175229091270297,3.9807636335784315
46,40,638454,1,42460488,2.618904279568042e-05,2494,2491,3,0,13.807319558000017,6.712934970855713,0.07857687700134547,1.905918925318647
46,41,398139,1,42460489,2.618904279568042e-05,1556,1554,2,0,8.691031368998665,6.70307731628418,0.15212535489940274,2.9558253147120332
46,42,242816,0,42460490,2.618904279568042e-05,949,946,3,0,5.459548897000786,6.694367408752441,0.2332910130442323,4.672488706560518
46,43,323428,0,42460491,2.618904279568042e-05,1264,1262,2,0,7.245578187998035,6.697955131530762,0.19409570225445102,3.540270048162639
46,44,451037,0,42460492,2.618904279568042e-05,1762,1759,3,0,10.019497937999404,6.704004764556885,0.13023206440815538,2.9835322360005687
46,45,265076,0,42460493,2.618904279568042e-05,1036,1034,2,0,5.69933746300012,6.695326805114746,0.12663422516282338,2.7702088937076885
46,46,266508,1,42460494,2.618904279568042e-05,1042,1039,3,0,5.686046097001963,6.697124481201172,0.21287734882549325,4.528460828470886
46,47,506010,0,42460495,2.618904279568042e-05,1977,1973,4,0,10.89931227499983,6.706181049346924,0.22237941086503737,4.427621523378105
46,48,303421,0,42460496,2.618904279568042e-05,1186,1183,3,0,6.815587039000093,6.697052955627441,0.25773402622767855,5.198066356720203
46,49,209704,0,42460497,2.618904279568042e-05,820,816,4,0,4.604896869001095,6.693503379821777,0.48076094833074834,7.7352761661305145
46,50,548954,1,42460498,2.618904279568042e-05,2145,2141,4,0,12.05455381599677,6.708904266357422,0.14564221242720254,3.570961793189514
46,51,554220,0,42460499,2.618904279568042e-05,2165,2163,2,0,12.332951169999433,6.708352088928223,0.10193092603679063,2.2935471025485437
46,52,239391,0,42460500,2.618904279568042e-05,936,933,3,0,5.209763691000262,6.694264888763428,0.2817884569893824,5.560664104367631
46,53,490494,0,42460501,2.618904279568042e-05,1916,1911,5,0,10.992290738999145,6.705489158630371,0.15339610340831045,3.680055691146651
46,54,160756,1,42460502,2.618904279568042e-05,628,624,4,0,3.535306505000335,6.694826126098633,0.22553338759984726,4.514374170547876
46,55,166616,1,42460503,2.618904279568042e-05,651,648,3,0,3.7898591560006025,6.694218158721924,0.26689590642481675,5.128704683280286
46,56,349089,1,42460504,2.618904279568042e-05,1364,1362,2,0,7.497604792999482,6.699900150299072,0.11426047886695806,1.9717080092465125
46,57,813153,1,42460505,2.618904279568042e-05,3177,3173,4,0,17.42401829499795,6.721647262573242,0.07573010107714259,1.8942382504727386
46,58,309917,0,42460506,2.618904279568042e-05,1211,1208,3,0,6.8205202460012515,6.697347164154053,0.23802132006512572,4.57926001138245
46,59,355009,0,42460507,2.618904279568042e-05,1387,1385,2,0,7.819865531000687,6.6993794441223145,0.14683283726661214,2.6520386182874547
46,60,340859,1,42460508,2.618904279568042e-05,1332,1328,4,0,7.51836783500039,6.69952917098999,0.24074030496987953,4.742377959102033
46,61,436143,1,42460509,2.618904279568042e-05,1704,1701,3,0,9.573379551999096,6.704222679138184,0.17072272370802102,3.6122202932098766
46,62,352452,0,42460510,2.618904279568042e-05,1377,1375,2,0,7.6579344180026965,6.699264049530029,0.15943276145241478,2.752262961647727
46,63,241000,1,42460511,2.618904279568042e-05,942,940,2,0,5.316549031998875,6.695031642913818,0.2028867518648188,3.2335199883643617
46,64,757931,1,42460512,2.618904279568042e-05,2961,2958,3,0,16.633023624002817,6.7186198234558105,0.12107132092128338,3.0722986392832996
46,65,667452,1,42460513,2.618904279568042e-05,2608,2605,3,0,15.01406717899954,6.7147088050842285,0.09267139398205074,2.127808976127639
46,66,373491,1,42460514,2.618904279568042e-05,1459,1455,4,0,8.501280256998143,6.701327323913574,0.1614829571386383,3.1793535894544673
46,67,255796,1,42460515,2.618904279568042e-05,1000,998,2,0,5.623403448000317,6.69569730758667,0.11294963125714319,2.223635992688502
46,68,187780,1,42460516,2.618904279568042e-05,734,731,3,0,4.085179067002173,6.69293212890625,0.27683507499225163,4.732993985657489
46,69,162407,0,42460517,2.618904279568042e-05,635,632,3,0,3.6989479969997774,6.691255569458008,0.30431740193427365,5.287577568730222
46,70,235355,0,42460518,2.618904279568042e-05,920,917,3,0,5.326271854999504,6.694142818450928,0.20048218439033533,3.4096671700347603
46,71,323052,1,42460519,2.618904279568042e-05,1262,1258,4,0,7.0761173449973285,6.698727130889893,0.15586616503983877,3.303372090495827
46,72,98180,0,42460520,2.618904279568042e-05,384,380,4,0,2.073950481000793,6.689414024353027,0.39628733584755343,6.65244140625
46,73,262450,1,42460521,2.618904279568042e-05,1026,1024,2,0,5.6565086350019556,6.695997714996338,0.1626427322626114,2.7984845638275146
46,74,603827,0,42460522,2.618904279568042e-05,2359,2356,3,0,13.317032105002,6.7105865478515625,0.17285129048423573,3.7414297936120544
46,75,236083,1,42460523,2.618904279568042e-05,923,920,3,0,5.291754426001717,6.694809436798096,0.1083357106084409,2.426620350713315
46,76,441814,0,42460524,2.618904279568042e-05,1726,1722,4,0,9.438778269999602,6.703657627105713,0.2406488611307709,4.9148008765243905
46,77,648680,1,42460525,2.618904279568042e-05,2534,2531,3,0,14.305968753000343,6.714289665222168,0.0545459809109233,1.4773053395705749
46,78,881094,1,42460526,2.618904279568042e-05,3442,3438,4,0,19.345284269998956,6.724201679229736,0.0985053985045357,2.9019974935463932
46,79,306166,1,42460527,2.618904279568042e-05,1196,1194,2,0,6.96694420300264,6.698023796081543,0.1947359248022338,3.5883032512824538
46,80,661445,0,42460528,2.618904279568042e-05,2584,2580,4,0,14.81142682599966,6.7131829261779785,0.12641197027162063,3.318895727349806
46,81,548725,0,42460529,2.618904279568042e-05,2144,2140,4,0,12.361235820997535,6.708104133605957,0.16104355571425963,3.906529278621495
46,82,313463,1,42460530,2.618904279568042e-05,1225,1222,3,0,6.897957274999499,6.6982951164245605,0.15266011389499795,3.3669745262632977
46,83,449860,1,42460531,2.618904279568042e-05,1758,1757,1,0,10.019201880000765,6.704637050628662,0.06658660680242201,1.5828141118561467
46,84,381590,1,42460532,2.618904279568042e-05,1491,1486,5,0,8.051527331997931,6.701448440551758,0.22786882074492135,5.325394765204408
46,85,323967,1,42460533,2.618904279568042e-05,1266,1264,2,0,7.178871840998909,6.698768138885498,0.15525677837902987,2.833520623702037
46,86,360767,1,42460534,2.618904279568042e-05,1410,1405,5,0,8.09747167799651,6.701137542724609,0.15438957893127225,4.235590663923488
46,87,461848,0,42460535,2.618904279568042e-05,1805,1801,4,0,10.13391136899736,6.704411506652832,0.2370751702342015,4.762698565900888
46,88,432222,0,42460536,2.618904279568042e-05,1689,1686,3,0,9.587169413000083,6.703297138214111,0.20682483098402282,4.199530659197064
46,89,296592,1,42460537,2.618904279568042e-05,1159,1154,5,0,6.454451350000454,6.697807312011719,0.24576556703246857,5.697236006553293
46,90,479627,1,42460538,2.618904279568042e-05,1874,1871,3,0,10.79027712899915,6.706655979156494,0.15189275532594534,3.277294947972341
46,91,587269,1,42460539,2.618904279568042e-05,2295,2290,5,0,12.735873206998804,6.710631370544434,0.2063788001714315,4.471187568231441
46,92,206676,0,42460540,2.618904279568042e-05,808,806,2,0,4.36600840799656,6.693434715270996,0.2442782002110635,4.0334593817850495
46,93,217421,1,42460541,2.618904279568042e-05,850,846,4,0,4.763087431998429,6.694046497344971,0.2029133789928247,3.8291361923758864
46,94,885169,1,42460542,2.618904279568042e-05,3458,3456,2,0,19.18397585999992,6.724354267120361,0.0504360419732553,1.242624212194372
46,95,295224,0,42460543,2.618904279568042e-05,1154,1150,4,0,6.368572439001582,6.696683883666992,0.17567723813264266,4.269453974184783
46,96,547304,1,42460544,2.618904279568042e-05,2138,2136,2,0,12.29486961099974,6.7088303565979,0.10128593444824219,2.498491037204471
46,97,428994,1,42460545,2.618904279568042e-05,1676,1673,3,0,9.756366228000843,6.70400857925415,0.15524837404970487,3.620734762589659
46,98,276358,1,42460546,2.618904279568042e-05,1080,1078,2,0,6.021549009998125,6.697348594665527,0.1647386002407888,3.100973437137639
46,99,491272,1,42460547,2.618904279568042e-05,1920,1916,4,0,10.734742898999684,6.7069220542907715,0.15614498831285067,3.4900610810281836
47,0,926214,1,42470455,1.9128217289422665e-05,3619,3614,5,0,20.10418220000065,6.725897789001465,0.09269279475758335,2.987368458598506
47,1,209678,1,42470456,1.9128217289422665e-05,820,815,5,0,4.619062802001281,6.693755149841309,0.29756598911402415,7.58674810678681
47,2,509018,1,42470457,1.9128217289422665e-05,1989,1985,4,0,11.358380080000643,6.707324028015137,0.2622478033493388,4.95681429077456
47,3,411880,0,42470458,1.9128217289422665e-05,1609,1607,2,0,9.229724788998283,6.702532768249512,0.21620203859700723,4.130385678379745
47,4,457865,1,42470459,1.9128217289422665e-05,1789,1786,3,0,10.151807388003363,6.704878330230713,0.3594975145773551,6.753686441419373
47,5,276084,0,42470460,1.9128217289422665e-05,1079,1076,3,0,6.028839516999142,6.695822715759277,0.27887184114704344,4.813040013650093
47,6,155981,0,42470461,1.9128217289422665e-05,610,606,4,0,3.647568454998691,6.69120979309082,0.35923983633714934,6.49110739931415
47,7,438907,1,42470462,1.9128217289422665e-05,1715,1712,3,0,9.653728531000525,6.704305648803711,0.17208735742301584,3.4054984689872954
47,8,563122,1,42470463,1.9128217289422665e-05,2200,2196,4,0,12.179161412997928,6.7095417976379395,0.13012108863594318,3.12884354721653
47,9,671047,0,42470464,1.9128217289422665e-05,2622,2618,4,0,14.78654254200228,6.713615894317627,0.11582126136587448,2.838571943336994
47,10,559874,1,42470465,1.9128217289422665e-05,2188,2183,5,0,12.497606793000159,6.709397315979004,0.1334145196905062,3.6029644912391205
47,11,277765,0,42470466,1.9128217289422665e-05,1086,1083,3,0,5.9355980130021635,6.695899486541748,0.19138958227381261,3.3303132484274007
47,12,344014,0,42470467,1.9128217289422665e-05,1344,1339,5,0,7.513880325997889,6.698883533477783,0.26489786571135177,6.0085181192821135
47,13,872271,0,42470468,1.9128217289422665e-05,3408,3403,5,0,18.924314300998958,6.72271203994751,0.1440503313511286,3.894204676939465
47,14,353613,1,42470469,1.9128217289422665e-05,1382,1379,3,0,7.783569169998373,6.701031684875488,0.220500544934622,4.783721857437454
47,15,392479,0,42470470,1.9128217289422665e-05,1534,1532,2,0,8.631595483999263,6.701803207397461,0.16644150656757403,3.427631109252611
47,16,509253,0,42470471,1.9128217289422665e-05,1990,1986,4,0,11.125706520997483,6.70632791519165,0.15895140495185045,4.03622599406785
47,17,384412,0,42470472,1.9128217289422665e-05,1502,1500,2,0,8.555718019000778,6.701499938964844,0.128706298828125,2.3612386067708333
47,18,629973,0,42470473,1.9128217289422665e-05,2461,2458,3,0,13.921422323001025,6.712520122528076,0.11643232030534861,3.101163412517799
47,19,621908,1,42470474,1.9128217289422665e-05,2430,2428,2,0,13.525242957002774,6.712190628051758,0.10587354782582115,2.1490293499665363
47,20,801121,0,42470475,1.9128217289422665e-05,3130,3125,5,0,17.43834450900249,6.719473838806152,0.08951998046875,2.8313696875
47,21,384660,1,42470476,1.9128217289422665e-05,1503,1500,3,0,8.452384904998326,6.701502799987793,0.14047562662760416,2.9957347005208335
47,22,355766,1,42470477,1.9128217289422665e-05,1390,1387,3,0,7.965597190999688,6.70106315612793,0.24997062655602245,4.3001099072864095
47,23,360226,0,42470478,1.9128217289422665e-05,1408,1403,5,0,8.192247578001115,6.699612617492676,0.14280437488515124,4.030661835130078
47,24,338512,0,42470479,1.9128217289422665e-05,1323,1319,4,0,7.5810195630001544,6.698635578155518,0.212930582435498,4.8874935586855575
47,25,185941,0,42470480,1.9128217289422665e-05,727,725,2,0,4.01978688699819,6.692964553833008,0.24043728532462286,3.1519049703663793
47,26,561149,0,42470481,1.9128217289422665e-05,2192,2188,4,0,12.143807468000887,6.7086639404296875,0.13833230417868772,3.6946655496600775
47,27,372819,0,42470482,1.9128217289422665e-05,1457,1455,2,0,8.338823935999244,6.701064586639404,0.12990327291062606,2.876380275451031
47,28,107522,1,42470483,1.9128217289422665e-05,421,418,3,0,2.5374152559998038,6.689067363739014,0.30974199212909315,5.355054061378588
47,29,284527,1,42470484,1.9128217289422665e-05,1112,1110,2,0,6.101963314999011,6.69753360748291,0.17238773655247044,3.251703925605293
47,30,1333839,0,42470485,1.9128217289422665e-05,5211,5208,3,0,29.173328239998227,6.743468761444092,0.07948524721207158,2.158703407018049
47,31,427651,1,42470486,1.9128217289422665e-05,1671,1666,5,0,9.475573913001426,6.703967571258545,0.15579163183828218,3.852530269920468
47,32,648608,0,42470487,1.9128217289422665e-05,2534,2531,3,0,14.248464584998146,6.712804317474365,0.06792071043667892,1.8224770656361122
47,33,428065,0,42470488,1.9128217289422665e-05,1673,1669,4,0,9.424680252999678,6.703141689300537,0.24536120013036436,6.147847115600659
47,34,375085,0,42470489,1.9128217289422665e-05,1466,1462,4,0,8.06068938700264,6.7011494636535645,0.2438550915176663,4.824735085713065
47,35,882461,0,42470490,1.9128217289422665e-05,3448,3445,3,0,19.613367281999672,6.723137378692627,0.05817461830438135,1.884863139513788
47,36,569144,0,42470491,1.9128217289422665e-05,2224,2222,2,0,12.403303985000093,6.709024429321289,0.05565521418780062,1.3244636597448807
47,37,314555,0,42470492,1.9128217289422665e-05,1229,1226,3,0,6.860835563002183,6.697554588317871,0.24503205689870514,5.6705802183166805
47,38,436745,0,42470493,1.9128217289422665e-05,1707,1702,5,0,9.679663996001182,6.703468322753906,0.1648850939668864,4.503008294469741
47,39,261664,0,42470494,1.9128217289422665e-05,1023,1020,3,0,5.679967338001006,6.6951727867126465,0.24386251112994026,4.3917566636029415
47,40,638454,1,42470495,1.9128217289422665e-05,2494,2491,3,0,14.224807299997337,6.712934970855713,0.08811301373420878,2.0136534492924527
47,41,398139,1,42470496,1.9128217289422665e-05,1556,1554,2,0,8.98043281399805,6.70307731628418,0.168208511332901,3.1849423363095237
47,42,242816,0,42470497,1.9128217289422665e-05,949,946,3,0,5.33540681699742,6.694367408752441,0.268843668963894,5.337745585854916
47,43,323428,0,42470498,1.9128217289422665e-05,1264,1262,2,0,7.044640935000643,6.697955131530762,0.21015540846931954,3.8030268794572106
47,44,451037,0,42470499,1.9128217289422665e-05,1762,1760,2,0,9.920154327999626,6.704004764556885,0.1504364707253196,3.32327880859375
47,45,265076,0,42470500,1.9128217289422665e-05,1036,1034,2,0,5.6917385420019855,6.695326805114746,0.13919443687571778,3.033858810218206
47,46,266508,1,42470501,1.9128217289422665e-05,1042,1039,3,0,5.731980799999292,6.697124481201172,0.23561735033874218,4.978614785099856
47,47,506010,0,42470502,1.9128217289422665e-05,1977,1974,3,0,11.46399727699827,6.706181049346924,0.25412825224005825,4.9323520215932115
47,48,303421,0,42470503,1.9128217289422665e-05,1186,1183,3,0,6.586276922000252,6.697052955627441,0.29126368673393915,5.761958556767752
47,49,209704,0,42470504,1.9128217289422665e-05,820,817,3,0,4.74190908500168,6.693503379821777,0.5391801999861345,8.576853197674419
47,50,548954,1,42470505,1.9128217289422665e-05,2145,2141,4,0,11.9074538269997,6.708904266357422,0.1620054213814733,3.9389098807508174
47,51,554220,0,42470506,1.9128217289422665e-05,2165,2163,2,0,12.4560959800001,6.708352088928223,0.11445234618802011,2.5159620337060797
47,52,239391,0,42470507,1.9128217289422665e-05,936,933,3,0,5.067675551999855,6.694264888763428,0.32845310485120244,6.329349628215434
47,53,490494,0,42470508,1.9128217289422665e-05,1916,1911,5,0,10.894558700001653,6.705489158630371,0.17381396011679912,4.146928452871533
47,54,160756,1,42470509,1.9128217289422665e-05,628,625,3,0,3.7612523770003463,6.694826126098633,0.26213017578125,5.176912109375
47,55,166616,1,42470510,1.9128217289422665e-05,651,648,3,0,3.743022763999761,6.694218158721924,0.3102235676329813,5.96400621202257
47,56,349089,1,42470511,1.9128217289422665e-05,1364,1362,2,0,7.753369501999259,6.699900150299072,0.12716585178907397,2.1354123646292216
47,57,813153,1,42470512,1.9128217289422665e-05,3177,3174,3,0,17.583477898999263,6.721647262573242,0.08760493854794325,2.1020812411389413
47,58,309917,0,42470513,1.9128217289422665e-05,1211,1209,2,0,6.789907984999445,6.697347164154053,0.2650637693697012,5.018255014474772
47,59,355009,0,42470514,1.9128217289422665e-05,1387,1385,2,0,8.257285602001502,6.6993794441223145,0.1675431234311541,2.8898592621841157
47,60,340859,1,42470515,1.9128217289422665e-05,1332,1328,4,0,7.544421195001632,6.69952917098999,0.2709190644413592,5.250404449830572
47,61,436143,1,42470516,1.9128217289422665e-05,1704,1701,3,0,9.490052466000634,6.704222679138184,0.1892110475857492,3.9138279757311873
47,62,352452,0,42470517,1.9128217289422665e-05,1377,1374,3,0,7.715993541998614,6.699264049530029,0.17743431879790417,2.938687120462609
47,63,241000,1,42470518,1.9128217289422665e-05,942,940,2,0,5.29115157400156,6.695031642913818,0.22550923773582945,3.512168592087766
47,64,757931,1,42470519,1.9128217289422665e-05,2961,2958,3,0,16.496575812001538,6.7186198234558105,0.13504507027420343,3.3706315500338064
47,65,667452,1,42470520,1.9128217289422665e-05,2608,2605,3,0,14.491865719999623,6.7147088050842285,0.10754626488273752,2.305820949796065
47,66,373491,1,42470521,1.9128217289422665e-05,1459,1456,3,0,8.26115958200171,6.701327323913574,0.17847564194228624,3.496824495084993
47,67,255796,1,42470522,1.9128217289422665e-05,1000,998,2,0,5.4676374869995925,6.69569730758667,0.12487622492299051,2.439489330222946
47,68,187780,1,42470523,1.9128217289422665e-05,734,731,3,0,4.198700698998437,6.69293212890625,0.30894931527071223,5.238769865231703
47,69,162407,0,42470524,1.9128217289422665e-05,635,632,3,0,3.734554744001798,6.691255569458008,0.34833693202537824,5.953083666065071
47,70,235355,0,42470525,1.9128217289422665e-05,920,918,2,0,5.3517235799990885,6.694142818450928,0.23116723021131194,3.7680257161458335
47,71,323052,1,42470526,1.9128217289422665e-05,1262,1258,4,0,6.9396047740010545,6.698727130889893,0.1758961275764793,3.705179817915342
47,72,98180,0,42470527,1.9128217289422665e-05,384,381,3,0,2.196014100998582,6.689414024353027,0.43764746157828904,7.502253655060696
47,73,262450,1,42470528,1.9128217289422665e-05,1026,1024,2,0,5.812282857001264,6.695997714996338,0.17784051597118378,3.007821798324585
47,74,603827,0,42470529,1.9128217289422665e-05,2359,2356,3,0,13.00234079800066,6.7105865478515625,0.19429304968116642,4.108366520983659
47,75,236083,1,42470530,1.9128217289422665e-05,923,921,2,0,5.213403963000019,6.694809436798096,0.11894249268903535,2.6694871403365905
47,76,441814,0,42470531,1.9128217289422665e-05,1726,1722,4,0,9.842993655998725,6.703657627105713,0.27068032011060905,5.522215946210801
47,77,648680,1,42470532,1.9128217289422665e-05,2534,2532,2,0,14.160437128997728,6.714289665222168,0.06050826399623877,1.6010508846144351
47,78,881094,1,42470533,1.9128217289422665e-05,3442,3438,4,0,19.294689249003568,6.724201679229736,0.11238598781938536,3.2124960801156197
47,79,306166,1,42470534,1.9128217289422665e-05,1196,1193,3,0,6.601465184998233,6.698023796081543,0.21535843036200755,3.89362508513202
47,80,661445,0,42470535,1.9128217289422665e-05,2584,2580,4,0,14.342897460999666,6.7131829261779785,0.1414184333742127,3.6816235919331395
47,81,548725,0,42470536,1.9128217289422665e-05,2144,2140,4,0,11.920268731999386,6.708104133605957,0.1812390621577468,4.36680554541472
47,82,313463,1,42470537,1.9128217289422665e-05,1225,1223,2,0,6.815559876999032,6.6982951164245605,0.1700988045892848,3.6266688598732624
47,83,449860,1,42470538,1.9128217289422665e-05,1758,1756,2,0,9.98116181399746,6.704637050628662,0.07327515552147103,1.7073963486795274
47,84,381590,1,42470539,1.9128217289422665e-05,1491,1486,5,0,8.320267273000354,6.701448440551758,0.2643521951955228,6.205464544078062
47,85,323967,1,42470540,1.9128217289422665e-05,1266,1264,2,0,7.258356848000403,6.698768138885498,0.16938105715981014,3.0846770081339003
47,86,360767,1,42470541,1.9128217289422665e-05,1410,1405,5,0,8.230870817998948,6.701137542724609,0.17858840019253225,4.90635043649911
47,87,461848,0,42470542,1.9128217289422665e-05,1805,1801,4,0,10.010126629000297,6.704411506652832,0.2649439039129737,5.247994278352304
47,88,432222,0,42470543,1.9128217289422665e-05,1689,1686,3,0,9.208054810998874,6.703297138214111,0.2339209469470548,4.555233992715747
47,89,296592,1,42470544,1.9128217289422665e-05,1159,1155,4,0,6.742759011001908,6.697807312011719,0.27937809667545993,6.527271036255411
47,90,479627,1,42470545,1.9128217289422665e-05,1874,1871,3,0,10.540456981001626,6.706655979156494,0.1718969543881113,3.597780734316542
47,91,587269,1,42470546,1.9128217289422665e-05,2295,2290,5,0,12.989331074000802,6.710631370544434,0.2313495752592795,4.980361285480349
47,92,206676,0,42470547,1.9128217289422665e-05,808,806,2,0,4.586828797000635,6.693434715270996,0.269659416255525,4.347159184533964
47,93,217421,1,42470548,1.9128217289422665e-05,850,847,3,0,4.943664729999,6.694046497344971,0.2285514750475022,4.3841231345004426
47,94,885169,1,42470549,1.9128217289422665e-05,3458,3456,2,0,19.64555859400207,6.724354267120361,0.05826256010267469,1.3672599792480469
47,95,295224,0,42470550,1.9128217289422665e-05,1154,1150,4,0,6.677556966998964,6.696683883666992,0.20012030560037364,4.834451002038043
47,96,547304,1,42470551,1.9128217289422665e-05,2138,2136,2,0,12.00834271200074,6.7088303565979,0.11077852284863647,2.6896186285697565
47,97,428994,1,42470552,1.9128217289422665e-05,1676,1673,3,0,9.350971169998957,6.70400857925415,0.17472913232451062,3.9594533935109086
47,98,276358,1,42470553,1.9128217289422665e-05,1080,1078,2,0,6.0536189599988575,6.697348594665527,0.18211217536997043,3.336655653916396
47,99,491272,1,42470554,1.9128217289422665e-05,1920,1917,3,0,10.959684121000464,6.7069220542907715,0.17333460625224145,3.8146197060837244
48,0,926214,1,42480462,1.4063943157493203e-05,3619,3615,4,0,20.40030498300257,6.725897789001465,0.10396633121812326,3.286515873530429
48,1,209678,1,42480463,1.4063943157493203e-05,820,815,5,0,5.162481688999833,6.693755149841309,0.3388725795628834,8.971160851226994
48,2,509018,1,42480464,1.4063943157493203e-05,1989,1986,3,0,13.138928304000729,6.707324028015137,0.2905609345988325,5.54286548810423
48,3,411880,0,42480465,1.4063943157493203e-05,1609,1606,3,0,9.603508277999936,6.702532768249512,0.24308873766831413,4.538915346746576
48,4,457865,1,42480466,1.4063943157493203e-05,1789,1785,4,0,10.947988408002857,6.704878330230713,0.4100705956210609,7.555278908438376
48,5,276084,0,42480467,1.4063943157493203e-05,1079,1076,3,0,6.829089627997746,6.695822715759277,0.3198113990982226,5.410291480309015
48,6,155981,0,42480468,1.4063943157493203e-05,610,606,4,0,3.4654982259999088,6.69120979309082,0.41172871101807446,7.472248543213697
48,7,438907,1,42480469,1.4063943157493203e-05,1715,1712,3,0,10.288877582999703,6.704305648803711,0.19241256357353426,3.6465077623028623
48,8,563122,1,42480470,1.4063943157493203e-05,2200,2197,3,0,12.218153772999358,6.7095417976379395,0.14369596846818816,3.4217598749715523
48,9,671047,0,42480471,1.4063943157493203e-05,2622,2618,4,0,14.693221640001866,6.713615894317627,0.13045309954148562,3.144490217962185
48,10,559874,1,42480472,1.4063943157493203e-05,2188,2184,4,0,12.656434268999874,6.709397315979004,0.15127979879414205,4.061770260989011
48,11,277765,0,42480473,1.4063943157493203e-05,1086,1084,2,0,7.096589419001248,6.695899486541748,0.21308713117648756,3.655210375345941
48,12,344014,0,42480474,1.4063943157493203e-05,1344,1339,5,0,7.721269576999475,6.698883533477783,0.3043473395418106,6.855448328976848
48,13,872271,0,42480475,1.4063943157493203e-05,3408,3403,5,0,19.570343473998946,6.72271203994751,0.1645580272691375,4.388010693689392
48,14,353613,1,42480476,1.4063943157493203e-05,1382,1379,3,0,8.312098893999064,6.701031684875488,0.2448399843211793,5.265183811865482
48,15,392479,0,42480477,1.4063943157493203e-05,1534,1531,3,0,9.005615156998829,6.701803207397461,0.1844382158375347,3.6944603200522534
48,16,509253,0,42480478,1.4063943157493203e-05,1990,1986,4,0,12.192355359999056,6.70632791519165,0.179458003509921,4.44576390200151
48,17,384412,0,42480479,1.4063943157493203e-05,1502,1500,2,0,8.845386447999772,6.701499938964844,0.14443358357747396,2.548476399739583
48,18,629973,0,42480480,1.4063943157493203e-05,2461,2458,3,0,13.964191691000451,6.712520122528076,0.13248588245413573,3.4221860856133035
48,19,621908,1,42480481,1.4063943157493203e-05,2430,2429,1,0,13.68296093599929,6.712190628051758,0.11678490416902532,2.2911563400576367
48,20,801121,0,42480482,1.4063943157493203e-05,3130,3125,5,0,17.28197443799945,6.719473838806152,0.103589951171875,3.2875053125
48,21,384660,1,42480483,1.4063943157493203e-05,1503,1500,3,0,8.733315779001714,6.701502799987793,0.15506509399414062,3.2774251302083335
48,22,355766,1,42480484,1.4063943157493203e-05,1390,1387,3,0,8.21271077199708,6.70106315612793,0.2793272825652262,4.714393841249099
48,23,360226,0,42480485,1.4063943157493203e-05,1408,1403,5,0,8.552229177999834,6.699612617492676,0.16264076803891214,4.591047921863863
48,24,338512,0,42480486,1.4063943157493203e-05,1323,1319,4,0,7.681829163997463,6.698635578155518,0.24162490301009287,5.4008970455837755
48,25,185941,0,42480487,1.4063943157493203e-05,727,725,2,0,4.439259211998433,6.692964553833008,0.2751000134698276,3.4949616109913793
48,26,561149,0,42480488,1.4063943157493203e-05,2192,2188,4,0,12.023684353000135,6.7086639404296875,0.15386562591496944,4.137374403707724
48,27,372819,0,42480489,1.4063943157493203e-05,1457,1455,2,0,8.545390818002488,6.701064586639404,0.14286758055801654,3.08445117858677
48,28,107522,1,42480490,1.4063943157493203e-05,421,418,3,0,2.534359396999207,6.689067363739014,0.3498987444279867,5.841041674454247
48,29,284527,1,42480491,1.4063943157493203e-05,1112,1110,2,0,7.385271307000949,6.69753360748291,0.193321283013971,3.5137226826435812
48,30,1333839,0,42480492,1.4063943157493203e-05,5211,5208,3,0,29.25319997599945,6.743468761444092,0.08881788942304808,2.382606986847158
48,31,427651,1,42480493,1.4063943157493203e-05,1671,1667,4,0,9.929294726996886,6.703967571258545,0.17097446599547278,4.263808078228104
48,32,648608,0,42480494,1.4063943157493203e-05,2534,2531,3,0,14.47600550199786,6.712804317474365,0.07755564399879,2.0378146915744764
48,33,428065,0,42480495,1.4063943157493203e-05,1673,1669,4,0,9.885104893997777,6.703141689300537,0.28260336042236184,6.958491705362492
48,34,375085,0,42480496,1.4063943157493203e-05,1466,1463,3,0,8.531021995000629,6.7011494636535645,0.27301853516292507,5.232244985688653
48,35,882461,0,42480497,1.4063943157493203e-05,3448,3445,3,0,19.51650014799816,6.723137378692627,0.06384214891231631,2.0816940595518867
48,36,569144,0,42480498,1.4063943157493203e-05,2224,2223,1,0,12.541154424001434,6.709024429321289,0.06045825321611069,1.4137537823675776
48,37,314555,0,42480499,1.4063943157493203e-05,1229,1226,3,0,7.752694842001802,6.697554588317871,0.2817302411376555,6.4493804483584825
48,38,436745,0,42480500,1.4063943157493203e-05,1707,1703,4,0,10.1303224459989,6.703468322753906,0.1812670310665003,4.914536732053729
48,39,261664,0,42480501,1.4063943157493203e-05,1023,1020,3,0,6.72521977499855,6.6951727867126465,0.27360462861902574,4.846470492493872
48,40,638454,1,42480502,1.4063943157493203e-05,2494,2491,3,0,14.001953565999429,6.712934970855713,0.0984968861534336,2.1575352911104977
48,41,398139,1,42480503,1.4063943157493203e-05,1556,1554,2,0,9.284931653000967,6.70307731628418,0.18593229198087596,3.4414543240226836
48,42,242816,0,42480504,1.4063943157493203e-05,949,946,3,0,6.0969667630015465,6.694367408752441,0.30783281064184725,5.931973544034091
48,43,323428,0,42480505,1.4063943157493203e-05,1264,1261,3,0,8.151156267998886,6.697955131530762,0.23260890104579698,4.12649582114889
48,44,451037,0,42480506,1.4063943157493203e-05,1762,1759,3,0,10.521249440000247,6.704004764556885,0.16988898055535817,3.7364738598813245
48,45,265076,0,42480507,1.4063943157493203e-05,1036,1034,2,0,7.212211984999158,6.695326805114746,0.1539932929800834,3.222611152457084
48,46,266508,1,42480508,1.4063943157493203e-05,1042,1039,3,0,6.678948030999891,6.697124481201172,0.261930170141813,5.527788325613571
48,47,506010,0,42480509,1.4063943157493203e-05,1977,1974,3,0,13.601612392001698,6.706181049346924,0.2918221919128356,5.44033866039767
48,48,303421,0,42480510,1.4063943157493203e-05,1186,1183,3,0,7.682843713002512,6.697052955627441,0.3367265715804628,6.417196910661454
48,49,209704,0,42480511,1.4063943157493203e-05,820,817,3,0,5.092217475998041,6.693503379821777,0.6139676153586865,9.551014931724296
48,50,548954,1,42480512,1.4063943157493203e-05,2145,2141,4,0,12.438415594999242,6.708904266357422,0.1813405663651988,4.310833321170014
48,51,554220,0,42480513,1.4063943157493203e-05,2165,2163,2,0,12.765516121999099,6.708352088928223,0.12743920525962205,2.720436297243412
48,52,239391,0,42480514,1.4063943157493203e-05,936,933,3,0,5.966314083001635,6.694264888763428,0.38233478378508506,7.188224833366827
48,53,490494,0,42480515,1.4063943157493203e-05,1916,1911,5,0,12.495825829999376,6.705489158630371,0.1974225885140715,4.714723659896651
48,54,160756,1,42480516,1.4063943157493203e-05,628,625,3,0,3.6105024970020168,6.694826126098633,0.30259423828125,5.901730859375
48,55,166616,1,42480517,1.4063943157493203e-05,651,647,4,0,3.779829551000148,6.694218158721924,0.35297449221014054,6.730571387171561
48,56,349089,1,42480518,1.4063943157493203e-05,1364,1363,1,0,7.770136330000241,6.699900150299072,0.14579713615702952,2.3453538409070065
48,57,813153,1,42480519,1.4063943157493203e-05,3177,3174,3,0,17.781529515999864,6.721647262573242,0.10008128213672121,2.3345404987299148
48,58,309917,0,42480520,1.4063943157493203e-05,1211,1208,3,0,7.834686909001903,6.697347164154053,0.2920831591877716,5.410850272273386
48,59,355009,0,42480521,1.4063943157493203e-05,1387,1385,2,0,8.369766535000963,6.6993794441223145,0.1910628446172721,3.164593792305957
48,60,340859,1,42480522,1.4063943157493203e-05,1332,1328,4,0,7.726650100998086,6.69952917098999,0.2992563592382224,5.7898386759930345
48,61,436143,1,42480523,1.4063943157493203e-05,1704,1701,3,0,10.246823598001356,6.704222679138184,0.20640710183692498,4.250207541060406
48,62,352452,0,42480524,1.4063943157493203e-05,1377,1375,2,0,8.10688281900002,6.699264049530029,0.1966468838778409,3.2049112215909092
48,63,241000,1,42480525,1.4063943157493203e-05,942,940,2,0,5.892602411000553,6.695031642913818,0.24682292532413563,3.7494208153257977
48,64,757931,1,42480526,1.4063943157493203e-05,2961,2958,3,0,16.49089749599807,6.7186198234558105,0.1502082520356607,3.639928728765213
48,65,667452,1,42480527,1.4063943157493203e-05,2608,2605,3,0,14.97619413099892,6.7147088050842285,0.12340276502144314,2.5627028101007676
48,66,373491,1,42480528,1.4063943157493203e-05,1459,1456,3,0,8.55588997599989,6.701327323913574,0.19578116280691965,3.795276348407452
48,67,255796,1,42480529,1.4063943157493203e-05,1000,999,1,0,6.375017034002667,6.69569730758667,0.13841096345368806,2.625022239035911
48,68,187780,1,42480530,1.4063943157493203e-05,734,731,3,0,4.848337335999531,6.69293212890625,0.3343133887253121,5.663601605249658
48,69,162407,0,42480531,1.4063943157493203e-05,635,632,3,0,3.6964196949993493,6.691255569458008,0.39904917946344687,6.757668796973892
48,70,235355,0,42480532,1.4063943157493203e-05,920,918,2,0,5.8367355019981915,6.694142818450928,0.26071098842911733,4.0566916870915035
48,71,323052,1,42480533,1.4063943157493203e-05,1262,1258,4,0,8.039704397000605,6.698727130889893,0.19514405897956205,4.1200799259737675
48,72,98180,0,42480534,1.4063943157493203e-05,384,381,3,0,2.271917381000094,6.689414024353027,0.48115515521192176,8.39332015871063
48,73,262450,1,42480535,1.4063943157493203e-05,1026,1024,2,0,7.3287354899985075,6.695997714996338,0.19378311932086945,3.228980541229248
48,74,603827,0,42480536,1.4063943157493203e-05,2359,2356,3,0,13.16771425999832,6.7105865478515625,0.21567183075210233,4.446614859666808
48,75,236083,1,42480537,1.4063943157493203e-05,923,921,2,0,6.011189450000529,6.694809436798096,0.1315721890825402,2.8981027012927525
48,76,441814,0,42480538,1.4063943157493203e-05,1726,1722,4,0,10.444665084000007,6.703657627105713,0.30037807061420224,6.142404589503484
48,77,648680,1,42480539,1.4063943157493203e-05,2534,2531,3,0,14.55062685699886,6.714289665222168,0.06734809890560178,1.7686135281879691
48,78,881094,1,42480540,1.4063943157493203e-05,3442,3437,5,0,19.70653805799884,6.724201679229736,0.12826209558037988,3.5198489098414316
48,79,306166,1,42480541,1.4063943157493203e-05,1196,1194,2,0,7.715351801998622,6.698023796081543,0.23655542217107675,4.1304806912164995
48,80,661445,0,42480542,1.4063943157493203e-05,2584,2580,4,0,14.991753148002317,6.7131829261779785,0.15848064570463904,4.006189816497093
48,81,548725,0,42480543,1.4063943157493203e-05,2144,2140,4,0,12.40135965599984,6.708104133605957,0.20415501104337033,4.835754052278038
48,82,313463,1,42480544,1.4063943157493203e-05,1225,1222,3,0,7.845236111999839,6.6982951164245605,0.18822872580170827,3.8798404574979544
48,83,449860,1,42480545,1.4063943157493203e-05,1758,1757,1,0,10.412310129999241,6.704637050628662,0.07964189037655182,1.8011034822762522
48,84,381590,1,42480546,1.4063943157493203e-05,1491,1486,5,0,8.577507034999144,6.701448440551758,0.30072888134305603,7.067531991293742
48,85,323967,1,42480547,1.4063943157493203e-05,1266,1264,2,0,7.861587252999016,6.698768138885498,0.18464999862864048,3.3576710375049448
48,86,360767,1,42480548,1.4063943157493203e-05,1410,1405,5,0,8.629845949999435,6.701137542724609,0.20303147068227312,5.69329612433274
48,87,461848,0,42480549,1.4063943157493203e-05,1805,1801,4,0,10.87110967300032,6.704411506652832,0.30114139470042683,5.769166326867018
48,88,432222,0,42480550,1.4063943157493203e-05,1689,1685,4,0,10.179528444998141,6.703297138214111,0.26384380578287275,5.006060483123146
48,89,296592,1,42480551,1.4063943157493203e-05,1159,1154,5,0,7.761969474999205,6.697807312011719,0.31610371872292026,7.329307199144281
48,90,479627,1,42480552,1.4063943157493203e-05,1874,1871,3,0,11.404386967999017,6.706655979156494,0.19267754934485234,3.944517574993319
48,91,587269,1,42480553,1.4063943157493203e-05,2295,2291,4,0,12.993820472001971,6.710631370544434,0.2593424017384603,5.553259527771716
48,92,206676,0,42480554,1.4063943157493203e-05,808,805,3,0,5.236469335999573,6.693434715270996,0.2982985407669352,4.693936820652174
48,93,217421,1,42480555,1.4063943157493203e-05,850,846,4,0,5.21280807400035,6.694046497344971,0.2596744329934988,4.889911624556738
48,94,885169,1,42480556,1.4063943157493203e-05,3458,3456,2,0,19.510854921001737,6.724354267120361,0.06876015663146973,1.4958534240722656
48,95,295224,0,42480557,1.4063943157493203e-05,1154,1150,4,0,7.737545441999828,6.696683883666992,0.2264522121263587,5.52359375
48,96,547304,1,42480558,1.4063943157493203e-05,2138,2135,3,0,12.399909783998737,6.7088303565979,0.1209744098314915,2.859532119072014
48,97,428994,1,42480559,1.4063943157493203e-05,1676,1673,3,0,9.940006643002562,6.70400857925415,0.19714446674901,4.362417345337716
48,98,276358,1,42480560,1.4063943157493203e-05,1080,1078,2,0,6.791265962001489,6.697348594665527,0.19943898330150597,3.598211341532352
48,99,491272,1,42480561,1.4063943157493203e-05,1920,1916,4,0,13.080923887999234,6.7069220542907715,0.193140989554451,4.264723616502479
49,0,926214,1,42490469,1.1017030588583515e-05,3619,3614,5,0,20.92379357199752,6.725897789001465,0.11420631936458045,3.572065934992391
49,1,209678,1,42490470,1.1017030588583515e-05,820,815,5,0,4.88683793400196,6.693755149841309,0.3745053905650882,9.927297018788343
49,2,509018,1,42490471,1.1017030588583515e-05,1989,1986,3,0,11.294440074001614,6.707324028015137,0.3156821566886172,5.962271053625377
49,3,411880,0,42490472,1.1017030588583515e-05,1609,1607,2,0,9.324422343997867,6.702532768249512,0.2644538998084552,4.797111088693995
49,4,457865,1,42490473,1.1017030588583515e-05,1789,1785,4,0,10.521209796999756,6.704878330230713,0.4544544380252101,8.126935070903361
49,5,276084,0,42490474,1.1017030588583515e-05,1079,1076,3,0,6.227010473001428,6.695822715759277,0.3489923867151197,5.8406165594505115
49,6,155981,0,42490475,1.1017030588583515e-05,610,607,3,0,3.6548068870033603,6.69120979309082,0.4535164495276462,8.082971613725288
49,7,438907,1,42490476,1.1017030588583515e-05,1715,1712,3,0,10.331118660000357,6.704305648803711,0.20796223221538224,3.864676787474445
49,8,563122,1,42490477,1.1017030588583515e-05,2200,2196,4,0,13.076214000997425,6.7095417976379395,0.15406921609069046,3.6347369418118167
49,9,671047,0,42490478,1.1017030588583515e-05,2622,2618,4,0,15.200817845998245,6.713615894317627,0.14431909571356952,3.4081788787958365
49,10,559874,1,42490479,1.1017030588583515e-05,2188,2184,4,0,12.805397948002792,6.709397315979004,0.1650009295005938,4.422952169900412
49,11,277765,0,42490480,1.1017030588583515e-05,1086,1084,2,0,6.579781656000705,6.695899486541748,0.2260639289208444,3.799156048201107
49,12,344014,0,42490481,1.1017030588583515e-05,1344,1339,5,0,8.095695280000655,6.698883533477783,0.3322731798669133,7.374455925597461
49,13,872271,0,42490482,1.1017030588583515e-05,3408,3403,5,0,20.15498368599947,6.72271203994751,0.18270812145303775,4.757907487419189
49,14,353613,1,42490483,1.1017030588583515e-05,1382,1378,4,0,8.222330611999496,6.701031684875488,0.26532733180872414,5.614636956866836
49,15,392479,0,42490484,1.1017030588583515e-05,1534,1532,2,0,8.935797439000453,6.701803207397461,0.20042505089981438,3.903015933522356
49,16,509253,0,42490485,1.1017030588583515e-05,1990,1986,4,0,11.624470823000593,6.70632791519165,0.19428568952393316,4.811211193196123
49,17,384412,0,42490486,1.1017030588583515e-05,1502,1500,2,0,8.824494174001302,6.701499938964844,0.15950262451171876,2.6997815755208334
49,18,629973,0,42490487,1.1017030588583515e-05,2461,2458,3,0,14.630868828997336,6.712520122528076,0.1441496064548477,3.6948150808584215
49,19,621908,1,42490488,1.1017030588583515e-05,2430,2428,2,0,14.239987561999442,6.712190628051758,0.1274174371307725,2.4030524415671333
49,20,801121,0,42490489,1.1017030588583515e-05,3130,3125,5,0,18.170296477001102,6.719473838806152,0.116414814453125,3.6467671875
49,21,384660,1,42490490,1.1017030588583515e-05,1503,1500,3,0,8.819355559000542,6.701502799987793,0.16777862548828126,3.514050130208333
49,22,355766,1,42490491,1.1017030588583515e-05,1390,1387,3,0,8.215243186001317,6.70106315612793,0.3019232058920444,4.978322706380678
49,23,360226,0,42490492,1.1017030588583515e-05,1408,1403,5,0,8.392545995000546,6.699612617492676,0.17767177372427387,5.01181689348717
49,24,338512,0,42490493,1.1017030588583515e-05,1323,1320,3,0,7.728634849998343,6.698635578155518,0.2630345200047349,5.864696155894887
49,25,185941,0,42490494,1.1017030588583515e-05,727,725,2,0,4.454615799000749,6.692964553833008,0.30562838850350216,3.7458482623922413
49,26,561149,0,42490495,1.1017030588583515e-05,2192,2188,4,0,12.880857140000444,6.7086639404296875,0.1678414353504913,4.461068720006856
49,27,372819,0,42490496,1.1017030588583515e-05,1457,1455,2,0,8.68600748999961,6.701064586639404,0.15309103215273304,3.280150276524914
49,28,107522,1,42490497,1.1017030588583515e-05,421,418,3,0,2.435836954999104,6.689067363739014,0.38584348687714937,6.420768774297249
49,29,284527,1,42490498,1.1017030588583515e-05,1112,1110,2,0,6.786362202998134,6.69753360748291,0.21193255175341358,3.6911761859515764
49,30,1333839,0,42490499,1.1017030588583515e-05,5211,5207,4,0,30.30250825999974,6.743468761444092,0.0976896042418109,2.537085368854427
49,31,427651,1,42490500,1.1017030588583515e-05,1671,1666,5,0,9.81711032000021,6.703967571258545,0.18645692529941665,4.645448316045168
49,32,648608,0,42490501,1.1017030588583515e-05,2534,2532,2,0,14.84135720100312,6.712804317474365,0.08621703956929429,2.1979303585974526
49,33,428065,0,42490502,1.1017030588583515e-05,1673,1668,5,0,9.92105070800244,6.703141689300537,0.3132329707523044,7.597337754796163
49,34,375085,0,42490503,1.1017030588583515e-05,1466,1463,3,0,8.876163711000117,6.7011494636535645,0.3016821547721399,5.6131123707706765
49,35,882461,0,42490504,1.1017030588583515e-05,3448,3445,3,0,20.2764073440012,6.723137378692627,0.06930918921926026,2.214388635023585
49,36,569144,0,42490505,1.1017030588583515e-05,2224,2222,2,0,12.996120630003134,6.709024429321289,0.06565098801139879,1.5208857799842483
49,37,314555,0,42490506,1.1017030588583515e-05,1229,1226,3,0,7.166471876000287,6.697554588317871,0.31223134076614756,7.0528403153038335
49,38,436745,0,42490507,1.1017030588583515e-05,1707,1702,5,0,10.258533682001143,6.703468322753906,0.20165701842616224,5.5504886255141015
49,39,261664,0,42490508,1.1017030588583515e-05,1023,1020,3,0,6.20404332399994,6.6951727867126465,0.2978786094515931,5.150445676317402
49,40,638454,1,42490509,1.1017030588583515e-05,2494,2492,2,0,14.8467862840007,6.712934970855713,0.10699672300972488,2.291485879815409
49,41,398139,1,42490510,1.1017030588583515e-05,1556,1554,2,0,8.95317647399861,6.70307731628418,0.20119296629916747,3.5947592402670527
49,42,242816,0,42490511,1.1017030588583515e-05,949,946,3,0,5.564131469000131,6.694367408752441,0.3414865054237414,6.398567570692389
49,43,323428,0,42490512,1.1017030588583515e-05,1264,1262,2,0,7.372418246999587,6.697955131530762,0.24902897515878814,4.346479267779318
49,44,451037,0,42490513,1.1017030588583515e-05,1762,1759,3,0,10.3439412680018,6.704004764556885,0.18754989684746304,4.014795282742325
49,45,265076,0,42490514,1.1017030588583515e-05,1036,1034,2,0,6.447644539999601,6.695326805114746,0.16720074887893646,3.4302383511393857
49,46,266508,1,42490515,1.1017030588583515e-05,1042,1039,3,0,6.407458314999531,6.697124481201172,0.28051696131158266,5.86983380579283
49,47,506010,0,42490516,1.1017030588583515e-05,1977,1974,3,0,11.486623546999908,6.706181049346924,0.3204284791646878,5.870243833903242
49,48,303421,0,42490517,1.1017030588583515e-05,1186,1183,3,0,7.298378666000644,6.697052955627441,0.3721572476126638,6.991911784129332
49,49,209704,0,42490518,1.1017030588583515e-05,820,817,3,0,4.805311123000138,6.693503379821777,0.6668746742799495,10.137450275397796
49,50,548954,1,42490519,1.1017030588583515e-05,2145,2141,4,0,12.775527605997922,6.708904266357422,0.19374956098019325,4.546953453409622
49,51,554220,0,42490520,1.1017030588583515e-05,2165,2163,2,0,12.902017286996852,6.708352088928223,0.1369180948272437,2.884523628929727
49,52,239391,0,42490521,1.1017030588583515e-05,936,933,3,0,5.481955243998527,6.694264888763428,0.4274348251817055,7.898386212151661
49,53,490494,0,42490522,1.1017030588583515e-05,1916,1911,5,0,11.21111916999871,6.705489158630371,0.2140619985599408,5.086446477629513
49,54,160756,1,42490523,1.1017030588583515e-05,628,625,3,0,3.7948468579998007,6.694826126098633,0.3348445068359375,6.388169921875
49,55,166616,1,42490524,1.1017030588583515e-05,651,648,3,0,3.863767717997689,6.694218158721924,0.3941172140615958,7.475555796682099
49,56,349089,1,42490525,1.1017030588583515e-05,1364,1363,1,0,8.044199592997757,6.699900150299072,0.15778869718466274,2.444471889616196
49,57,813153,1,42490526,1.1017030588583515e-05,3177,3174,3,0,18.371235132999573,6.721647262573242,0.11105293797935865,2.523851631419345
49,58,309917,0,42490527,1.1017030588583515e-05,1211,1208,3,0,7.355583871001727,6.697347164154053,0.31472846530131154,5.731943294701987
49,59,355009,0,42490528,1.1017030588583515e-05,1387,1385,2,0,8.286836180999671,6.6993794441223145,0.2115943440461417,3.323239014553249
49,60,340859,1,42490529,1.1017030588583515e-05,1332,1329,3,0,8.033012334999512,6.69952917098999,0.32589423163121944,6.185151547215952
49,61,436143,1,42490530,1.1017030588583515e-05,1704,1701,3,0,10.128063214000576,6.704222679138184,0.22138846978799237,4.456697117504409
49,62,352452,0,42490531,1.1017030588583515e-05,1377,1374,3,0,8.152235675999691,6.699264049530029,0.21199892979695462,3.3850232697643743
49,63,241000,1,42490532,1.1017030588583515e-05,942,940,2,0,5.398347831000137,6.695031642913818,0.26633245589885307,3.9281590238530586
49,64,757931,1,42490533,1.1017030588583515e-05,2961,2958,3,0,17.205758495998452,6.7186198234558105,0.1636166111531493,3.8693116389874915
49,65,667452,1,42490534,1.1017030588583515e-05,2608,2606,2,0,15.256236148998141,6.7147088050842285,0.137666586629263,2.7311515193303912
49,66,373491,1,42490535,1.1017030588583515e-05,1459,1456,3,0,8.528013185998134,6.701327323913574,0.2103293701842591,4.0574176494891825
49,67,255796,1,42490536,1.1017030588583515e-05,1000,998,2,0,6.10315148600057,6.69569730758667,0.1489507487876143,2.76882549278244
49,68,187780,1,42490537,1.1017030588583515e-05,734,731,3,0,4.54840051499923,6.69293212890625,0.3582968653145306,6.020351509062928
49,69,162407,0,42490538,1.1017030588583515e-05,635,632,3,0,3.6307844869988912,6.691255569458008,0.44613869582550436,7.47858515872231
49,70,235355,0,42490539,1.1017030588583515e-05,920,918,2,0,5.371687824001128,6.694142818450928,0.2878260726762493,4.32223450903799
49,71,323052,1,42490540,1.1017030588583515e-05,1262,1258,4,0,7.307248105000326,6.698727130889893,0.21187517563375646,4.463029191300675
49,72,98180,0,42490541,1.1017030588583515e-05,384,380,4,0,2.19259056699957,6.689414024353027,0.5105542233115749,8.990781121504934
49,73,262450,1,42490542,1.1017030588583515e-05,1026,1024,2,0,5.903519591000077,6.695997714996338,0.20661616325378418,3.37667179107666
49,74,603827,0,42490543,1.1017030588583515e-05,2359,2356,3,0,13.690124788001413,6.7105865478515625,0.23600665417915695,4.664869946413413
49,75,236083,1,42490544,1.1017030588583515e-05,923,920,3,0,5.488506961999519,6.694809436798096,0.14259762971297554,3.0858010996942933
49,76,441814,0,42490545,1.1017030588583515e-05,1726,1722,4,0,10.474642184999539,6.703657627105713,0.32757082771894963,6.6184748384872245
49,77,648680,1,42490546,1.1017030588583515e-05,2534,2531,3,0,14.783369249998941,6.714289665222168,0.07244130303764569,1.8695214496493482
49,78,881094,1,42490547,1.1017030588583515e-05,3442,3438,4,0,20.05816385399885,6.724201679229736,0.14094409421129653,3.7853701393433683
49,79,306166,1,42490548,1.1017030588583515e-05,1196,1193,3,0,7.55052571700071,6.698023796081543,0.25697294684487637,4.334836923066848
49,80,661445,0,42490549,1.1017030588583515e-05,2584,2580,4,0,15.213215816998854,6.7131829261779785,0.17207435785337935,4.239331622456396
49,81,548725,0,42490550,1.1017030588583515e-05,2144,2139,5,0,12.500708900999598,6.708104133605957,0.22622091427981825,5.226990744798972
49,82,313463,1,42490551,1.1017030588583515e-05,1225,1223,2,0,7.172778533000383,6.6982951164245605,0.2021227982428263,3.998065639692355
49,83,449860,1,42490552,1.1017030588583515e-05,1758,1756,2,0,10.529190525001468,6.704637050628662,0.08535770077368665,1.897541993299758
49,84,381590,1,42490553,1.1017030588583515e-05,1491,1486,5,0,9.189047572999698,6.701448440551758,0.3285792724280787,7.705451400572005
49,85,323967,1,42490554,1.1017030588583515e-05,1266,1264,2,0,7.461402384000394,6.698768138885498,0.20005084894880465,3.557955584948576
49,86,360767,1,42490555,1.1017030588583515e-05,1410,1405,5,0,8.61277988800066,6.701137542724609,0.2252477897019573,6.276837744661922
49,87,461848,0,42490556,1.1017030588583515e-05,1805,1801,4,0,10.726184413000738,6.704411506652832,0.33262553789561355,6.2844985207870625
49,88,432222,0,42490557,1.1017030588583515e-05,1689,1686,3,0,9.820853404002264,6.703297138214111,0.287962744951531,5.242150430011862
49,89,296592,1,42490558,1.1017030588583515e-05,1159,1154,5,0,6.973878111999511,6.697807312011719,0.3417720695508828,7.852777702556326
49,90,479627,1,42490559,1.1017030588583515e-05,1874,1871,3,0,10.800650951001444,6.706655979156494,0.20908398528840694,4.184565093031801
49,91,587269,1,42490560,1.1017030588583515e-05,2295,2290,5,0,13.314914266000415,6.710631370544434,0.284507944698417,6.076397465201965
49,92,206676,0,42490561,1.1017030588583515e-05,808,806,2,0,4.984051174000342,6.693434715270996,0.32179472286707117,4.894530947095999
49,93,217421,1,42490562,1.1017030588583515e-05,850,846,4,0,4.898572128000524,6.694046497344971,0.28877355697307183,5.511607357232565
49,94,885169,1,42490563,1.1017030588583515e-05,3458,3456,2,0,20.54817295599787,6.724354267120361,0.07658252892670808,1.6028399997287326
49,95,295224,0,42490564,1.1017030588583515e-05,1154,1149,5,0,6.974045135000779,6.696683883666992,0.2427013055255249,5.846964411988686
49,96,547304,1,42490565,1.1017030588583515e-05,2138,2136,2,0,12.568129448998661,6.7088303565979,0.1306728548771433,3.011434833655197
49,97,428994,1,42490566,1.1017030588583515e-05,1676,1674,2,0,9.830543910997221,6.70400857925415,0.21527980134478605,4.594822235289725
49,98,276358,1,42490567,1.1017030588583515e-05,1080,1078,2,0,6.295912277997559,6.697348594665527,0.21604956235867925,3.8601264458198052
49,99,491272,1,42490568,1.1017030588583515e-05,1920,1916,4,0,11.35109466799986,6.7069220542907715,0.20688500135577048,4.476013565859864
50,0,926214,1,42500476,1e-05,3619,3614,5,0,21.358977142001095,6.725897789001465,0.11657564535811255,3.5832664097087714
50,1,209678,1,42500477,1e-05,820,815,5,0,4.663886659000127,6.693755149841309,0.3850372501677531,10.271100939417177
50,2,509018,1,42500478,1e-05,1989,1986,3,0,12.038013932997274,6.707324028015137,0.3227385091637557,5.997903783515861
50,3,411880,0,42500479,1e-05,1609,1607,2,0,10.254604380999808,6.702532768249512,0.27243609805246577,4.8706185341474795
50,4,457865,1,42500480,1e-05,1789,1786,3,0,10.58652109200193,6.704878330230713,0.4702526404369051,8.255945767427212
50,5,276084,0,42500481,1e-05,1079,1076,3,0,6.177625561998866,6.695822715759277,0.3554197403578067,5.818403846712361
50,6,155981,0,42500482,1e-05,610,606,4,0,3.4808499440005107,6.69120979309082,0.4675522605971535,8.211227568069306
50,7,438907,1,42500483,1e-05,1715,1713,2,0,9.800333306000539,6.704305648803711,0.2126348331805495,3.8541917505837713
50,8,563122,1,42500484,1e-05,2200,2196,4,0,12.104049407000275,6.7095417976379395,0.1578281729164888,3.636811470073429
50,9,671047,0,42500485,1e-05,2622,2618,4,0,15.119884658000956,6.713615894317627,0.14706251874418091,3.423190636339763
50,10,559874,1,42500486,1e-05,2188,2183,5,0,12.44364922800014,6.709397315979004,0.1673309703622452,4.417954882186212
50,11,277765,0,42500487,1e-05,1086,1083,3,0,6.191126041998359,6.695899486541748,0.2312211928715446,3.7881657396987536
50,12,344014,0,42500488,1e-05,1344,1339,5,0,7.900997651999205,6.698883533477783,0.3386737803543923,7.484514300550784
50,13,872271,0,42500489,1e-05,3408,3403,5,0,19.197916944998724,6.72271203994751,0.18696054822376396,4.908997460880106
50,14,353613,1,42500490,1e-05,1382,1379,3,0,7.95016002400007,6.701031684875488,0.27057223358043647,5.628961132954133
50,15,392479,0,42500491,1e-05,1534,1532,2,0,9.316150986996945,6.701803207397461,0.20562084785640708,3.9122735165429177
50,16,509253,0,42500492,1e-05,1990,1986,4,0,11.792720829002064,6.70632791519165,0.19817660390310296,4.826302673401309
50,17,384412,0,42500493,1e-05,1502,1500,2,0,8.713587956997799,6.701499938964844,0.16430638631184896,2.712594889322917
50,18,629973,0,42500494,1e-05,2461,2458,3,0,13.399701736998395,6.712520122528076,0.1484413240089758,3.6890466874745726
50,19,621908,1,42500495,1e-05,2430,2428,2,0,13.384433618000912,6.712190628051758,0.12990480828324497,2.4079141381152183
50,20,801121,0,42500496,1e-05,3130,3125,5,0,17.587959855001827,6.719473838806152,0.1151554296875,3.663026875
50,21,384660,1,42500497,1e-05,1503,1500,3,0,8.659583659999043,6.701502799987793,0.1692766621907552,3.5195862630208334
50,22,355766,1,42500498,1e-05,1390,1387,3,0,8.165041885000392,6.70106315612793,0.3089294873645345,5.0420995600892216
50,23,360226,0,42500499,1e-05,1408,1403,5,0,8.526068030998431,6.699612617492676,0.1815229267710375,5.032844657653243
50,24,338512,0,42500500,1e-05,1323,1319,4,0,7.71270499000093,6.698635578155518,0.2693227170722967,5.907716324511941
50,25,185941,0,42500501,1e-05,727,725,2,0,4.232690689001174,6.692964553833008,0.3221004301926185,3.8286988146551724
50,26,561149,0,42500502,1e-05,2192,2188,4,0,12.365457427000365,6.7086639404296875,0.17111899255616572,4.597753549188757
50,27,372819,0,42500503,1e-05,1457,1455,2,0,8.536312247997557,6.701064586639404,0.15665009488764498,3.251806472830756
50,28,107522,1,42500504,1e-05,421,417,4,0,2.5502047629997833,6.689067363739014,0.40233284563755245,6.562996477817745
50,29,284527,1,42500505,1e-05,1112,1110,2,0,6.374076584001159,6.69753360748291,0.22114220696526604,3.751801801801802
50,30,1333839,0,42500506,1e-05,5211,5207,4,0,30.446014385001035,6.743468761444092,0.09930405855774078,2.585463378624928
50,31,427651,1,42500507,1e-05,1671,1667,4,0,10.567701342999499,6.703967571258545,0.19045355967868927,4.69016606834883
50,32,648608,0,42500508,1e-05,2534,2531,3,0,14.43363313000009,6.712804317474365,0.08567321729113678,2.2120381102454565
50,33,428065,0,42500509,1e-05,1673,1669,4,0,9.863242203999107,6.703141689300537,0.32265202252003444,7.765293823022768
50,34,375085,0,42500510,1e-05,1466,1462,4,0,8.6876632780004,6.7011494636535645,0.30523786009907233,5.588246315513851
50,35,882461,0,42500511,1e-05,3448,3445,3,0,19.610501047998696,6.723137378692627,0.07030069603110259,2.2410842253265604
50,36,569144,0,42500512,1e-05,2224,2223,1,0,12.418453564001538,6.709024429321289,0.06731389741129667,1.5110713325531377
50,37,314555,0,42500513,1e-05,1229,1226,3,0,7.212659810000332,6.697554588317871,0.3181970294498114,7.147663259584013
50,38,436745,0,42500514,1e-05,1707,1703,4,0,9.853531250999367,6.703468322753906,0.20555549303503926,5.496385055783911
50,39,261664,0,42500515,1e-05,1023,1019,4,0,6.018803285998729,6.6951727867126465,0.30522190202557653,5.1973878151067225
50,40,638454,1,42500516,1e-05,2494,2491,3,0,13.609294623001915,6.712934970855713,0.10916673069926736,2.2722886375326175
50,41,398139,1,42500517,1e-05,1556,1554,2,0,9.574930441998731,6.70307731628418,0.20700931426334257,3.661108618384009
50,42,242816,0,42500518,1e-05,949,946,3,0,5.49533812899972,6.694367408752441,0.3483667998686905,6.455913777583246
50,43,323428,0,42500519,1e-05,1264,1261,3,0,7.212129250001453,6.697955131530762,0.2563391616663982,4.423256204772998
50,44,451037,0,42500520,1e-05,1762,1760,2,0,10.440219592997892,6.704004764556885,0.19159799055619672,4.107508433948864
50,45,265076,0,42500521,1e-05,1036,1034,2,0,6.157501613000932,6.695326805114746,0.17287024492451947,3.498716490872824
50,46,266508,1,42500522,1e-05,1042,1039,3,0,5.89527270599865,6.697124481201172,0.28481256743826694,5.884016519790664
50,47,506010,0,42500523,1e-05,1977,1974,3,0,11.746675802998652,6.706181049346924,0.32897738965932116,5.9089921914577
50,48,303421,0,42500524,1e-05,1186,1183,3,0,6.682577638999646,6.697052955627441,0.3814062149163937,7.030824869241336
50,49,209704,0,42500525,1e-05,820,817,3,0,4.678058237001096,6.693503379821777,0.6748019233619569,10.230915793298653
50,50,548954,1,42500526,1e-05,2145,2141,4,0,12.084524787998816,6.708904266357422,0.19894912341998483,4.640472654425502
50,51,554220,0,42500527,1e-05,2165,2163,2,0,11.975997198998812,6.708352088928223,0.14002768507281554,2.9060183880894592
50,52,239391,0,42500528,1e-05,936,933,3,0,5.632635305999429,6.694264888763428,0.4354743589542303,8.00408732750536
50,53,490494,0,42500529,1e-05,1916,1911,5,0,11.241564771997218,6.705489158630371,0.21894631218623267,5.178725757129775
50,54,160756,1,42500530,1e-05,628,625,3,0,3.644153463999828,6.694826126098633,0.3486890380859375,6.441073046875
50,55,166616,1,42500531,1e-05,651,648,3,0,3.8658427459995437,6.694218158721924,0.40313659479588637,7.6188075689621915
50,56,349089,1,42500532,1e-05,1364,1362,2,0,7.836866636000195,6.699900150299072,0.16231819186441698,2.466764430467603
50,57,813153,1,42500533,1e-05,3177,3174,3,0,18.008308136002597,6.721647262573242,0.11428507063925153,2.5966301517210146
50,58,309917,0,42500534,1e-05,1211,1208,3,0,6.831955204997939,6.697347164154053,0.3235146225682947,5.795406922599338
50,59,355009,0,42500535,1e-05,1387,1385,2,0,8.03402665899921,6.6993794441223145,0.2184067708920916,3.3625447738041516
50,60,340859,1,42500536,1e-05,1332,1329,3,0,7.826081447001343,6.69952917098999,0.3349038289847277,6.219905856141836
50,61,436143,1,42500537,1e-05,1704,1700,4,0,9.957465300998592,6.704222679138184,0.22788584989659927,4.52328182444853
50,62,352452,0,42500538,1e-05,1377,1375,2,0,7.721178954998322,6.699264049530029,0.21731392045454545,3.4046203835227273
50,63,241000,1,42500539,1e-05,942,940,2,0,5.593155270002171,6.695031642913818,0.27252054417386967,3.9676435754654253
50,64,757931,1,42500540,1e-05,2961,2958,3,0,17.052287067999714,6.7186198234558105,0.1680006913190923,3.8969875126774847
50,65,667452,1,42500541,1e-05,2608,2606,2,0,14.949492217001534,6.7147088050842285,0.14477623378141788,2.756546453796527
50,66,373491,1,42500542,1e-05,1459,1456,3,0,8.578244037998957,6.701327323913574,0.217211670927949,4.109169425545158
50,67,255796,1,42500543,1e-05,1000,998,2,0,5.775275961001171,6.69569730758667,0.1552068217245037,2.797093699116984
50,68,187780,1,42500544,1e-05,734,732,2,0,4.069105343998672,6.69293212890625,0.365034718331092,6.058244882385587
50,69,162407,0,42500545,1e-05,635,632,3,0,3.73808190100317,6.691255569458008,0.45886187010173557,7.7202874678599684
50,70,235355,0,42500546,1e-05,920,917,3,0,5.17791778499668,6.694142818450928,0.299408358341995,4.396763925333969
50,71,323052,1,42500547,1e-05,1262,1258,4,0,7.403395053999702,6.698727130889893,0.2179815780566872,4.5692815977742445
50,72,98180,0,42500548,1e-05,384,381,3,0,2.245778231997974,6.689414024353027,0.5148236132043553,8.90850173269357
50,73,262450,1,42500549,1e-05,1026,1024,2,0,6.2405954460009525,6.695997714996338,0.21341556310653687,3.3907933235168457
50,74,603827,0,42500550,1e-05,2359,2356,3,0,13.037130194999918,6.7105865478515625,0.24185825730017774,4.74069654273663
50,75,236083,1,42500551,1e-05,923,921,2,0,5.309795432000101,6.694809436798096,0.14463342258648038,3.069812555137079
50,76,441814,0,42500552,1e-05,1726,1722,4,0,9.706721359998483,6.703657627105713,0.33597244812082605,6.694811175232288
50,77,648680,1,42500553,1e-05,2534,2531,3,0,14.524720204000914,6.714289665222168,0.07447784797611184,1.9130448454785658
50,78,881094,1,42500554,1e-05,3442,3438,4,0,19.38161899899933,6.724201679229736,0.14651774195060263,3.8224942849221932
50,79,306166,1,42500555,1e-05,1196,1194,2,0,6.658567358997971,6.698023796081543,0.26205375326338726,4.296372814593802
50,80,661445,0,42500556,1e-05,2584,2581,3,0,14.874104452999745,6.7131829261779785,0.17472427291308482,4.219031882627857
50,81,548725,0,42500557,1e-05,2144,2139,5,0,12.355283343000337,6.708104133605957,0.2326874449856095,5.353110207748948
50,82,313463,1,42500558,1e-05,1225,1223,2,0,6.908523865000461,6.6982951164245605,0.20676999158383585,4.029478533191946
50,83,449860,1,42500559,1e-05,1758,1757,1,0,10.186776211001416,6.704637050628662,0.08671698355851148,1.8896180067675725
50,84,381590,1,42500560,1e-05,1491,1486,5,0,8.767051032999007,6.701448440551758,0.33684742081694774,7.928749710842867
50,85,323967,1,42500561,1e-05,1266,1264,2,0,7.29052536800009,6.698768138885498,0.20521784432326692,3.578145473818236
50,86,360767,1,42500562,1e-05,1410,1405,5,0,8.465408108997508,6.701137542724609,0.2255346549363323,6.314309942170818
50,87,461848,0,42500563,1e-05,1805,1801,4,0,10.54754279899862,6.704411506652832,0.3376554990066283,6.26032358325236
50,88,432222,0,42500564,1e-05,1689,1686,3,0,9.871894177998911,6.703297138214111,0.2953966170160513,5.246159201697806
50,89,296592,1,42500565,1e-05,1159,1154,5,0,6.86197359200014,6.697807312011719,0.3484100659137375,7.977979954235269
50,90,479627,1,42500566,1e-05,1874,1871,3,0,11.005426485000498,6.706655979156494,0.214501336575319,4.226899938619054
50,91,587269,1,42500567,1e-05,2295,2291,4,0,12.755741249999119,6.710631370544434,0.29072909810979103,6.203268649743562
50,92,206676,0,42500568,1e-05,808,806,2,0,4.540412219001155,6.693434715270996,0.3284459267893145,4.905928921758685
50,93,217421,1,42500569,1e-05,850,846,4,0,4.811708029999863,6.694046497344971,0.29409171390758904,5.5387571799276
50,94,885169,1,42500570,1e-05,3458,3455,3,0,19.724410325001372,6.724354267120361,0.08056115069023607,1.6318526139652678
50,95,295224,0,42500571,1e-05,1154,1150,4,0,6.7536952900009055,6.696683883666992,0.2473742145040761,5.915700152853261
50,96,547304,1,42500572,1e-05,2138,2135,3,0,12.60525546200006,6.7088303565979,0.13288953008361387,2.9964043288934428
50,97,428994,1,42500573,1e-05,1676,1674,2,0,9.8623920750033,6.70400857925415,0.22055516761406063,4.656201871919803
50,98,276358,1,42500574,1e-05,1080,1078,2,0,6.197444074001396,6.697348594665527,0.2223514139320501,3.8626217532467533
50,99,491272,1,42500575,1e-05,1920,1917,3,0,11.228058462998888,6.7069220542907715,0.21118625726436163,4.490639365708137
